-- Sample (generated/fictional) flowerbed database for a park
-- Copyright (C) 2021, Björn Þór Jónsson

-- Disclaimer:
-- Data is artificially and randomly generated, partially from a set of existing lists, and in no way represents reality.
-- The database and its contents may also intentionally be poorly designed, incomplete and missing.
-- The contents of this database are only intended for educational purposes in the field of database retrieval.

-- Original source for plant lists: http://www.extrafloralnectaries.org/the-list.html

drop table if exists PlantedIn; -- Use alias I
drop table if exists Beds;
drop table if exists Gardens;
drop table if exists Plants;
drop table if exists Families;
drop table if exists Types;
drop table if exists Staff;

-- Tables

create table Staff (
	ID int primary key,
	name varchar not null,
	position varchar not null
);

create table Types (
	ID int primary key,
	name varchar not null
);

create table Families (
	ID int primary key,
	typeID int not null references Types(ID),
	name varchar not null
);

create table Plants (
	ID int primary key,
	familyID int references Families(ID),
	name varchar not null
);

create table Gardens (
       ID int primary key,
       name varchar not null unique
);

create table Beds (
	ID int primary key,
	gardenID int not null references Gardens(ID),
	size float not null,
	description varchar not null
);

create table PlantedIn (
	bedID int not null references Beds(ID),
	plantID int not null references Plants(ID),
	percentage int not null,
	staffID int not null references Staff(ID),
	primary key (bedID, plantID)
);

--\set CLIENT_ENCODING 'UTF8'
--\set ON_ERROR_STOP on
--\set AUTOCOMMIT off

-- Data
INSERT INTO Staff (ID, name, position) VALUES (1, 'Gitte Lauritz', 'Senior Planter');
INSERT INTO Staff (ID, name, position) VALUES (2, 'Frank Lauridsen', 'Planter');
INSERT INTO Staff (ID, name, position) VALUES (3, 'Birgitte Lauritz', 'Senior Planter');
INSERT INTO Staff (ID, name, position) VALUES (4, 'Karl Laudrup', 'Planter');
INSERT INTO Staff (ID, name, position) VALUES (5, 'Eva Glistrup', 'Senior Planter');
INSERT INTO Staff (ID, name, position) VALUES (6, 'Johan Laudrup', 'Planter');
INSERT INTO Staff (ID, name, position) VALUES (7, 'Birgitte Johansen', 'Planter');
INSERT INTO Staff (ID, name, position) VALUES (8, 'Kent Lauridsen', 'Planter');
INSERT INTO Staff (ID, name, position) VALUES (9, 'Klara Hansen', 'Senior Planter');
INSERT INTO Staff (ID, name, position) VALUES (10, 'Peter Jansen', 'Planter');
INSERT INTO Staff (ID, name, position) VALUES (11, 'Gitte Mikaelsen', 'Planter');
INSERT INTO Staff (ID, name, position) VALUES (12, 'Hans Lauridsen', 'Planter');
INSERT INTO Staff (ID, name, position) VALUES (13, 'Sisse Lauridsen', 'Planter');
INSERT INTO Staff (ID, name, position) VALUES (14, 'Mikael Glistrup', 'Senior Planter');
INSERT INTO Staff (ID, name, position) VALUES (15, 'Birgitte Jansen', 'Planter');
INSERT INTO Staff (ID, name, position) VALUES (16, 'Kent Mikaelsen', 'Senior Planter');
INSERT INTO Staff (ID, name, position) VALUES (17, 'Jane Lauritz', 'Planter');
INSERT INTO Staff (ID, name, position) VALUES (18, 'Jan Mikaelsen', 'Planter');
INSERT INTO Staff (ID, name, position) VALUES (19, 'Birgitte Johansen', 'Planter');
INSERT INTO Staff (ID, name, position) VALUES (20, 'Jan Jensen', 'Planter');
INSERT INTO Staff (ID, name, position) VALUES (21, 'Anna Glistrup', 'Planter');
INSERT INTO Staff (ID, name, position) VALUES (22, 'Jan Lauritz', 'Senior Planter');
INSERT INTO Staff (ID, name, position) VALUES (23, 'Gitte Glistrup', 'Planter');
INSERT INTO Staff (ID, name, position) VALUES (24, 'Dan Hvidt', 'Teamleader');
INSERT INTO Staff (ID, name, position) VALUES (25, 'Kristine Hansen', 'Planter');
INSERT INTO Staff (ID, name, position) VALUES (26, 'Jan Lauritz', 'Senior Planter');
INSERT INTO Staff (ID, name, position) VALUES (27, 'Kristine Lauridsen', 'Planter');
INSERT INTO Staff (ID, name, position) VALUES (28, 'Hans Lauritz', 'Teamleader');
INSERT INTO Staff (ID, name, position) VALUES (29, 'Sisse Glistrup', 'Planter');
INSERT INTO Staff (ID, name, position) VALUES (30, 'Frank Lauridsen', 'Planter');
INSERT INTO Staff (ID, name, position) VALUES (31, 'Sisse Johansen', 'Planter');
INSERT INTO Staff (ID, name, position) VALUES (32, 'Jens Jansen', 'Senior Planter');
INSERT INTO Staff (ID, name, position) VALUES (33, 'Eva Mikaelsen', 'Planter');
INSERT INTO Staff (ID, name, position) VALUES (34, 'Jens Laudrup', 'Planter');
INSERT INTO Staff (ID, name, position) VALUES (35, 'Inge Hansen', 'Planter');
INSERT INTO Staff (ID, name, position) VALUES (36, 'Johan Lauritz', 'Senior Planter');
INSERT INTO Staff (ID, name, position) VALUES (37, 'Jane Laudrup', 'Planter');
INSERT INTO Staff (ID, name, position) VALUES (38, 'Mikael Lauritz', 'Planter');
INSERT INTO Staff (ID, name, position) VALUES (39, 'Birgitte Johansen', 'Planter');
INSERT INTO Staff (ID, name, position) VALUES (40, 'Jens Laudrup', 'Planter');
INSERT INTO Staff (ID, name, position) VALUES (41, 'Birgitte Lauridsen', 'Manager');
INSERT INTO Staff (ID, name, position) VALUES (42, 'Mikael Glistrup', 'Planter');
INSERT INTO Staff (ID, name, position) VALUES (43, 'Eva Hvidt', 'Senior Planter');
INSERT INTO Staff (ID, name, position) VALUES (44, 'Jan Hvidt', 'Planter');
INSERT INTO Staff (ID, name, position) VALUES (45, 'Jane Mikaelsen', 'Planter');
INSERT INTO Staff (ID, name, position) VALUES (46, 'Mikael Johansen', 'Planter');
INSERT INTO Staff (ID, name, position) VALUES (47, 'Inge Jensen', 'Planter');
INSERT INTO Staff (ID, name, position) VALUES (48, 'Johan Mikaelsen', 'Planter');
INSERT INTO Staff (ID, name, position) VALUES (49, 'Eva Jansen', 'Planter');
INSERT INTO Staff (ID, name, position) VALUES (50, 'Peter Jensen', 'Senior Planter');
INSERT INTO Staff (ID, name, position) VALUES (51, 'Klara Lauridsen', 'Teamleader');
INSERT INTO Staff (ID, name, position) VALUES (52, 'Frank Lauritz', 'Planter');
INSERT INTO Staff (ID, name, position) VALUES (53, 'Inge Hvidt', 'Planter');
INSERT INTO Staff (ID, name, position) VALUES (54, 'Jens Glistrup', 'Planter');
INSERT INTO Staff (ID, name, position) VALUES (55, 'Inge Hvidt', 'Senior Planter');
INSERT INTO Staff (ID, name, position) VALUES (56, 'Kent Laudrup', 'Senior Planter');
INSERT INTO Staff (ID, name, position) VALUES (57, 'Dana Johansen', 'Planter');
INSERT INTO Staff (ID, name, position) VALUES (58, 'Karl Hvidt', 'Teamleader');
INSERT INTO Staff (ID, name, position) VALUES (59, 'Jane Jensen', 'Planter');
INSERT INTO Staff (ID, name, position) VALUES (60, 'Hans Jensen', 'Planter');
INSERT INTO Staff (ID, name, position) VALUES (61, 'Dana Glistrup', 'Planter');
INSERT INTO Staff (ID, name, position) VALUES (62, 'Jan Laudrup', 'Senior Planter');
INSERT INTO Staff (ID, name, position) VALUES (63, 'Sisse Lauritz', 'Teamleader');
INSERT INTO Staff (ID, name, position) VALUES (64, 'Mikael Johansen', 'Planter');
INSERT INTO Staff (ID, name, position) VALUES (65, 'Inge Jansen', 'Senior Planter');
INSERT INTO Staff (ID, name, position) VALUES (66, 'Johan Hansen', 'Planter');
INSERT INTO Staff (ID, name, position) VALUES (67, 'Jane Laudrup', 'Senior Planter');
INSERT INTO Staff (ID, name, position) VALUES (68, 'Johan Laudrup', 'Planter');
INSERT INTO Staff (ID, name, position) VALUES (69, 'Klara Glistrup', 'Senior Planter');
INSERT INTO Staff (ID, name, position) VALUES (70, 'Karl Glistrup', 'Teamleader');
INSERT INTO Staff (ID, name, position) VALUES (71, 'Sisse Johansen', 'Senior Planter');
INSERT INTO Staff (ID, name, position) VALUES (72, 'Dan Jansen', 'Planter');
INSERT INTO Staff (ID, name, position) VALUES (73, 'Birgitte Laudrup', 'Teamleader');
INSERT INTO Staff (ID, name, position) VALUES (74, 'Peter Jansen', 'Planter');
INSERT INTO Staff (ID, name, position) VALUES (75, 'Sisse Mikaelsen', 'Planter');
INSERT INTO Staff (ID, name, position) VALUES (76, 'Hans Hansen', 'Planter');
INSERT INTO Staff (ID, name, position) VALUES (77, 'Anna Lauritz', 'Planter');
INSERT INTO Staff (ID, name, position) VALUES (78, 'Kent Laudrup', 'Planter');
INSERT INTO Staff (ID, name, position) VALUES (79, 'Gitte Lauridsen', 'Senior Planter');
INSERT INTO Staff (ID, name, position) VALUES (80, 'Frank Laudrup', 'Planter');
INSERT INTO Staff (ID, name, position) VALUES (81, 'Eva Hvidt', 'Planter');
INSERT INTO Staff (ID, name, position) VALUES (82, 'Hans Hvidt', 'Planter');
INSERT INTO Staff (ID, name, position) VALUES (83, 'Sisse Laudrup', 'Planter');
INSERT INTO Staff (ID, name, position) VALUES (84, 'Peter Glistrup', 'Senior Planter');
INSERT INTO Staff (ID, name, position) VALUES (85, 'Jane Mikaelsen', 'Manager');
INSERT INTO Staff (ID, name, position) VALUES (86, 'Hans Glistrup', 'Senior Planter');
INSERT INTO Staff (ID, name, position) VALUES (87, 'Sisse Hansen', 'Senior Planter');
INSERT INTO Staff (ID, name, position) VALUES (88, 'Jan Laudrup', 'Senior Planter');
INSERT INTO Staff (ID, name, position) VALUES (89, 'Sisse Jensen', 'Planter');
INSERT INTO Staff (ID, name, position) VALUES (90, 'Karl Hansen', 'Teamleader');
INSERT INTO Staff (ID, name, position) VALUES (91, 'Kristine Hansen', 'Planter');
INSERT INTO Staff (ID, name, position) VALUES (92, 'Jens Laudrup', 'Planter');
INSERT INTO Staff (ID, name, position) VALUES (93, 'Birgitte Jansen', 'Senior Planter');
INSERT INTO Staff (ID, name, position) VALUES (94, 'Peter Johansen', 'Planter');
INSERT INTO Staff (ID, name, position) VALUES (95, 'Klara Lauridsen', 'Planter');
INSERT INTO Staff (ID, name, position) VALUES (96, 'Jens Jensen', 'Senior Planter');
INSERT INTO Staff (ID, name, position) VALUES (97, 'Jane Jansen', 'Manager');
INSERT INTO Staff (ID, name, position) VALUES (98, 'Mikael Lauridsen', 'Teamleader');
INSERT INTO Staff (ID, name, position) VALUES (99, 'Kristine Laudrup', 'Senior Planter');
INSERT INTO Staff (ID, name, position) VALUES (100, 'Hans Jensen', 'Senior Planter');
INSERT INTO Staff (ID, name, position) VALUES (101, 'Inge Lauritz', 'Teamleader');
INSERT INTO Staff (ID, name, position) VALUES (102, 'Peter Glistrup', 'Planter');
INSERT INTO Staff (ID, name, position) VALUES (103, 'Sisse Jansen', 'Planter');
INSERT INTO Staff (ID, name, position) VALUES (104, 'Dan Mikaelsen', 'Planter');
INSERT INTO Staff (ID, name, position) VALUES (105, 'Klara Glistrup', 'Planter');
INSERT INTO Staff (ID, name, position) VALUES (106, 'Karl Hvidt', 'Planter');
INSERT INTO Staff (ID, name, position) VALUES (107, 'Jane Mikaelsen', 'Senior Planter');
INSERT INTO Staff (ID, name, position) VALUES (108, 'Jan Johansen', 'Senior Planter');
INSERT INTO Staff (ID, name, position) VALUES (109, 'Kristine Glistrup', 'Senior Planter');
INSERT INTO Staff (ID, name, position) VALUES (110, 'Jan Lauridsen', 'Planter');
INSERT INTO Staff (ID, name, position) VALUES (111, 'Jane Jensen', 'Senior Planter');
INSERT INTO Staff (ID, name, position) VALUES (112, 'Peter Jensen', 'Planter');
INSERT INTO Staff (ID, name, position) VALUES (113, 'Eva Glistrup', 'Planter');
INSERT INTO Staff (ID, name, position) VALUES (114, 'Johan Mikaelsen', 'Planter');
INSERT INTO Staff (ID, name, position) VALUES (115, 'Birgitte Johansen', 'Senior Planter');
INSERT INTO Staff (ID, name, position) VALUES (116, 'Dan Hvidt', 'Senior Planter');
INSERT INTO Staff (ID, name, position) VALUES (117, 'Birgitte Jansen', 'Planter');
INSERT INTO Staff (ID, name, position) VALUES (118, 'Kent Glistrup', 'Planter');
INSERT INTO Staff (ID, name, position) VALUES (119, 'Eva Glistrup', 'Teamleader');
INSERT INTO Staff (ID, name, position) VALUES (120, 'Jens Hvidt', 'Planter');
INSERT INTO Staff (ID, name, position) VALUES (121, 'Birgitte Hvidt', 'Senior Planter');
INSERT INTO Staff (ID, name, position) VALUES (122, 'Kent Lauridsen', 'Planter');
INSERT INTO Staff (ID, name, position) VALUES (123, 'Kristine Lauritz', 'Teamleader');
INSERT INTO Staff (ID, name, position) VALUES (124, 'Peter Glistrup', 'Teamleader');
INSERT INTO Staff (ID, name, position) VALUES (125, 'Kristine Johansen', 'Planter');
INSERT INTO Staff (ID, name, position) VALUES (126, 'Johan Mikaelsen', 'Planter');
INSERT INTO Staff (ID, name, position) VALUES (127, 'Inge Lauritz', 'Planter');
INSERT INTO Staff (ID, name, position) VALUES (128, 'Peter Mikaelsen', 'Planter');
INSERT INTO Staff (ID, name, position) VALUES (129, 'Sisse Laudrup', 'Senior Planter');
INSERT INTO Staff (ID, name, position) VALUES (130, 'Mikael Johansen', 'Planter');
INSERT INTO Staff (ID, name, position) VALUES (131, 'Birgitte Laudrup', 'Teamleader');
INSERT INTO Staff (ID, name, position) VALUES (132, 'Karl Lauridsen', 'Planter');
INSERT INTO Staff (ID, name, position) VALUES (133, 'Kristine Johansen', 'Planter');
INSERT INTO Staff (ID, name, position) VALUES (134, 'Kent Jensen', 'Senior Planter');
INSERT INTO Staff (ID, name, position) VALUES (135, 'Eva Hansen', 'Teamleader');
INSERT INTO Staff (ID, name, position) VALUES (136, 'Jan Jansen', 'Planter');
INSERT INTO Staff (ID, name, position) VALUES (137, 'Sisse Laudrup', 'Teamleader');
INSERT INTO Staff (ID, name, position) VALUES (138, 'Jan Lauritz', 'Senior Planter');
INSERT INTO Staff (ID, name, position) VALUES (139, 'Klara Jensen', 'Planter');
INSERT INTO Staff (ID, name, position) VALUES (140, 'Hans Hvidt', 'Senior Planter');
INSERT INTO Staff (ID, name, position) VALUES (141, 'Eva Glistrup', 'Planter');
INSERT INTO Staff (ID, name, position) VALUES (142, 'Mikael Lauritz', 'Planter');
INSERT INTO Staff (ID, name, position) VALUES (143, 'Birgitte Glistrup', 'Planter');
INSERT INTO Staff (ID, name, position) VALUES (144, 'Jan Hansen', 'Planter');
INSERT INTO Staff (ID, name, position) VALUES (145, 'Gitte Johansen', 'Planter');
INSERT INTO Staff (ID, name, position) VALUES (146, 'Johan Hansen', 'Planter');
INSERT INTO Staff (ID, name, position) VALUES (147, 'Jane Lauridsen', 'Senior Planter');
INSERT INTO Staff (ID, name, position) VALUES (148, 'Frank Jensen', 'Planter');
INSERT INTO Staff (ID, name, position) VALUES (149, 'Eva Johansen', 'Planter');
INSERT INTO Staff (ID, name, position) VALUES (150, 'Peter Johansen', 'Senior Planter');
INSERT INTO Staff (ID, name, position) VALUES (151, 'Anna Jensen', 'Planter');
INSERT INTO Staff (ID, name, position) VALUES (152, 'Kent Mikaelsen', 'Planter');
INSERT INTO Staff (ID, name, position) VALUES (153, 'Jane Mikaelsen', 'Planter');
INSERT INTO Staff (ID, name, position) VALUES (154, 'Frank Jansen', 'Planter');
INSERT INTO Staff (ID, name, position) VALUES (155, 'Sisse Jansen', 'Planter');
INSERT INTO Staff (ID, name, position) VALUES (156, 'Mikael Mikaelsen', 'Planter');
INSERT INTO Staff (ID, name, position) VALUES (157, 'Sisse Glistrup', 'Planter');
INSERT INTO Staff (ID, name, position) VALUES (158, 'Hans Glistrup', 'Teamleader');
INSERT INTO Staff (ID, name, position) VALUES (159, 'Eva Lauritz', 'Planter');
INSERT INTO Staff (ID, name, position) VALUES (160, 'Jens Jansen', 'Senior Planter');
INSERT INTO Staff (ID, name, position) VALUES (161, 'Dana Glistrup', 'Manager');
INSERT INTO Staff (ID, name, position) VALUES (162, 'Jan Johansen', 'Planter');
INSERT INTO Staff (ID, name, position) VALUES (163, 'Eva Jensen', 'Planter');
INSERT INTO Staff (ID, name, position) VALUES (164, 'Peter Lauritz', 'Planter');
INSERT INTO Staff (ID, name, position) VALUES (165, 'Sisse Glistrup', 'Planter');
INSERT INTO Staff (ID, name, position) VALUES (166, 'Jan Johansen', 'Planter');
INSERT INTO Staff (ID, name, position) VALUES (167, 'Birgitte Mikaelsen', 'Planter');
INSERT INTO Staff (ID, name, position) VALUES (168, 'Dan Mikaelsen', 'Senior Planter');
INSERT INTO Staff (ID, name, position) VALUES (169, 'Inge Hansen', 'Senior Planter');
INSERT INTO Staff (ID, name, position) VALUES (170, 'Karl Jensen', 'Planter');
INSERT INTO Staff (ID, name, position) VALUES (171, 'Gitte Hvidt', 'Planter');
INSERT INTO Staff (ID, name, position) VALUES (172, 'Peter Hvidt', 'Planter');
INSERT INTO Staff (ID, name, position) VALUES (173, 'Kristine Glistrup', 'Planter');
INSERT INTO Staff (ID, name, position) VALUES (174, 'Hans Lauridsen', 'Planter');
INSERT INTO Staff (ID, name, position) VALUES (175, 'Anna Glistrup', 'Planter');
INSERT INTO Staff (ID, name, position) VALUES (176, 'Dan Hvidt', 'Senior Planter');
INSERT INTO Staff (ID, name, position) VALUES (177, 'Inge Johansen', 'Planter');
INSERT INTO Staff (ID, name, position) VALUES (178, 'Karl Johansen', 'Manager');
INSERT INTO Staff (ID, name, position) VALUES (179, 'Eva Jensen', 'Senior Planter');
INSERT INTO Staff (ID, name, position) VALUES (180, 'Dan Lauridsen', 'Planter');
INSERT INTO Staff (ID, name, position) VALUES (181, 'Sisse Mikaelsen', 'Planter');
INSERT INTO Staff (ID, name, position) VALUES (182, 'Hans Hansen', 'Planter');
INSERT INTO Staff (ID, name, position) VALUES (183, 'Eva Laudrup', 'Planter');
INSERT INTO Staff (ID, name, position) VALUES (184, 'Frank Lauritz', 'Teamleader');
INSERT INTO Staff (ID, name, position) VALUES (185, 'Kristine Jansen', 'Planter');
INSERT INTO Staff (ID, name, position) VALUES (186, 'Hans Jansen', 'Planter');
INSERT INTO Staff (ID, name, position) VALUES (187, 'Klara Hansen', 'Senior Planter');
INSERT INTO Staff (ID, name, position) VALUES (188, 'Johan Lauridsen', 'Planter');
INSERT INTO Staff (ID, name, position) VALUES (189, 'Anna Glistrup', 'Teamleader');
INSERT INTO Staff (ID, name, position) VALUES (190, 'Jens Laudrup', 'Planter');
INSERT INTO Staff (ID, name, position) VALUES (191, 'Eva Lauritz', 'Senior Planter');
INSERT INTO Staff (ID, name, position) VALUES (192, 'Karl Johansen', 'Planter');
INSERT INTO Staff (ID, name, position) VALUES (193, 'Anna Hansen', 'Senior Planter');
INSERT INTO Staff (ID, name, position) VALUES (194, 'Mikael Hansen', 'Senior Planter');
INSERT INTO Staff (ID, name, position) VALUES (195, 'Sisse Laudrup', 'Planter');
INSERT INTO Staff (ID, name, position) VALUES (196, 'Jens Jensen', 'Planter');
INSERT INTO Staff (ID, name, position) VALUES (197, 'Eva Hvidt', 'Planter');
INSERT INTO Staff (ID, name, position) VALUES (198, 'Kent Lauridsen', 'Planter');
INSERT INTO Staff (ID, name, position) VALUES (199, 'Dana Lauridsen', 'Planter');
INSERT INTO Staff (ID, name, position) VALUES (200, 'Jan Johansen', 'Teamleader');
INSERT INTO Staff (ID, name, position) VALUES (201, 'Dana Jansen', 'Planter');
INSERT INTO Staff (ID, name, position) VALUES (202, 'Mikael Johansen', 'Senior Planter');
INSERT INTO Staff (ID, name, position) VALUES (203, 'Gitte Laudrup', 'Teamleader');
INSERT INTO Staff (ID, name, position) VALUES (204, 'Peter Hansen', 'Teamleader');
INSERT INTO Types(ID, name) VALUES(1, 'flower');
INSERT INTO Types(ID, name) VALUES(2, 'herb');
INSERT INTO Types(ID, name) VALUES(3, 'shrub');
INSERT INTO Types(ID, name) VALUES(4, 'tree');
INSERT INTO Types(ID, name) VALUES(5, 'epiphyte');
INSERT INTO Types(ID, name) VALUES(6, 'liana');
INSERT INTO Types(ID, name) VALUES(7, 'vine');
INSERT INTO Families(ID, typeID, name) VALUES(1, 1, 'Acanthus');
INSERT INTO Plants(ID, familyID, name) VALUES(1, 1, 'sp.');
INSERT INTO Families(ID, typeID, name) VALUES(2, 1, 'Aphelandra');
INSERT INTO Plants(ID, familyID, name) VALUES(2, 2, 'albert-smithii');
INSERT INTO Plants(ID, familyID, name) VALUES(3, 2, 'barkleyi');
INSERT INTO Plants(ID, familyID, name) VALUES(4, 2, 'deppeana');
INSERT INTO Plants(ID, familyID, name) VALUES(5, 2, 'dielsii');
INSERT INTO Plants(ID, familyID, name) VALUES(6, 2, 'fasciculata');
INSERT INTO Plants(ID, familyID, name) VALUES(7, 2, 'fernandezii');
INSERT INTO Plants(ID, familyID, name) VALUES(8, 2, 'glabrata');
INSERT INTO Plants(ID, familyID, name) VALUES(9, 2, 'golfodulcensis');
INSERT INTO Plants(ID, familyID, name) VALUES(10, 2, 'gracilis');
INSERT INTO Plants(ID, familyID, name) VALUES(11, 2, 'grandis');
INSERT INTO Plants(ID, familyID, name) VALUES(12, 2, 'hartwegiana');
INSERT INTO Plants(ID, familyID, name) VALUES(13, 2, 'hylaea');
INSERT INTO Plants(ID, familyID, name) VALUES(14, 2, 'impress');
INSERT INTO Plants(ID, familyID, name) VALUES(15, 2, 'lasia');
INSERT INTO Plants(ID, familyID, name) VALUES(16, 2, 'leonardii');
INSERT INTO Plants(ID, familyID, name) VALUES(17, 2, 'lingua-bovis');
INSERT INTO Plants(ID, familyID, name) VALUES(18, 2, 'macrophylla');
INSERT INTO Plants(ID, familyID, name) VALUES(19, 2, 'macrophylla');
INSERT INTO Plants(ID, familyID, name) VALUES(20, 2, 'panamensis');
INSERT INTO Plants(ID, familyID, name) VALUES(21, 2, 'pharangophila');
INSERT INTO Plants(ID, familyID, name) VALUES(22, 2, 'pulcherrima');
INSERT INTO Plants(ID, familyID, name) VALUES(23, 2, 'scabra');
INSERT INTO Plants(ID, familyID, name) VALUES(24, 2, 'scolnikae');
INSERT INTO Plants(ID, familyID, name) VALUES(25, 2, 'sinclairiana');
INSERT INTO Plants(ID, familyID, name) VALUES(26, 2, 'sp.');
INSERT INTO Plants(ID, familyID, name) VALUES(27, 2, 'storkii');
INSERT INTO Plants(ID, familyID, name) VALUES(28, 2, 'terryae');
INSERT INTO Plants(ID, familyID, name) VALUES(29, 2, 'tetragona');
INSERT INTO Plants(ID, familyID, name) VALUES(30, 2, 'unnamed species');
INSERT INTO Families(ID, typeID, name) VALUES(3, 1, 'Avicennia');
INSERT INTO Plants(ID, familyID, name) VALUES(31, 3, 'sp.');
INSERT INTO Families(ID, typeID, name) VALUES(4, 1, 'Barleria');
INSERT INTO Plants(ID, familyID, name) VALUES(32, 4, 'diacantha');
INSERT INTO Plants(ID, familyID, name) VALUES(33, 4, 'eranthemoides');
INSERT INTO Plants(ID, familyID, name) VALUES(34, 4, 'trispinosa');
INSERT INTO Families(ID, typeID, name) VALUES(5, 1, 'Brachystephanus');
INSERT INTO Plants(ID, familyID, name) VALUES(35, 5, 'sp.');
INSERT INTO Families(ID, typeID, name) VALUES(6, 1, 'Ruellia');
INSERT INTO Plants(ID, familyID, name) VALUES(36, 6, 'brachysiphon');
INSERT INTO Plants(ID, familyID, name) VALUES(37, 6, 'bulbifera');
INSERT INTO Plants(ID, familyID, name) VALUES(38, 6, 'coerulea');
INSERT INTO Plants(ID, familyID, name) VALUES(39, 6, 'erythropus');
INSERT INTO Plants(ID, familyID, name) VALUES(40, 6, 'hypercoides');
INSERT INTO Plants(ID, familyID, name) VALUES(41, 6, 'macrosolen');
INSERT INTO Plants(ID, familyID, name) VALUES(42, 6, 'multifolia');
INSERT INTO Plants(ID, familyID, name) VALUES(43, 6, 'radicans');
INSERT INTO Families(ID, typeID, name) VALUES(7, 1, 'Thunbergia');
INSERT INTO Plants(ID, familyID, name) VALUES(44, 7, 'erecta');
INSERT INTO Plants(ID, familyID, name) VALUES(45, 7, 'grandiflora');
INSERT INTO Plants(ID, familyID, name) VALUES(46, 7, 'laurifolia');
INSERT INTO Families(ID, typeID, name) VALUES(8, 3, 'Sambucus');
INSERT INTO Plants(ID, familyID, name) VALUES(47, 8, 'canadensis');
INSERT INTO Plants(ID, familyID, name) VALUES(48, 8, 'coerula');
INSERT INTO Plants(ID, familyID, name) VALUES(49, 8, 'ebulus');
INSERT INTO Plants(ID, familyID, name) VALUES(50, 8, 'javanica');
INSERT INTO Plants(ID, familyID, name) VALUES(51, 8, 'latipinna');
INSERT INTO Plants(ID, familyID, name) VALUES(52, 8, 'microbotrys');
INSERT INTO Plants(ID, familyID, name) VALUES(53, 8, 'nigra (niger)');
INSERT INTO Plants(ID, familyID, name) VALUES(54, 8, 'pubens');
INSERT INTO Plants(ID, familyID, name) VALUES(55, 8, 'racemosa');
INSERT INTO Plants(ID, familyID, name) VALUES(56, 8, 'siebolidana');
INSERT INTO Plants(ID, familyID, name) VALUES(57, 8, 'williamsii');
INSERT INTO Families(ID, typeID, name) VALUES(9, 1, 'Viburnum');
INSERT INTO Plants(ID, familyID, name) VALUES(58, 9, 'beccarii');
INSERT INTO Plants(ID, familyID, name) VALUES(59, 9, 'boninensis');
INSERT INTO Plants(ID, familyID, name) VALUES(60, 9, 'clemensae');
INSERT INTO Plants(ID, familyID, name) VALUES(61, 9, 'cornutidens');
INSERT INTO Plants(ID, familyID, name) VALUES(62, 9, 'costaricanum');
INSERT INTO Plants(ID, familyID, name) VALUES(63, 9, 'dilatatum');
INSERT INTO Plants(ID, familyID, name) VALUES(64, 9, 'edule');
INSERT INTO Plants(ID, familyID, name) VALUES(65, 9, 'erosum');
INSERT INTO Plants(ID, familyID, name) VALUES(66, 9, 'glaberrium');
INSERT INTO Plants(ID, familyID, name) VALUES(67, 9, 'koreanum');
INSERT INTO Plants(ID, familyID, name) VALUES(68, 9, 'opulus');
INSERT INTO Plants(ID, familyID, name) VALUES(69, 9, 'platyphyllum');
INSERT INTO Plants(ID, familyID, name) VALUES(70, 9, 'propinquum');
INSERT INTO Plants(ID, familyID, name) VALUES(71, 9, 'sargentii');
INSERT INTO Plants(ID, familyID, name) VALUES(72, 9, 'spp.');
INSERT INTO Plants(ID, familyID, name) VALUES(73, 9, 'stellatomentosum');
INSERT INTO Plants(ID, familyID, name) VALUES(74, 9, 'venustrum');
INSERT INTO Plants(ID, familyID, name) VALUES(75, 9, 'vernicosum');
INSERT INTO Plants(ID, familyID, name) VALUES(76, 9, 'wrightii');
INSERT INTO Families(ID, typeID, name) VALUES(10, 1, 'Alisma');
INSERT INTO Plants(ID, familyID, name) VALUES(77, 10, 'sp.');
INSERT INTO Families(ID, typeID, name) VALUES(11, 2, 'Iresine');
INSERT INTO Plants(ID, familyID, name) VALUES(78, 11, 'celosia');
INSERT INTO Families(ID, typeID, name) VALUES(12, 4, 'Anacardium');
INSERT INTO Plants(ID, familyID, name) VALUES(79, 12, 'occidentale');
INSERT INTO Families(ID, typeID, name) VALUES(13, 1, 'Holigarna');
INSERT INTO Plants(ID, familyID, name) VALUES(80, 13, 'arnottiana');
INSERT INTO Plants(ID, familyID, name) VALUES(81, 13, 'ferruginea');
INSERT INTO Plants(ID, familyID, name) VALUES(82, 13, 'grahamii');
INSERT INTO Plants(ID, familyID, name) VALUES(83, 13, 'helferi');
INSERT INTO Families(ID, typeID, name) VALUES(14, 1, 'Ancistrocladus');
INSERT INTO Plants(ID, familyID, name) VALUES(84, 14, 'sp.');
INSERT INTO Families(ID, typeID, name) VALUES(15, 1, 'Annona');
INSERT INTO Plants(ID, familyID, name) VALUES(85, 15, 'sp.');
INSERT INTO Families(ID, typeID, name) VALUES(16, 6, 'Allamandra');
INSERT INTO Plants(ID, familyID, name) VALUES(86, 16, 'cathartica');
INSERT INTO Plants(ID, familyID, name) VALUES(87, 16, 'neriifolia');
INSERT INTO Families(ID, typeID, name) VALUES(17, 4, 'Aspidospema');
INSERT INTO Plants(ID, familyID, name) VALUES(88, 17, 'quebracho-blanco');
INSERT INTO Families(ID, typeID, name) VALUES(18, 1, 'Calotropis');
INSERT INTO Plants(ID, familyID, name) VALUES(89, 18, 'gigantea');
INSERT INTO Families(ID, typeID, name) VALUES(19, 1, 'Ceropegia');
INSERT INTO Plants(ID, familyID, name) VALUES(90, 19, 'johnsonii');
INSERT INTO Plants(ID, familyID, name) VALUES(91, 19, 'sankuruensis');
INSERT INTO Families(ID, typeID, name) VALUES(20, 1, 'Dregea');
INSERT INTO Plants(ID, familyID, name) VALUES(92, 20, 'volubilis');
INSERT INTO Families(ID, typeID, name) VALUES(21, 7, 'Gonolobus');
INSERT INTO Plants(ID, familyID, name) VALUES(93, 21, 'barabatus');
INSERT INTO Families(ID, typeID, name) VALUES(22, 1, 'Gymnema');
INSERT INTO Plants(ID, familyID, name) VALUES(94, 22, 'lactiferum');
INSERT INTO Plants(ID, familyID, name) VALUES(95, 22, 'pachyglossum');
INSERT INTO Families(ID, typeID, name) VALUES(23, 1, 'Hoya');
INSERT INTO Plants(ID, familyID, name) VALUES(96, 23, 'carnosa');
INSERT INTO Plants(ID, familyID, name) VALUES(97, 23, 'longifolia');
INSERT INTO Plants(ID, familyID, name) VALUES(98, 23, 'sp.');
INSERT INTO Families(ID, typeID, name) VALUES(24, 7, 'Ichnocarpus');
INSERT INTO Plants(ID, familyID, name) VALUES(99, 24, 'fruticosus');
INSERT INTO Families(ID, typeID, name) VALUES(25, 6, 'Marsdenia');
INSERT INTO Plants(ID, familyID, name) VALUES(100, 25, 'glabra');
INSERT INTO Families(ID, typeID, name) VALUES(26, 3, 'Oxypetalum');
INSERT INTO Plants(ID, familyID, name) VALUES(101, 26, 'sp.');
INSERT INTO Families(ID, typeID, name) VALUES(27, 1, 'Pachypodium');
INSERT INTO Plants(ID, familyID, name) VALUES(102, 27, 'saundersii');
INSERT INTO Families(ID, typeID, name) VALUES(28, 1, 'Philibertia');
INSERT INTO Plants(ID, familyID, name) VALUES(103, 28, 'aff');
INSERT INTO Families(ID, typeID, name) VALUES(29, 1, 'Plumeria');
INSERT INTO Plants(ID, familyID, name) VALUES(104, 29, 'alba');
INSERT INTO Plants(ID, familyID, name) VALUES(105, 29, 'rubra');
INSERT INTO Families(ID, typeID, name) VALUES(30, 7, 'Prestonia');
INSERT INTO Plants(ID, familyID, name) VALUES(106, 30, 'mexicana');
INSERT INTO Families(ID, typeID, name) VALUES(31, 1, 'Sarcostemma');
INSERT INTO Plants(ID, familyID, name) VALUES(107, 31, 'gardneri');
INSERT INTO Families(ID, typeID, name) VALUES(32, 1, 'Stephanotis');
INSERT INTO Plants(ID, familyID, name) VALUES(108, 32, 'floribunda');
INSERT INTO Families(ID, typeID, name) VALUES(33, 1, 'Tabernaemontana');
INSERT INTO Plants(ID, familyID, name) VALUES(109, 33, 'divaricata');
INSERT INTO Families(ID, typeID, name) VALUES(34, 1, 'Thevetia');
INSERT INTO Plants(ID, familyID, name) VALUES(110, 34, 'sp.');
INSERT INTO Families(ID, typeID, name) VALUES(35, 4, 'Wrightia');
INSERT INTO Plants(ID, familyID, name) VALUES(111, 35, 'laevis ssp.Millgar');
INSERT INTO Families(ID, typeID, name) VALUES(36, 4, 'Ilex');
INSERT INTO Plants(ID, familyID, name) VALUES(112, 36, 'paraguariensis');
INSERT INTO Families(ID, typeID, name) VALUES(37, 1, 'Alocasia');
INSERT INTO Plants(ID, familyID, name) VALUES(113, 37, 'grata');
INSERT INTO Plants(ID, familyID, name) VALUES(114, 37, 'putzeysii');
INSERT INTO Families(ID, typeID, name) VALUES(38, 5, 'Philodendron');
INSERT INTO Plants(ID, familyID, name) VALUES(115, 38, 'acutatum');
INSERT INTO Plants(ID, familyID, name) VALUES(116, 38, 'cuspidatum');
INSERT INTO Plants(ID, familyID, name) VALUES(117, 38, 'deflexum');
INSERT INTO Plants(ID, familyID, name) VALUES(118, 38, 'fragrantissimum');
INSERT INTO Plants(ID, familyID, name) VALUES(119, 38, 'lindenii');
INSERT INTO Plants(ID, familyID, name) VALUES(120, 38, 'sp. 2');
INSERT INTO Plants(ID, familyID, name) VALUES(121, 38, 'sp. nov.');
INSERT INTO Plants(ID, familyID, name) VALUES(122, 38, 'unidentified species');
INSERT INTO Families(ID, typeID, name) VALUES(39, 1, 'Aristolochia');
INSERT INTO Plants(ID, familyID, name) VALUES(123, 39, 'sp.');
INSERT INTO Families(ID, typeID, name) VALUES(40, 1, 'Asparagus');
INSERT INTO Plants(ID, familyID, name) VALUES(124, 40, 'acutifolius');
INSERT INTO Plants(ID, familyID, name) VALUES(125, 40, 'prob.schoberloides');
INSERT INTO Families(ID, typeID, name) VALUES(41, 2, 'Dracaena');
INSERT INTO Plants(ID, familyID, name) VALUES(126, 41, 'reflexa');
INSERT INTO Plants(ID, familyID, name) VALUES(127, 41, 'sp.');
INSERT INTO Families(ID, typeID, name) VALUES(42, 1, 'Sansevieria');
INSERT INTO Plants(ID, familyID, name) VALUES(128, 42, '3 unidentified species');
INSERT INTO Plants(ID, familyID, name) VALUES(129, 42, 'abyssinica');
INSERT INTO Plants(ID, familyID, name) VALUES(130, 42, 'aethiopica');
INSERT INTO Plants(ID, familyID, name) VALUES(131, 42, 'aubrytiana');
INSERT INTO Plants(ID, familyID, name) VALUES(132, 42, 'canaliculata');
INSERT INTO Plants(ID, familyID, name) VALUES(133, 42, 'cf. gracilis');
INSERT INTO Plants(ID, familyID, name) VALUES(134, 42, 'cf. stuckyi');
INSERT INTO Plants(ID, familyID, name) VALUES(135, 42, 'conspicua');
INSERT INTO Plants(ID, familyID, name) VALUES(136, 42, 'cynlindrica');
INSERT INTO Plants(ID, familyID, name) VALUES(137, 42, 'desertii');
INSERT INTO Plants(ID, familyID, name) VALUES(138, 42, 'dooneri');
INSERT INTO Plants(ID, familyID, name) VALUES(139, 42, 'ehrenbergii');
INSERT INTO Plants(ID, familyID, name) VALUES(140, 42, 'humbertiana');
INSERT INTO Plants(ID, familyID, name) VALUES(141, 42, 'phillipsiae');
INSERT INTO Plants(ID, familyID, name) VALUES(142, 42, 'pinguicula');
INSERT INTO Plants(ID, familyID, name) VALUES(143, 42, 'scabrifolia');
INSERT INTO Plants(ID, familyID, name) VALUES(144, 42, 'singularis');
INSERT INTO Plants(ID, familyID, name) VALUES(145, 42, 'sulcata');
INSERT INTO Plants(ID, familyID, name) VALUES(146, 42, 'thyrsiflora');
INSERT INTO Plants(ID, familyID, name) VALUES(147, 42, 'zeylandica');
INSERT INTO Families(ID, typeID, name) VALUES(43, 1, 'Yucca');
INSERT INTO Plants(ID, familyID, name) VALUES(148, 43, 'filamentosa');
INSERT INTO Plants(ID, familyID, name) VALUES(149, 43, 'glauca');
INSERT INTO Families(ID, typeID, name) VALUES(44, 2, 'Bidens');
INSERT INTO Plants(ID, familyID, name) VALUES(150, 44, 'pillosa');
INSERT INTO Families(ID, typeID, name) VALUES(45, 1, 'Calycadenia');
INSERT INTO Plants(ID, familyID, name) VALUES(151, 45, 'sp.');
INSERT INTO Families(ID, typeID, name) VALUES(46, 2, 'Centaurea');
INSERT INTO Plants(ID, familyID, name) VALUES(152, 46, 'alpina');
INSERT INTO Plants(ID, familyID, name) VALUES(153, 46, 'angustifolia var. fuscormarginata');
INSERT INTO Plants(ID, familyID, name) VALUES(154, 46, 'badensis');
INSERT INTO Plants(ID, familyID, name) VALUES(155, 46, 'cyanus');
INSERT INTO Plants(ID, familyID, name) VALUES(156, 46, 'jacea');
INSERT INTO Plants(ID, familyID, name) VALUES(157, 46, 'karstiana');
INSERT INTO Plants(ID, familyID, name) VALUES(158, 46, 'montana');
INSERT INTO Plants(ID, familyID, name) VALUES(159, 46, 'orientalis');
INSERT INTO Plants(ID, familyID, name) VALUES(160, 46, 'ruthenica');
INSERT INTO Plants(ID, familyID, name) VALUES(161, 46, 'sadleriana');
INSERT INTO Plants(ID, familyID, name) VALUES(162, 46, 'scabiosa');
INSERT INTO Families(ID, typeID, name) VALUES(47, 1, 'Clibadium');
INSERT INTO Plants(ID, familyID, name) VALUES(163, 47, 'schulzzi');
INSERT INTO Families(ID, typeID, name) VALUES(48, 1, 'Eupatorium');
INSERT INTO Plants(ID, familyID, name) VALUES(164, 48, 'sp.');
INSERT INTO Families(ID, typeID, name) VALUES(49, 1, 'Happlopappus');
INSERT INTO Plants(ID, familyID, name) VALUES(165, 49, 'venosus');
INSERT INTO Families(ID, typeID, name) VALUES(50, 2, 'Helianthella');
INSERT INTO Plants(ID, familyID, name) VALUES(166, 50, 'californicus var. nevadensis');
INSERT INTO Plants(ID, familyID, name) VALUES(167, 50, 'quinquenervis');
INSERT INTO Families(ID, typeID, name) VALUES(51, 2, 'Helianthus');
INSERT INTO Plants(ID, familyID, name) VALUES(168, 51, 'annuus');
INSERT INTO Plants(ID, familyID, name) VALUES(169, 51, 'giganteus');
INSERT INTO Plants(ID, familyID, name) VALUES(170, 51, 'grosseserratus');
INSERT INTO Plants(ID, familyID, name) VALUES(171, 51, 'maximiliani');
INSERT INTO Plants(ID, familyID, name) VALUES(172, 51, 'nuttallii');
INSERT INTO Plants(ID, familyID, name) VALUES(173, 51, 'petiolaris');
INSERT INTO Plants(ID, familyID, name) VALUES(174, 51, 'salciifolius');
INSERT INTO Plants(ID, familyID, name) VALUES(175, 51, 'sp.');
INSERT INTO Plants(ID, familyID, name) VALUES(176, 51, 'strumosus');
INSERT INTO Plants(ID, familyID, name) VALUES(177, 51, 'tuberosus');
INSERT INTO Families(ID, typeID, name) VALUES(52, 2, 'Helichrysum');
INSERT INTO Plants(ID, familyID, name) VALUES(178, 52, 'bracteatum');
INSERT INTO Plants(ID, familyID, name) VALUES(179, 52, 'viscosum');
INSERT INTO Families(ID, typeID, name) VALUES(53, 1, 'Jurinea');
INSERT INTO Plants(ID, familyID, name) VALUES(180, 53, 'mollis');
INSERT INTO Families(ID, typeID, name) VALUES(54, 1, 'Melampodium');
INSERT INTO Plants(ID, familyID, name) VALUES(181, 54, 'divarticulatum');
INSERT INTO Families(ID, typeID, name) VALUES(55, 1, 'Melanthera');
INSERT INTO Plants(ID, familyID, name) VALUES(182, 55, 'aspera');
INSERT INTO Families(ID, typeID, name) VALUES(56, 1, 'Podospermum');
INSERT INTO Plants(ID, familyID, name) VALUES(183, 56, 'jacquinanum');
INSERT INTO Families(ID, typeID, name) VALUES(57, 1, 'Sachsia');
INSERT INTO Plants(ID, familyID, name) VALUES(184, 57, 'polycephala');
INSERT INTO Families(ID, typeID, name) VALUES(58, 1, 'Serratula');
INSERT INTO Plants(ID, familyID, name) VALUES(185, 58, 'cretican');
INSERT INTO Plants(ID, familyID, name) VALUES(186, 58, 'lycopifolia');
INSERT INTO Plants(ID, familyID, name) VALUES(187, 58, 'radiata');
INSERT INTO Families(ID, typeID, name) VALUES(59, 2, 'Balanophora');
INSERT INTO Plants(ID, familyID, name) VALUES(188, 59, 'kuroiwai');
INSERT INTO Plants(ID, familyID, name) VALUES(189, 59, 'tobiracola');
INSERT INTO Families(ID, typeID, name) VALUES(60, 1, 'Balsamina');
INSERT INTO Plants(ID, familyID, name) VALUES(190, 60, 'coccinea');
INSERT INTO Plants(ID, familyID, name) VALUES(191, 60, 'hortensis');
INSERT INTO Plants(ID, familyID, name) VALUES(192, 60, 'lechenaultii');
INSERT INTO Families(ID, typeID, name) VALUES(61, 1, 'Hydrocera');
INSERT INTO Plants(ID, familyID, name) VALUES(193, 61, 'triflora');
INSERT INTO Families(ID, typeID, name) VALUES(62, 1, 'Impatiens');
INSERT INTO Plants(ID, familyID, name) VALUES(194, 62, 'balfourii');
INSERT INTO Plants(ID, familyID, name) VALUES(195, 62, 'balsamifera');
INSERT INTO Plants(ID, familyID, name) VALUES(196, 62, 'balsamina');
INSERT INTO Plants(ID, familyID, name) VALUES(197, 62, 'bicolor');
INSERT INTO Plants(ID, familyID, name) VALUES(198, 62, 'chinensis');
INSERT INTO Plants(ID, familyID, name) VALUES(199, 62, 'cristata');
INSERT INTO Plants(ID, familyID, name) VALUES(200, 62, 'fruticosa');
INSERT INTO Plants(ID, familyID, name) VALUES(201, 62, 'glandulifera');
INSERT INTO Plants(ID, familyID, name) VALUES(202, 62, 'holstii');
INSERT INTO Plants(ID, familyID, name) VALUES(203, 62, 'hongkongensis');
INSERT INTO Plants(ID, familyID, name) VALUES(204, 62, 'maackii');
INSERT INTO Plants(ID, familyID, name) VALUES(205, 62, 'noli-tangere');
INSERT INTO Plants(ID, familyID, name) VALUES(206, 62, 'pallida');
INSERT INTO Plants(ID, familyID, name) VALUES(207, 62, 'parviflora');
INSERT INTO Plants(ID, familyID, name) VALUES(208, 62, 'platypetala');
INSERT INTO Plants(ID, familyID, name) VALUES(209, 62, 'scabrida');
INSERT INTO Plants(ID, familyID, name) VALUES(210, 62, 'sp.');
INSERT INTO Plants(ID, familyID, name) VALUES(211, 62, 'sultanii');
INSERT INTO Plants(ID, familyID, name) VALUES(212, 62, 'tricornis');
INSERT INTO Families(ID, typeID, name) VALUES(63, 1, 'Adenocalymma');
INSERT INTO Plants(ID, familyID, name) VALUES(213, 63, 'adenophorum');
INSERT INTO Plants(ID, familyID, name) VALUES(214, 63, 'apurense');
INSERT INTO Plants(ID, familyID, name) VALUES(215, 63, 'axillarum');
INSERT INTO Plants(ID, familyID, name) VALUES(216, 63, 'bracteatum');
INSERT INTO Plants(ID, familyID, name) VALUES(217, 63, 'bracteolatum');
INSERT INTO Plants(ID, familyID, name) VALUES(218, 63, 'bracteosum');
INSERT INTO Plants(ID, familyID, name) VALUES(219, 63, 'campicola');
INSERT INTO Plants(ID, familyID, name) VALUES(220, 63, 'comosum');
INSERT INTO Plants(ID, familyID, name) VALUES(221, 63, 'cymbalum');
INSERT INTO Plants(ID, familyID, name) VALUES(222, 63, 'flaviflorum');
INSERT INTO Plants(ID, familyID, name) VALUES(223, 63, 'impressum');
INSERT INTO Plants(ID, familyID, name) VALUES(224, 63, 'inundatum');
INSERT INTO Plants(ID, familyID, name) VALUES(225, 63, 'magnificum');
INSERT INTO Plants(ID, familyID, name) VALUES(226, 63, 'marginatum');
INSERT INTO Plants(ID, familyID, name) VALUES(227, 63, 'moringfolia');
INSERT INTO Plants(ID, familyID, name) VALUES(228, 63, 'nodosum');
INSERT INTO Plants(ID, familyID, name) VALUES(229, 63, 'paulistarum');
INSERT INTO Plants(ID, familyID, name) VALUES(230, 63, 'salmoneum');
INSERT INTO Plants(ID, familyID, name) VALUES(231, 63, 'subincanum');
INSERT INTO Plants(ID, familyID, name) VALUES(232, 63, 'trichocladum');
INSERT INTO Families(ID, typeID, name) VALUES(64, 1, 'Amphilophium');
INSERT INTO Plants(ID, familyID, name) VALUES(233, 64, 'askersonii');
INSERT INTO Plants(ID, familyID, name) VALUES(234, 64, 'bauhinoides');
INSERT INTO Plants(ID, familyID, name) VALUES(235, 64, 'buccinatorium');
INSERT INTO Plants(ID, familyID, name) VALUES(236, 64, 'crucigerum');
INSERT INTO Plants(ID, familyID, name) VALUES(237, 64, 'cynanchoides');
INSERT INTO Plants(ID, familyID, name) VALUES(238, 64, 'elongatum');
INSERT INTO Plants(ID, familyID, name) VALUES(239, 64, 'frutescens');
INSERT INTO Plants(ID, familyID, name) VALUES(240, 64, 'granulosum');
INSERT INTO Plants(ID, familyID, name) VALUES(241, 64, 'laevis');
INSERT INTO Plants(ID, familyID, name) VALUES(242, 64, 'magnoliifolium');
INSERT INTO Plants(ID, familyID, name) VALUES(243, 64, 'mansoana');
INSERT INTO Plants(ID, familyID, name) VALUES(244, 64, 'nunezii');
INSERT INTO Plants(ID, familyID, name) VALUES(245, 64, 'paniculatum');
INSERT INTO Plants(ID, familyID, name) VALUES(246, 64, 'pannosum');
INSERT INTO Plants(ID, familyID, name) VALUES(247, 64, 'parkeri');
INSERT INTO Plants(ID, familyID, name) VALUES(248, 64, 'rodriguesii');
INSERT INTO Families(ID, typeID, name) VALUES(65, 1, 'Amphitecna');
INSERT INTO Plants(ID, familyID, name) VALUES(249, 65, 'latifolia');
INSERT INTO Families(ID, typeID, name) VALUES(66, 3, 'Anemopaegma');
INSERT INTO Plants(ID, familyID, name) VALUES(250, 66, 'album');
INSERT INTO Plants(ID, familyID, name) VALUES(251, 66, 'arvense');
INSERT INTO Plants(ID, familyID, name) VALUES(252, 66, 'chamberlaynii');
INSERT INTO Plants(ID, familyID, name) VALUES(253, 66, 'flavum');
INSERT INTO Plants(ID, familyID, name) VALUES(254, 66, 'floridum');
INSERT INTO Plants(ID, familyID, name) VALUES(255, 66, 'foetidum');
INSERT INTO Plants(ID, familyID, name) VALUES(256, 66, 'laeve');
INSERT INTO Plants(ID, familyID, name) VALUES(257, 66, 'orbiculatum');
INSERT INTO Plants(ID, familyID, name) VALUES(258, 66, 'puberulum');
INSERT INTO Plants(ID, familyID, name) VALUES(259, 66, 'robustum');
INSERT INTO Plants(ID, familyID, name) VALUES(260, 66, 'scabriusculum');
INSERT INTO Families(ID, typeID, name) VALUES(67, 1, 'Arrabidaea');
INSERT INTO Plants(ID, familyID, name) VALUES(261, 67, 'spp.');
INSERT INTO Families(ID, typeID, name) VALUES(68, 1, 'Astianthus');
INSERT INTO Plants(ID, familyID, name) VALUES(262, 68, 'sp.');
INSERT INTO Families(ID, typeID, name) VALUES(69, 1, 'Bignonia');
INSERT INTO Plants(ID, familyID, name) VALUES(263, 69, 'aequinoctialis');
INSERT INTO Plants(ID, familyID, name) VALUES(264, 69, 'binata');
INSERT INTO Plants(ID, familyID, name) VALUES(265, 69, 'bracteomana');
INSERT INTO Plants(ID, familyID, name) VALUES(266, 69, 'callistegioides');
INSERT INTO Plants(ID, familyID, name) VALUES(267, 69, 'capreolata');
INSERT INTO Plants(ID, familyID, name) VALUES(268, 69, 'carolinae');
INSERT INTO Plants(ID, familyID, name) VALUES(269, 69, 'corymbosa');
INSERT INTO Plants(ID, familyID, name) VALUES(270, 69, 'diversiflora');
INSERT INTO Plants(ID, familyID, name) VALUES(271, 69, 'heterophylla');
INSERT INTO Plants(ID, familyID, name) VALUES(272, 69, 'hyacnthina');
INSERT INTO Plants(ID, familyID, name) VALUES(273, 69, 'microcalyx');
INSERT INTO Plants(ID, familyID, name) VALUES(274, 69, 'nocturna');
INSERT INTO Plants(ID, familyID, name) VALUES(275, 69, 'prieurei');
INSERT INTO Plants(ID, familyID, name) VALUES(276, 69, 'sciuripabula');
INSERT INTO Plants(ID, familyID, name) VALUES(277, 69, 'uleana');
INSERT INTO Families(ID, typeID, name) VALUES(70, 1, 'Callichlamys');
INSERT INTO Plants(ID, familyID, name) VALUES(278, 70, 'latifolia');
INSERT INTO Plants(ID, familyID, name) VALUES(279, 70, 'sp.');
INSERT INTO Families(ID, typeID, name) VALUES(71, 1, 'Campsis');
INSERT INTO Plants(ID, familyID, name) VALUES(280, 71, 'grandiflora');
INSERT INTO Plants(ID, familyID, name) VALUES(281, 71, 'radicans');
INSERT INTO Families(ID, typeID, name) VALUES(72, 1, 'Catalpa');
INSERT INTO Plants(ID, familyID, name) VALUES(282, 72, 'adenocalymna');
INSERT INTO Plants(ID, familyID, name) VALUES(283, 72, 'bignoniodes');
INSERT INTO Plants(ID, familyID, name) VALUES(284, 72, 'brevipes');
INSERT INTO Plants(ID, familyID, name) VALUES(285, 72, 'bungei');
INSERT INTO Plants(ID, familyID, name) VALUES(286, 72, 'fargesii');
INSERT INTO Plants(ID, familyID, name) VALUES(287, 72, 'longissima');
INSERT INTO Plants(ID, familyID, name) VALUES(288, 72, 'macrocarpa');
INSERT INTO Plants(ID, familyID, name) VALUES(289, 72, 'ovata');
INSERT INTO Plants(ID, familyID, name) VALUES(290, 72, 'purpurea');
INSERT INTO Plants(ID, familyID, name) VALUES(291, 72, 'speciosa');
INSERT INTO Families(ID, typeID, name) VALUES(73, 1, 'Chilopsis');
INSERT INTO Plants(ID, familyID, name) VALUES(292, 73, 'linearis');
INSERT INTO Families(ID, typeID, name) VALUES(74, 1, 'Couralia');
INSERT INTO Plants(ID, familyID, name) VALUES(293, 74, 'sp.');
INSERT INTO Families(ID, typeID, name) VALUES(75, 4, 'Crescentia');
INSERT INTO Plants(ID, familyID, name) VALUES(294, 75, 'alata');
INSERT INTO Plants(ID, familyID, name) VALUES(295, 75, 'amazonica');
INSERT INTO Plants(ID, familyID, name) VALUES(296, 75, 'cucurbitacea');
INSERT INTO Plants(ID, familyID, name) VALUES(297, 75, 'cujete');
INSERT INTO Plants(ID, familyID, name) VALUES(298, 75, 'linearifolia');
INSERT INTO Families(ID, typeID, name) VALUES(76, 1, 'Cuspidaria');
INSERT INTO Plants(ID, familyID, name) VALUES(299, 76, 'cinerea');
INSERT INTO Plants(ID, familyID, name) VALUES(300, 76, 'convoluta');
INSERT INTO Plants(ID, familyID, name) VALUES(301, 76, 'floribunda');
INSERT INTO Plants(ID, familyID, name) VALUES(302, 76, 'inaequalis');
INSERT INTO Plants(ID, familyID, name) VALUES(303, 76, 'lateriflora');
INSERT INTO Plants(ID, familyID, name) VALUES(304, 76, 'sceptrum');
INSERT INTO Plants(ID, familyID, name) VALUES(305, 76, 'spp.');
INSERT INTO Plants(ID, familyID, name) VALUES(306, 76, 'subincana');
INSERT INTO Families(ID, typeID, name) VALUES(77, 1, 'Cybistax');
INSERT INTO Plants(ID, familyID, name) VALUES(307, 77, 'antisyphillitica');
INSERT INTO Families(ID, typeID, name) VALUES(78, 1, 'Cydista');
INSERT INTO Plants(ID, familyID, name) VALUES(308, 78, 'sp.');
INSERT INTO Families(ID, typeID, name) VALUES(79, 4, 'Deplanchea');
INSERT INTO Plants(ID, familyID, name) VALUES(309, 79, 'sp.');
INSERT INTO Families(ID, typeID, name) VALUES(80, 6, 'Dolichandra');
INSERT INTO Plants(ID, familyID, name) VALUES(310, 80, 'chodatii');
INSERT INTO Plants(ID, familyID, name) VALUES(311, 80, 'cynanchoides');
INSERT INTO Plants(ID, familyID, name) VALUES(312, 80, 'dentata');
INSERT INTO Plants(ID, familyID, name) VALUES(313, 80, 'quadrivalvis');
INSERT INTO Plants(ID, familyID, name) VALUES(314, 80, 'steyermarkii');
INSERT INTO Plants(ID, familyID, name) VALUES(315, 80, 'uncata');
INSERT INTO Plants(ID, familyID, name) VALUES(316, 80, 'unguis-cati');
INSERT INTO Families(ID, typeID, name) VALUES(81, 1, 'Dolichandrone');
INSERT INTO Plants(ID, familyID, name) VALUES(317, 81, 'serrulata');
INSERT INTO Plants(ID, familyID, name) VALUES(318, 81, 'sp.');
INSERT INTO Families(ID, typeID, name) VALUES(82, 1, 'Fernandoa');
INSERT INTO Plants(ID, familyID, name) VALUES(319, 82, 'adenophylla');
INSERT INTO Families(ID, typeID, name) VALUES(83, 1, 'Fridericia');
INSERT INTO Plants(ID, familyID, name) VALUES(320, 83, 'candicans');
INSERT INTO Plants(ID, familyID, name) VALUES(321, 83, 'caudigera');
INSERT INTO Plants(ID, familyID, name) VALUES(322, 83, 'chica');
INSERT INTO Plants(ID, familyID, name) VALUES(323, 83, 'cinerea');
INSERT INTO Plants(ID, familyID, name) VALUES(324, 83, 'cinnamomea');
INSERT INTO Plants(ID, familyID, name) VALUES(325, 83, 'conjugata');
INSERT INTO Plants(ID, familyID, name) VALUES(326, 83, 'dichomata');
INSERT INTO Plants(ID, familyID, name) VALUES(327, 83, 'dispar');
INSERT INTO Plants(ID, familyID, name) VALUES(328, 83, 'erubescens');
INSERT INTO Plants(ID, familyID, name) VALUES(329, 83, 'florida');
INSERT INTO Plants(ID, familyID, name) VALUES(330, 83, 'leucopogon');
INSERT INTO Plants(ID, familyID, name) VALUES(331, 83, 'mutabilis');
INSERT INTO Plants(ID, familyID, name) VALUES(332, 83, 'nigrescens');
INSERT INTO Plants(ID, familyID, name) VALUES(333, 83, 'oligantha');
INSERT INTO Plants(ID, familyID, name) VALUES(334, 83, 'patellifera');
INSERT INTO Plants(ID, familyID, name) VALUES(335, 83, 'platyphylla');
INSERT INTO Plants(ID, familyID, name) VALUES(336, 83, 'prancei');
INSERT INTO Plants(ID, familyID, name) VALUES(337, 83, 'pubescens');
INSERT INTO Plants(ID, familyID, name) VALUES(338, 83, 'rego');
INSERT INTO Plants(ID, familyID, name) VALUES(339, 83, 'samydoides');
INSERT INTO Plants(ID, familyID, name) VALUES(340, 83, 'schumanniana');
INSERT INTO Plants(ID, familyID, name) VALUES(341, 83, 'speciosa');
INSERT INTO Plants(ID, familyID, name) VALUES(342, 83, 'spicata');
INSERT INTO Plants(ID, familyID, name) VALUES(343, 83, 'subincana');
INSERT INTO Plants(ID, familyID, name) VALUES(344, 83, 'trailli');
INSERT INTO Plants(ID, familyID, name) VALUES(345, 83, 'triplnervia');
INSERT INTO Plants(ID, familyID, name) VALUES(346, 83, 'truncata');
INSERT INTO Families(ID, typeID, name) VALUES(84, 4, 'Handroanthus');
INSERT INTO Plants(ID, familyID, name) VALUES(347, 84, 'albus');
INSERT INTO Plants(ID, familyID, name) VALUES(348, 84, 'chrysotrichus');
INSERT INTO Plants(ID, familyID, name) VALUES(349, 84, 'heptaphyllus');
INSERT INTO Plants(ID, familyID, name) VALUES(350, 84, 'impetiginosus');
INSERT INTO Plants(ID, familyID, name) VALUES(351, 84, 'lapacho');
INSERT INTO Plants(ID, familyID, name) VALUES(352, 84, 'ochraceus');
INSERT INTO Plants(ID, familyID, name) VALUES(353, 84, 'pulcherrimus');
INSERT INTO Plants(ID, familyID, name) VALUES(354, 84, 'serratifolius');
INSERT INTO Families(ID, typeID, name) VALUES(85, 1, 'Haplophrama');
INSERT INTO Plants(ID, familyID, name) VALUES(355, 85, 'adenophyllum');
INSERT INTO Families(ID, typeID, name) VALUES(86, 1, 'Incarvillea');
INSERT INTO Plants(ID, familyID, name) VALUES(356, 86, 'lutea');
INSERT INTO Families(ID, typeID, name) VALUES(87, 1, 'Jacaranda');
INSERT INTO Plants(ID, familyID, name) VALUES(357, 87, 'caucana');
INSERT INTO Plants(ID, familyID, name) VALUES(358, 87, 'copaia');
INSERT INTO Plants(ID, familyID, name) VALUES(359, 87, 'cuspidifolia');
INSERT INTO Plants(ID, familyID, name) VALUES(360, 87, 'macrantha');
INSERT INTO Plants(ID, familyID, name) VALUES(361, 87, 'mimosifolia');
INSERT INTO Plants(ID, familyID, name) VALUES(362, 87, 'puberula');
INSERT INTO Families(ID, typeID, name) VALUES(88, 1, 'Kigelia');
INSERT INTO Plants(ID, familyID, name) VALUES(363, 88, 'africana');
INSERT INTO Families(ID, typeID, name) VALUES(89, 1, 'Lundia');
INSERT INTO Plants(ID, familyID, name) VALUES(364, 89, 'cordata');
INSERT INTO Plants(ID, familyID, name) VALUES(365, 89, 'corymbifera');
INSERT INTO Plants(ID, familyID, name) VALUES(366, 89, 'densiflora');
INSERT INTO Plants(ID, familyID, name) VALUES(367, 89, 'spp.');
INSERT INTO Plants(ID, familyID, name) VALUES(368, 89, 'spruceana');
INSERT INTO Plants(ID, familyID, name) VALUES(369, 89, 'triphylla');
INSERT INTO Plants(ID, familyID, name) VALUES(370, 89, 'virginalis');
INSERT INTO Families(ID, typeID, name) VALUES(90, 1, 'Macfadyena');
INSERT INTO Plants(ID, familyID, name) VALUES(371, 90, 'spp.');
INSERT INTO Families(ID, typeID, name) VALUES(91, 1, 'Manaosella');
INSERT INTO Plants(ID, familyID, name) VALUES(372, 91, 'cordifolia');
INSERT INTO Families(ID, typeID, name) VALUES(92, 1, 'Mansoa');
INSERT INTO Plants(ID, familyID, name) VALUES(373, 92, 'all species have petiolar glands');
INSERT INTO Plants(ID, familyID, name) VALUES(374, 92, 'hirsuta');
INSERT INTO Plants(ID, familyID, name) VALUES(375, 92, 'hymenaea');
INSERT INTO Plants(ID, familyID, name) VALUES(376, 92, 'lanceolata');
INSERT INTO Plants(ID, familyID, name) VALUES(377, 92, 'macrocarpum');
INSERT INTO Plants(ID, familyID, name) VALUES(378, 92, 'standleyi');
INSERT INTO Plants(ID, familyID, name) VALUES(379, 92, 'verrucifera');
INSERT INTO Families(ID, typeID, name) VALUES(93, 4, 'Markhamia');
INSERT INTO Plants(ID, familyID, name) VALUES(380, 93, 'stipulata');
INSERT INTO Families(ID, typeID, name) VALUES(94, 6, 'Martinella');
INSERT INTO Plants(ID, familyID, name) VALUES(381, 94, 'obovata');
INSERT INTO Plants(ID, familyID, name) VALUES(382, 94, 'sp.');
INSERT INTO Families(ID, typeID, name) VALUES(95, 4, 'Mayodendron');
INSERT INTO Plants(ID, familyID, name) VALUES(383, 95, 'igneum');
INSERT INTO Families(ID, typeID, name) VALUES(96, 1, 'Memora');
INSERT INTO Plants(ID, familyID, name) VALUES(384, 96, 'spp.');
INSERT INTO Families(ID, typeID, name) VALUES(97, 1, 'Neojobertia');
INSERT INTO Plants(ID, familyID, name) VALUES(385, 97, 'candolleana');
INSERT INTO Plants(ID, familyID, name) VALUES(386, 97, 'species 2');
INSERT INTO Families(ID, typeID, name) VALUES(98, 1, 'Neomacfadya');
INSERT INTO Plants(ID, familyID, name) VALUES(387, 98, 'spp.');
INSERT INTO Families(ID, typeID, name) VALUES(99, 1, 'Newbouldia');
INSERT INTO Plants(ID, familyID, name) VALUES(388, 99, 'laevis');
INSERT INTO Families(ID, typeID, name) VALUES(100, 1, 'Nyctocalos');
INSERT INTO Plants(ID, familyID, name) VALUES(389, 100, 'cuspidatum');
INSERT INTO Plants(ID, familyID, name) VALUES(390, 100, 'macrosiphon');
INSERT INTO Families(ID, typeID, name) VALUES(101, 1, 'Pachyptera');
INSERT INTO Plants(ID, familyID, name) VALUES(391, 101, 'all species have petiolar glands');
INSERT INTO Plants(ID, familyID, name) VALUES(392, 101, 'kerere');
INSERT INTO Families(ID, typeID, name) VALUES(102, 6, 'Pandorea');
INSERT INTO Plants(ID, familyID, name) VALUES(393, 102, 'jasminoides');
INSERT INTO Plants(ID, familyID, name) VALUES(394, 102, 'pandorana');
INSERT INTO Families(ID, typeID, name) VALUES(103, 1, 'Parmentiera');
INSERT INTO Plants(ID, familyID, name) VALUES(395, 103, 'all species');
INSERT INTO Families(ID, typeID, name) VALUES(104, 6, 'Plenotoma');
INSERT INTO Plants(ID, familyID, name) VALUES(396, 104, 'variabilis');
INSERT INTO Families(ID, typeID, name) VALUES(105, 1, 'Pleonotoma');
INSERT INTO Plants(ID, familyID, name) VALUES(397, 105, 'spp.');
INSERT INTO Plants(ID, familyID, name) VALUES(398, 105, 'tetraquetra');
INSERT INTO Families(ID, typeID, name) VALUES(106, 6, 'Podranea');
INSERT INTO Plants(ID, familyID, name) VALUES(399, 106, 'ricasoliana');
INSERT INTO Families(ID, typeID, name) VALUES(107, 1, 'Potamoganos');
INSERT INTO Plants(ID, familyID, name) VALUES(400, 107, 'spp.');
INSERT INTO Families(ID, typeID, name) VALUES(108, 6, 'Pyrostegia');
INSERT INTO Plants(ID, familyID, name) VALUES(401, 108, 'venusta');
INSERT INTO Families(ID, typeID, name) VALUES(109, 1, 'Radermachera');
INSERT INTO Plants(ID, familyID, name) VALUES(402, 109, 'glandulosa');
INSERT INTO Plants(ID, familyID, name) VALUES(403, 109, 'pinnata');
INSERT INTO Plants(ID, familyID, name) VALUES(404, 109, 'sp.');
INSERT INTO Families(ID, typeID, name) VALUES(110, 1, 'Roentgenia');
INSERT INTO Plants(ID, familyID, name) VALUES(405, 110, 'spp.');
INSERT INTO Families(ID, typeID, name) VALUES(111, 1, 'Scobinaria');
INSERT INTO Plants(ID, familyID, name) VALUES(406, 111, 'spp.');
INSERT INTO Families(ID, typeID, name) VALUES(112, 1, 'Spathodea');
INSERT INTO Plants(ID, familyID, name) VALUES(407, 112, 'campanulata');
INSERT INTO Families(ID, typeID, name) VALUES(113, 1, 'Stenolobium');
INSERT INTO Plants(ID, familyID, name) VALUES(408, 113, 'stans');
INSERT INTO Families(ID, typeID, name) VALUES(114, 4, 'Tabebuia');
INSERT INTO Plants(ID, familyID, name) VALUES(409, 114, 'aurea');
INSERT INTO Plants(ID, familyID, name) VALUES(410, 114, 'heterophylla');
INSERT INTO Plants(ID, familyID, name) VALUES(411, 114, 'nodosa');
INSERT INTO Plants(ID, familyID, name) VALUES(412, 114, 'ochracea');
INSERT INTO Plants(ID, familyID, name) VALUES(413, 114, 'rosea');
INSERT INTO Plants(ID, familyID, name) VALUES(414, 114, 'roseoalba');
INSERT INTO Families(ID, typeID, name) VALUES(115, 1, 'Tanaecium');
INSERT INTO Plants(ID, familyID, name) VALUES(415, 115, 'affinis');
INSERT INTO Plants(ID, familyID, name) VALUES(416, 115, 'bilabiatum');
INSERT INTO Plants(ID, familyID, name) VALUES(417, 115, 'caudiculatum');
INSERT INTO Plants(ID, familyID, name) VALUES(418, 115, 'crucigerum');
INSERT INTO Plants(ID, familyID, name) VALUES(419, 115, 'pyramidatum');
INSERT INTO Plants(ID, familyID, name) VALUES(420, 115, 'revillae');
INSERT INTO Plants(ID, familyID, name) VALUES(421, 115, 'selloi');
INSERT INTO Plants(ID, familyID, name) VALUES(422, 115, 'spp.');
INSERT INTO Plants(ID, familyID, name) VALUES(423, 115, 'tetragonolobum');
INSERT INTO Plants(ID, familyID, name) VALUES(424, 115, 'truncata');
INSERT INTO Families(ID, typeID, name) VALUES(116, 4, 'Tecoma');
INSERT INTO Plants(ID, familyID, name) VALUES(425, 116, 'capensis');
INSERT INTO Plants(ID, familyID, name) VALUES(426, 116, 'fulva');
INSERT INTO Plants(ID, familyID, name) VALUES(427, 116, 'stans');
INSERT INTO Plants(ID, familyID, name) VALUES(428, 116, 'tenuiflora');
INSERT INTO Families(ID, typeID, name) VALUES(117, 1, 'Tweediana');
INSERT INTO Plants(ID, familyID, name) VALUES(429, 117, 'grandiflora');
INSERT INTO Plants(ID, familyID, name) VALUES(430, 117, 'kaempferi');
INSERT INTO Plants(ID, familyID, name) VALUES(431, 117, 'unguis');
INSERT INTO Families(ID, typeID, name) VALUES(118, 1, 'Tynanthus');
INSERT INTO Plants(ID, familyID, name) VALUES(432, 118, 'elegans');
INSERT INTO Plants(ID, familyID, name) VALUES(433, 118, 'guatemalensis');
INSERT INTO Plants(ID, familyID, name) VALUES(434, 118, 'micranthus');
INSERT INTO Plants(ID, familyID, name) VALUES(435, 118, 'panurensis');
INSERT INTO Plants(ID, familyID, name) VALUES(436, 118, 'polyanthus');
INSERT INTO Plants(ID, familyID, name) VALUES(437, 118, 'villosus');
INSERT INTO Families(ID, typeID, name) VALUES(119, 1, 'Xylophragma');
INSERT INTO Plants(ID, familyID, name) VALUES(438, 119, 'harleyi');
INSERT INTO Plants(ID, familyID, name) VALUES(439, 119, 'myrianthum');
INSERT INTO Families(ID, typeID, name) VALUES(120, 1, 'Zeyheria');
INSERT INTO Plants(ID, familyID, name) VALUES(440, 120, 'montana');
INSERT INTO Plants(ID, familyID, name) VALUES(441, 120, 'tuberculosa');
INSERT INTO Families(ID, typeID, name) VALUES(121, 3, 'Bixa');
INSERT INTO Plants(ID, familyID, name) VALUES(442, 121, 'orellana');
INSERT INTO Families(ID, typeID, name) VALUES(122, 4, 'Cochlospermum');
INSERT INTO Plants(ID, familyID, name) VALUES(443, 122, 'vitifolium');
INSERT INTO Families(ID, typeID, name) VALUES(123, 4, 'Cordia');
INSERT INTO Plants(ID, familyID, name) VALUES(444, 123, 'dentata');
INSERT INTO Plants(ID, familyID, name) VALUES(445, 123, 'spinescens');
INSERT INTO Families(ID, typeID, name) VALUES(124, 2, 'Brassica');
INSERT INTO Plants(ID, familyID, name) VALUES(446, 124, 'juncea');
INSERT INTO Families(ID, typeID, name) VALUES(125, 1, 'Aechmea');
INSERT INTO Plants(ID, familyID, name) VALUES(447, 125, 'dichlamydea');
INSERT INTO Plants(ID, familyID, name) VALUES(448, 125, 'ramosa');
INSERT INTO Plants(ID, familyID, name) VALUES(449, 125, 'victoriana');
INSERT INTO Families(ID, typeID, name) VALUES(126, 1, 'Deuterocohnia');
INSERT INTO Plants(ID, familyID, name) VALUES(450, 126, 'longipetala');
INSERT INTO Families(ID, typeID, name) VALUES(127, 1, 'Dyckia');
INSERT INTO Plants(ID, familyID, name) VALUES(451, 127, 'ferox');
INSERT INTO Plants(ID, familyID, name) VALUES(452, 127, 'floribunda');
INSERT INTO Plants(ID, familyID, name) VALUES(453, 127, 'fosteriana');
INSERT INTO Plants(ID, familyID, name) VALUES(454, 127, 'gilliesii');
INSERT INTO Plants(ID, familyID, name) VALUES(455, 127, 'ragonesei');
INSERT INTO Plants(ID, familyID, name) VALUES(456, 127, 'velascana');
INSERT INTO Families(ID, typeID, name) VALUES(128, 1, 'Hohenbergia');
INSERT INTO Plants(ID, familyID, name) VALUES(457, 128, 'stellata');
INSERT INTO Families(ID, typeID, name) VALUES(129, 1, 'Tillandsia');
INSERT INTO Plants(ID, familyID, name) VALUES(458, 129, 'balbisiana');
INSERT INTO Plants(ID, familyID, name) VALUES(459, 129, 'recurvata');
INSERT INTO Plants(ID, familyID, name) VALUES(460, 129, 'sp.');
INSERT INTO Families(ID, typeID, name) VALUES(130, 4, 'Brunellia');
INSERT INTO Plants(ID, familyID, name) VALUES(461, 130, 'sp.');
INSERT INTO Plants(ID, name) VALUES(462, 'Roth 1984');
INSERT INTO Families(ID, typeID, name) VALUES(131, 4, 'Protium');
INSERT INTO Plants(ID, familyID, name) VALUES(463, 131, 'neglectum');
INSERT INTO Plants(ID, familyID, name) VALUES(464, 131, 'sp.');
INSERT INTO Families(ID, typeID, name) VALUES(132, 1, 'Ancistrocactus');
INSERT INTO Plants(ID, familyID, name) VALUES(465, 132, 'brevihamatus');
INSERT INTO Plants(ID, familyID, name) VALUES(466, 132, 'scheeri');
INSERT INTO Families(ID, typeID, name) VALUES(133, 1, 'Carnegia');
INSERT INTO Plants(ID, familyID, name) VALUES(467, 133, 'gigantea');
INSERT INTO Families(ID, typeID, name) VALUES(134, 1, 'Cereus');
INSERT INTO Plants(ID, familyID, name) VALUES(468, 134, 'pernambucensis');
INSERT INTO Families(ID, typeID, name) VALUES(135, 1, 'Coryphantha');
INSERT INTO Plants(ID, familyID, name) VALUES(469, 135, 'clava');
INSERT INTO Plants(ID, familyID, name) VALUES(470, 135, 'clavata');
INSERT INTO Plants(ID, familyID, name) VALUES(471, 135, 'echinoidea');
INSERT INTO Plants(ID, familyID, name) VALUES(472, 135, 'echinus');
INSERT INTO Plants(ID, familyID, name) VALUES(473, 135, 'erecta');
INSERT INTO Plants(ID, familyID, name) VALUES(474, 135, 'macromeris');
INSERT INTO Plants(ID, familyID, name) VALUES(475, 135, 'nickelsiae');
INSERT INTO Plants(ID, familyID, name) VALUES(476, 135, 'octacantha');
INSERT INTO Plants(ID, familyID, name) VALUES(477, 135, 'ottonis');
INSERT INTO Plants(ID, familyID, name) VALUES(478, 135, 'poselgeriana');
INSERT INTO Plants(ID, familyID, name) VALUES(479, 135, 'ramillosa');
INSERT INTO Plants(ID, familyID, name) VALUES(480, 135, 'recurvata');
INSERT INTO Plants(ID, familyID, name) VALUES(481, 135, 'robustispina');
INSERT INTO Plants(ID, familyID, name) VALUES(482, 135, 'sulcata');
INSERT INTO Families(ID, typeID, name) VALUES(136, 1, 'Echinocactus');
INSERT INTO Plants(ID, familyID, name) VALUES(483, 136, 'polycephalus');
INSERT INTO Families(ID, typeID, name) VALUES(137, 1, 'Echinomastus');
INSERT INTO Plants(ID, familyID, name) VALUES(484, 137, 'erectocentrus');
INSERT INTO Plants(ID, familyID, name) VALUES(485, 137, 'johnsonii');
INSERT INTO Families(ID, typeID, name) VALUES(138, 1, 'Epiphyllum');
INSERT INTO Plants(ID, familyID, name) VALUES(486, 138, 'sp.');
INSERT INTO Families(ID, typeID, name) VALUES(139, 1, 'Ferocactus');
INSERT INTO Plants(ID, familyID, name) VALUES(487, 139, 'acanthodes');
INSERT INTO Plants(ID, familyID, name) VALUES(488, 139, 'acanthodes');
INSERT INTO Plants(ID, familyID, name) VALUES(489, 139, 'alamosanus');
INSERT INTO Plants(ID, familyID, name) VALUES(490, 139, 'alamosus');
INSERT INTO Plants(ID, familyID, name) VALUES(491, 139, 'cylindraceus');
INSERT INTO Plants(ID, familyID, name) VALUES(492, 139, 'emoryi');
INSERT INTO Plants(ID, familyID, name) VALUES(493, 139, 'gracilis');
INSERT INTO Plants(ID, familyID, name) VALUES(494, 139, 'hamatacanthus');
INSERT INTO Plants(ID, familyID, name) VALUES(495, 139, 'herrerae');
INSERT INTO Plants(ID, familyID, name) VALUES(496, 139, 'peninsulae');
INSERT INTO Plants(ID, familyID, name) VALUES(497, 139, 'pilosus');
INSERT INTO Plants(ID, familyID, name) VALUES(498, 139, 'pottsii');
INSERT INTO Plants(ID, familyID, name) VALUES(499, 139, 'recurvus');
INSERT INTO Plants(ID, familyID, name) VALUES(500, 139, 'viridescens');
INSERT INTO Plants(ID, familyID, name) VALUES(501, 139, 'wislizeni');
INSERT INTO Families(ID, typeID, name) VALUES(140, 1, 'Glandulicactus');
INSERT INTO Plants(ID, familyID, name) VALUES(502, 140, 'uncinatus');
INSERT INTO Plants(ID, familyID, name) VALUES(503, 140, 'wrightii');
INSERT INTO Families(ID, typeID, name) VALUES(141, 1, 'Hamatocactus');
INSERT INTO Plants(ID, familyID, name) VALUES(504, 141, 'bicolor');
INSERT INTO Plants(ID, familyID, name) VALUES(505, 141, 'hamatocanthusvar. davisii');
INSERT INTO Plants(ID, familyID, name) VALUES(506, 141, 'spp.');
INSERT INTO Families(ID, typeID, name) VALUES(142, 1, 'Hylocereus');
INSERT INTO Plants(ID, familyID, name) VALUES(507, 142, 'trigonis');
INSERT INTO Plants(ID, familyID, name) VALUES(508, 142, 'venezuelensis');
INSERT INTO Families(ID, typeID, name) VALUES(143, 1, 'Mammillaria');
INSERT INTO Plants(ID, familyID, name) VALUES(509, 143, 'sp.');
INSERT INTO Families(ID, typeID, name) VALUES(144, 1, 'Neobuxbaumia');
INSERT INTO Plants(ID, familyID, name) VALUES(510, 144, 'euphorbioides');
INSERT INTO Plants(ID, familyID, name) VALUES(511, 144, 'sp.');
INSERT INTO Families(ID, typeID, name) VALUES(145, 1, 'Neolloydia');
INSERT INTO Plants(ID, familyID, name) VALUES(512, 145, 'sp.');
INSERT INTO Families(ID, typeID, name) VALUES(146, 1, 'Neomammillaria');
INSERT INTO Plants(ID, familyID, name) VALUES(513, 146, 'sp.');
INSERT INTO Families(ID, typeID, name) VALUES(147, 1, 'Neoraimondia');
INSERT INTO Plants(ID, familyID, name) VALUES(514, 147, 'arequipensisvar. gigantea');
INSERT INTO Families(ID, typeID, name) VALUES(148, 1, 'Opuntia');
INSERT INTO Plants(ID, familyID, name) VALUES(515, 148, 'acanthocarpa');
INSERT INTO Plants(ID, familyID, name) VALUES(516, 148, 'amyclea');
INSERT INTO Plants(ID, familyID, name) VALUES(517, 148, 'arborescens');
INSERT INTO Plants(ID, familyID, name) VALUES(518, 148, 'arbuscula');
INSERT INTO Plants(ID, familyID, name) VALUES(519, 148, 'aurantiaca');
INSERT INTO Plants(ID, familyID, name) VALUES(520, 148, 'basilaris');
INSERT INTO Plants(ID, familyID, name) VALUES(521, 148, 'bigelovii');
INSERT INTO Plants(ID, familyID, name) VALUES(522, 148, 'californica');
INSERT INTO Plants(ID, familyID, name) VALUES(523, 148, 'caracasana');
INSERT INTO Plants(ID, familyID, name) VALUES(524, 148, 'coccinellifera');
INSERT INTO Plants(ID, familyID, name) VALUES(525, 148, 'compressa');
INSERT INTO Plants(ID, familyID, name) VALUES(526, 148, 'decumana');
INSERT INTO Plants(ID, familyID, name) VALUES(527, 148, 'echinocarpa');
INSERT INTO Plants(ID, familyID, name) VALUES(528, 148, 'eliator');
INSERT INTO Plants(ID, familyID, name) VALUES(529, 148, 'englemannii');
INSERT INTO Plants(ID, familyID, name) VALUES(530, 148, 'fulgida');
INSERT INTO Plants(ID, familyID, name) VALUES(531, 148, 'glaucophylala');
INSERT INTO Plants(ID, familyID, name) VALUES(532, 148, 'humifusa');
INSERT INTO Plants(ID, familyID, name) VALUES(533, 148, 'imbricata');
INSERT INTO Plants(ID, familyID, name) VALUES(534, 148, 'kleinizc');
INSERT INTO Plants(ID, familyID, name) VALUES(535, 148, 'leptocaulis');
INSERT INTO Plants(ID, familyID, name) VALUES(536, 148, 'monocanthaha');
INSERT INTO Plants(ID, familyID, name) VALUES(537, 148, 'phaeacanthaha');
INSERT INTO Plants(ID, familyID, name) VALUES(538, 148, 'prolifera');
INSERT INTO Plants(ID, familyID, name) VALUES(539, 148, 'pseudotuna');
INSERT INTO Plants(ID, familyID, name) VALUES(540, 148, 'pseudoundonis');
INSERT INTO Plants(ID, familyID, name) VALUES(541, 148, 'robusta');
INSERT INTO Plants(ID, familyID, name) VALUES(542, 148, 'scheerii');
INSERT INTO Plants(ID, familyID, name) VALUES(543, 148, 'spinosior');
INSERT INTO Plants(ID, familyID, name) VALUES(544, 148, 'stricta var.dillenii');
INSERT INTO Plants(ID, familyID, name) VALUES(545, 148, 'triacantha');
INSERT INTO Plants(ID, familyID, name) VALUES(546, 148, 'versicolor');
INSERT INTO Plants(ID, familyID, name) VALUES(547, 148, 'violaceae');
INSERT INTO Families(ID, typeID, name) VALUES(149, 1, 'Pachycereus');
INSERT INTO Plants(ID, familyID, name) VALUES(548, 149, 'schottii');
INSERT INTO Families(ID, typeID, name) VALUES(150, 1, 'Phyllocactus');
INSERT INTO Plants(ID, familyID, name) VALUES(549, 150, 'sp.');
INSERT INTO Families(ID, typeID, name) VALUES(151, 1, 'Rhipsalis');
INSERT INTO Plants(ID, familyID, name) VALUES(550, 151, 'cassytha');
INSERT INTO Plants(ID, familyID, name) VALUES(551, 151, 'teres');
INSERT INTO Families(ID, typeID, name) VALUES(152, 1, 'Thelocactus');
INSERT INTO Plants(ID, familyID, name) VALUES(552, 152, 'bicolor');
INSERT INTO Families(ID, typeID, name) VALUES(153, 1, 'Centropogon');
INSERT INTO Plants(ID, familyID, name) VALUES(553, 153, 'granulosus');
INSERT INTO Plants(ID, familyID, name) VALUES(554, 153, 'hirtus');
INSERT INTO Plants(ID, familyID, name) VALUES(555, 153, 'sp.');
INSERT INTO Families(ID, typeID, name) VALUES(154, 1, 'Lobelia');
INSERT INTO Plants(ID, familyID, name) VALUES(556, 154, 'laxiflora');
INSERT INTO Families(ID, typeID, name) VALUES(155, 1, 'Siphocampylus');
INSERT INTO Plants(ID, familyID, name) VALUES(557, 155, 'smilax');
INSERT INTO Families(ID, typeID, name) VALUES(156, 2, 'Capparis');
INSERT INTO Plants(ID, familyID, name) VALUES(558, 156, 'baducca');
INSERT INTO Plants(ID, familyID, name) VALUES(559, 156, 'cynophallophora');
INSERT INTO Plants(ID, familyID, name) VALUES(560, 156, 'hastata');
INSERT INTO Plants(ID, familyID, name) VALUES(561, 156, 'retusa');
INSERT INTO Plants(ID, familyID, name) VALUES(562, 156, 'sp.');
INSERT INTO Families(ID, typeID, name) VALUES(157, 4, 'Crataeva');
INSERT INTO Plants(ID, familyID, name) VALUES(563, 157, 'tapia');
INSERT INTO Families(ID, typeID, name) VALUES(158, 3, 'Caryocar');
INSERT INTO Plants(ID, familyID, name) VALUES(564, 158, 'brasiliense');
INSERT INTO Plants(ID, familyID, name) VALUES(565, 158, 'sp.');
INSERT INTO Families(ID, typeID, name) VALUES(159, 1, 'Drynaria');
INSERT INTO Plants(ID, familyID, name) VALUES(566, 159, 'spp.');
INSERT INTO Families(ID, typeID, name) VALUES(160, 1, 'Silene');
INSERT INTO Plants(ID, familyID, name) VALUES(567, 160, 'spp.');
INSERT INTO Families(ID, typeID, name) VALUES(161, 2, 'Cephalotus');
INSERT INTO Plants(ID, familyID, name) VALUES(568, 161, 'follicularis');
INSERT INTO Families(ID, typeID, name) VALUES(162, 1, 'Cecropia');
INSERT INTO Plants(ID, familyID, name) VALUES(569, 162, 'concolor');
INSERT INTO Plants(ID, familyID, name) VALUES(570, 162, 'pachystachya');
INSERT INTO Families(ID, typeID, name) VALUES(163, 1, 'Acioa');
INSERT INTO Plants(ID, familyID, name) VALUES(571, 163, 'bellayana');
INSERT INTO Plants(ID, familyID, name) VALUES(572, 163, 'berterii');
INSERT INTO Families(ID, typeID, name) VALUES(164, 1, 'Chrysobalanus');
INSERT INTO Plants(ID, familyID, name) VALUES(573, 164, 'ellipticus');
INSERT INTO Plants(ID, familyID, name) VALUES(574, 164, 'icaco');
INSERT INTO Families(ID, typeID, name) VALUES(165, 1, 'Couepia');
INSERT INTO Plants(ID, familyID, name) VALUES(575, 165, 'chrysocalyx');
INSERT INTO Plants(ID, familyID, name) VALUES(576, 165, 'coarctata');
INSERT INTO Plants(ID, familyID, name) VALUES(577, 165, 'guianensis');
INSERT INTO Plants(ID, familyID, name) VALUES(578, 165, 'marleneae');
INSERT INTO Plants(ID, familyID, name) VALUES(579, 165, 'montclarensis');
INSERT INTO Plants(ID, familyID, name) VALUES(580, 165, 'nutans');
INSERT INTO Plants(ID, familyID, name) VALUES(581, 165, 'platycalyx');
INSERT INTO Families(ID, typeID, name) VALUES(166, 4, 'Hirtella');
INSERT INTO Plants(ID, familyID, name) VALUES(582, 166, 'americana');
INSERT INTO Plants(ID, familyID, name) VALUES(583, 166, 'bullata');
INSERT INTO Plants(ID, familyID, name) VALUES(584, 166, 'glandulosa');
INSERT INTO Plants(ID, familyID, name) VALUES(585, 166, 'gracilipes');
INSERT INTO Plants(ID, familyID, name) VALUES(586, 166, 'guianiae');
INSERT INTO Plants(ID, familyID, name) VALUES(587, 166, 'hoehney');
INSERT INTO Plants(ID, familyID, name) VALUES(588, 166, 'macrophylla');
INSERT INTO Plants(ID, familyID, name) VALUES(589, 166, 'magnifolia');
INSERT INTO Plants(ID, familyID, name) VALUES(590, 166, 'myrecophila');
INSERT INTO Plants(ID, familyID, name) VALUES(591, 166, 'paniculata');
INSERT INTO Plants(ID, familyID, name) VALUES(592, 166, 'physophora');
INSERT INTO Plants(ID, familyID, name) VALUES(593, 166, 'racemosa');
INSERT INTO Plants(ID, familyID, name) VALUES(594, 166, 'radamii');
INSERT INTO Plants(ID, familyID, name) VALUES(595, 166, 'sprucei');
INSERT INTO Plants(ID, familyID, name) VALUES(596, 166, 'triandra');
INSERT INTO Families(ID, typeID, name) VALUES(167, 1, 'Licania');
INSERT INTO Plants(ID, familyID, name) VALUES(597, 167, 'affinis');
INSERT INTO Plants(ID, familyID, name) VALUES(598, 167, 'arborea');
INSERT INTO Plants(ID, familyID, name) VALUES(599, 167, 'belloi');
INSERT INTO Plants(ID, familyID, name) VALUES(600, 167, 'corniculata');
INSERT INTO Plants(ID, familyID, name) VALUES(601, 167, 'heteromorpha');
INSERT INTO Plants(ID, familyID, name) VALUES(602, 167, 'humilis');
INSERT INTO Plants(ID, familyID, name) VALUES(603, 167, 'jimenezii');
INSERT INTO Plants(ID, familyID, name) VALUES(604, 167, 'joseramosii');
INSERT INTO Plants(ID, familyID, name) VALUES(605, 167, 'kallunkii');
INSERT INTO Plants(ID, familyID, name) VALUES(606, 167, 'micrantha');
INSERT INTO Plants(ID, familyID, name) VALUES(607, 167, 'morii');
INSERT INTO Plants(ID, familyID, name) VALUES(608, 167, 'octandra');
INSERT INTO Plants(ID, familyID, name) VALUES(609, 167, 'operculipetala');
INSERT INTO Plants(ID, familyID, name) VALUES(610, 167, 'pittieri');
INSERT INTO Plants(ID, familyID, name) VALUES(611, 167, 'platypus');
INSERT INTO Plants(ID, familyID, name) VALUES(612, 167, 'riverae');
INSERT INTO Plants(ID, familyID, name) VALUES(613, 167, 'sparsipilis');
INSERT INTO Plants(ID, familyID, name) VALUES(614, 167, 'splendens');
INSERT INTO Plants(ID, familyID, name) VALUES(615, 167, 'spp.');
INSERT INTO Plants(ID, familyID, name) VALUES(616, 167, 'stevensii');
INSERT INTO Plants(ID, familyID, name) VALUES(617, 167, 'tocantina');
INSERT INTO Families(ID, typeID, name) VALUES(168, 4, 'Maranthes');
INSERT INTO Plants(ID, familyID, name) VALUES(618, 168, 'corymbosa');
INSERT INTO Plants(ID, familyID, name) VALUES(619, 168, 'excelsa');
INSERT INTO Plants(ID, familyID, name) VALUES(620, 168, 'panamensis');
INSERT INTO Plants(ID, familyID, name) VALUES(621, 168, 'parvifolia');
INSERT INTO Families(ID, typeID, name) VALUES(169, 4, 'Parastemon');
INSERT INTO Plants(ID, familyID, name) VALUES(622, 169, 'urophyllus');
INSERT INTO Families(ID, typeID, name) VALUES(170, 4, 'Parinari');
INSERT INTO Plants(ID, familyID, name) VALUES(623, 170, 'alvirnii');
INSERT INTO Plants(ID, familyID, name) VALUES(624, 170, 'anammensis');
INSERT INTO Plants(ID, familyID, name) VALUES(625, 170, 'aurbrevilliae');
INSERT INTO Plants(ID, familyID, name) VALUES(626, 170, 'brachystachyum');
INSERT INTO Plants(ID, familyID, name) VALUES(627, 170, 'chrysophylla');
INSERT INTO Plants(ID, familyID, name) VALUES(628, 170, 'congensis');
INSERT INTO Plants(ID, familyID, name) VALUES(629, 170, 'corymbosum');
INSERT INTO Plants(ID, familyID, name) VALUES(630, 170, 'costata');
INSERT INTO Plants(ID, familyID, name) VALUES(631, 170, 'elmeri');
INSERT INTO Plants(ID, familyID, name) VALUES(632, 170, 'excelsa');
INSERT INTO Plants(ID, familyID, name) VALUES(633, 170, 'gabunense');
INSERT INTO Plants(ID, familyID, name) VALUES(634, 170, 'glabra');
INSERT INTO Plants(ID, familyID, name) VALUES(635, 170, 'holstii');
INSERT INTO Plants(ID, familyID, name) VALUES(636, 170, 'montana');
INSERT INTO Plants(ID, familyID, name) VALUES(637, 170, 'oblongifolia');
INSERT INTO Plants(ID, familyID, name) VALUES(638, 170, 'robusta');
INSERT INTO Plants(ID, familyID, name) VALUES(639, 170, 'sumatrana');
INSERT INTO Families(ID, typeID, name) VALUES(171, 1, 'Cleome');
INSERT INTO Plants(ID, familyID, name) VALUES(640, 171, 'sp.');
INSERT INTO Families(ID, typeID, name) VALUES(172, 1, 'Clusia');
INSERT INTO Plants(ID, familyID, name) VALUES(641, 172, 'ellipticus');
INSERT INTO Families(ID, typeID, name) VALUES(173, 4, 'Buchenavia');
INSERT INTO Plants(ID, familyID, name) VALUES(642, 173, 'grandis');
INSERT INTO Families(ID, typeID, name) VALUES(174, 7, 'Combretum');
INSERT INTO Plants(ID, familyID, name) VALUES(643, 174, 'argeneum');
INSERT INTO Families(ID, typeID, name) VALUES(175, 4, 'Conocarpus');
INSERT INTO Plants(ID, familyID, name) VALUES(644, 175, 'erectus');
INSERT INTO Plants(ID, familyID, name) VALUES(645, 175, 'procumbens');
INSERT INTO Families(ID, typeID, name) VALUES(176, 7, 'Laguncularia');
INSERT INTO Plants(ID, familyID, name) VALUES(646, 176, 'racemosa');
INSERT INTO Families(ID, typeID, name) VALUES(177, 4, 'Lumnitzera');
INSERT INTO Plants(ID, familyID, name) VALUES(647, 177, 'littorea');
INSERT INTO Families(ID, typeID, name) VALUES(178, 1, 'Meiostemon');
INSERT INTO Plants(ID, familyID, name) VALUES(648, 178, 'tetrandrum');
INSERT INTO Families(ID, typeID, name) VALUES(179, 1, 'Pteleopsis');
INSERT INTO Plants(ID, familyID, name) VALUES(649, 179, 'anisoptera');
INSERT INTO Plants(ID, familyID, name) VALUES(650, 179, 'myrtifolia');
INSERT INTO Families(ID, typeID, name) VALUES(180, 1, 'Quisqualis');
INSERT INTO Plants(ID, familyID, name) VALUES(651, 180, 'indica');
INSERT INTO Plants(ID, familyID, name) VALUES(652, 180, 'littorea');
INSERT INTO Plants(ID, familyID, name) VALUES(653, 180, 'parviflora');
INSERT INTO Families(ID, typeID, name) VALUES(181, 4, 'Terminalia');
INSERT INTO Plants(ID, familyID, name) VALUES(654, 181, 'adenopoda');
INSERT INTO Plants(ID, familyID, name) VALUES(655, 181, 'amazonica');
INSERT INTO Plants(ID, familyID, name) VALUES(656, 181, 'archiboldiana');
INSERT INTO Plants(ID, familyID, name) VALUES(657, 181, 'argentea');
INSERT INTO Plants(ID, familyID, name) VALUES(658, 181, 'arjuna');
INSERT INTO Plants(ID, familyID, name) VALUES(659, 181, 'beccarii');
INSERT INTO Plants(ID, familyID, name) VALUES(660, 181, 'brachystemma');
INSERT INTO Plants(ID, familyID, name) VALUES(661, 181, 'brasiliensis');
INSERT INTO Plants(ID, familyID, name) VALUES(662, 181, 'brassii');
INSERT INTO Plants(ID, familyID, name) VALUES(663, 181, 'bucidoides');
INSERT INTO Plants(ID, familyID, name) VALUES(664, 181, 'calamansanai');
INSERT INTO Plants(ID, familyID, name) VALUES(665, 181, 'catappa');
INSERT INTO Plants(ID, familyID, name) VALUES(666, 181, 'chebula');
INSERT INTO Plants(ID, familyID, name) VALUES(667, 181, 'citrina');
INSERT INTO Plants(ID, familyID, name) VALUES(668, 181, 'complanata');
INSERT INTO Plants(ID, familyID, name) VALUES(669, 181, 'crassifolia');
INSERT INTO Plants(ID, familyID, name) VALUES(670, 181, 'fagifolia');
INSERT INTO Plants(ID, familyID, name) VALUES(671, 181, 'foetidissima');
INSERT INTO Plants(ID, familyID, name) VALUES(672, 181, 'gazensis');
INSERT INTO Plants(ID, familyID, name) VALUES(673, 181, 'kaernbachii');
INSERT INTO Plants(ID, familyID, name) VALUES(674, 181, 'longispicata');
INSERT INTO Plants(ID, familyID, name) VALUES(675, 181, 'microcarpa');
INSERT INTO Plants(ID, familyID, name) VALUES(676, 181, 'molii');
INSERT INTO Plants(ID, familyID, name) VALUES(677, 181, 'mollis');
INSERT INTO Plants(ID, familyID, name) VALUES(678, 181, 'myriocarpa');
INSERT INTO Plants(ID, familyID, name) VALUES(679, 181, 'nitens');
INSERT INTO Plants(ID, familyID, name) VALUES(680, 181, 'paniculata');
INSERT INTO Plants(ID, familyID, name) VALUES(681, 181, 'pellucida');
INSERT INTO Plants(ID, familyID, name) VALUES(682, 181, 'phanerophlebia');
INSERT INTO Plants(ID, familyID, name) VALUES(683, 181, 'phellocarpa');
INSERT INTO Plants(ID, familyID, name) VALUES(684, 181, 'prunioides');
INSERT INTO Plants(ID, familyID, name) VALUES(685, 181, 'randii');
INSERT INTO Plants(ID, familyID, name) VALUES(686, 181, 'sericea');
INSERT INTO Plants(ID, familyID, name) VALUES(687, 181, 'slooteniana');
INSERT INTO Plants(ID, familyID, name) VALUES(688, 181, 'soembawana');
INSERT INTO Plants(ID, familyID, name) VALUES(689, 181, 'sogerensis');
INSERT INTO Plants(ID, familyID, name) VALUES(690, 181, 'solomonensis');
INSERT INTO Plants(ID, familyID, name) VALUES(691, 181, 'stenostachya');
INSERT INTO Plants(ID, familyID, name) VALUES(692, 181, 'stuhlmannii');
INSERT INTO Plants(ID, familyID, name) VALUES(693, 181, 'subserocea');
INSERT INTO Plants(ID, familyID, name) VALUES(694, 181, 'supitiana');
INSERT INTO Plants(ID, familyID, name) VALUES(695, 181, 'surigaensis');
INSERT INTO Plants(ID, familyID, name) VALUES(696, 181, 'trichopoda');
INSERT INTO Families(ID, typeID, name) VALUES(182, 7, 'Argyreia');
INSERT INTO Plants(ID, familyID, name) VALUES(697, 182, 'mollis');
INSERT INTO Plants(ID, familyID, name) VALUES(698, 182, 'nervosa');
INSERT INTO Plants(ID, familyID, name) VALUES(699, 182, 'obtusifolia');
INSERT INTO Plants(ID, familyID, name) VALUES(700, 182, 'ridleyi');
INSERT INTO Families(ID, typeID, name) VALUES(183, 7, 'Cuscuta');
INSERT INTO Plants(ID, familyID, name) VALUES(701, 183, 'applanata');
INSERT INTO Plants(ID, familyID, name) VALUES(702, 183, 'boldinghii');
INSERT INTO Plants(ID, familyID, name) VALUES(703, 183, 'japonica');
INSERT INTO Plants(ID, familyID, name) VALUES(704, 183, 'reflexa');
INSERT INTO Families(ID, typeID, name) VALUES(184, 7, 'Ipomoea');
INSERT INTO Plants(ID, familyID, name) VALUES(705, 184, 'aculeatum');
INSERT INTO Plants(ID, familyID, name) VALUES(706, 184, 'alba');
INSERT INTO Plants(ID, familyID, name) VALUES(707, 184, 'amnicola');
INSERT INTO Plants(ID, familyID, name) VALUES(708, 184, 'anisomeres');
INSERT INTO Plants(ID, familyID, name) VALUES(709, 184, 'aquatica');
INSERT INTO Plants(ID, familyID, name) VALUES(710, 184, 'arborescens');
INSERT INTO Plants(ID, familyID, name) VALUES(711, 184, 'asarifolia');
INSERT INTO Plants(ID, familyID, name) VALUES(712, 184, 'batatas');
INSERT INTO Plants(ID, familyID, name) VALUES(713, 184, 'batatoides');
INSERT INTO Plants(ID, familyID, name) VALUES(714, 184, 'biloba');
INSERT INTO Plants(ID, familyID, name) VALUES(715, 184, 'bonariensis');
INSERT INTO Plants(ID, familyID, name) VALUES(716, 184, 'cairica');
INSERT INTO Plants(ID, familyID, name) VALUES(717, 184, 'carnea');
INSERT INTO Plants(ID, familyID, name) VALUES(718, 184, 'chiliantha');
INSERT INTO Plants(ID, familyID, name) VALUES(719, 184, 'chilopsidis');
INSERT INTO Plants(ID, familyID, name) VALUES(720, 184, 'cicatricosa');
INSERT INTO Plants(ID, familyID, name) VALUES(721, 184, 'coccinea');
INSERT INTO Plants(ID, familyID, name) VALUES(722, 184, 'descolei');
INSERT INTO Plants(ID, familyID, name) VALUES(723, 184, 'digitata');
INSERT INTO Plants(ID, familyID, name) VALUES(724, 184, 'fistulosa');
INSERT INTO Plants(ID, familyID, name) VALUES(725, 184, 'gracilis');
INSERT INTO Plants(ID, familyID, name) VALUES(726, 184, 'grandiflora');
INSERT INTO Plants(ID, familyID, name) VALUES(727, 184, 'hederifolia');
INSERT INTO Plants(ID, familyID, name) VALUES(728, 184, 'hieronymi subspp. kurtziana');
INSERT INTO Plants(ID, familyID, name) VALUES(729, 184, 'horsfalliae');
INSERT INTO Plants(ID, familyID, name) VALUES(730, 184, 'indica');
INSERT INTO Plants(ID, familyID, name) VALUES(731, 184, 'intrapilosa');
INSERT INTO Plants(ID, familyID, name) VALUES(732, 184, 'learii');
INSERT INTO Plants(ID, familyID, name) VALUES(733, 184, 'leptophylla');
INSERT INTO Plants(ID, familyID, name) VALUES(734, 184, 'lilloana');
INSERT INTO Plants(ID, familyID, name) VALUES(735, 184, 'longifolia');
INSERT INTO Plants(ID, familyID, name) VALUES(736, 184, 'macrantha');
INSERT INTO Plants(ID, familyID, name) VALUES(737, 184, 'macrorhiza');
INSERT INTO Plants(ID, familyID, name) VALUES(738, 184, 'malpighipila');
INSERT INTO Plants(ID, familyID, name) VALUES(739, 184, 'malvaeoidesvar. lineariloba');
INSERT INTO Plants(ID, familyID, name) VALUES(740, 184, 'mauritiana');
INSERT INTO Plants(ID, familyID, name) VALUES(741, 184, 'meyeri');
INSERT INTO Plants(ID, familyID, name) VALUES(742, 184, 'muricata');
INSERT INTO Plants(ID, familyID, name) VALUES(743, 184, 'murucoides');
INSERT INTO Plants(ID, familyID, name) VALUES(744, 184, 'nil');
INSERT INTO Plants(ID, familyID, name) VALUES(745, 184, 'nitida');
INSERT INTO Plants(ID, familyID, name) VALUES(746, 184, 'obscura');
INSERT INTO Plants(ID, familyID, name) VALUES(747, 184, 'padillae');
INSERT INTO Plants(ID, familyID, name) VALUES(748, 184, 'paludosa');
INSERT INTO Plants(ID, familyID, name) VALUES(749, 184, 'pandurata');
INSERT INTO Plants(ID, familyID, name) VALUES(750, 184, 'paniculata');
INSERT INTO Plants(ID, familyID, name) VALUES(751, 184, 'pauciflora');
INSERT INTO Plants(ID, familyID, name) VALUES(752, 184, 'pes-caprae');
INSERT INTO Plants(ID, familyID, name) VALUES(753, 184, 'populinae');
INSERT INTO Plants(ID, familyID, name) VALUES(754, 184, 'praecana');
INSERT INTO Plants(ID, familyID, name) VALUES(755, 184, 'purpurea');
INSERT INTO Plants(ID, familyID, name) VALUES(756, 184, 'quamoclit');
INSERT INTO Plants(ID, familyID, name) VALUES(757, 184, 'riparia');
INSERT INTO Plants(ID, familyID, name) VALUES(758, 184, 'rubens');
INSERT INTO Plants(ID, familyID, name) VALUES(759, 184, 'sagitatta');
INSERT INTO Plants(ID, familyID, name) VALUES(760, 184, 'schulziana');
INSERT INTO Plants(ID, familyID, name) VALUES(761, 184, 'stolonifera');
INSERT INTO Plants(ID, familyID, name) VALUES(762, 184, 'tastensis');
INSERT INTO Plants(ID, familyID, name) VALUES(763, 184, 'tribola');
INSERT INTO Plants(ID, familyID, name) VALUES(764, 184, 'trichocarpa');
INSERT INTO Plants(ID, familyID, name) VALUES(765, 184, 'tricolor');
INSERT INTO Plants(ID, familyID, name) VALUES(766, 184, 'trifida');
INSERT INTO Plants(ID, familyID, name) VALUES(767, 184, 'triloba');
INSERT INTO Plants(ID, familyID, name) VALUES(768, 184, 'tuberosa');
INSERT INTO Plants(ID, familyID, name) VALUES(769, 184, 'tuboides');
INSERT INTO Plants(ID, familyID, name) VALUES(770, 184, 'turbinata');
INSERT INTO Plants(ID, familyID, name) VALUES(771, 184, 'violacea');
INSERT INTO Plants(ID, familyID, name) VALUES(772, 184, 'volcanensis');
INSERT INTO Plants(ID, familyID, name) VALUES(773, 184, 'wolcottiana');
INSERT INTO Plants(ID, familyID, name) VALUES(774, 184, 'wrightii');
INSERT INTO Families(ID, typeID, name) VALUES(185, 7, 'Lepistemon');
INSERT INTO Plants(ID, familyID, name) VALUES(775, 185, 'obscurum');
INSERT INTO Families(ID, typeID, name) VALUES(186, 6, 'Maripa');
INSERT INTO Plants(ID, familyID, name) VALUES(776, 186, 'panamensis');
INSERT INTO Plants(ID, familyID, name) VALUES(777, 186, 'scandens');
INSERT INTO Families(ID, typeID, name) VALUES(187, 7, 'Merremia');
INSERT INTO Plants(ID, familyID, name) VALUES(778, 187, 'aurea');
INSERT INTO Plants(ID, familyID, name) VALUES(779, 187, 'dissecta');
INSERT INTO Plants(ID, familyID, name) VALUES(780, 187, 'peltata');
INSERT INTO Plants(ID, familyID, name) VALUES(781, 187, 'quinata');
INSERT INTO Plants(ID, familyID, name) VALUES(782, 187, 'quinquinervis');
INSERT INTO Plants(ID, familyID, name) VALUES(783, 187, 'tuberosa');
INSERT INTO Plants(ID, familyID, name) VALUES(784, 187, 'umbellata');
INSERT INTO Families(ID, typeID, name) VALUES(188, 7, 'Operculina');
INSERT INTO Plants(ID, familyID, name) VALUES(785, 188, 'alata');
INSERT INTO Plants(ID, familyID, name) VALUES(786, 188, 'pinnatifida');
INSERT INTO Plants(ID, familyID, name) VALUES(787, 188, 'pteripes');
INSERT INTO Plants(ID, familyID, name) VALUES(788, 188, 'tuberosa');
INSERT INTO Plants(ID, familyID, name) VALUES(789, 188, 'turpenthum');
INSERT INTO Families(ID, typeID, name) VALUES(189, 3, 'Porana');
INSERT INTO Plants(ID, familyID, name) VALUES(790, 189, 'megalantha');
INSERT INTO Plants(ID, familyID, name) VALUES(791, 189, 'velutina');
INSERT INTO Families(ID, typeID, name) VALUES(190, 1, 'Prevostea');
INSERT INTO Plants(ID, familyID, name) VALUES(792, 190, 'mortehani');
INSERT INTO Plants(ID, familyID, name) VALUES(793, 190, 'umbellata');
INSERT INTO Families(ID, typeID, name) VALUES(191, 1, 'Rivea');
INSERT INTO Plants(ID, familyID, name) VALUES(794, 191, 'barnesii');
INSERT INTO Plants(ID, familyID, name) VALUES(795, 191, 'corymbosa');
INSERT INTO Plants(ID, familyID, name) VALUES(796, 191, 'hypocrteriformis');
INSERT INTO Plants(ID, familyID, name) VALUES(797, 191, 'luzonensis');
INSERT INTO Families(ID, typeID, name) VALUES(192, 7, 'Stictocardia');
INSERT INTO Plants(ID, familyID, name) VALUES(798, 192, 'campanulata');
INSERT INTO Plants(ID, familyID, name) VALUES(799, 192, 'tiliaefolia');
INSERT INTO Families(ID, typeID, name) VALUES(193, 7, 'Turbina');
INSERT INTO Plants(ID, familyID, name) VALUES(800, 193, 'abutiloides');
INSERT INTO Plants(ID, familyID, name) VALUES(801, 193, 'corymbosa');
INSERT INTO Families(ID, typeID, name) VALUES(194, 1, 'Costus');
INSERT INTO Plants(ID, familyID, name) VALUES(802, 194, 'allenii');
INSERT INTO Plants(ID, familyID, name) VALUES(803, 194, 'laevis');
INSERT INTO Plants(ID, familyID, name) VALUES(804, 194, 'pulverulentus');
INSERT INTO Plants(ID, familyID, name) VALUES(805, 194, 'scaberulus');
INSERT INTO Plants(ID, familyID, name) VALUES(806, 194, 'sp.');
INSERT INTO Plants(ID, familyID, name) VALUES(807, 194, 'speciosus');
INSERT INTO Plants(ID, familyID, name) VALUES(808, 194, 'spicatus');
INSERT INTO Plants(ID, familyID, name) VALUES(809, 194, 'woodsonii');
INSERT INTO Families(ID, typeID, name) VALUES(195, 2, 'Adromischus');
INSERT INTO Plants(ID, familyID, name) VALUES(810, 195, 'alstonii');
INSERT INTO Families(ID, typeID, name) VALUES(196, 1, 'Abobra');
INSERT INTO Plants(ID, familyID, name) VALUES(811, 196, 'viridiflora');
INSERT INTO Families(ID, typeID, name) VALUES(197, 1, 'Actinostemma');
INSERT INTO Plants(ID, familyID, name) VALUES(812, 197, 'paniculatum');
INSERT INTO Plants(ID, familyID, name) VALUES(813, 197, 'probably lobata');
INSERT INTO Families(ID, typeID, name) VALUES(198, 1, 'Adenopus');
INSERT INTO Plants(ID, familyID, name) VALUES(814, 198, '4 spp.');
INSERT INTO Plants(ID, familyID, name) VALUES(815, 198, 'breviflorus');
INSERT INTO Families(ID, typeID, name) VALUES(199, 1, 'Alsomitra');
INSERT INTO Plants(ID, familyID, name) VALUES(816, 199, 'sp.');
INSERT INTO Families(ID, typeID, name) VALUES(200, 1, 'Anisosperma');
INSERT INTO Plants(ID, familyID, name) VALUES(817, 200, 'sp.');
INSERT INTO Families(ID, typeID, name) VALUES(201, 1, 'Benincasa');
INSERT INTO Plants(ID, familyID, name) VALUES(818, 201, 'hispida');
INSERT INTO Families(ID, typeID, name) VALUES(202, 1, 'Blastania');
INSERT INTO Plants(ID, familyID, name) VALUES(819, 202, 'fimbristipula');
INSERT INTO Families(ID, typeID, name) VALUES(203, 1, 'Bryonia');
INSERT INTO Plants(ID, familyID, name) VALUES(820, 203, 'amplexicaulis');
INSERT INTO Plants(ID, familyID, name) VALUES(821, 203, 'cordifolia');
INSERT INTO Plants(ID, familyID, name) VALUES(822, 203, 'grandis');
INSERT INTO Families(ID, typeID, name) VALUES(204, 1, 'Bryonopsis');
INSERT INTO Plants(ID, familyID, name) VALUES(823, 204, 'erythrocarpa');
INSERT INTO Plants(ID, familyID, name) VALUES(824, 204, 'lacinosa');
INSERT INTO Families(ID, typeID, name) VALUES(205, 1, 'Cayaponia');
INSERT INTO Plants(ID, familyID, name) VALUES(825, 205, 'sp.');
INSERT INTO Families(ID, typeID, name) VALUES(206, 1, 'Cephalandra');
INSERT INTO Plants(ID, familyID, name) VALUES(826, 206, 'indica');
INSERT INTO Families(ID, typeID, name) VALUES(207, 1, 'Citrullus');
INSERT INTO Plants(ID, familyID, name) VALUES(827, 207, 'colcynthis');
INSERT INTO Families(ID, typeID, name) VALUES(208, 1, 'Coccinia');
INSERT INTO Plants(ID, familyID, name) VALUES(828, 208, 'barteri');
INSERT INTO Plants(ID, familyID, name) VALUES(829, 208, 'cordifolia');
INSERT INTO Plants(ID, familyID, name) VALUES(830, 208, 'indica');
INSERT INTO Plants(ID, familyID, name) VALUES(831, 208, 'palmata');
INSERT INTO Families(ID, typeID, name) VALUES(209, 1, 'Cucurbita');
INSERT INTO Plants(ID, familyID, name) VALUES(832, 209, 'ficifolia');
INSERT INTO Plants(ID, familyID, name) VALUES(833, 209, 'maxima');
INSERT INTO Plants(ID, familyID, name) VALUES(834, 209, 'moschata');
INSERT INTO Plants(ID, familyID, name) VALUES(835, 209, 'pepo');
INSERT INTO Families(ID, typeID, name) VALUES(210, 1, 'Eopepon');
INSERT INTO Plants(ID, familyID, name) VALUES(836, 210, 'vitifolius');
INSERT INTO Families(ID, typeID, name) VALUES(211, 1, 'Fevillea');
INSERT INTO Plants(ID, familyID, name) VALUES(837, 211, 'albiflora');
INSERT INTO Families(ID, typeID, name) VALUES(212, 6, 'Hodgsonia');
INSERT INTO Plants(ID, familyID, name) VALUES(838, 212, 'macrocarpa');
INSERT INTO Families(ID, typeID, name) VALUES(213, 1, 'Lagenaria');
INSERT INTO Plants(ID, familyID, name) VALUES(839, 213, 'breviflora');
INSERT INTO Plants(ID, familyID, name) VALUES(840, 213, 'guineensis');
INSERT INTO Plants(ID, familyID, name) VALUES(841, 213, 'leucanta');
INSERT INTO Plants(ID, familyID, name) VALUES(842, 213, 'siceraria');
INSERT INTO Plants(ID, familyID, name) VALUES(843, 213, 'vulgaris');
INSERT INTO Families(ID, typeID, name) VALUES(214, 1, 'Luffa');
INSERT INTO Plants(ID, familyID, name) VALUES(844, 214, 'acutangula');
INSERT INTO Plants(ID, familyID, name) VALUES(845, 214, 'aegyptica');
INSERT INTO Plants(ID, familyID, name) VALUES(846, 214, 'amara');
INSERT INTO Plants(ID, familyID, name) VALUES(847, 214, 'cordifolia');
INSERT INTO Plants(ID, familyID, name) VALUES(848, 214, 'cylindrica');
INSERT INTO Families(ID, typeID, name) VALUES(215, 1, 'Momordica');
INSERT INTO Plants(ID, familyID, name) VALUES(849, 215, 'cabraei');
INSERT INTO Plants(ID, familyID, name) VALUES(850, 215, 'charantia');
INSERT INTO Plants(ID, familyID, name) VALUES(851, 215, 'cochinchinensis');
INSERT INTO Families(ID, typeID, name) VALUES(216, 1, 'Physedra');
INSERT INTO Plants(ID, familyID, name) VALUES(852, 216, 'heterophylla');
INSERT INTO Families(ID, typeID, name) VALUES(217, 7, 'Sicydium');
INSERT INTO Plants(ID, familyID, name) VALUES(853, 217, 'tamnifolium');
INSERT INTO Families(ID, typeID, name) VALUES(218, 1, 'Siolmatra');
INSERT INTO Plants(ID, familyID, name) VALUES(854, 218, 'sp.');
INSERT INTO Families(ID, typeID, name) VALUES(219, 1, 'Sphaerosicyos');
INSERT INTO Plants(ID, familyID, name) VALUES(855, 219, 'sphaericus');
INSERT INTO Families(ID, typeID, name) VALUES(220, 1, 'Telfairia');
INSERT INTO Plants(ID, familyID, name) VALUES(856, 220, 'occidentalis');
INSERT INTO Plants(ID, familyID, name) VALUES(857, 220, 'pedata');
INSERT INTO Families(ID, typeID, name) VALUES(221, 1, 'Thladiantha');
INSERT INTO Plants(ID, familyID, name) VALUES(858, 221, 'cordifolia');
INSERT INTO Families(ID, typeID, name) VALUES(222, 1, 'Trianosperma');
INSERT INTO Plants(ID, familyID, name) VALUES(859, 222, 'sp.');
INSERT INTO Families(ID, typeID, name) VALUES(223, 1, 'Trichosanthes');
INSERT INTO Plants(ID, familyID, name) VALUES(860, 223, 'anguina');
INSERT INTO Plants(ID, familyID, name) VALUES(861, 223, 'kirilowii');
INSERT INTO Plants(ID, familyID, name) VALUES(862, 223, 'pentaphylla');
INSERT INTO Families(ID, typeID, name) VALUES(224, 1, 'Dichapetalum');
INSERT INTO Plants(ID, familyID, name) VALUES(863, 224, 'barterii');
INSERT INTO Plants(ID, familyID, name) VALUES(864, 224, 'borneense');
INSERT INTO Plants(ID, familyID, name) VALUES(865, 224, 'dichapetalum');
INSERT INTO Plants(ID, familyID, name) VALUES(866, 224, 'fallax');
INSERT INTO Plants(ID, familyID, name) VALUES(867, 224, 'ferrugineum');
INSERT INTO Plants(ID, familyID, name) VALUES(868, 224, 'gelonioides');
INSERT INTO Plants(ID, familyID, name) VALUES(869, 224, 'griffithii');
INSERT INTO Plants(ID, familyID, name) VALUES(870, 224, 'helferianum');
INSERT INTO Plants(ID, familyID, name) VALUES(871, 224, 'laurocerasus');
INSERT INTO Plants(ID, familyID, name) VALUES(872, 224, 'papuanum');
INSERT INTO Plants(ID, familyID, name) VALUES(873, 224, 'platyphyllum');
INSERT INTO Plants(ID, familyID, name) VALUES(874, 224, 'resista');
INSERT INTO Plants(ID, familyID, name) VALUES(875, 224, 'reticulum');
INSERT INTO Plants(ID, familyID, name) VALUES(876, 224, 'sessiliflorum');
INSERT INTO Plants(ID, familyID, name) VALUES(877, 224, 'steenisii');
INSERT INTO Plants(ID, familyID, name) VALUES(878, 224, 'tenerum');
INSERT INTO Plants(ID, familyID, name) VALUES(879, 224, 'tenuifolium');
INSERT INTO Plants(ID, familyID, name) VALUES(880, 224, 'timoriense');
INSERT INTO Plants(ID, familyID, name) VALUES(881, 224, 'tricapsulare');
INSERT INTO Families(ID, typeID, name) VALUES(225, 1, 'Triphyophyllum');
INSERT INTO Plants(ID, familyID, name) VALUES(882, 225, 'peltatum');
INSERT INTO Families(ID, typeID, name) VALUES(226, 1, 'Dioscorea');
INSERT INTO Plants(ID, familyID, name) VALUES(883, 226, 'adenocarpa');
INSERT INTO Plants(ID, familyID, name) VALUES(884, 226, 'alata');
INSERT INTO Plants(ID, familyID, name) VALUES(885, 226, 'amarantoides');
INSERT INTO Plants(ID, familyID, name) VALUES(886, 226, 'bancana');
INSERT INTO Plants(ID, familyID, name) VALUES(887, 226, 'blumei');
INSERT INTO Plants(ID, familyID, name) VALUES(888, 226, 'bulbifera');
INSERT INTO Plants(ID, familyID, name) VALUES(889, 226, 'calcicola');
INSERT INTO Plants(ID, familyID, name) VALUES(890, 226, 'campestris');
INSERT INTO Plants(ID, familyID, name) VALUES(891, 226, 'cayenensis');
INSERT INTO Plants(ID, familyID, name) VALUES(892, 226, 'communis');
INSERT INTO Plants(ID, familyID, name) VALUES(893, 226, 'convolvulacea');
INSERT INTO Plants(ID, familyID, name) VALUES(894, 226, 'cummingii');
INSERT INTO Plants(ID, familyID, name) VALUES(895, 226, 'divaricata');
INSERT INTO Plants(ID, familyID, name) VALUES(896, 226, 'dodecaneura');
INSERT INTO Plants(ID, familyID, name) VALUES(897, 226, 'elegans');
INSERT INTO Plants(ID, familyID, name) VALUES(898, 226, 'elephantipes');
INSERT INTO Plants(ID, familyID, name) VALUES(899, 226, 'elmeri');
INSERT INTO Plants(ID, familyID, name) VALUES(900, 226, 'esculenta');
INSERT INTO Plants(ID, familyID, name) VALUES(901, 226, 'filiformis');
INSERT INTO Plants(ID, familyID, name) VALUES(902, 226, 'flabellifolia');
INSERT INTO Plants(ID, familyID, name) VALUES(903, 226, 'glabra');
INSERT INTO Plants(ID, familyID, name) VALUES(904, 226, 'glandulosa');
INSERT INTO Plants(ID, familyID, name) VALUES(905, 226, 'gracilipes');
INSERT INTO Plants(ID, familyID, name) VALUES(906, 226, 'grata');
INSERT INTO Plants(ID, familyID, name) VALUES(907, 226, 'havilandii');
INSERT INTO Plants(ID, familyID, name) VALUES(908, 226, 'hispida');
INSERT INTO Plants(ID, familyID, name) VALUES(909, 226, 'japonica');
INSERT INTO Plants(ID, familyID, name) VALUES(910, 226, 'kingii');
INSERT INTO Plants(ID, familyID, name) VALUES(911, 226, 'lamprocaula');
INSERT INTO Plants(ID, familyID, name) VALUES(912, 226, 'laurifolia');
INSERT INTO Plants(ID, familyID, name) VALUES(913, 226, 'laxiflora');
INSERT INTO Plants(ID, familyID, name) VALUES(914, 226, 'loheri');
INSERT INTO Plants(ID, familyID, name) VALUES(915, 226, 'luzonensis');
INSERT INTO Plants(ID, familyID, name) VALUES(916, 226, 'macroura');
INSERT INTO Plants(ID, familyID, name) VALUES(917, 226, 'madiuensis');
INSERT INTO Plants(ID, familyID, name) VALUES(918, 226, 'merrillii');
INSERT INTO Plants(ID, familyID, name) VALUES(919, 226, 'moultonii');
INSERT INTO Plants(ID, familyID, name) VALUES(920, 226, 'nieuwenhuisii');
INSERT INTO Plants(ID, familyID, name) VALUES(921, 226, 'nipponica');
INSERT INTO Plants(ID, familyID, name) VALUES(922, 226, 'nummularia');
INSERT INTO Plants(ID, familyID, name) VALUES(923, 226, 'opaca');
INSERT INTO Plants(ID, familyID, name) VALUES(924, 226, 'opposita');
INSERT INTO Plants(ID, familyID, name) VALUES(925, 226, 'orbiculata');
INSERT INTO Plants(ID, familyID, name) VALUES(926, 226, 'oryzetorum');
INSERT INTO Plants(ID, familyID, name) VALUES(927, 226, 'pentaphylla');
INSERT INTO Plants(ID, familyID, name) VALUES(928, 226, 'peperoides');
INSERT INTO Plants(ID, familyID, name) VALUES(929, 226, 'pierrei');
INSERT INTO Plants(ID, familyID, name) VALUES(930, 226, 'piscatorum');
INSERT INTO Plants(ID, familyID, name) VALUES(931, 226, 'platycarpa');
INSERT INTO Plants(ID, familyID, name) VALUES(932, 226, 'polyclades');
INSERT INTO Plants(ID, familyID, name) VALUES(933, 226, 'praehensilis');
INSERT INTO Plants(ID, familyID, name) VALUES(934, 226, 'prainiana');
INSERT INTO Plants(ID, familyID, name) VALUES(935, 226, 'puber');
INSERT INTO Plants(ID, familyID, name) VALUES(936, 226, 'pyrifolia');
INSERT INTO Plants(ID, familyID, name) VALUES(937, 226, 'quartiniana');
INSERT INTO Plants(ID, familyID, name) VALUES(938, 226, 'quinqueloba');
INSERT INTO Plants(ID, familyID, name) VALUES(939, 226, 'rotundata');
INSERT INTO Plants(ID, familyID, name) VALUES(940, 226, 'sarasinii');
INSERT INTO Plants(ID, familyID, name) VALUES(941, 226, 'scortechinii');
INSERT INTO Plants(ID, familyID, name) VALUES(942, 226, 'sexrimata');
INSERT INTO Plants(ID, familyID, name) VALUES(943, 226, 'sinuata');
INSERT INTO Plants(ID, familyID, name) VALUES(944, 226, 'sitamiana');
INSERT INTO Plants(ID, familyID, name) VALUES(945, 226, 'sp.');
INSERT INTO Plants(ID, familyID, name) VALUES(946, 226, 'tamarisciflora');
INSERT INTO Plants(ID, familyID, name) VALUES(947, 226, 'tenuifolia');
INSERT INTO Plants(ID, familyID, name) VALUES(948, 226, 'tokoro');
INSERT INTO Plants(ID, familyID, name) VALUES(949, 226, 'vanvuurenii');
INSERT INTO Plants(ID, familyID, name) VALUES(950, 226, 'vilis');
INSERT INTO Plants(ID, familyID, name) VALUES(951, 226, 'villosa');
INSERT INTO Plants(ID, familyID, name) VALUES(952, 226, 'wallichii');
INSERT INTO Plants(ID, familyID, name) VALUES(953, 226, 'warburgiana');
INSERT INTO Families(ID, typeID, name) VALUES(227, 1, 'Stenomeris');
INSERT INTO Plants(ID, familyID, name) VALUES(954, 227, 'dioscoreifolia');
INSERT INTO Families(ID, typeID, name) VALUES(228, 1, 'Anisoptera');
INSERT INTO Plants(ID, familyID, name) VALUES(955, 228, 'sp.');
INSERT INTO Families(ID, typeID, name) VALUES(229, 1, 'Doona');
INSERT INTO Plants(ID, familyID, name) VALUES(956, 229, 'spp');
INSERT INTO Families(ID, typeID, name) VALUES(230, 1, 'Hopea');
INSERT INTO Plants(ID, familyID, name) VALUES(957, 230, 'mengawaran');
INSERT INTO Plants(ID, familyID, name) VALUES(958, 230, 'odorata');
INSERT INTO Families(ID, typeID, name) VALUES(231, 1, 'Monoporandra');
INSERT INTO Plants(ID, familyID, name) VALUES(959, 231, 'spp.');
INSERT INTO Families(ID, typeID, name) VALUES(232, 1, 'Monotes');
INSERT INTO Plants(ID, familyID, name) VALUES(960, 232, 'adenophylla');
INSERT INTO Plants(ID, familyID, name) VALUES(961, 232, 'africana');
INSERT INTO Plants(ID, familyID, name) VALUES(962, 232, 'kerstingii');
INSERT INTO Families(ID, typeID, name) VALUES(233, 4, 'Neobalanocar');
INSERT INTO Plants(ID, familyID, name) VALUES(963, 233, 'heimei');
INSERT INTO Families(ID, typeID, name) VALUES(234, 1, 'Parashorea');
INSERT INTO Plants(ID, familyID, name) VALUES(964, 234, 'spp.');
INSERT INTO Families(ID, typeID, name) VALUES(235, 1, 'Pentacme');
INSERT INTO Plants(ID, familyID, name) VALUES(965, 235, 'spp.');
INSERT INTO Families(ID, typeID, name) VALUES(236, 4, 'Shorea');
INSERT INTO Plants(ID, familyID, name) VALUES(966, 236, 'acuminata');
INSERT INTO Plants(ID, familyID, name) VALUES(967, 236, 'bracteolata');
INSERT INTO Plants(ID, familyID, name) VALUES(968, 236, 'chinensis');
INSERT INTO Plants(ID, familyID, name) VALUES(969, 236, 'dasyphylla');
INSERT INTO Plants(ID, familyID, name) VALUES(970, 236, 'guiso');
INSERT INTO Plants(ID, familyID, name) VALUES(971, 236, 'lepidota');
INSERT INTO Plants(ID, familyID, name) VALUES(972, 236, 'leprosula');
INSERT INTO Plants(ID, familyID, name) VALUES(973, 236, 'macroptera');
INSERT INTO Plants(ID, familyID, name) VALUES(974, 236, 'ochrophloia');
INSERT INTO Plants(ID, familyID, name) VALUES(975, 236, 'ovalis');
INSERT INTO Plants(ID, familyID, name) VALUES(976, 236, 'pauciflora');
INSERT INTO Plants(ID, familyID, name) VALUES(977, 236, 'spp.');
INSERT INTO Plants(ID, familyID, name) VALUES(978, 236, 'stenoptera');
INSERT INTO Families(ID, typeID, name) VALUES(237, 1, 'Vateria');
INSERT INTO Plants(ID, familyID, name) VALUES(979, 237, 'spp.');
INSERT INTO Families(ID, typeID, name) VALUES(238, 4, 'Vatica');
INSERT INTO Plants(ID, familyID, name) VALUES(980, 238, 'bella');
INSERT INTO Plants(ID, familyID, name) VALUES(981, 238, 'pauciflora');
INSERT INTO Families(ID, typeID, name) VALUES(239, 1, 'Dionaea');
INSERT INTO Plants(ID, familyID, name) VALUES(982, 239, 'peltatum');
INSERT INTO Families(ID, typeID, name) VALUES(240, 1, 'Drosera');
INSERT INTO Plants(ID, familyID, name) VALUES(983, 240, 'sp.');
INSERT INTO Families(ID, typeID, name) VALUES(241, 1, 'Drosophyllum');
INSERT INTO Plants(ID, familyID, name) VALUES(984, 241, 'lusitanicum');
INSERT INTO Families(ID, typeID, name) VALUES(242, 1, 'Diospyros');
INSERT INTO Plants(ID, familyID, name) VALUES(985, 242, 'abyssinica');
INSERT INTO Plants(ID, familyID, name) VALUES(986, 242, 'acuminata');
INSERT INTO Plants(ID, familyID, name) VALUES(987, 242, 'albens');
INSERT INTO Plants(ID, familyID, name) VALUES(988, 242, 'alboflavescens');
INSERT INTO Plants(ID, familyID, name) VALUES(989, 242, 'anisandra');
INSERT INTO Plants(ID, familyID, name) VALUES(990, 242, 'artanthalefolia');
INSERT INTO Plants(ID, familyID, name) VALUES(991, 242, 'atrotricha');
INSERT INTO Plants(ID, familyID, name) VALUES(992, 242, 'australis');
INSERT INTO Plants(ID, familyID, name) VALUES(993, 242, 'austroafricana');
INSERT INTO Plants(ID, familyID, name) VALUES(994, 242, 'barteri');
INSERT INTO Plants(ID, familyID, name) VALUES(995, 242, 'batocana');
INSERT INTO Plants(ID, familyID, name) VALUES(996, 242, 'bicolor');
INSERT INTO Plants(ID, familyID, name) VALUES(997, 242, 'bipidensis');
INSERT INTO Plants(ID, familyID, name) VALUES(998, 242, 'bumeloides');
INSERT INTO Plants(ID, familyID, name) VALUES(999, 242, 'buxifolia');
INSERT INTO Plants(ID, familyID, name) VALUES(1000, 242, 'campechiana');
INSERT INTO Plants(ID, familyID, name) VALUES(1001, 242, 'caniculata');
INSERT INTO Plants(ID, familyID, name) VALUES(1002, 242, 'capreifolia');
INSERT INTO Plants(ID, familyID, name) VALUES(1003, 242, 'caribaea');
INSERT INTO Plants(ID, familyID, name) VALUES(1004, 242, 'chamaethamnus');
INSERT INTO Plants(ID, familyID, name) VALUES(1005, 242, 'coccolobifolia');
INSERT INTO Plants(ID, familyID, name) VALUES(1006, 242, 'conferiflora');
INSERT INTO Plants(ID, familyID, name) VALUES(1007, 242, 'conocarpa');
INSERT INTO Plants(ID, familyID, name) VALUES(1008, 242, 'cooperi');
INSERT INTO Plants(ID, familyID, name) VALUES(1009, 242, 'copelandi');
INSERT INTO Plants(ID, familyID, name) VALUES(1010, 242, 'crassiflora');
INSERT INTO Plants(ID, familyID, name) VALUES(1011, 242, 'dendo');
INSERT INTO Plants(ID, familyID, name) VALUES(1012, 242, 'dichrophylla');
INSERT INTO Plants(ID, familyID, name) VALUES(1013, 242, 'digyna');
INSERT INTO Plants(ID, familyID, name) VALUES(1014, 242, 'discolor');
INSERT INTO Plants(ID, familyID, name) VALUES(1015, 242, 'ebenaster');
INSERT INTO Plants(ID, familyID, name) VALUES(1016, 242, 'ebenum');
INSERT INTO Plants(ID, familyID, name) VALUES(1017, 242, 'emarginata');
INSERT INTO Plants(ID, familyID, name) VALUES(1018, 242, 'eriantha');
INSERT INTO Plants(ID, familyID, name) VALUES(1019, 242, 'fasciculiflora');
INSERT INTO Plants(ID, familyID, name) VALUES(1020, 242, 'ferrea');
INSERT INTO Plants(ID, familyID, name) VALUES(1021, 242, 'gabunensis');
INSERT INTO Plants(ID, familyID, name) VALUES(1022, 242, 'galpini');
INSERT INTO Plants(ID, familyID, name) VALUES(1023, 242, 'glabra');
INSERT INTO Plants(ID, familyID, name) VALUES(1024, 242, 'graciliflora');
INSERT INTO Plants(ID, familyID, name) VALUES(1025, 242, 'guerkei');
INSERT INTO Plants(ID, familyID, name) VALUES(1026, 242, 'guianensis');
INSERT INTO Plants(ID, familyID, name) VALUES(1027, 242, 'heterotricha');
INSERT INTO Plants(ID, familyID, name) VALUES(1028, 242, 'hirsuta');
INSERT INTO Plants(ID, familyID, name) VALUES(1029, 242, 'hoyleana');
INSERT INTO Plants(ID, familyID, name) VALUES(1030, 242, 'ierensis');
INSERT INTO Plants(ID, familyID, name) VALUES(1031, 242, 'inconstans');
INSERT INTO Plants(ID, familyID, name) VALUES(1032, 242, 'iturensis');
INSERT INTO Plants(ID, familyID, name) VALUES(1033, 242, 'johnstoniana');
INSERT INTO Plants(ID, familyID, name) VALUES(1034, 242, 'juruensis');
INSERT INTO Plants(ID, familyID, name) VALUES(1035, 242, 'kaki');
INSERT INTO Plants(ID, familyID, name) VALUES(1036, 242, 'latifolia');
INSERT INTO Plants(ID, familyID, name) VALUES(1037, 242, 'liberiensis');
INSERT INTO Plants(ID, familyID, name) VALUES(1038, 242, 'lotus');
INSERT INTO Plants(ID, familyID, name) VALUES(1039, 242, 'lucida');
INSERT INTO Plants(ID, familyID, name) VALUES(1040, 242, 'lyrioides');
INSERT INTO Plants(ID, familyID, name) VALUES(1041, 242, 'mannii');
INSERT INTO Plants(ID, familyID, name) VALUES(1042, 242, 'mespiliformis');
INSERT INTO Plants(ID, familyID, name) VALUES(1043, 242, 'mespolilernia');
INSERT INTO Plants(ID, familyID, name) VALUES(1044, 242, 'mexicana');
INSERT INTO Plants(ID, familyID, name) VALUES(1045, 242, 'montana');
INSERT INTO Plants(ID, familyID, name) VALUES(1046, 242, 'morrisiana');
INSERT INTO Plants(ID, familyID, name) VALUES(1047, 242, 'mosieri');
INSERT INTO Plants(ID, familyID, name) VALUES(1048, 242, 'natalensis');
INSERT INTO Plants(ID, familyID, name) VALUES(1049, 242, 'nicaraguensis');
INSERT INTO Plants(ID, familyID, name) VALUES(1050, 242, 'nigrescens');
INSERT INTO Plants(ID, familyID, name) VALUES(1051, 242, 'nigrocortex');
INSERT INTO Plants(ID, familyID, name) VALUES(1052, 242, 'oblongifolia');
INSERT INTO Plants(ID, familyID, name) VALUES(1053, 242, 'ovalifolia');
INSERT INTO Plants(ID, familyID, name) VALUES(1054, 242, 'pallens');
INSERT INTO Plants(ID, familyID, name) VALUES(1055, 242, 'Panamense');
INSERT INTO Plants(ID, familyID, name) VALUES(1056, 242, 'pilosanthera');
INSERT INTO Plants(ID, familyID, name) VALUES(1057, 242, 'piscatoria');
INSERT INTO Plants(ID, familyID, name) VALUES(1058, 242, 'poeppigiana');
INSERT INTO Plants(ID, familyID, name) VALUES(1059, 242, 'polyaltheoides');
INSERT INTO Plants(ID, familyID, name) VALUES(1060, 242, 'pseudomenspilus');
INSERT INTO Plants(ID, familyID, name) VALUES(1061, 242, 'psidioides');
INSERT INTO Plants(ID, familyID, name) VALUES(1062, 242, 'pubescens');
INSERT INTO Plants(ID, familyID, name) VALUES(1063, 242, 'punctata');
INSERT INTO Plants(ID, familyID, name) VALUES(1064, 242, 'sanza-minika');
INSERT INTO Plants(ID, familyID, name) VALUES(1065, 242, 'scabra var. cordata');
INSERT INTO Plants(ID, familyID, name) VALUES(1066, 242, 'sericea');
INSERT INTO Plants(ID, familyID, name) VALUES(1067, 242, 'shippii');
INSERT INTO Plants(ID, familyID, name) VALUES(1068, 242, 'siamensis');
INSERT INTO Plants(ID, familyID, name) VALUES(1069, 242, 'tetrasperma');
INSERT INTO Plants(ID, familyID, name) VALUES(1070, 242, 'texana');
INSERT INTO Plants(ID, familyID, name) VALUES(1071, 242, 'thomasii');
INSERT INTO Plants(ID, familyID, name) VALUES(1072, 242, 'verae-crusis');
INSERT INTO Plants(ID, familyID, name) VALUES(1073, 242, 'vignei');
INSERT INTO Plants(ID, familyID, name) VALUES(1074, 242, 'villosa');
INSERT INTO Plants(ID, familyID, name) VALUES(1075, 242, 'virginiana');
INSERT INTO Plants(ID, familyID, name) VALUES(1076, 242, 'virginis');
INSERT INTO Plants(ID, familyID, name) VALUES(1077, 242, 'whyteans');
INSERT INTO Plants(ID, familyID, name) VALUES(1078, 242, 'xishuangbannoensis');
INSERT INTO Plants(ID, familyID, name) VALUES(1079, 242, 'yatesiana');
INSERT INTO Plants(ID, familyID, name) VALUES(1080, 242, 'zenkeri');
INSERT INTO Families(ID, typeID, name) VALUES(243, 1, 'Euclea');
INSERT INTO Plants(ID, familyID, name) VALUES(1081, 243, 'acutifolia');
INSERT INTO Plants(ID, familyID, name) VALUES(1082, 243, 'crispa');
INSERT INTO Plants(ID, familyID, name) VALUES(1083, 243, 'divinorum');
INSERT INTO Plants(ID, familyID, name) VALUES(1084, 243, 'kellau');
INSERT INTO Plants(ID, familyID, name) VALUES(1085, 243, 'lanceolata');
INSERT INTO Plants(ID, familyID, name) VALUES(1086, 243, 'natalensis');
INSERT INTO Plants(ID, familyID, name) VALUES(1087, 243, 'ovata');
INSERT INTO Plants(ID, familyID, name) VALUES(1088, 243, 'pseudoebenus');
INSERT INTO Plants(ID, familyID, name) VALUES(1089, 243, 'racemosa');
INSERT INTO Plants(ID, familyID, name) VALUES(1090, 243, 'schiperi');
INSERT INTO Plants(ID, familyID, name) VALUES(1091, 243, 'undulata var.myrtina');
INSERT INTO Families(ID, typeID, name) VALUES(244, 1, 'Lissocarpa');
INSERT INTO Plants(ID, familyID, name) VALUES(1092, 244, 'benthamii');
INSERT INTO Plants(ID, familyID, name) VALUES(1093, 244, 'guianensis');
INSERT INTO Plants(ID, familyID, name) VALUES(1094, 244, 'jensonii');
INSERT INTO Plants(ID, familyID, name) VALUES(1095, 244, 'kating');
INSERT INTO Plants(ID, familyID, name) VALUES(1096, 244, 'ronliesneri');
INSERT INTO Plants(ID, familyID, name) VALUES(1097, 244, 'stenocarpa');
INSERT INTO Plants(ID, familyID, name) VALUES(1098, 244, 'tetramera');
INSERT INTO Plants(ID, familyID, name) VALUES(1099, 244, 'uyat');
INSERT INTO Families(ID, typeID, name) VALUES(245, 3, 'Cavendishia');
INSERT INTO Plants(ID, familyID, name) VALUES(1100, 245, 'aberans');
INSERT INTO Plants(ID, familyID, name) VALUES(1101, 245, 'albopicata');
INSERT INTO Plants(ID, familyID, name) VALUES(1102, 245, 'arizonensis');
INSERT INTO Plants(ID, familyID, name) VALUES(1103, 245, 'chiriquiensis');
INSERT INTO Plants(ID, familyID, name) VALUES(1104, 245, 'ciliata');
INSERT INTO Plants(ID, familyID, name) VALUES(1105, 245, 'coccinea');
INSERT INTO Plants(ID, familyID, name) VALUES(1106, 245, 'fortunensis');
INSERT INTO Plants(ID, familyID, name) VALUES(1107, 245, 'lactiviscida');
INSERT INTO Plants(ID, familyID, name) VALUES(1108, 245, 'panamensis');
INSERT INTO Plants(ID, familyID, name) VALUES(1109, 245, 'porphyrea');
INSERT INTO Plants(ID, familyID, name) VALUES(1110, 245, 'pseudostenophylla');
INSERT INTO Families(ID, typeID, name) VALUES(246, 1, 'Vaccinium');
INSERT INTO Plants(ID, familyID, name) VALUES(1111, 246, 'boninensis');
INSERT INTO Plants(ID, familyID, name) VALUES(1112, 246, 'bracteatum var.chinense');
INSERT INTO Plants(ID, familyID, name) VALUES(1113, 246, 'koreanum');
INSERT INTO Plants(ID, familyID, name) VALUES(1114, 246, 'oldhami');
INSERT INTO Plants(ID, familyID, name) VALUES(1115, 246, 'theysmannii');
INSERT INTO Plants(ID, familyID, name) VALUES(1116, 246, 'uliginosum');
INSERT INTO Families(ID, typeID, name) VALUES(247, 1, 'Acalypha');
INSERT INTO Plants(ID, familyID, name) VALUES(1117, 247, 'amentacea');
INSERT INTO Plants(ID, familyID, name) VALUES(1118, 247, 'sp.');
INSERT INTO Families(ID, typeID, name) VALUES(248, 3, 'Adriana');
INSERT INTO Plants(ID, familyID, name) VALUES(1119, 248, 'quadripartita');
INSERT INTO Plants(ID, familyID, name) VALUES(1120, 248, 'tomentosa');
INSERT INTO Families(ID, typeID, name) VALUES(249, 1, 'Alchornea');
INSERT INTO Plants(ID, familyID, name) VALUES(1121, 249, 'cordifolia');
INSERT INTO Plants(ID, familyID, name) VALUES(1122, 249, 'costaricensis');
INSERT INTO Plants(ID, familyID, name) VALUES(1123, 249, 'glandulosa');
INSERT INTO Plants(ID, familyID, name) VALUES(1124, 249, 'grandis');
INSERT INTO Plants(ID, familyID, name) VALUES(1125, 249, 'latifolia');
INSERT INTO Plants(ID, familyID, name) VALUES(1126, 249, 'laxiflora');
INSERT INTO Plants(ID, familyID, name) VALUES(1127, 249, 'rugosa');
INSERT INTO Plants(ID, familyID, name) VALUES(1128, 249, 'tiliifolia');
INSERT INTO Plants(ID, familyID, name) VALUES(1129, 249, 'trewioides');
INSERT INTO Plants(ID, familyID, name) VALUES(1130, 249, 'triplinervia');
INSERT INTO Families(ID, typeID, name) VALUES(250, 1, 'Alchorneopsis');
INSERT INTO Plants(ID, familyID, name) VALUES(1131, 250, 'floribunda');
INSERT INTO Families(ID, typeID, name) VALUES(251, 4, 'Aleurites');
INSERT INTO Plants(ID, familyID, name) VALUES(1132, 251, 'moluccana');
INSERT INTO Plants(ID, familyID, name) VALUES(1133, 251, 'rockinghamensis');
INSERT INTO Families(ID, typeID, name) VALUES(252, 1, 'Anda');
INSERT INTO Plants(ID, familyID, name) VALUES(1134, 252, 'gomesii');
INSERT INTO Families(ID, typeID, name) VALUES(253, 1, 'Angostylis');
INSERT INTO Plants(ID, familyID, name) VALUES(1135, 253, 'longifolia');
INSERT INTO Families(ID, typeID, name) VALUES(254, 1, 'Aparisthmium');
INSERT INTO Plants(ID, familyID, name) VALUES(1136, 254, 'cordatum');
INSERT INTO Families(ID, typeID, name) VALUES(255, 4, 'Aporusa');
INSERT INTO Plants(ID, familyID, name) VALUES(1137, 255, 'chinensis');
INSERT INTO Plants(ID, familyID, name) VALUES(1138, 255, 'villosa');
INSERT INTO Plants(ID, familyID, name) VALUES(1139, 255, 'yunnanensis');
INSERT INTO Families(ID, typeID, name) VALUES(256, 4, 'Baccaurea');
INSERT INTO Plants(ID, familyID, name) VALUES(1140, 256, 'ramiflora');
INSERT INTO Families(ID, typeID, name) VALUES(257, 4, 'Balakata');
INSERT INTO Plants(ID, familyID, name) VALUES(1141, 257, 'baccata');
INSERT INTO Families(ID, typeID, name) VALUES(258, 1, 'Baliospermum');
INSERT INTO Plants(ID, familyID, name) VALUES(1142, 258, 'axillare');
INSERT INTO Families(ID, typeID, name) VALUES(259, 4, 'Blumeodendron');
INSERT INTO Plants(ID, familyID, name) VALUES(1143, 259, 'calophyllum');
INSERT INTO Families(ID, typeID, name) VALUES(260, 1, 'Caryodendron');
INSERT INTO Plants(ID, familyID, name) VALUES(1144, 260, 'angustifolium');
INSERT INTO Families(ID, typeID, name) VALUES(261, 1, 'Chrozophora');
INSERT INTO Plants(ID, familyID, name) VALUES(1145, 261, 'tinctoria');
INSERT INTO Families(ID, typeID, name) VALUES(262, 1, 'Claoxylon');
INSERT INTO Plants(ID, familyID, name) VALUES(1146, 262, 'angustifolium');
INSERT INTO Plants(ID, familyID, name) VALUES(1147, 262, 'australe');
INSERT INTO Plants(ID, familyID, name) VALUES(1148, 262, 'hillii');
INSERT INTO Plants(ID, familyID, name) VALUES(1149, 262, 'sp.');
INSERT INTO Plants(ID, familyID, name) VALUES(1150, 262, 'tenerifolium');
INSERT INTO Families(ID, typeID, name) VALUES(263, 4, 'Cleidion');
INSERT INTO Plants(ID, familyID, name) VALUES(1151, 263, 'bracteosum');
INSERT INTO Plants(ID, familyID, name) VALUES(1152, 263, 'castaneifolium');
INSERT INTO Families(ID, typeID, name) VALUES(264, 1, 'Cnidoscolus');
INSERT INTO Plants(ID, familyID, name) VALUES(1153, 264, 'napaefolius');
INSERT INTO Families(ID, typeID, name) VALUES(265, 1, 'Coccoceras');
INSERT INTO Plants(ID, familyID, name) VALUES(1154, 265, 'sumatranum');
INSERT INTO Families(ID, typeID, name) VALUES(266, 1, 'Croton');
INSERT INTO Plants(ID, familyID, name) VALUES(1155, 266, 'amabilis');
INSERT INTO Plants(ID, familyID, name) VALUES(1156, 266, 'argyratus');
INSERT INTO Plants(ID, familyID, name) VALUES(1157, 266, 'aubrevillei');
INSERT INTO Plants(ID, familyID, name) VALUES(1158, 266, 'billbergianus');
INSERT INTO Plants(ID, familyID, name) VALUES(1159, 266, 'cascarilloides');
INSERT INTO Plants(ID, familyID, name) VALUES(1160, 266, 'caudatus');
INSERT INTO Plants(ID, familyID, name) VALUES(1161, 266, 'ciliato-gladuliferus');
INSERT INTO Plants(ID, familyID, name) VALUES(1162, 266, 'corintensis');
INSERT INTO Plants(ID, familyID, name) VALUES(1163, 266, 'crassifolius');
INSERT INTO Plants(ID, familyID, name) VALUES(1164, 266, 'draco');
INSERT INTO Plants(ID, familyID, name) VALUES(1165, 266, 'erythrostachys');
INSERT INTO Plants(ID, familyID, name) VALUES(1166, 266, 'exuberans');
INSERT INTO Plants(ID, familyID, name) VALUES(1167, 266, 'glandulosus');
INSERT INTO Plants(ID, familyID, name) VALUES(1168, 266, 'hemiargyreus');
INSERT INTO Plants(ID, familyID, name) VALUES(1169, 266, 'hirtus');
INSERT INTO Plants(ID, familyID, name) VALUES(1170, 266, 'hoffmannii');
INSERT INTO Plants(ID, familyID, name) VALUES(1171, 266, 'honcei');
INSERT INTO Plants(ID, familyID, name) VALUES(1172, 266, 'Jimenezii');
INSERT INTO Plants(ID, familyID, name) VALUES(1173, 266, 'kelantanicus');
INSERT INTO Plants(ID, familyID, name) VALUES(1174, 266, 'lachnocarpus');
INSERT INTO Plants(ID, familyID, name) VALUES(1175, 266, 'lanjouwensis');
INSERT INTO Plants(ID, familyID, name) VALUES(1176, 266, 'linearis');
INSERT INTO Plants(ID, familyID, name) VALUES(1177, 266, 'lucidus');
INSERT INTO Plants(ID, familyID, name) VALUES(1178, 266, 'macrocarpus');
INSERT INTO Plants(ID, familyID, name) VALUES(1179, 266, 'macrostachys');
INSERT INTO Plants(ID, familyID, name) VALUES(1180, 266, 'megistocarpus');
INSERT INTO Plants(ID, familyID, name) VALUES(1181, 266, 'mexicanus');
INSERT INTO Plants(ID, familyID, name) VALUES(1182, 266, 'panamensis');
INSERT INTO Plants(ID, familyID, name) VALUES(1183, 266, 'refractus');
INSERT INTO Plants(ID, familyID, name) VALUES(1184, 266, 'salutaris');
INSERT INTO Plants(ID, familyID, name) VALUES(1185, 266, 'sarcopetalus');
INSERT INTO Plants(ID, familyID, name) VALUES(1186, 266, 'skutchii');
INSERT INTO Plants(ID, familyID, name) VALUES(1187, 266, 'sp.');
INSERT INTO Plants(ID, familyID, name) VALUES(1188, 266, 'speciousus');
INSERT INTO Plants(ID, familyID, name) VALUES(1189, 266, 'spp.');
INSERT INTO Plants(ID, familyID, name) VALUES(1190, 266, 'tenuicaudatus');
INSERT INTO Plants(ID, familyID, name) VALUES(1191, 266, 'tiglium');
INSERT INTO Plants(ID, familyID, name) VALUES(1192, 266, 'tonduzii');
INSERT INTO Plants(ID, familyID, name) VALUES(1193, 266, 'xanthochloros');
INSERT INTO Families(ID, typeID, name) VALUES(267, 1, 'Crotonogyne');
INSERT INTO Plants(ID, familyID, name) VALUES(1194, 267, 'sp.');
INSERT INTO Families(ID, typeID, name) VALUES(268, 1, 'Cunuria');
INSERT INTO Plants(ID, familyID, name) VALUES(1195, 268, 'spruceana');
INSERT INTO Families(ID, typeID, name) VALUES(269, 6, 'Dalechampia');
INSERT INTO Plants(ID, familyID, name) VALUES(1196, 269, 'cissifolia');
INSERT INTO Plants(ID, familyID, name) VALUES(1197, 269, 'dioscoreifolia');
INSERT INTO Plants(ID, familyID, name) VALUES(1198, 269, 'stipulaceae');
INSERT INTO Families(ID, typeID, name) VALUES(270, 1, 'Endospermum');
INSERT INTO Plants(ID, familyID, name) VALUES(1199, 270, 'chinense');
INSERT INTO Plants(ID, familyID, name) VALUES(1200, 270, 'diadenum');
INSERT INTO Plants(ID, familyID, name) VALUES(1201, 270, 'malaccense');
INSERT INTO Plants(ID, familyID, name) VALUES(1202, 270, 'myrmecophilum');
INSERT INTO Plants(ID, familyID, name) VALUES(1203, 270, 'peltatum');
INSERT INTO Families(ID, typeID, name) VALUES(271, 1, 'Epiprinus');
INSERT INTO Plants(ID, familyID, name) VALUES(1204, 271, 'malayanus');
INSERT INTO Families(ID, typeID, name) VALUES(272, 1, 'Euphorbia');
INSERT INTO Plants(ID, familyID, name) VALUES(1205, 272, 'blodgettii');
INSERT INTO Plants(ID, familyID, name) VALUES(1206, 272, 'cyparissias');
INSERT INTO Plants(ID, familyID, name) VALUES(1207, 272, 'heterophylla');
INSERT INTO Plants(ID, familyID, name) VALUES(1208, 272, 'millii');
INSERT INTO Plants(ID, familyID, name) VALUES(1209, 272, 'pulcherrima');
INSERT INTO Families(ID, typeID, name) VALUES(273, 1, 'Excoecaria');
INSERT INTO Plants(ID, familyID, name) VALUES(1210, 273, 'agallocha');
INSERT INTO Plants(ID, familyID, name) VALUES(1211, 273, 'bicolor');
INSERT INTO Plants(ID, familyID, name) VALUES(1212, 273, 'biglandulosa');
INSERT INTO Families(ID, typeID, name) VALUES(274, 4, 'Fahrenheitia');
INSERT INTO Plants(ID, familyID, name) VALUES(1213, 274, 'pendula');
INSERT INTO Families(ID, typeID, name) VALUES(275, 1, 'Fragariopsis');
INSERT INTO Plants(ID, familyID, name) VALUES(1214, 275, 'warmingii');
INSERT INTO Families(ID, typeID, name) VALUES(276, 1, 'Grimmeodendron');
INSERT INTO Plants(ID, familyID, name) VALUES(1215, 276, 'eglandulosum');
INSERT INTO Families(ID, typeID, name) VALUES(277, 1, 'Grymnanthes');
INSERT INTO Plants(ID, familyID, name) VALUES(1216, 277, 'riparia');
INSERT INTO Families(ID, typeID, name) VALUES(278, 1, 'Hevea');
INSERT INTO Plants(ID, familyID, name) VALUES(1217, 278, 'brasiliensis');
INSERT INTO Plants(ID, familyID, name) VALUES(1218, 278, 'spruceana');
INSERT INTO Families(ID, typeID, name) VALUES(279, 1, 'Hieronyma');
INSERT INTO Plants(ID, familyID, name) VALUES(1219, 279, 'alchorneoides');
INSERT INTO Families(ID, typeID, name) VALUES(280, 1, 'Hippomane');
INSERT INTO Plants(ID, familyID, name) VALUES(1220, 280, 'mancinella');
INSERT INTO Families(ID, typeID, name) VALUES(281, 1, 'Homalanthus');
INSERT INTO Plants(ID, familyID, name) VALUES(1221, 281, 'maprouna');
INSERT INTO Plants(ID, familyID, name) VALUES(1222, 281, 'novoguieensis');
INSERT INTO Plants(ID, familyID, name) VALUES(1223, 281, 'populifolius');
INSERT INTO Families(ID, typeID, name) VALUES(282, 1, 'Hura');
INSERT INTO Plants(ID, familyID, name) VALUES(1224, 282, 'crepitans');
INSERT INTO Families(ID, typeID, name) VALUES(283, 1, 'Jatropha');
INSERT INTO Plants(ID, familyID, name) VALUES(1225, 283, 'chevalieri');
INSERT INTO Plants(ID, familyID, name) VALUES(1226, 283, 'ellenbeckii');
INSERT INTO Plants(ID, familyID, name) VALUES(1227, 283, 'gossypifolia');
INSERT INTO Plants(ID, familyID, name) VALUES(1228, 283, 'weberbauri');
INSERT INTO Families(ID, typeID, name) VALUES(284, 1, 'Joannesia');
INSERT INTO Plants(ID, familyID, name) VALUES(1229, 284, 'sp.');
INSERT INTO Families(ID, typeID, name) VALUES(285, 1, 'Koilodepas');
INSERT INTO Plants(ID, familyID, name) VALUES(1230, 285, 'longifolium');
INSERT INTO Families(ID, typeID, name) VALUES(286, 1, 'Mabea');
INSERT INTO Plants(ID, familyID, name) VALUES(1231, 286, 'klugii');
INSERT INTO Plants(ID, familyID, name) VALUES(1232, 286, 'occidentalis');
INSERT INTO Families(ID, typeID, name) VALUES(287, 1, 'Macaranga');
INSERT INTO Plants(ID, familyID, name) VALUES(1233, 287, 'sp. nov. C');
INSERT INTO Plants(ID, familyID, name) VALUES(1234, 287, 'aëtheadena');
INSERT INTO Plants(ID, familyID, name) VALUES(1235, 287, 'aleuritoides');
INSERT INTO Plants(ID, familyID, name) VALUES(1236, 287, 'andamanica');
INSERT INTO Plants(ID, familyID, name) VALUES(1237, 287, 'angulata');
INSERT INTO Plants(ID, familyID, name) VALUES(1238, 287, 'auriculata');
INSERT INTO Plants(ID, familyID, name) VALUES(1239, 287, 'baccaureifolia');
INSERT INTO Plants(ID, familyID, name) VALUES(1240, 287, 'bancana');
INSERT INTO Plants(ID, familyID, name) VALUES(1241, 287, 'bareteri');
INSERT INTO Plants(ID, familyID, name) VALUES(1242, 287, 'beccariana');
INSERT INTO Plants(ID, familyID, name) VALUES(1243, 287, 'bicolor');
INSERT INTO Plants(ID, familyID, name) VALUES(1244, 287, 'brevipetiolata');
INSERT INTO Plants(ID, familyID, name) VALUES(1245, 287, 'caladifolia');
INSERT INTO Plants(ID, familyID, name) VALUES(1246, 287, 'caladifolia');
INSERT INTO Plants(ID, familyID, name) VALUES(1247, 287, 'calcicola');
INSERT INTO Plants(ID, familyID, name) VALUES(1248, 287, 'conifera');
INSERT INTO Plants(ID, familyID, name) VALUES(1249, 287, 'constricta');
INSERT INTO Plants(ID, familyID, name) VALUES(1250, 287, 'costulata');
INSERT INTO Plants(ID, familyID, name) VALUES(1251, 287, 'curtisii');
INSERT INTO Plants(ID, familyID, name) VALUES(1252, 287, 'denticulata');
INSERT INTO Plants(ID, familyID, name) VALUES(1253, 287, 'depressa');
INSERT INTO Plants(ID, familyID, name) VALUES(1254, 287, 'didymocarpa');
INSERT INTO Plants(ID, familyID, name) VALUES(1255, 287, 'diepenhorstii');
INSERT INTO Plants(ID, familyID, name) VALUES(1256, 287, 'endertii');
INSERT INTO Plants(ID, familyID, name) VALUES(1257, 287, 'fulva');
INSERT INTO Plants(ID, familyID, name) VALUES(1258, 287, 'gigantea');
INSERT INTO Plants(ID, familyID, name) VALUES(1259, 287, 'glandibracteolata');
INSERT INTO Plants(ID, familyID, name) VALUES(1260, 287, 'griffithiana');
INSERT INTO Plants(ID, familyID, name) VALUES(1261, 287, 'havilandii');
INSERT INTO Plants(ID, familyID, name) VALUES(1262, 287, 'henryi');
INSERT INTO Plants(ID, familyID, name) VALUES(1263, 287, 'heterophylla');
INSERT INTO Plants(ID, familyID, name) VALUES(1264, 287, 'heudelotii');
INSERT INTO Plants(ID, familyID, name) VALUES(1265, 287, 'heynei');
INSERT INTO Plants(ID, familyID, name) VALUES(1266, 287, 'hispida');
INSERT INTO Plants(ID, familyID, name) VALUES(1267, 287, 'hosei');
INSERT INTO Plants(ID, familyID, name) VALUES(1268, 287, 'hullettii');
INSERT INTO Plants(ID, familyID, name) VALUES(1269, 287, 'hurifolia');
INSERT INTO Plants(ID, familyID, name) VALUES(1270, 287, 'hypoleuca');
INSERT INTO Plants(ID, familyID, name) VALUES(1271, 287, 'indica');
INSERT INTO Plants(ID, familyID, name) VALUES(1272, 287, 'indistincta');
INSERT INTO Plants(ID, familyID, name) VALUES(1273, 287, 'involucrata varmallotoides');
INSERT INTO Plants(ID, familyID, name) VALUES(1274, 287, 'kinabaluensis');
INSERT INTO Plants(ID, familyID, name) VALUES(1275, 287, 'kingii');
INSERT INTO Plants(ID, familyID, name) VALUES(1276, 287, 'kurzii');
INSERT INTO Plants(ID, familyID, name) VALUES(1277, 287, 'lamellata');
INSERT INTO Plants(ID, familyID, name) VALUES(1278, 287, 'lanarius');
INSERT INTO Plants(ID, familyID, name) VALUES(1279, 287, 'lowii');
INSERT INTO Plants(ID, familyID, name) VALUES(1280, 287, 'monandra');
INSERT INTO Plants(ID, familyID, name) VALUES(1281, 287, 'motleyana');
INSERT INTO Plants(ID, familyID, name) VALUES(1282, 287, 'pearsoni');
INSERT INTO Plants(ID, familyID, name) VALUES(1283, 287, 'petanostyla');
INSERT INTO Plants(ID, familyID, name) VALUES(1284, 287, 'praestans');
INSERT INTO Plants(ID, familyID, name) VALUES(1285, 287, 'pruinosa');
INSERT INTO Plants(ID, familyID, name) VALUES(1286, 287, 'pseudopriunosa');
INSERT INTO Plants(ID, familyID, name) VALUES(1287, 287, 'puberula');
INSERT INTO Plants(ID, familyID, name) VALUES(1288, 287, 'punctata');
INSERT INTO Plants(ID, familyID, name) VALUES(1289, 287, 'puncticulata');
INSERT INTO Plants(ID, familyID, name) VALUES(1290, 287, 'puncticulata');
INSERT INTO Plants(ID, familyID, name) VALUES(1291, 287, 'quadricornis');
INSERT INTO Plants(ID, familyID, name) VALUES(1292, 287, 'quadriglandulosa');
INSERT INTO Plants(ID, familyID, name) VALUES(1293, 287, 'rarispina');
INSERT INTO Plants(ID, familyID, name) VALUES(1294, 287, 'recuravata');
INSERT INTO Plants(ID, familyID, name) VALUES(1295, 287, 'repandodentata');
INSERT INTO Plants(ID, familyID, name) VALUES(1296, 287, 'rostrata');
INSERT INTO Plants(ID, familyID, name) VALUES(1297, 287, 'sampsonii');
INSERT INTO Plants(ID, familyID, name) VALUES(1298, 287, 'sarcocarpa');
INSERT INTO Plants(ID, familyID, name) VALUES(1299, 287, 'schweinfurthii');
INSERT INTO Plants(ID, familyID, name) VALUES(1300, 287, 'spathicalyx');
INSERT INTO Plants(ID, familyID, name) VALUES(1301, 287, 'spinosa');
INSERT INTO Plants(ID, familyID, name) VALUES(1302, 287, 'stigosissima');
INSERT INTO Plants(ID, familyID, name) VALUES(1303, 287, 'subdentata');
INSERT INTO Plants(ID, familyID, name) VALUES(1304, 287, 'tanarius');
INSERT INTO Plants(ID, familyID, name) VALUES(1305, 287, 'trachyphylla');
INSERT INTO Plants(ID, familyID, name) VALUES(1306, 287, 'trichocarpa');
INSERT INTO Plants(ID, familyID, name) VALUES(1307, 287, 'triloba');
INSERT INTO Plants(ID, familyID, name) VALUES(1308, 287, 'umbrosa');
INSERT INTO Plants(ID, familyID, name) VALUES(1309, 287, 'unidentified species');
INSERT INTO Plants(ID, familyID, name) VALUES(1310, 287, 'velutiniflora');
INSERT INTO Plants(ID, familyID, name) VALUES(1311, 287, 'winkleri');
INSERT INTO Plants(ID, familyID, name) VALUES(1312, 287, 'winkleriana');
INSERT INTO Plants(ID, familyID, name) VALUES(1313, 287, '');
INSERT INTO Families(ID, typeID, name) VALUES(288, 1, 'Mallotus');
INSERT INTO Plants(ID, familyID, name) VALUES(1314, 288, 'apelta');
INSERT INTO Plants(ID, familyID, name) VALUES(1315, 288, 'barbatus');
INSERT INTO Plants(ID, familyID, name) VALUES(1316, 288, 'chromocarpus');
INSERT INTO Plants(ID, familyID, name) VALUES(1317, 288, 'cuneatus');
INSERT INTO Plants(ID, familyID, name) VALUES(1318, 288, 'dispar');
INSERT INTO Plants(ID, familyID, name) VALUES(1319, 288, 'eriocarpus');
INSERT INTO Plants(ID, familyID, name) VALUES(1320, 288, 'eximius');
INSERT INTO Plants(ID, familyID, name) VALUES(1321, 288, 'floribundus');
INSERT INTO Plants(ID, familyID, name) VALUES(1322, 288, 'griffithianus');
INSERT INTO Plants(ID, familyID, name) VALUES(1323, 288, 'hookerianus');
INSERT INTO Plants(ID, familyID, name) VALUES(1324, 288, 'japonicus');
INSERT INTO Plants(ID, familyID, name) VALUES(1325, 288, 'kingii');
INSERT INTO Plants(ID, familyID, name) VALUES(1326, 288, 'kongkandae');
INSERT INTO Plants(ID, familyID, name) VALUES(1327, 288, 'leptostachys');
INSERT INTO Plants(ID, familyID, name) VALUES(1328, 288, 'leucodermis');
INSERT INTO Plants(ID, familyID, name) VALUES(1329, 288, 'macrostachys');
INSERT INTO Plants(ID, familyID, name) VALUES(1330, 288, 'mollissimus');
INSERT INTO Plants(ID, familyID, name) VALUES(1331, 288, 'oblongifolius');
INSERT INTO Plants(ID, familyID, name) VALUES(1332, 288, 'pallidus');
INSERT INTO Plants(ID, familyID, name) VALUES(1333, 288, 'paniculatus');
INSERT INTO Plants(ID, familyID, name) VALUES(1334, 288, 'peltatus');
INSERT INTO Plants(ID, familyID, name) VALUES(1335, 288, 'penangensis');
INSERT INTO Plants(ID, familyID, name) VALUES(1336, 288, 'phillippensis');
INSERT INTO Plants(ID, familyID, name) VALUES(1337, 288, 'repandus');
INSERT INTO Plants(ID, familyID, name) VALUES(1338, 288, 'stewardii');
INSERT INTO Plants(ID, familyID, name) VALUES(1339, 288, 'tetracoccus');
INSERT INTO Plants(ID, familyID, name) VALUES(1340, 288, 'tilifolius');
INSERT INTO Families(ID, typeID, name) VALUES(289, 1, 'Manihot');
INSERT INTO Plants(ID, familyID, name) VALUES(1341, 289, 'aesculifolia');
INSERT INTO Plants(ID, familyID, name) VALUES(1342, 289, 'aesculifolia');
INSERT INTO Plants(ID, familyID, name) VALUES(1343, 289, 'angustiloba');
INSERT INTO Plants(ID, familyID, name) VALUES(1344, 289, 'angustiloba');
INSERT INTO Plants(ID, familyID, name) VALUES(1345, 289, 'brachyloba');
INSERT INTO Plants(ID, familyID, name) VALUES(1346, 289, 'brachyloba');
INSERT INTO Plants(ID, familyID, name) VALUES(1347, 289, 'carthaginensis');
INSERT INTO Plants(ID, familyID, name) VALUES(1348, 289, 'carthaginensis');
INSERT INTO Plants(ID, familyID, name) VALUES(1349, 289, 'caudata');
INSERT INTO Plants(ID, familyID, name) VALUES(1350, 289, 'caudata');
INSERT INTO Plants(ID, familyID, name) VALUES(1351, 289, 'chlorosticta');
INSERT INTO Plants(ID, familyID, name) VALUES(1352, 289, 'chlorosticta');
INSERT INTO Plants(ID, familyID, name) VALUES(1353, 289, 'crassisepala');
INSERT INTO Plants(ID, familyID, name) VALUES(1354, 289, 'crassisepala');
INSERT INTO Plants(ID, familyID, name) VALUES(1355, 289, 'davisiae');
INSERT INTO Plants(ID, familyID, name) VALUES(1356, 289, 'davisiae');
INSERT INTO Plants(ID, familyID, name) VALUES(1357, 289, 'esculenta');
INSERT INTO Plants(ID, familyID, name) VALUES(1358, 289, 'esculenta');
INSERT INTO Plants(ID, familyID, name) VALUES(1359, 289, 'michaelis');
INSERT INTO Plants(ID, familyID, name) VALUES(1360, 289, 'michaelis');
INSERT INTO Plants(ID, familyID, name) VALUES(1361, 289, 'oaxacana');
INSERT INTO Plants(ID, familyID, name) VALUES(1362, 289, 'oaxacana');
INSERT INTO Plants(ID, familyID, name) VALUES(1363, 289, 'rhomboidea');
INSERT INTO Plants(ID, familyID, name) VALUES(1364, 289, 'rhomboidea');
INSERT INTO Plants(ID, familyID, name) VALUES(1365, 289, 'websterae');
INSERT INTO Plants(ID, familyID, name) VALUES(1366, 289, 'websterae');
INSERT INTO Families(ID, typeID, name) VALUES(290, 1, 'Maprounea');
INSERT INTO Plants(ID, familyID, name) VALUES(1367, 290, '3 spp.');
INSERT INTO Plants(ID, familyID, name) VALUES(1368, 290, '3 spp.');
INSERT INTO Families(ID, typeID, name) VALUES(291, 1, 'Mareya');
INSERT INTO Plants(ID, familyID, name) VALUES(1369, 291, 'congolensis');
INSERT INTO Plants(ID, familyID, name) VALUES(1370, 291, 'congolensis');
INSERT INTO Plants(ID, familyID, name) VALUES(1371, 291, 'micrantha');
INSERT INTO Plants(ID, familyID, name) VALUES(1372, 291, 'micrantha');
INSERT INTO Plants(ID, familyID, name) VALUES(1373, 291, 'sp.');
INSERT INTO Plants(ID, familyID, name) VALUES(1374, 291, 'sp.');
INSERT INTO Families(ID, typeID, name) VALUES(292, 1, 'Micranga');
INSERT INTO Plants(ID, familyID, name) VALUES(1375, 292, 'sp.');
INSERT INTO Plants(ID, familyID, name) VALUES(1376, 292, 'sp.');
INSERT INTO Families(ID, typeID, name) VALUES(293, 1, 'Neoscortechinii');
INSERT INTO Plants(ID, familyID, name) VALUES(1377, 293, 'nicobaria');
INSERT INTO Plants(ID, familyID, name) VALUES(1378, 293, 'nicobaria');
INSERT INTO Plants(ID, familyID, name) VALUES(1379, 293, 'sumatrensis');
INSERT INTO Plants(ID, familyID, name) VALUES(1380, 293, 'sumatrensis');
INSERT INTO Families(ID, typeID, name) VALUES(294, 1, 'Neoshirakia');
INSERT INTO Plants(ID, familyID, name) VALUES(1381, 294, 'japonica');
INSERT INTO Plants(ID, familyID, name) VALUES(1382, 294, 'japonica');
INSERT INTO Families(ID, typeID, name) VALUES(295, 6, 'Omphalea');
INSERT INTO Plants(ID, familyID, name) VALUES(1383, 295, 'diandra');
INSERT INTO Plants(ID, familyID, name) VALUES(1384, 295, 'diandra');
INSERT INTO Families(ID, typeID, name) VALUES(296, 4, 'Pausandra');
INSERT INTO Plants(ID, familyID, name) VALUES(1385, 296, 'macropetala');
INSERT INTO Families(ID, typeID, name) VALUES(297, 1, 'Pausandra ');
INSERT INTO Plants(ID, familyID, name) VALUES(1386, 297, 'trianae');
INSERT INTO Families(ID, typeID, name) VALUES(298, 1, 'Pedilanthus');
INSERT INTO Plants(ID, familyID, name) VALUES(1387, 298, 'tithmaloides');
INSERT INTO Plants(ID, familyID, name) VALUES(1388, 298, 'tithmaloides');
INSERT INTO Families(ID, typeID, name) VALUES(299, 4, 'Pimelodendron');
INSERT INTO Plants(ID, familyID, name) VALUES(1389, 299, 'griffithianum');
INSERT INTO Plants(ID, familyID, name) VALUES(1390, 299, 'griffithianum');
INSERT INTO Families(ID, typeID, name) VALUES(300, 1, 'Ptychopyxis');
INSERT INTO Plants(ID, familyID, name) VALUES(1391, 300, 'costata');
INSERT INTO Plants(ID, familyID, name) VALUES(1392, 300, 'costata');
INSERT INTO Families(ID, typeID, name) VALUES(301, 1, 'Richeria');
INSERT INTO Plants(ID, familyID, name) VALUES(1393, 301, 'obvata');
INSERT INTO Families(ID, typeID, name) VALUES(302, 1, 'Ricinodendron');
INSERT INTO Plants(ID, familyID, name) VALUES(1394, 302, 'rautaneni');
INSERT INTO Plants(ID, familyID, name) VALUES(1395, 302, 'rautaneni');
INSERT INTO Families(ID, typeID, name) VALUES(303, 1, 'Ricinus');
INSERT INTO Plants(ID, familyID, name) VALUES(1396, 303, 'communis');
INSERT INTO Plants(ID, familyID, name) VALUES(1397, 303, 'communis');
INSERT INTO Plants(ID, familyID, name) VALUES(1398, 303, 'sanguinensis');
INSERT INTO Plants(ID, familyID, name) VALUES(1399, 303, 'sanguinensis');
INSERT INTO Families(ID, typeID, name) VALUES(304, 4, 'Rockinghamia');
INSERT INTO Plants(ID, familyID, name) VALUES(1400, 304, 'angustifolia');
INSERT INTO Plants(ID, familyID, name) VALUES(1401, 304, 'angustifolia');
INSERT INTO Families(ID, typeID, name) VALUES(305, 1, 'Sapium');
INSERT INTO Plants(ID, familyID, name) VALUES(1402, 305, '25 spp.');
INSERT INTO Plants(ID, familyID, name) VALUES(1403, 305, '25 spp.');
INSERT INTO Plants(ID, familyID, name) VALUES(1404, 305, 'allenii');
INSERT INTO Plants(ID, familyID, name) VALUES(1405, 305, 'baccatum');
INSERT INTO Plants(ID, familyID, name) VALUES(1406, 305, 'baccatum');
INSERT INTO Plants(ID, familyID, name) VALUES(1407, 305, 'glandulosum');
INSERT INTO Plants(ID, familyID, name) VALUES(1408, 305, 'glandulosum');
INSERT INTO Plants(ID, familyID, name) VALUES(1409, 305, 'laurifolium');
INSERT INTO Plants(ID, familyID, name) VALUES(1410, 305, 'macrocarpum');
INSERT INTO Plants(ID, familyID, name) VALUES(1411, 305, 'pachystachys');
INSERT INTO Plants(ID, familyID, name) VALUES(1412, 305, 'pachystachys');
INSERT INTO Plants(ID, familyID, name) VALUES(1413, 305, 'pachystachys');
INSERT INTO Plants(ID, familyID, name) VALUES(1414, 305, 'rugudfolium');
INSERT INTO Families(ID, typeID, name) VALUES(306, 1, 'Sebastiana');
INSERT INTO Plants(ID, familyID, name) VALUES(1415, 306, 'brasiliensis');
INSERT INTO Plants(ID, familyID, name) VALUES(1416, 306, 'brasiliensis');
INSERT INTO Plants(ID, familyID, name) VALUES(1417, 306, 'klotzschiana');
INSERT INTO Plants(ID, familyID, name) VALUES(1418, 306, 'klotzschiana');
INSERT INTO Families(ID, typeID, name) VALUES(307, 4, 'Shirakiopsis');
INSERT INTO Plants(ID, familyID, name) VALUES(1419, 307, 'indica');
INSERT INTO Plants(ID, familyID, name) VALUES(1420, 307, 'indica');
INSERT INTO Families(ID, typeID, name) VALUES(308, 1, 'Stillingia');
INSERT INTO Plants(ID, familyID, name) VALUES(1421, 308, '25 spp.');
INSERT INTO Plants(ID, familyID, name) VALUES(1422, 308, '25 spp.');
INSERT INTO Plants(ID, familyID, name) VALUES(1423, 308, 'setifera');
INSERT INTO Plants(ID, familyID, name) VALUES(1424, 308, 'setifera');
INSERT INTO Families(ID, typeID, name) VALUES(309, 1, 'Tetrorchidium');
INSERT INTO Plants(ID, familyID, name) VALUES(1425, 309, 'costaicense');
INSERT INTO Plants(ID, familyID, name) VALUES(1426, 309, 'euryphyllum');
INSERT INTO Plants(ID, familyID, name) VALUES(1427, 309, 'rotundatum');
INSERT INTO Families(ID, typeID, name) VALUES(310, 1, 'Trewia');
INSERT INTO Plants(ID, familyID, name) VALUES(1428, 310, 'sp.');
INSERT INTO Plants(ID, familyID, name) VALUES(1429, 310, 'sp.');
INSERT INTO Families(ID, typeID, name) VALUES(311, 1, 'Triadica');
INSERT INTO Plants(ID, familyID, name) VALUES(1430, 311, 'discolor');
INSERT INTO Plants(ID, familyID, name) VALUES(1431, 311, 'discolor');
INSERT INTO Plants(ID, familyID, name) VALUES(1432, 311, 'sebifera');
INSERT INTO Plants(ID, familyID, name) VALUES(1433, 311, 'sebifera');
INSERT INTO Families(ID, typeID, name) VALUES(312, 4, 'Trigonostemon');
INSERT INTO Plants(ID, familyID, name) VALUES(1434, 312, 'sumatranus');
INSERT INTO Plants(ID, familyID, name) VALUES(1435, 312, 'sumatranus');
INSERT INTO Families(ID, typeID, name) VALUES(313, 1, 'Vernicia');
INSERT INTO Plants(ID, familyID, name) VALUES(1436, 313, 'cordata');
INSERT INTO Plants(ID, familyID, name) VALUES(1437, 313, 'cordata');
INSERT INTO Plants(ID, familyID, name) VALUES(1438, 313, 'fordii');
INSERT INTO Plants(ID, familyID, name) VALUES(1439, 313, 'fordii');
INSERT INTO Plants(ID, familyID, name) VALUES(1440, 313, 'montana');
INSERT INTO Plants(ID, familyID, name) VALUES(1441, 313, 'montana');
INSERT INTO Families(ID, typeID, name) VALUES(314, 4, 'Abarema');
INSERT INTO Plants(ID, familyID, name) VALUES(1442, 314, 'jupumba');
INSERT INTO Plants(ID, familyID, name) VALUES(1443, 314, 'lucida');
INSERT INTO Plants(ID, familyID, name) VALUES(1444, 314, 'scutifera');
INSERT INTO Plants(ID, familyID, name) VALUES(1445, 314, 'turgida');
INSERT INTO Families(ID, typeID, name) VALUES(315, 4, 'Acacia');
INSERT INTO Plants(ID, familyID, name) VALUES(1446, 315, 'abyssinica');
INSERT INTO Plants(ID, familyID, name) VALUES(1447, 315, 'acanthoclada');
INSERT INTO Plants(ID, familyID, name) VALUES(1448, 315, 'acradenia');
INSERT INTO Plants(ID, familyID, name) VALUES(1449, 315, 'acuifera');
INSERT INTO Plants(ID, familyID, name) VALUES(1450, 315, 'aculeatissima');
INSERT INTO Plants(ID, familyID, name) VALUES(1451, 315, 'acuminata var. burkittii');
INSERT INTO Plants(ID, familyID, name) VALUES(1452, 315, 'adhaerens');
INSERT INTO Plants(ID, familyID, name) VALUES(1453, 315, 'adunca');
INSERT INTO Plants(ID, familyID, name) VALUES(1454, 315, 'allenii');
INSERT INTO Plants(ID, familyID, name) VALUES(1455, 315, 'amazonica');
INSERT INTO Plants(ID, familyID, name) VALUES(1456, 315, 'amblygona');
INSERT INTO Plants(ID, familyID, name) VALUES(1457, 315, 'amentacea');
INSERT INTO Plants(ID, familyID, name) VALUES(1458, 315, 'amoena');
INSERT INTO Plants(ID, familyID, name) VALUES(1459, 315, 'anegadensis');
INSERT INTO Plants(ID, familyID, name) VALUES(1460, 315, 'aneura');
INSERT INTO Plants(ID, familyID, name) VALUES(1461, 315, 'angustissima');
INSERT INTO Plants(ID, familyID, name) VALUES(1462, 315, 'asparagoides');
INSERT INTO Plants(ID, familyID, name) VALUES(1463, 315, 'ataxacantha');
INSERT INTO Plants(ID, familyID, name) VALUES(1464, 315, 'attenuata');
INSERT INTO Plants(ID, familyID, name) VALUES(1465, 315, 'aulacocarpa');
INSERT INTO Plants(ID, familyID, name) VALUES(1466, 315, 'auriculiformis');
INSERT INTO Plants(ID, familyID, name) VALUES(1467, 315, 'ausfeldii');
INSERT INTO Plants(ID, familyID, name) VALUES(1468, 315, 'baileyana');
INSERT INTO Plants(ID, familyID, name) VALUES(1469, 315, 'barahonensis');
INSERT INTO Plants(ID, familyID, name) VALUES(1470, 315, 'baronii');
INSERT INTO Plants(ID, familyID, name) VALUES(1471, 315, 'belairioides');
INSERT INTO Plants(ID, familyID, name) VALUES(1472, 315, 'berlanderii');
INSERT INTO Plants(ID, familyID, name) VALUES(1473, 315, 'betchei');
INSERT INTO Plants(ID, familyID, name) VALUES(1474, 315, 'biaciculata');
INSERT INTO Plants(ID, familyID, name) VALUES(1475, 315, 'bilimeki');
INSERT INTO Plants(ID, familyID, name) VALUES(1476, 315, 'blakei');
INSERT INTO Plants(ID, familyID, name) VALUES(1477, 315, 'blakelyi');
INSERT INTO Plants(ID, familyID, name) VALUES(1478, 315, 'brachystachya');
INSERT INTO Plants(ID, familyID, name) VALUES(1479, 315, 'brandageana');
INSERT INTO Plants(ID, familyID, name) VALUES(1480, 315, 'brevispica');
INSERT INTO Plants(ID, familyID, name) VALUES(1481, 315, 'bucheri');
INSERT INTO Plants(ID, familyID, name) VALUES(1482, 315, 'caesia');
INSERT INTO Plants(ID, familyID, name) VALUES(1483, 315, 'caffra');
INSERT INTO Plants(ID, familyID, name) VALUES(1484, 315, 'calamifolia');
INSERT INTO Plants(ID, familyID, name) VALUES(1485, 315, 'calyculata');
INSERT INTO Plants(ID, familyID, name) VALUES(1486, 315, 'cambagei');
INSERT INTO Plants(ID, familyID, name) VALUES(1487, 315, 'camptocladia');
INSERT INTO Plants(ID, familyID, name) VALUES(1488, 315, 'cana');
INSERT INTO Plants(ID, familyID, name) VALUES(1489, 315, 'canescens');
INSERT INTO Plants(ID, familyID, name) VALUES(1490, 315, 'caurina');
INSERT INTO Plants(ID, familyID, name) VALUES(1491, 315, 'chalkeri');
INSERT INTO Plants(ID, familyID, name) VALUES(1492, 315, 'chariessa');
INSERT INTO Plants(ID, familyID, name) VALUES(1493, 315, 'cheelii');
INSERT INTO Plants(ID, familyID, name) VALUES(1494, 315, 'chiapensis');
INSERT INTO Plants(ID, familyID, name) VALUES(1495, 315, 'choriophylla');
INSERT INTO Plants(ID, familyID, name) VALUES(1496, 315, 'chundra');
INSERT INTO Plants(ID, familyID, name) VALUES(1497, 315, 'cincinnata');
INSERT INTO Plants(ID, familyID, name) VALUES(1498, 315, 'cochliacantha');
INSERT INTO Plants(ID, familyID, name) VALUES(1499, 315, 'cochlocarpa');
INSERT INTO Plants(ID, familyID, name) VALUES(1500, 315, 'collinsii');
INSERT INTO Plants(ID, familyID, name) VALUES(1501, 315, 'complanata');
INSERT INTO Plants(ID, familyID, name) VALUES(1502, 315, 'concinna');
INSERT INTO Plants(ID, familyID, name) VALUES(1503, 315, 'concurrens');
INSERT INTO Plants(ID, familyID, name) VALUES(1504, 315, 'conferta');
INSERT INTO Plants(ID, familyID, name) VALUES(1505, 315, 'confusa');
INSERT INTO Plants(ID, familyID, name) VALUES(1506, 315, 'constablei');
INSERT INTO Plants(ID, familyID, name) VALUES(1507, 315, 'constricta');
INSERT INTO Plants(ID, familyID, name) VALUES(1508, 315, 'cookii');
INSERT INTO Plants(ID, familyID, name) VALUES(1509, 315, 'coriacea');
INSERT INTO Plants(ID, familyID, name) VALUES(1510, 315, 'cornigera');
INSERT INTO Plants(ID, familyID, name) VALUES(1511, 315, 'crassa');
INSERT INTO Plants(ID, familyID, name) VALUES(1512, 315, 'cucuyo');
INSERT INTO Plants(ID, familyID, name) VALUES(1513, 315, 'cultriformis');
INSERT INTO Plants(ID, familyID, name) VALUES(1514, 315, 'curvifructa');
INSERT INTO Plants(ID, familyID, name) VALUES(1515, 315, 'cyanophyla');
INSERT INTO Plants(ID, familyID, name) VALUES(1516, 315, 'cyclops');
INSERT INTO Plants(ID, familyID, name) VALUES(1517, 315, 'dawsonii');
INSERT INTO Plants(ID, familyID, name) VALUES(1518, 315, 'dealbata');
INSERT INTO Plants(ID, familyID, name) VALUES(1519, 315, 'deanei');
INSERT INTO Plants(ID, familyID, name) VALUES(1520, 315, 'decora');
INSERT INTO Plants(ID, familyID, name) VALUES(1521, 315, 'decurrens');
INSERT INTO Plants(ID, familyID, name) VALUES(1522, 315, 'dictyophleba');
INSERT INTO Plants(ID, familyID, name) VALUES(1523, 315, 'difformis');
INSERT INTO Plants(ID, familyID, name) VALUES(1524, 315, 'dodonaeifolia');
INSERT INTO Plants(ID, familyID, name) VALUES(1525, 315, 'doratoxylon');
INSERT INTO Plants(ID, familyID, name) VALUES(1526, 315, 'elongata');
INSERT INTO Plants(ID, familyID, name) VALUES(1527, 315, 'ephedroides');
INSERT INTO Plants(ID, familyID, name) VALUES(1528, 315, 'eremaea');
INSERT INTO Plants(ID, familyID, name) VALUES(1529, 315, 'erubescens');
INSERT INTO Plants(ID, familyID, name) VALUES(1530, 315, 'excelsa');
INSERT INTO Plants(ID, familyID, name) VALUES(1531, 315, 'falcata');
INSERT INTO Plants(ID, familyID, name) VALUES(1532, 315, 'falciformis');
INSERT INTO Plants(ID, familyID, name) VALUES(1533, 315, 'farnesiana');
INSERT INTO Plants(ID, familyID, name) VALUES(1534, 315, 'ferruginea');
INSERT INTO Plants(ID, familyID, name) VALUES(1535, 315, 'fimbriata');
INSERT INTO Plants(ID, familyID, name) VALUES(1536, 315, 'floribunda');
INSERT INTO Plants(ID, familyID, name) VALUES(1537, 315, 'gaumeri');
INSERT INTO Plants(ID, familyID, name) VALUES(1538, 315, 'gentlei');
INSERT INTO Plants(ID, familyID, name) VALUES(1539, 315, 'glandulifera');
INSERT INTO Plants(ID, familyID, name) VALUES(1540, 315, 'globulifera');
INSERT INTO Plants(ID, familyID, name) VALUES(1541, 315, 'glomerosa');
INSERT INTO Plants(ID, familyID, name) VALUES(1542, 315, 'grandistipula');
INSERT INTO Plants(ID, familyID, name) VALUES(1543, 315, 'greggii');
INSERT INTO Plants(ID, familyID, name) VALUES(1544, 315, 'hayesii');
INSERT INTO Plants(ID, familyID, name) VALUES(1545, 315, 'hindsii');
INSERT INTO Plants(ID, familyID, name) VALUES(1546, 315, 'huarango');
INSERT INTO Plants(ID, familyID, name) VALUES(1547, 315, 'hubbardiana');
INSERT INTO Plants(ID, familyID, name) VALUES(1548, 315, 'huilana');
INSERT INTO Plants(ID, familyID, name) VALUES(1549, 315, 'insulae-lacobi');
INSERT INTO Plants(ID, familyID, name) VALUES(1550, 315, 'interior');
INSERT INTO Plants(ID, familyID, name) VALUES(1551, 315, 'iteaphylla');
INSERT INTO Plants(ID, familyID, name) VALUES(1552, 315, 'ixodes');
INSERT INTO Plants(ID, familyID, name) VALUES(1553, 315, 'janzenii');
INSERT INTO Plants(ID, familyID, name) VALUES(1554, 315, 'kallunkiae');
INSERT INTO Plants(ID, familyID, name) VALUES(1555, 315, 'karroo');
INSERT INTO Plants(ID, familyID, name) VALUES(1556, 315, 'koa');
INSERT INTO Plants(ID, familyID, name) VALUES(1557, 315, 'koaia');
INSERT INTO Plants(ID, familyID, name) VALUES(1558, 315, 'lacerans');
INSERT INTO Plants(ID, familyID, name) VALUES(1559, 315, 'latifolia');
INSERT INTO Plants(ID, familyID, name) VALUES(1560, 315, 'leiocalyx');
INSERT INTO Plants(ID, familyID, name) VALUES(1561, 315, 'leptostachya');
INSERT INTO Plants(ID, familyID, name) VALUES(1562, 315, 'leucophloea');
INSERT INTO Plants(ID, familyID, name) VALUES(1563, 315, 'ligulata');
INSERT INTO Plants(ID, familyID, name) VALUES(1564, 315, 'lineata');
INSERT INTO Plants(ID, familyID, name) VALUES(1565, 315, 'longifolia');
INSERT INTO Plants(ID, familyID, name) VALUES(1566, 315, 'longissima');
INSERT INTO Plants(ID, familyID, name) VALUES(1567, 315, 'loretensis');
INSERT INTO Plants(ID, familyID, name) VALUES(1568, 315, 'macradenia');
INSERT INTO Plants(ID, familyID, name) VALUES(1569, 315, 'maidenii');
INSERT INTO Plants(ID, familyID, name) VALUES(1570, 315, 'maranoensis');
INSERT INTO Plants(ID, familyID, name) VALUES(1571, 315, 'mayana');
INSERT INTO Plants(ID, familyID, name) VALUES(1572, 315, 'mearnsii');
INSERT INTO Plants(ID, familyID, name) VALUES(1573, 315, 'melanoceras');
INSERT INTO Plants(ID, familyID, name) VALUES(1574, 315, 'melanoxylon');
INSERT INTO Plants(ID, familyID, name) VALUES(1575, 315, 'melvillei');
INSERT INTO Plants(ID, familyID, name) VALUES(1576, 315, 'microbotrya');
INSERT INTO Plants(ID, familyID, name) VALUES(1577, 315, 'microsperma');
INSERT INTO Plants(ID, familyID, name) VALUES(1578, 315, 'miersii');
INSERT INTO Plants(ID, familyID, name) VALUES(1579, 315, 'mucronata');
INSERT INTO Plants(ID, familyID, name) VALUES(1580, 315, 'muricata');
INSERT INTO Plants(ID, familyID, name) VALUES(1581, 315, 'myrtifolia');
INSERT INTO Plants(ID, familyID, name) VALUES(1582, 315, 'neriifolia');
INSERT INTO Plants(ID, familyID, name) VALUES(1583, 315, 'nitidifolia');
INSERT INTO Plants(ID, familyID, name) VALUES(1584, 315, 'occidentalis');
INSERT INTO Plants(ID, familyID, name) VALUES(1585, 315, 'omalophylla');
INSERT INTO Plants(ID, familyID, name) VALUES(1586, 315, 'oshanesii');
INSERT INTO Plants(ID, familyID, name) VALUES(1587, 315, 'oviedoensis');
INSERT INTO Plants(ID, familyID, name) VALUES(1588, 315, 'pacensis');
INSERT INTO Plants(ID, familyID, name) VALUES(1589, 315, 'paraensis');
INSERT INTO Plants(ID, familyID, name) VALUES(1590, 315, 'parramattensis');
INSERT INTO Plants(ID, familyID, name) VALUES(1591, 315, 'parviflora');
INSERT INTO Plants(ID, familyID, name) VALUES(1592, 315, 'peninsularis');
INSERT INTO Plants(ID, familyID, name) VALUES(1593, 315, 'pennata');
INSERT INTO Plants(ID, familyID, name) VALUES(1594, 315, 'pennatula');
INSERT INTO Plants(ID, familyID, name) VALUES(1595, 315, 'penninervis');
INSERT INTO Plants(ID, familyID, name) VALUES(1596, 315, 'piauhiensis');
INSERT INTO Plants(ID, familyID, name) VALUES(1597, 315, 'picachensis');
INSERT INTO Plants(ID, familyID, name) VALUES(1598, 315, 'plumosa');
INSERT INTO Plants(ID, familyID, name) VALUES(1599, 315, 'podalyriifolia');
INSERT INTO Plants(ID, familyID, name) VALUES(1600, 315, 'polyacantha');
INSERT INTO Plants(ID, familyID, name) VALUES(1601, 315, 'polyphylla');
INSERT INTO Plants(ID, familyID, name) VALUES(1602, 315, 'polypyrigenes');
INSERT INTO Plants(ID, familyID, name) VALUES(1603, 315, 'potosina');
INSERT INTO Plants(ID, familyID, name) VALUES(1604, 315, 'pringlei');
INSERT INTO Plants(ID, familyID, name) VALUES(1605, 315, 'pubescens');
INSERT INTO Plants(ID, familyID, name) VALUES(1606, 315, 'pulchella');
INSERT INTO Plants(ID, familyID, name) VALUES(1607, 315, 'pycnantha');
INSERT INTO Plants(ID, familyID, name) VALUES(1608, 315, 'retinodes');
INSERT INTO Plants(ID, familyID, name) VALUES(1609, 315, 'rigidula');
INSERT INTO Plants(ID, familyID, name) VALUES(1610, 315, 'robusta');
INSERT INTO Plants(ID, familyID, name) VALUES(1611, 315, 'roigii');
INSERT INTO Plants(ID, familyID, name) VALUES(1612, 315, 'rorudiana');
INSERT INTO Plants(ID, familyID, name) VALUES(1613, 315, 'rubida');
INSERT INTO Plants(ID, familyID, name) VALUES(1614, 315, 'ruddiae');
INSERT INTO Plants(ID, familyID, name) VALUES(1615, 315, 'saligna');
INSERT INTO Plants(ID, familyID, name) VALUES(1616, 315, 'schaffneri');
INSERT INTO Plants(ID, familyID, name) VALUES(1617, 315, 'schottii');
INSERT INTO Plants(ID, familyID, name) VALUES(1618, 315, 'semirigida');
INSERT INTO Plants(ID, familyID, name) VALUES(1619, 315, 'serra');
INSERT INTO Plants(ID, familyID, name) VALUES(1620, 315, 'shirleyi');
INSERT INTO Plants(ID, familyID, name) VALUES(1621, 315, 'soratensis');
INSERT INTO Plants(ID, familyID, name) VALUES(1622, 315, 'spadicifera');
INSERT INTO Plants(ID, familyID, name) VALUES(1623, 315, 'sphaerocephala');
INSERT INTO Plants(ID, familyID, name) VALUES(1624, 315, 'stenophylla');
INSERT INTO Plants(ID, familyID, name) VALUES(1625, 315, 'stowardii');
INSERT INTO Plants(ID, familyID, name) VALUES(1626, 315, 'suaveolens');
INSERT INTO Plants(ID, familyID, name) VALUES(1627, 315, 'subangulata');
INSERT INTO Plants(ID, familyID, name) VALUES(1628, 315, 'subulata');
INSERT INTO Plants(ID, familyID, name) VALUES(1629, 315, 'tamarindifolia');
INSERT INTO Plants(ID, familyID, name) VALUES(1630, 315, 'telensis');
INSERT INTO Plants(ID, familyID, name) VALUES(1631, 315, 'tenuifolia');
INSERT INTO Plants(ID, familyID, name) VALUES(1632, 315, 'terminalis');
INSERT INTO Plants(ID, familyID, name) VALUES(1633, 315, 'tetragonophylla');
INSERT INTO Plants(ID, familyID, name) VALUES(1634, 315, 'tomentella');
INSERT INTO Plants(ID, familyID, name) VALUES(1635, 315, 'tortuosa');
INSERT INTO Plants(ID, familyID, name) VALUES(1636, 315, 'triptera');
INSERT INTO Plants(ID, familyID, name) VALUES(1637, 315, 'ulcifolia');
INSERT INTO Plants(ID, familyID, name) VALUES(1638, 315, 'uncinella');
INSERT INTO Plants(ID, familyID, name) VALUES(1639, 315, 'villosa');
INSERT INTO Plants(ID, familyID, name) VALUES(1640, 315, 'wildenowiana');
INSERT INTO Plants(ID, familyID, name) VALUES(1641, 315, 'zapatensis');
INSERT INTO Families(ID, typeID, name) VALUES(316, 1, 'Adenanthera');
INSERT INTO Plants(ID, familyID, name) VALUES(1642, 316, 'colubin');
INSERT INTO Plants(ID, familyID, name) VALUES(1643, 316, 'pavonina');
INSERT INTO Plants(ID, familyID, name) VALUES(1644, 316, 'spahaerocephala');
INSERT INTO Families(ID, typeID, name) VALUES(317, 1, 'Affonsea');
INSERT INTO Plants(ID, familyID, name) VALUES(1645, 317, 'hirsuta');
INSERT INTO Plants(ID, familyID, name) VALUES(1646, 317, 'sp.');
INSERT INTO Families(ID, typeID, name) VALUES(318, 4, 'Albizia');
INSERT INTO Plants(ID, familyID, name) VALUES(1647, 318, 'adinocephala');
INSERT INTO Plants(ID, familyID, name) VALUES(1648, 318, 'amara');
INSERT INTO Plants(ID, familyID, name) VALUES(1649, 318, 'caribeae');
INSERT INTO Plants(ID, familyID, name) VALUES(1650, 318, 'chinensis');
INSERT INTO Plants(ID, familyID, name) VALUES(1651, 318, 'coreana');
INSERT INTO Plants(ID, familyID, name) VALUES(1652, 318, 'corniculata');
INSERT INTO Plants(ID, familyID, name) VALUES(1653, 318, 'falcataria');
INSERT INTO Plants(ID, familyID, name) VALUES(1654, 318, 'guachapele');
INSERT INTO Plants(ID, familyID, name) VALUES(1655, 318, 'idiopoda');
INSERT INTO Plants(ID, familyID, name) VALUES(1656, 318, 'julibrissin');
INSERT INTO Plants(ID, familyID, name) VALUES(1657, 318, 'lebbeck');
INSERT INTO Plants(ID, familyID, name) VALUES(1658, 318, 'lebbekoides');
INSERT INTO Plants(ID, familyID, name) VALUES(1659, 318, 'lophantha');
INSERT INTO Plants(ID, familyID, name) VALUES(1660, 318, 'moluccana');
INSERT INTO Plants(ID, familyID, name) VALUES(1661, 318, 'pedicellata');
INSERT INTO Plants(ID, familyID, name) VALUES(1662, 318, 'procera');
INSERT INTO Plants(ID, familyID, name) VALUES(1663, 318, 'retusa');
INSERT INTO Plants(ID, familyID, name) VALUES(1664, 318, 'saponaria');
INSERT INTO Plants(ID, familyID, name) VALUES(1665, 318, 'sp.');
INSERT INTO Plants(ID, familyID, name) VALUES(1666, 318, 'stipulata');
INSERT INTO Families(ID, typeID, name) VALUES(319, 1, 'Alexa');
INSERT INTO Plants(ID, familyID, name) VALUES(1667, 319, 'canaracuensis');
INSERT INTO Plants(ID, familyID, name) VALUES(1668, 319, 'grandiflora');
INSERT INTO Plants(ID, familyID, name) VALUES(1669, 319, 'wachenheimii');
INSERT INTO Families(ID, typeID, name) VALUES(320, 1, 'Anadenanthera');
INSERT INTO Plants(ID, familyID, name) VALUES(1670, 320, 'colubrina');
INSERT INTO Plants(ID, familyID, name) VALUES(1671, 320, 'falcata');
INSERT INTO Plants(ID, familyID, name) VALUES(1672, 320, 'sp.');
INSERT INTO Families(ID, typeID, name) VALUES(321, 2, 'Apios');
INSERT INTO Plants(ID, familyID, name) VALUES(1673, 321, 'americana');
INSERT INTO Families(ID, typeID, name) VALUES(322, 1, 'Apuleia');
INSERT INTO Plants(ID, familyID, name) VALUES(1674, 322, 'sp.');
INSERT INTO Families(ID, typeID, name) VALUES(323, 1, 'Archidendron');
INSERT INTO Plants(ID, familyID, name) VALUES(1675, 323, 'bubalinum');
INSERT INTO Plants(ID, familyID, name) VALUES(1676, 323, 'calycinum');
INSERT INTO Plants(ID, familyID, name) VALUES(1677, 323, 'dypearia');
INSERT INTO Plants(ID, familyID, name) VALUES(1678, 323, 'globosum');
INSERT INTO Plants(ID, familyID, name) VALUES(1679, 323, 'kerrii');
INSERT INTO Plants(ID, familyID, name) VALUES(1680, 323, 'lucidum');
INSERT INTO Plants(ID, familyID, name) VALUES(1681, 323, 'macrocarpum');
INSERT INTO Plants(ID, familyID, name) VALUES(1682, 323, 'ramiflorum');
INSERT INTO Plants(ID, familyID, name) VALUES(1683, 323, 'sp.');
INSERT INTO Plants(ID, familyID, name) VALUES(1684, 323, 'utile');
INSERT INTO Families(ID, typeID, name) VALUES(324, 1, 'Arthrosamanea');
INSERT INTO Plants(ID, familyID, name) VALUES(1685, 324, 'altissima');
INSERT INTO Families(ID, typeID, name) VALUES(325, 4, 'Balizia');
INSERT INTO Plants(ID, familyID, name) VALUES(1686, 325, 'peticilaris');
INSERT INTO Families(ID, typeID, name) VALUES(326, 1, 'Baptisia');
INSERT INTO Plants(ID, familyID, name) VALUES(1687, 326, 'leucophylla');
INSERT INTO Families(ID, typeID, name) VALUES(327, 1, 'Bauhinia');
INSERT INTO Plants(ID, familyID, name) VALUES(1688, 327, 'blakeana');
INSERT INTO Plants(ID, familyID, name) VALUES(1689, 327, 'cheilantha');
INSERT INTO Plants(ID, familyID, name) VALUES(1690, 327, 'pauletia');
INSERT INTO Plants(ID, familyID, name) VALUES(1691, 327, 'rufa');
INSERT INTO Plants(ID, familyID, name) VALUES(1692, 327, 'ungulata');
INSERT INTO Families(ID, typeID, name) VALUES(328, 1, 'Brownea');
INSERT INTO Plants(ID, familyID, name) VALUES(1693, 328, 'grandiceps');
INSERT INTO Plants(ID, familyID, name) VALUES(1694, 328, 'macrophylla');
INSERT INTO Plants(ID, familyID, name) VALUES(1695, 328, 'sp.');
INSERT INTO Families(ID, typeID, name) VALUES(329, 1, 'Caesalpinia');
INSERT INTO Plants(ID, familyID, name) VALUES(1696, 329, 'bondoc');
INSERT INTO Plants(ID, familyID, name) VALUES(1697, 329, 'crista');
INSERT INTO Plants(ID, familyID, name) VALUES(1698, 329, 'cucullatum');
INSERT INTO Plants(ID, familyID, name) VALUES(1699, 329, 'gilliesii');
INSERT INTO Plants(ID, familyID, name) VALUES(1700, 329, 'japonica');
INSERT INTO Families(ID, typeID, name) VALUES(330, 1, 'Calliandra');
INSERT INTO Plants(ID, familyID, name) VALUES(1701, 330, 'haematomma');
INSERT INTO Plants(ID, familyID, name) VALUES(1702, 330, 'sp.');
INSERT INTO Families(ID, typeID, name) VALUES(331, 2, 'Calopogonium');
INSERT INTO Plants(ID, familyID, name) VALUES(1703, 331, 'caeruleum');
INSERT INTO Families(ID, typeID, name) VALUES(332, 1, 'Calpocalyx');
INSERT INTO Plants(ID, familyID, name) VALUES(1704, 332, 'sp.');
INSERT INTO Families(ID, typeID, name) VALUES(333, 1, 'Canavalia');
INSERT INTO Plants(ID, familyID, name) VALUES(1705, 333, 'gladiata');
INSERT INTO Plants(ID, familyID, name) VALUES(1706, 333, 'lineata');
INSERT INTO Plants(ID, familyID, name) VALUES(1707, 333, 'maritima');
INSERT INTO Plants(ID, familyID, name) VALUES(1708, 333, 'rosea');
INSERT INTO Families(ID, typeID, name) VALUES(334, 1, 'Cassia');
INSERT INTO Plants(ID, familyID, name) VALUES(1709, 334, 'absus');
INSERT INTO Plants(ID, familyID, name) VALUES(1710, 334, 'acutifolia');
INSERT INTO Plants(ID, familyID, name) VALUES(1711, 334, 'apoucouita');
INSERT INTO Plants(ID, familyID, name) VALUES(1712, 334, 'artemisioides');
INSERT INTO Plants(ID, familyID, name) VALUES(1713, 334, 'atroglandulosa');
INSERT INTO Plants(ID, familyID, name) VALUES(1714, 334, 'auriculata');
INSERT INTO Plants(ID, familyID, name) VALUES(1715, 334, 'bacillaris');
INSERT INTO Plants(ID, familyID, name) VALUES(1716, 334, 'bicapsularis');
INSERT INTO Plants(ID, familyID, name) VALUES(1717, 334, 'biflora');
INSERT INTO Plants(ID, familyID, name) VALUES(1718, 334, 'calyciodes');
INSERT INTO Plants(ID, familyID, name) VALUES(1719, 334, 'canca');
INSERT INTO Plants(ID, familyID, name) VALUES(1720, 334, 'chaemaecrista');
INSERT INTO Plants(ID, familyID, name) VALUES(1721, 334, 'colubrina');
INSERT INTO Plants(ID, familyID, name) VALUES(1722, 334, 'coluteoides');
INSERT INTO Plants(ID, familyID, name) VALUES(1723, 334, 'covesii');
INSERT INTO Plants(ID, familyID, name) VALUES(1724, 334, 'dimidists');
INSERT INTO Plants(ID, familyID, name) VALUES(1725, 334, 'divaricata');
INSERT INTO Plants(ID, familyID, name) VALUES(1726, 334, 'floribunda');
INSERT INTO Plants(ID, familyID, name) VALUES(1727, 334, 'fruticosa');
INSERT INTO Plants(ID, familyID, name) VALUES(1728, 334, 'gaudichaudi');
INSERT INTO Plants(ID, familyID, name) VALUES(1729, 334, 'glandulosa');
INSERT INTO Plants(ID, familyID, name) VALUES(1730, 334, 'glauca');
INSERT INTO Plants(ID, familyID, name) VALUES(1731, 334, 'hebecarpa');
INSERT INTO Plants(ID, familyID, name) VALUES(1732, 334, 'hochstetterii');
INSERT INTO Plants(ID, familyID, name) VALUES(1733, 334, 'hookeriana');
INSERT INTO Plants(ID, familyID, name) VALUES(1734, 334, 'kleinei');
INSERT INTO Plants(ID, familyID, name) VALUES(1735, 334, 'laevigata');
INSERT INTO Plants(ID, familyID, name) VALUES(1736, 334, 'leptocarpa');
INSERT INTO Plants(ID, familyID, name) VALUES(1737, 334, 'leschenaultiana');
INSERT INTO Plants(ID, familyID, name) VALUES(1738, 334, 'marilandica');
INSERT INTO Plants(ID, familyID, name) VALUES(1739, 334, 'mimosoides');
INSERT INTO Plants(ID, familyID, name) VALUES(1740, 334, 'mindanaensis');
INSERT INTO Plants(ID, familyID, name) VALUES(1741, 334, 'multijuga');
INSERT INTO Plants(ID, familyID, name) VALUES(1742, 334, 'negrensis');
INSERT INTO Plants(ID, familyID, name) VALUES(1743, 334, 'nictitans');
INSERT INTO Plants(ID, familyID, name) VALUES(1744, 334, 'obtusifolia');
INSERT INTO Plants(ID, familyID, name) VALUES(1745, 334, 'occidentalis');
INSERT INTO Plants(ID, familyID, name) VALUES(1746, 334, 'oxyphylla');
INSERT INTO Plants(ID, familyID, name) VALUES(1747, 334, 'patellaria');
INSERT INTO Plants(ID, familyID, name) VALUES(1748, 334, 'phyllodinea');
INSERT INTO Plants(ID, familyID, name) VALUES(1749, 334, 'pumila');
INSERT INTO Plants(ID, familyID, name) VALUES(1750, 334, 'reticulata');
INSERT INTO Plants(ID, familyID, name) VALUES(1751, 334, 'rugosa');
INSERT INTO Plants(ID, familyID, name) VALUES(1752, 334, 'sophora');
INSERT INTO Plants(ID, familyID, name) VALUES(1753, 334, 'speciosa');
INSERT INTO Plants(ID, familyID, name) VALUES(1754, 334, 'stenocarpa');
INSERT INTO Plants(ID, familyID, name) VALUES(1755, 334, 'sturtii');
INSERT INTO Plants(ID, familyID, name) VALUES(1756, 334, 'surattensis');
INSERT INTO Plants(ID, familyID, name) VALUES(1757, 334, 'tomentosa');
INSERT INTO Plants(ID, familyID, name) VALUES(1758, 334, 'tora');
INSERT INTO Plants(ID, familyID, name) VALUES(1759, 334, 'uniflora');
INSERT INTO Families(ID, typeID, name) VALUES(335, 4, 'Castanospermum');
INSERT INTO Plants(ID, familyID, name) VALUES(1760, 335, 'australe');
INSERT INTO Families(ID, typeID, name) VALUES(336, 4, 'Centrolobium');
INSERT INTO Plants(ID, familyID, name) VALUES(1761, 336, 'paraense');
INSERT INTO Families(ID, typeID, name) VALUES(337, 1, 'Chamaecrista');
INSERT INTO Plants(ID, familyID, name) VALUES(1762, 337, 'amorimii');
INSERT INTO Plants(ID, familyID, name) VALUES(1763, 337, 'blanchetii');
INSERT INTO Plants(ID, familyID, name) VALUES(1764, 337, 'brachystachya');
INSERT INTO Plants(ID, familyID, name) VALUES(1765, 337, 'calycioides');
INSERT INTO Plants(ID, familyID, name) VALUES(1766, 337, 'chamaecristoides');
INSERT INTO Plants(ID, familyID, name) VALUES(1767, 337, 'choriophylla');
INSERT INTO Plants(ID, familyID, name) VALUES(1768, 337, 'confertiformis');
INSERT INTO Plants(ID, familyID, name) VALUES(1769, 337, 'coriacea');
INSERT INTO Plants(ID, familyID, name) VALUES(1770, 337, 'cystoides');
INSERT INTO Plants(ID, familyID, name) VALUES(1771, 337, 'debilis');
INSERT INTO Plants(ID, familyID, name) VALUES(1772, 337, 'decora');
INSERT INTO Plants(ID, familyID, name) VALUES(1773, 337, 'depauperata');
INSERT INTO Plants(ID, familyID, name) VALUES(1774, 337, 'desvauxii');
INSERT INTO Plants(ID, familyID, name) VALUES(1775, 337, 'diphylla');
INSERT INTO Plants(ID, familyID, name) VALUES(1776, 337, 'fasciculata');
INSERT INTO Plants(ID, familyID, name) VALUES(1777, 337, 'flexuosa');
INSERT INTO Plants(ID, familyID, name) VALUES(1778, 337, 'mucronata');
INSERT INTO Plants(ID, familyID, name) VALUES(1779, 337, 'nictitans');
INSERT INTO Plants(ID, familyID, name) VALUES(1780, 337, 'olesiphylla');
INSERT INTO Plants(ID, familyID, name) VALUES(1781, 337, 'onusta');
INSERT INTO Plants(ID, familyID, name) VALUES(1782, 337, 'pascuorum');
INSERT INTO Plants(ID, familyID, name) VALUES(1783, 337, 'pilosa');
INSERT INTO Plants(ID, familyID, name) VALUES(1784, 337, 'potentilla');
INSERT INTO Plants(ID, familyID, name) VALUES(1785, 337, 'serpens');
INSERT INTO Plants(ID, familyID, name) VALUES(1786, 337, 'supplex');
INSERT INTO Plants(ID, familyID, name) VALUES(1787, 337, 'unijuga');
INSERT INTO Families(ID, typeID, name) VALUES(338, 3, 'Chamaefistula');
INSERT INTO Plants(ID, familyID, name) VALUES(1788, 338, 'amabilis');
INSERT INTO Plants(ID, familyID, name) VALUES(1789, 338, 'antillana');
INSERT INTO Plants(ID, familyID, name) VALUES(1790, 338, 'elegans');
INSERT INTO Families(ID, typeID, name) VALUES(339, 1, 'Chloroleucon');
INSERT INTO Plants(ID, familyID, name) VALUES(1791, 339, 'dumosum');
INSERT INTO Plants(ID, familyID, name) VALUES(1792, 339, 'foliolosum');
INSERT INTO Families(ID, typeID, name) VALUES(340, 1, 'Crotalaria');
INSERT INTO Plants(ID, familyID, name) VALUES(1793, 340, 'anagyroides');
INSERT INTO Plants(ID, familyID, name) VALUES(1794, 340, 'incana');
INSERT INTO Plants(ID, familyID, name) VALUES(1795, 340, 'maypurensis');
INSERT INTO Plants(ID, familyID, name) VALUES(1796, 340, 'murcronata');
INSERT INTO Plants(ID, familyID, name) VALUES(1797, 340, 'pallida');
INSERT INTO Plants(ID, familyID, name) VALUES(1798, 340, 'pumila');
INSERT INTO Plants(ID, familyID, name) VALUES(1799, 340, 'sp.');
INSERT INTO Families(ID, typeID, name) VALUES(341, 1, 'Cylicodiscus');
INSERT INTO Plants(ID, familyID, name) VALUES(1800, 341, 'sp.');
INSERT INTO Families(ID, typeID, name) VALUES(342, 1, 'Cylista');
INSERT INTO Plants(ID, familyID, name) VALUES(1801, 342, 'sp.');
INSERT INTO Families(ID, typeID, name) VALUES(343, 1, 'Delonix');
INSERT INTO Plants(ID, familyID, name) VALUES(1802, 343, 'adansonioides');
INSERT INTO Plants(ID, familyID, name) VALUES(1803, 343, 'regia');
INSERT INTO Plants(ID, familyID, name) VALUES(1804, 343, 'sp.');
INSERT INTO Families(ID, typeID, name) VALUES(344, 1, 'Desmanthus');
INSERT INTO Plants(ID, familyID, name) VALUES(1805, 344, 'bicornatus');
INSERT INTO Plants(ID, familyID, name) VALUES(1806, 344, 'illinoisensis');
INSERT INTO Plants(ID, familyID, name) VALUES(1807, 344, 'leptolobus');
INSERT INTO Plants(ID, familyID, name) VALUES(1808, 344, 'most spp.');
INSERT INTO Plants(ID, familyID, name) VALUES(1809, 344, 'pernambucanus');
INSERT INTO Plants(ID, familyID, name) VALUES(1810, 344, 'virgatus');
INSERT INTO Families(ID, typeID, name) VALUES(345, 1, 'Dialium');
INSERT INTO Plants(ID, familyID, name) VALUES(1811, 345, 'sp.');
INSERT INTO Families(ID, typeID, name) VALUES(346, 1, 'Dichrostachys');
INSERT INTO Plants(ID, familyID, name) VALUES(1812, 346, 'glomerata');
INSERT INTO Plants(ID, familyID, name) VALUES(1813, 346, 'sp.');
INSERT INTO Families(ID, typeID, name) VALUES(347, 6, 'Dioclea');
INSERT INTO Plants(ID, familyID, name) VALUES(1814, 347, 'cf. elliptica');
INSERT INTO Plants(ID, familyID, name) VALUES(1815, 347, 'spp.');
INSERT INTO Families(ID, typeID, name) VALUES(348, 1, 'Dipteryx');
INSERT INTO Plants(ID, familyID, name) VALUES(1816, 348, 'sp.');
INSERT INTO Families(ID, typeID, name) VALUES(349, 1, 'Dolichos');
INSERT INTO Plants(ID, familyID, name) VALUES(1817, 349, 'bicontortus');
INSERT INTO Plants(ID, familyID, name) VALUES(1818, 349, 'lablab');
INSERT INTO Plants(ID, familyID, name) VALUES(1819, 349, 'leucomelas');
INSERT INTO Plants(ID, familyID, name) VALUES(1820, 349, 'melanophtalmus');
INSERT INTO Plants(ID, familyID, name) VALUES(1821, 349, 'sesquipedalis');
INSERT INTO Plants(ID, familyID, name) VALUES(1822, 349, 'sinensis');
INSERT INTO Families(ID, typeID, name) VALUES(350, 1, 'Dunbaria');
INSERT INTO Plants(ID, familyID, name) VALUES(1823, 350, 'fusca');
INSERT INTO Plants(ID, familyID, name) VALUES(1824, 350, 'podocarpa');
INSERT INTO Plants(ID, familyID, name) VALUES(1825, 350, 'rotundifolia');
INSERT INTO Plants(ID, familyID, name) VALUES(1826, 350, 'sp.');
INSERT INTO Families(ID, typeID, name) VALUES(351, 7, 'Entada');
INSERT INTO Plants(ID, familyID, name) VALUES(1827, 351, 'phaseoloides');
INSERT INTO Plants(ID, familyID, name) VALUES(1828, 351, 'sp.');
INSERT INTO Families(ID, typeID, name) VALUES(352, 1, 'Enterolobium');
INSERT INTO Plants(ID, familyID, name) VALUES(1829, 352, 'contortisiliquum');
INSERT INTO Plants(ID, familyID, name) VALUES(1830, 352, 'cyclocarpum');
INSERT INTO Plants(ID, familyID, name) VALUES(1831, 352, 'gummiferum');
INSERT INTO Plants(ID, familyID, name) VALUES(1832, 352, 'schomburgkii');
INSERT INTO Families(ID, typeID, name) VALUES(353, 1, 'Erythrina');
INSERT INTO Plants(ID, familyID, name) VALUES(1833, 353, 'abyssinica');
INSERT INTO Plants(ID, familyID, name) VALUES(1834, 353, 'berteroana');
INSERT INTO Plants(ID, familyID, name) VALUES(1835, 353, 'caffra');
INSERT INTO Plants(ID, familyID, name) VALUES(1836, 353, 'crista-galli');
INSERT INTO Plants(ID, familyID, name) VALUES(1837, 353, 'flabelliformis');
INSERT INTO Plants(ID, familyID, name) VALUES(1838, 353, 'fusca');
INSERT INTO Plants(ID, familyID, name) VALUES(1839, 353, 'greenwayi');
INSERT INTO Plants(ID, familyID, name) VALUES(1840, 353, 'hastifolia');
INSERT INTO Plants(ID, familyID, name) VALUES(1841, 353, 'herbacea');
INSERT INTO Plants(ID, familyID, name) VALUES(1842, 353, 'lysistemon');
INSERT INTO Plants(ID, familyID, name) VALUES(1843, 353, 'macropteryx');
INSERT INTO Plants(ID, familyID, name) VALUES(1844, 353, 'pallida');
INSERT INTO Plants(ID, familyID, name) VALUES(1845, 353, 'poeppigiana');
INSERT INTO Plants(ID, familyID, name) VALUES(1846, 353, 'rubrinervia');
INSERT INTO Plants(ID, familyID, name) VALUES(1847, 353, 'speciosa');
INSERT INTO Plants(ID, familyID, name) VALUES(1848, 353, 'subumbrans');
INSERT INTO Plants(ID, familyID, name) VALUES(1849, 353, 'tahitensis');
INSERT INTO Plants(ID, familyID, name) VALUES(1850, 353, 'tomentosa');
INSERT INTO Plants(ID, familyID, name) VALUES(1851, 353, 'variegata');
INSERT INTO Plants(ID, familyID, name) VALUES(1852, 353, 'velutina');
INSERT INTO Plants(ID, familyID, name) VALUES(1853, 353, 'vespertillo');
INSERT INTO Families(ID, typeID, name) VALUES(354, 1, 'Erythrophleum');
INSERT INTO Plants(ID, familyID, name) VALUES(1854, 354, 'africanum');
INSERT INTO Plants(ID, familyID, name) VALUES(1855, 354, 'densiflorum');
INSERT INTO Plants(ID, familyID, name) VALUES(1856, 354, 'fordii');
INSERT INTO Plants(ID, familyID, name) VALUES(1857, 354, 'guineense');
INSERT INTO Plants(ID, familyID, name) VALUES(1858, 354, 'ivorense');
INSERT INTO Plants(ID, familyID, name) VALUES(1859, 354, 'suaveolens');
INSERT INTO Plants(ID, familyID, name) VALUES(1860, 354, 'teysmannii');
INSERT INTO Families(ID, typeID, name) VALUES(355, 4, 'Faidherbia');
INSERT INTO Plants(ID, familyID, name) VALUES(1861, 355, 'albida');
INSERT INTO Families(ID, typeID, name) VALUES(356, 1, 'Gagnebina');
INSERT INTO Plants(ID, familyID, name) VALUES(1862, 356, 'sp.');
INSERT INTO Families(ID, typeID, name) VALUES(357, 1, 'Gilbertiodendron');
INSERT INTO Plants(ID, familyID, name) VALUES(1863, 357, 'couminga');
INSERT INTO Plants(ID, familyID, name) VALUES(1864, 357, 'limba');
INSERT INTO Plants(ID, familyID, name) VALUES(1865, 357, 'oogouense');
INSERT INTO Families(ID, typeID, name) VALUES(358, 1, 'Glottidium');
INSERT INTO Plants(ID, familyID, name) VALUES(1866, 358, 'sp.');
INSERT INTO Families(ID, typeID, name) VALUES(359, 1, 'Glycine');
INSERT INTO Plants(ID, familyID, name) VALUES(1867, 359, 'sinensis');
INSERT INTO Families(ID, typeID, name) VALUES(360, 1, 'Glycyrrhiza');
INSERT INTO Plants(ID, familyID, name) VALUES(1868, 360, 'lepidota');
INSERT INTO Families(ID, typeID, name) VALUES(361, 1, 'Goldmania');
INSERT INTO Plants(ID, familyID, name) VALUES(1869, 361, 'sp.');
INSERT INTO Families(ID, typeID, name) VALUES(362, 1, 'Hardenbergia');
INSERT INTO Plants(ID, familyID, name) VALUES(1870, 362, 'comptoniana');
INSERT INTO Plants(ID, familyID, name) VALUES(1871, 362, 'sp.');
INSERT INTO Families(ID, typeID, name) VALUES(363, 1, 'Heterostemon');
INSERT INTO Plants(ID, familyID, name) VALUES(1872, 363, 'sp.');
INSERT INTO Families(ID, typeID, name) VALUES(364, 1, 'Hippocrepis');
INSERT INTO Plants(ID, familyID, name) VALUES(1873, 364, 'bicontorta');
INSERT INTO Plants(ID, familyID, name) VALUES(1874, 364, 'biflora');
INSERT INTO Plants(ID, familyID, name) VALUES(1875, 364, 'brevipetala');
INSERT INTO Plants(ID, familyID, name) VALUES(1876, 364, 'ciliata');
INSERT INTO Plants(ID, familyID, name) VALUES(1877, 364, 'constricta');
INSERT INTO Plants(ID, familyID, name) VALUES(1878, 364, 'cyclocarpa');
INSERT INTO Plants(ID, familyID, name) VALUES(1879, 364, 'maura');
INSERT INTO Plants(ID, familyID, name) VALUES(1880, 364, 'multisiliquosa');
INSERT INTO Plants(ID, familyID, name) VALUES(1881, 364, 'salzmanni');
INSERT INTO Plants(ID, familyID, name) VALUES(1882, 364, 'sp.');
INSERT INTO Plants(ID, familyID, name) VALUES(1883, 364, 'unisiliquosa');
INSERT INTO Families(ID, typeID, name) VALUES(365, 4, 'Humboldtia');
INSERT INTO Plants(ID, familyID, name) VALUES(1884, 365, 'brunonis');
INSERT INTO Plants(ID, familyID, name) VALUES(1885, 365, 'laurifolia');
INSERT INTO Plants(ID, familyID, name) VALUES(1886, 365, 'spp.');
INSERT INTO Families(ID, typeID, name) VALUES(366, 1, 'Hymenaea');
INSERT INTO Plants(ID, familyID, name) VALUES(1887, 366, 'courbaril');
INSERT INTO Plants(ID, familyID, name) VALUES(1888, 366, 'sp.');
INSERT INTO Plants(ID, familyID, name) VALUES(1889, 366, 'stigonocarpa');
INSERT INTO Families(ID, typeID, name) VALUES(367, 1, 'Indigofera');
INSERT INTO Plants(ID, familyID, name) VALUES(1890, 367, 'bainesii');
INSERT INTO Plants(ID, familyID, name) VALUES(1891, 367, 'basiflora');
INSERT INTO Plants(ID, familyID, name) VALUES(1892, 367, 'biglandulosa');
INSERT INTO Plants(ID, familyID, name) VALUES(1893, 367, 'brevipatentes');
INSERT INTO Plants(ID, familyID, name) VALUES(1894, 367, 'compressa');
INSERT INTO Plants(ID, familyID, name) VALUES(1895, 367, 'eremophila');
INSERT INTO Plants(ID, familyID, name) VALUES(1896, 367, 'erythrogramma');
INSERT INTO Plants(ID, familyID, name) VALUES(1897, 367, 'gairdnerse');
INSERT INTO Plants(ID, familyID, name) VALUES(1898, 367, 'glabra');
INSERT INTO Plants(ID, familyID, name) VALUES(1899, 367, 'hermannioides');
INSERT INTO Plants(ID, familyID, name) VALUES(1900, 367, 'inhambanensis');
INSERT INTO Plants(ID, familyID, name) VALUES(1901, 367, 'kirkii');
INSERT INTO Plants(ID, familyID, name) VALUES(1902, 367, 'monantha');
INSERT INTO Plants(ID, familyID, name) VALUES(1903, 367, 'mysorensis');
INSERT INTO Plants(ID, familyID, name) VALUES(1904, 367, 'nebrowniana');
INSERT INTO Plants(ID, familyID, name) VALUES(1905, 367, 'phymatodea');
INSERT INTO Plants(ID, familyID, name) VALUES(1906, 367, 'strobilifera');
INSERT INTO Plants(ID, familyID, name) VALUES(1907, 367, 'suaveolens');
INSERT INTO Plants(ID, familyID, name) VALUES(1908, 367, 'tanganyikensis');
INSERT INTO Plants(ID, familyID, name) VALUES(1909, 367, 'uniflora');
INSERT INTO Plants(ID, familyID, name) VALUES(1910, 367, 'vohemanarensis');
INSERT INTO Plants(ID, familyID, name) VALUES(1911, 367, 'wightii');
INSERT INTO Plants(ID, familyID, name) VALUES(1912, 367, 'wituensis');
INSERT INTO Families(ID, typeID, name) VALUES(368, 1, 'Indopiptadenia');
INSERT INTO Plants(ID, familyID, name) VALUES(1913, 368, 'sp.');
INSERT INTO Families(ID, typeID, name) VALUES(369, 1, 'Inga');
INSERT INTO Plants(ID, familyID, name) VALUES(1914, 369, 'acuminata');
INSERT INTO Plants(ID, familyID, name) VALUES(1915, 369, 'adenophylla');
INSERT INTO Plants(ID, familyID, name) VALUES(1916, 369, 'all 300 species?');
INSERT INTO Plants(ID, familyID, name) VALUES(1917, 369, 'brenesii');
INSERT INTO Plants(ID, familyID, name) VALUES(1918, 369, 'capitata');
INSERT INTO Plants(ID, familyID, name) VALUES(1919, 369, 'cocleensis');
INSERT INTO Plants(ID, familyID, name) VALUES(1920, 369, 'densiflora');
INSERT INTO Plants(ID, familyID, name) VALUES(1921, 369, 'edulis');
INSERT INTO Plants(ID, familyID, name) VALUES(1922, 369, 'fagifolia');
INSERT INTO Plants(ID, familyID, name) VALUES(1923, 369, 'fanchoniana');
INSERT INTO Plants(ID, familyID, name) VALUES(1924, 369, 'feuillei');
INSERT INTO Plants(ID, familyID, name) VALUES(1925, 369, 'goldmanii');
INSERT INTO Plants(ID, familyID, name) VALUES(1926, 369, 'hayesii');
INSERT INTO Plants(ID, familyID, name) VALUES(1927, 369, 'heterophylla');
INSERT INTO Plants(ID, familyID, name) VALUES(1928, 369, 'huberi');
INSERT INTO Plants(ID, familyID, name) VALUES(1929, 369, 'laurina');
INSERT INTO Plants(ID, familyID, name) VALUES(1930, 369, 'longispina');
INSERT INTO Plants(ID, familyID, name) VALUES(1931, 369, 'marginata');
INSERT INTO Plants(ID, familyID, name) VALUES(1932, 369, 'minutula');
INSERT INTO Plants(ID, familyID, name) VALUES(1933, 369, 'mortoniana');
INSERT INTO Plants(ID, familyID, name) VALUES(1934, 369, 'mucuna');
INSERT INTO Plants(ID, familyID, name) VALUES(1935, 369, 'multijuga');
INSERT INTO Plants(ID, familyID, name) VALUES(1936, 369, 'nobilis');
INSERT INTO Plants(ID, familyID, name) VALUES(1937, 369, 'oestediana');
INSERT INTO Plants(ID, familyID, name) VALUES(1938, 369, 'ornata');
INSERT INTO Plants(ID, familyID, name) VALUES(1939, 369, 'panaensis');
INSERT INTO Plants(ID, familyID, name) VALUES(1940, 369, 'paterno');
INSERT INTO Plants(ID, familyID, name) VALUES(1941, 369, 'pauciflora');
INSERT INTO Plants(ID, familyID, name) VALUES(1942, 369, 'pezizifera');
INSERT INTO Plants(ID, familyID, name) VALUES(1943, 369, 'punctata');
INSERT INTO Plants(ID, familyID, name) VALUES(1944, 369, 'quaternata');
INSERT INTO Plants(ID, familyID, name) VALUES(1945, 369, 'ruiziana');
INSERT INTO Plants(ID, familyID, name) VALUES(1946, 369, 'sapindoides');
INSERT INTO Plants(ID, familyID, name) VALUES(1947, 369, 'setulifera');
INSERT INTO Plants(ID, familyID, name) VALUES(1948, 369, 'spectabilis');
INSERT INTO Plants(ID, familyID, name) VALUES(1949, 369, 'spuria');
INSERT INTO Plants(ID, familyID, name) VALUES(1950, 369, 'stipularis');
INSERT INTO Plants(ID, familyID, name) VALUES(1951, 369, 'thibaultiana');
INSERT INTO Plants(ID, familyID, name) VALUES(1952, 369, 'tribaudina');
INSERT INTO Plants(ID, familyID, name) VALUES(1953, 369, 'umbellifera');
INSERT INTO Plants(ID, familyID, name) VALUES(1954, 369, 'unguis');
INSERT INTO Plants(ID, familyID, name) VALUES(1955, 369, 'uruguaensis');
INSERT INTO Plants(ID, familyID, name) VALUES(1956, 369, 'vera');
INSERT INTO Plants(ID, familyID, name) VALUES(1957, 369, 'villosissima');
INSERT INTO Families(ID, typeID, name) VALUES(370, 1, 'Lablab');
INSERT INTO Plants(ID, familyID, name) VALUES(1958, 370, 'sp. ');
INSERT INTO Plants(ID, familyID, name) VALUES(1959, 370, 'vulgaris');
INSERT INTO Families(ID, typeID, name) VALUES(371, 4, 'Leonardoxa');
INSERT INTO Plants(ID, familyID, name) VALUES(1960, 371, 'africana');
INSERT INTO Plants(ID, familyID, name) VALUES(1961, 371, 'spp.');
INSERT INTO Families(ID, typeID, name) VALUES(372, 1, 'Leucaena');
INSERT INTO Plants(ID, familyID, name) VALUES(1962, 372, 'esculenta');
INSERT INTO Plants(ID, familyID, name) VALUES(1963, 372, 'leucocephala');
INSERT INTO Plants(ID, familyID, name) VALUES(1964, 372, 'multicapitula');
INSERT INTO Plants(ID, familyID, name) VALUES(1965, 372, 'retusa');
INSERT INTO Families(ID, typeID, name) VALUES(373, 1, 'Libidibia');
INSERT INTO Plants(ID, familyID, name) VALUES(1966, 373, 'ferrea');
INSERT INTO Families(ID, typeID, name) VALUES(374, 1, 'Lotus');
INSERT INTO Plants(ID, familyID, name) VALUES(1967, 374, 'sp.');
INSERT INTO Families(ID, typeID, name) VALUES(375, 1, 'Lupinus');
INSERT INTO Plants(ID, familyID, name) VALUES(1968, 375, 'sp.');
INSERT INTO Families(ID, typeID, name) VALUES(376, 1, 'Lysiloma');
INSERT INTO Plants(ID, familyID, name) VALUES(1969, 376, 'latisiliqua');
INSERT INTO Plants(ID, familyID, name) VALUES(1970, 376, 'sabicu');
INSERT INTO Plants(ID, familyID, name) VALUES(1971, 376, 'thornberi');
INSERT INTO Families(ID, typeID, name) VALUES(377, 1, 'Macrolobium');
INSERT INTO Plants(ID, familyID, name) VALUES(1972, 377, 'sp.');
INSERT INTO Families(ID, typeID, name) VALUES(378, 1, 'Macroptilium');
INSERT INTO Plants(ID, familyID, name) VALUES(1973, 378, 'erythroloma');
INSERT INTO Families(ID, typeID, name) VALUES(379, 4, 'Mariosousa');
INSERT INTO Plants(ID, familyID, name) VALUES(1974, 379, 'acatlensis');
INSERT INTO Plants(ID, familyID, name) VALUES(1975, 379, 'centralis');
INSERT INTO Plants(ID, familyID, name) VALUES(1976, 379, 'compacta');
INSERT INTO Plants(ID, familyID, name) VALUES(1977, 379, 'coulteri');
INSERT INTO Plants(ID, familyID, name) VALUES(1978, 379, 'dolichostachya');
INSERT INTO Plants(ID, familyID, name) VALUES(1979, 379, 'durangensis');
INSERT INTO Plants(ID, familyID, name) VALUES(1980, 379, 'mammifera');
INSERT INTO Plants(ID, familyID, name) VALUES(1981, 379, 'millefolia');
INSERT INTO Plants(ID, familyID, name) VALUES(1982, 379, 'ruselliana');
INSERT INTO Plants(ID, familyID, name) VALUES(1983, 379, 'salazarii');
INSERT INTO Plants(ID, familyID, name) VALUES(1984, 379, 'sericea');
INSERT INTO Plants(ID, familyID, name) VALUES(1985, 379, 'usumacintensis');
INSERT INTO Plants(ID, familyID, name) VALUES(1986, 379, 'willardiana');
INSERT INTO Families(ID, typeID, name) VALUES(380, 1, 'Microlobius');
INSERT INTO Plants(ID, familyID, name) VALUES(1987, 380, 'foetidus');
INSERT INTO Families(ID, typeID, name) VALUES(381, 1, 'Mimosa');
INSERT INTO Plants(ID, familyID, name) VALUES(1988, 381, 'colombiana');
INSERT INTO Plants(ID, familyID, name) VALUES(1989, 381, 'guilandinae');
INSERT INTO Plants(ID, familyID, name) VALUES(1990, 381, 'irrigua');
INSERT INTO Plants(ID, familyID, name) VALUES(1991, 381, 'lepidophora');
INSERT INTO Plants(ID, familyID, name) VALUES(1992, 381, 'myriadena');
INSERT INTO Plants(ID, familyID, name) VALUES(1993, 381, 'nothacacia');
INSERT INTO Plants(ID, familyID, name) VALUES(1994, 381, 'pithecolobioides');
INSERT INTO Plants(ID, familyID, name) VALUES(1995, 381, 'revoluta');
INSERT INTO Plants(ID, familyID, name) VALUES(1996, 381, 'rufescens');
INSERT INTO Plants(ID, familyID, name) VALUES(1997, 381, 'townsendii');
INSERT INTO Plants(ID, familyID, name) VALUES(1998, 381, 'watsonii');
INSERT INTO Plants(ID, familyID, name) VALUES(1999, 381, 'xanthocentra');
INSERT INTO Families(ID, typeID, name) VALUES(382, 1, 'Mimozyganthus');
INSERT INTO Plants(ID, familyID, name) VALUES(2000, 382, 'sp.');
INSERT INTO Families(ID, typeID, name) VALUES(383, 1, 'Momoschisma');
INSERT INTO Plants(ID, familyID, name) VALUES(2001, 383, 'sp.');
INSERT INTO Families(ID, typeID, name) VALUES(384, 4, 'Monoptera');
INSERT INTO Plants(ID, familyID, name) VALUES(2002, 384, 'angustifolia');
INSERT INTO Plants(ID, familyID, name) VALUES(2003, 384, 'uaucu');
INSERT INTO Families(ID, typeID, name) VALUES(385, 7, 'Mucuna');
INSERT INTO Plants(ID, familyID, name) VALUES(2004, 385, 'gigantea');
INSERT INTO Plants(ID, familyID, name) VALUES(2005, 385, 'pruriens');
INSERT INTO Families(ID, typeID, name) VALUES(386, 1, 'Neptunia');
INSERT INTO Plants(ID, familyID, name) VALUES(2006, 386, 'plena');
INSERT INTO Families(ID, typeID, name) VALUES(387, 1, 'Newtonia');
INSERT INTO Plants(ID, familyID, name) VALUES(2007, 387, 'sp.');
INSERT INTO Families(ID, typeID, name) VALUES(388, 1, 'Parapiptadenia');
INSERT INTO Plants(ID, familyID, name) VALUES(2008, 388, 'aff. zehntneri');
INSERT INTO Plants(ID, familyID, name) VALUES(2009, 388, 'excelsa');
INSERT INTO Plants(ID, familyID, name) VALUES(2010, 388, 'sp.');
INSERT INTO Plants(ID, familyID, name) VALUES(2011, 388, 'zehntneri');
INSERT INTO Families(ID, typeID, name) VALUES(389, 3, 'Parkia');
INSERT INTO Plants(ID, familyID, name) VALUES(2012, 389, 'auriculata');
INSERT INTO Plants(ID, familyID, name) VALUES(2013, 389, 'bicolor');
INSERT INTO Plants(ID, familyID, name) VALUES(2014, 389, 'biglobosa');
INSERT INTO Plants(ID, familyID, name) VALUES(2015, 389, 'decussata');
INSERT INTO Plants(ID, familyID, name) VALUES(2016, 389, 'discolor');
INSERT INTO Plants(ID, familyID, name) VALUES(2017, 389, 'filicoidea');
INSERT INTO Plants(ID, familyID, name) VALUES(2018, 389, 'javanica');
INSERT INTO Plants(ID, familyID, name) VALUES(2019, 389, 'madagascariensis');
INSERT INTO Plants(ID, familyID, name) VALUES(2020, 389, 'nitida');
INSERT INTO Plants(ID, familyID, name) VALUES(2021, 389, 'oppositifolia');
INSERT INTO Plants(ID, familyID, name) VALUES(2022, 389, 'paraensis');
INSERT INTO Plants(ID, familyID, name) VALUES(2023, 389, 'pectinata');
INSERT INTO Plants(ID, familyID, name) VALUES(2024, 389, 'pendula');
INSERT INTO Plants(ID, familyID, name) VALUES(2025, 389, 'singularis');
INSERT INTO Plants(ID, familyID, name) VALUES(2026, 389, 'sp. ');
INSERT INTO Plants(ID, familyID, name) VALUES(2027, 389, 'streptocarpa');
INSERT INTO Plants(ID, familyID, name) VALUES(2028, 389, 'ulei');
INSERT INTO Families(ID, typeID, name) VALUES(390, 1, 'Pellegriniodendron');
INSERT INTO Plants(ID, familyID, name) VALUES(2029, 390, 'sp.');
INSERT INTO Families(ID, typeID, name) VALUES(391, 1, 'Pentaclethra');
INSERT INTO Plants(ID, familyID, name) VALUES(2030, 391, 'macroloba');
INSERT INTO Families(ID, typeID, name) VALUES(392, 1, 'Phaseolus');
INSERT INTO Plants(ID, familyID, name) VALUES(2031, 392, 'angularis');
INSERT INTO Plants(ID, familyID, name) VALUES(2032, 392, 'atropurpureus');
INSERT INTO Plants(ID, familyID, name) VALUES(2033, 392, 'calcaratus');
INSERT INTO Plants(ID, familyID, name) VALUES(2034, 392, 'caracalla');
INSERT INTO Plants(ID, familyID, name) VALUES(2035, 392, 'lunatus');
INSERT INTO Plants(ID, familyID, name) VALUES(2036, 392, 'multiflorus');
INSERT INTO Plants(ID, familyID, name) VALUES(2037, 392, 'nipponensis');
INSERT INTO Plants(ID, familyID, name) VALUES(2038, 392, 'radiatus');
INSERT INTO Plants(ID, familyID, name) VALUES(2039, 392, 'vividissimus');
INSERT INTO Plants(ID, familyID, name) VALUES(2040, 392, 'vulgaris');
INSERT INTO Families(ID, typeID, name) VALUES(393, 1, 'Physostigma');
INSERT INTO Plants(ID, familyID, name) VALUES(2041, 393, 'sp.');
INSERT INTO Families(ID, typeID, name) VALUES(394, 1, 'Piptadenia');
INSERT INTO Plants(ID, familyID, name) VALUES(2042, 394, 'adiantoides');
INSERT INTO Plants(ID, familyID, name) VALUES(2043, 394, 'buchtienii');
INSERT INTO Plants(ID, familyID, name) VALUES(2044, 394, 'flava');
INSERT INTO Plants(ID, familyID, name) VALUES(2045, 394, 'foederale');
INSERT INTO Plants(ID, familyID, name) VALUES(2046, 394, 'gonoacantha');
INSERT INTO Plants(ID, familyID, name) VALUES(2047, 394, 'leucoxylon');
INSERT INTO Plants(ID, familyID, name) VALUES(2048, 394, 'stipulacea');
INSERT INTO Plants(ID, familyID, name) VALUES(2049, 394, 'trisperma');
INSERT INTO Plants(ID, familyID, name) VALUES(2050, 394, 'viridiflora');
INSERT INTO Families(ID, typeID, name) VALUES(395, 4, 'Pithecellobium');
INSERT INTO Plants(ID, familyID, name) VALUES(2051, 395, 'barbourianum');
INSERT INTO Plants(ID, familyID, name) VALUES(2052, 395, 'brevifolium');
INSERT INTO Plants(ID, familyID, name) VALUES(2053, 395, 'clypearia');
INSERT INTO Plants(ID, familyID, name) VALUES(2054, 395, 'dinizzi');
INSERT INTO Plants(ID, familyID, name) VALUES(2055, 395, 'diversifolium');
INSERT INTO Plants(ID, familyID, name) VALUES(2056, 395, 'dulse');
INSERT INTO Plants(ID, familyID, name) VALUES(2057, 395, 'hymenaefolium');
INSERT INTO Plants(ID, familyID, name) VALUES(2058, 395, 'hystrix');
INSERT INTO Plants(ID, familyID, name) VALUES(2059, 395, 'lingustrinum');
INSERT INTO Plants(ID, familyID, name) VALUES(2060, 395, 'longifolium');
INSERT INTO Plants(ID, familyID, name) VALUES(2061, 395, 'macradenium');
INSERT INTO Plants(ID, familyID, name) VALUES(2062, 395, 'rufescens');
INSERT INTO Plants(ID, familyID, name) VALUES(2063, 395, 'saman');
INSERT INTO Plants(ID, familyID, name) VALUES(2064, 395, 'unguis-cati');
INSERT INTO Families(ID, typeID, name) VALUES(396, 1, 'Pityrocarpa');
INSERT INTO Plants(ID, familyID, name) VALUES(2065, 396, 'moniliformis');
INSERT INTO Plants(ID, familyID, name) VALUES(2066, 396, 'obliqua');
INSERT INTO Families(ID, typeID, name) VALUES(397, 1, 'Plathymenia');
INSERT INTO Plants(ID, familyID, name) VALUES(2067, 397, 'ptadenia');
INSERT INTO Plants(ID, familyID, name) VALUES(2068, 397, 'reticulata');
INSERT INTO Plants(ID, familyID, name) VALUES(2069, 397, 'sp.');
INSERT INTO Families(ID, typeID, name) VALUES(398, 4, 'Poinciana');
INSERT INTO Plants(ID, familyID, name) VALUES(2070, 398, 'regia');
INSERT INTO Families(ID, typeID, name) VALUES(399, 1, 'Poincianella');
INSERT INTO Plants(ID, familyID, name) VALUES(2071, 399, 'bracteosa');
INSERT INTO Plants(ID, familyID, name) VALUES(2072, 399, 'gardeneriana');
INSERT INTO Families(ID, typeID, name) VALUES(400, 1, 'Prosopidastrum');
INSERT INTO Plants(ID, familyID, name) VALUES(2073, 400, 'sp.');
INSERT INTO Families(ID, typeID, name) VALUES(401, 4, 'Prosopis');
INSERT INTO Plants(ID, familyID, name) VALUES(2074, 401, 'juliflora');
INSERT INTO Plants(ID, familyID, name) VALUES(2075, 401, 'pallida');
INSERT INTO Families(ID, typeID, name) VALUES(402, 1, 'Pseudoentada');
INSERT INTO Plants(ID, familyID, name) VALUES(2076, 402, 'sp.');
INSERT INTO Families(ID, typeID, name) VALUES(403, 1, 'Pseudopiptadenia');
INSERT INTO Plants(ID, familyID, name) VALUES(2077, 403, 'psilostachya');
INSERT INTO Plants(ID, familyID, name) VALUES(2078, 403, 'suaveolens');
INSERT INTO Families(ID, typeID, name) VALUES(404, 1, 'Psygostigma');
INSERT INTO Plants(ID, familyID, name) VALUES(2079, 404, 'sp.');
INSERT INTO Families(ID, typeID, name) VALUES(405, 7, 'Pueraria');
INSERT INTO Plants(ID, familyID, name) VALUES(2080, 405, 'montana');
INSERT INTO Plants(ID, familyID, name) VALUES(2081, 405, 'sp.');
INSERT INTO Families(ID, typeID, name) VALUES(406, 1, 'Rhynchosia');
INSERT INTO Plants(ID, familyID, name) VALUES(2082, 406, 'capitata');
INSERT INTO Plants(ID, familyID, name) VALUES(2083, 406, 'falconi');
INSERT INTO Plants(ID, familyID, name) VALUES(2084, 406, 'minima');
INSERT INTO Plants(ID, familyID, name) VALUES(2085, 406, 'nummularia');
INSERT INTO Families(ID, typeID, name) VALUES(407, 4, 'Robinia');
INSERT INTO Plants(ID, familyID, name) VALUES(2086, 407, 'pseudo-acacia');
INSERT INTO Plants(ID, familyID, name) VALUES(2087, 407, 'sp.');
INSERT INTO Families(ID, typeID, name) VALUES(408, 1, 'Samanea');
INSERT INTO Plants(ID, familyID, name) VALUES(2088, 408, 'dinklagei');
INSERT INTO Families(ID, typeID, name) VALUES(409, 3, 'Senegalia');
INSERT INTO Plants(ID, familyID, name) VALUES(2089, 409, 'bonariensis');
INSERT INTO Plants(ID, familyID, name) VALUES(2090, 409, 'catechu');
INSERT INTO Plants(ID, familyID, name) VALUES(2091, 409, 'etilis');
INSERT INTO Plants(ID, familyID, name) VALUES(2092, 409, 'kelloggiana');
INSERT INTO Plants(ID, familyID, name) VALUES(2093, 409, 'klugii');
INSERT INTO Plants(ID, familyID, name) VALUES(2094, 409, 'macbridei');
INSERT INTO Plants(ID, familyID, name) VALUES(2095, 409, 'modesta');
INSERT INTO Plants(ID, familyID, name) VALUES(2096, 409, 'monacantha');
INSERT INTO Plants(ID, familyID, name) VALUES(2097, 409, 'polyphylla');
INSERT INTO Plants(ID, familyID, name) VALUES(2098, 409, 'praecox');
INSERT INTO Plants(ID, familyID, name) VALUES(2099, 409, 'riparia');
INSERT INTO Plants(ID, familyID, name) VALUES(2100, 409, 'velutina');
INSERT INTO Plants(ID, familyID, name) VALUES(2101, 409, 'visco');
INSERT INTO Families(ID, typeID, name) VALUES(410, 1, 'Senna');
INSERT INTO Plants(ID, familyID, name) VALUES(2102, 410, 'acclinis');
INSERT INTO Plants(ID, familyID, name) VALUES(2103, 410, 'aciphylla');
INSERT INTO Plants(ID, familyID, name) VALUES(2104, 410, 'acuparata');
INSERT INTO Plants(ID, familyID, name) VALUES(2105, 410, 'acuruensis');
INSERT INTO Plants(ID, familyID, name) VALUES(2106, 410, 'affinis');
INSERT INTO Plants(ID, familyID, name) VALUES(2107, 410, 'angulata');
INSERT INTO Plants(ID, familyID, name) VALUES(2108, 410, 'angustisiliqua');
INSERT INTO Plants(ID, familyID, name) VALUES(2109, 410, 'aphylla');
INSERT INTO Plants(ID, familyID, name) VALUES(2110, 410, 'apiculata');
INSERT INTO Plants(ID, familyID, name) VALUES(2111, 410, 'apisdoneura');
INSERT INTO Plants(ID, familyID, name) VALUES(2112, 410, 'araucarietorum');
INSERT INTO Plants(ID, familyID, name) VALUES(2113, 410, 'argentea');
INSERT INTO Plants(ID, familyID, name) VALUES(2114, 410, 'arida');
INSERT INTO Plants(ID, familyID, name) VALUES(2115, 410, 'aristeguietae');
INSERT INTO Plants(ID, familyID, name) VALUES(2116, 410, 'armata');
INSERT INTO Plants(ID, familyID, name) VALUES(2117, 410, 'arnottiana');
INSERT INTO Plants(ID, familyID, name) VALUES(2118, 410, 'artemisioides');
INSERT INTO Plants(ID, familyID, name) VALUES(2119, 410, 'aurantia');
INSERT INTO Plants(ID, familyID, name) VALUES(2120, 410, 'australis');
INSERT INTO Plants(ID, familyID, name) VALUES(2121, 410, 'aversiflora');
INSERT INTO Plants(ID, familyID, name) VALUES(2122, 410, 'aymara');
INSERT INTO Plants(ID, familyID, name) VALUES(2123, 410, 'bacillaris');
INSERT INTO Plants(ID, familyID, name) VALUES(2124, 410, 'barclayana');
INSERT INTO Plants(ID, familyID, name) VALUES(2125, 410, 'bauhiniodes');
INSERT INTO Plants(ID, familyID, name) VALUES(2126, 410, 'benitoensis');
INSERT INTO Plants(ID, familyID, name) VALUES(2127, 410, 'bicapsularis');
INSERT INTO Plants(ID, familyID, name) VALUES(2128, 410, 'birostris');
INSERT INTO Plants(ID, familyID, name) VALUES(2129, 410, 'brongniartii');
INSERT INTO Plants(ID, familyID, name) VALUES(2130, 410, 'burkatiana');
INSERT INTO Plants(ID, familyID, name) VALUES(2131, 410, 'cajamarcae');
INSERT INTO Plants(ID, familyID, name) VALUES(2132, 410, 'cana');
INSERT INTO Plants(ID, familyID, name) VALUES(2133, 410, 'candolleana');
INSERT INTO Plants(ID, familyID, name) VALUES(2134, 410, 'cardiosperma');
INSERT INTO Plants(ID, familyID, name) VALUES(2135, 410, 'caudata');
INSERT INTO Plants(ID, familyID, name) VALUES(2136, 410, 'cernua');
INSERT INTO Plants(ID, familyID, name) VALUES(2137, 410, 'chacoensis');
INSERT INTO Plants(ID, familyID, name) VALUES(2138, 410, 'chloroclada');
INSERT INTO Plants(ID, familyID, name) VALUES(2139, 410, 'chrysocarpa');
INSERT INTO Plants(ID, familyID, name) VALUES(2140, 410, 'cobanensis');
INSERT INTO Plants(ID, familyID, name) VALUES(2141, 410, 'collicola');
INSERT INTO Plants(ID, familyID, name) VALUES(2142, 410, 'confinis');
INSERT INTO Plants(ID, familyID, name) VALUES(2143, 410, 'cornigera');
INSERT INTO Plants(ID, familyID, name) VALUES(2144, 410, 'coronilloides');
INSERT INTO Plants(ID, familyID, name) VALUES(2145, 410, 'corymbosa');
INSERT INTO Plants(ID, familyID, name) VALUES(2146, 410, 'covesii');
INSERT INTO Plants(ID, familyID, name) VALUES(2147, 410, 'crassiramea');
INSERT INTO Plants(ID, familyID, name) VALUES(2148, 410, 'crotalarioides');
INSERT INTO Plants(ID, familyID, name) VALUES(2149, 410, 'cruckshanksii');
INSERT INTO Plants(ID, familyID, name) VALUES(2150, 410, 'cuatrecasasii');
INSERT INTO Plants(ID, familyID, name) VALUES(2151, 410, 'cumingii');
INSERT INTO Plants(ID, familyID, name) VALUES(2152, 410, 'dariensis');
INSERT INTO Plants(ID, familyID, name) VALUES(2153, 410, 'demissa');
INSERT INTO Plants(ID, familyID, name) VALUES(2154, 410, 'durangensis');
INSERT INTO Plants(ID, familyID, name) VALUES(2155, 410, 'foetidissima');
INSERT INTO Plants(ID, familyID, name) VALUES(2156, 410, 'formosa');
INSERT INTO Plants(ID, familyID, name) VALUES(2157, 410, 'fruiticosa');
INSERT INTO Plants(ID, familyID, name) VALUES(2158, 410, 'gardneri');
INSERT INTO Plants(ID, familyID, name) VALUES(2159, 410, 'georgica');
INSERT INTO Plants(ID, familyID, name) VALUES(2160, 410, 'glutinosa');
INSERT INTO Plants(ID, familyID, name) VALUES(2161, 410, 'guatemalensis');
INSERT INTO Plants(ID, familyID, name) VALUES(2162, 410, 'harleyi');
INSERT INTO Plants(ID, familyID, name) VALUES(2163, 410, 'hayesiana');
INSERT INTO Plants(ID, familyID, name) VALUES(2164, 410, 'hebecarpa');
INSERT INTO Plants(ID, familyID, name) VALUES(2165, 410, 'herzogii');
INSERT INTO Plants(ID, familyID, name) VALUES(2166, 410, 'hilariana');
INSERT INTO Plants(ID, familyID, name) VALUES(2167, 410, 'hirsuta');
INSERT INTO Plants(ID, familyID, name) VALUES(2168, 410, 'holwayana');
INSERT INTO Plants(ID, familyID, name) VALUES(2169, 410, 'huancabambae');
INSERT INTO Plants(ID, familyID, name) VALUES(2170, 410, 'huilana');
INSERT INTO Plants(ID, familyID, name) VALUES(2171, 410, 'incarnata');
INSERT INTO Plants(ID, familyID, name) VALUES(2172, 410, 'insularis');
INSERT INTO Plants(ID, familyID, name) VALUES(2173, 410, 'itatiaiae');
INSERT INTO Plants(ID, familyID, name) VALUES(2174, 410, 'koelziana');
INSERT INTO Plants(ID, familyID, name) VALUES(2175, 410, 'kuhlmanii');
INSERT INTO Plants(ID, familyID, name) VALUES(2176, 410, 'kurtzii');
INSERT INTO Plants(ID, familyID, name) VALUES(2177, 410, 'lasseingniana');
INSERT INTO Plants(ID, familyID, name) VALUES(2178, 410, 'latifolia');
INSERT INTO Plants(ID, familyID, name) VALUES(2179, 410, 'lechriosperma');
INSERT INTO Plants(ID, familyID, name) VALUES(2180, 410, 'leiophylla');
INSERT INTO Plants(ID, familyID, name) VALUES(2181, 410, 'ligustrina');
INSERT INTO Plants(ID, familyID, name) VALUES(2182, 410, 'lindheimeriana');
INSERT INTO Plants(ID, familyID, name) VALUES(2183, 410, 'longiglandulosa');
INSERT INTO Plants(ID, familyID, name) VALUES(2184, 410, 'loretensis');
INSERT INTO Plants(ID, familyID, name) VALUES(2185, 410, 'lourteigiana');
INSERT INTO Plants(ID, familyID, name) VALUES(2186, 410, 'macranthera');
INSERT INTO Plants(ID, familyID, name) VALUES(2187, 410, 'macrophylla');
INSERT INTO Plants(ID, familyID, name) VALUES(2188, 410, 'malspinae');
INSERT INTO Plants(ID, familyID, name) VALUES(2189, 410, 'mandoni');
INSERT INTO Plants(ID, familyID, name) VALUES(2190, 410, 'marilandica');
INSERT INTO Plants(ID, familyID, name) VALUES(2191, 410, 'mensicola');
INSERT INTO Plants(ID, familyID, name) VALUES(2192, 410, 'mexicana');
INSERT INTO Plants(ID, familyID, name) VALUES(2193, 410, 'morongii');
INSERT INTO Plants(ID, familyID, name) VALUES(2194, 410, 'mucronifera');
INSERT INTO Plants(ID, familyID, name) VALUES(2195, 410, 'multifoliata');
INSERT INTO Plants(ID, familyID, name) VALUES(2196, 410, 'multiglandulosa');
INSERT INTO Plants(ID, familyID, name) VALUES(2197, 410, 'multijuga');
INSERT INTO Plants(ID, familyID, name) VALUES(2198, 410, 'mutisiana');
INSERT INTO Plants(ID, familyID, name) VALUES(2199, 410, 'nana');
INSERT INTO Plants(ID, familyID, name) VALUES(2200, 410, 'neglecta');
INSERT INTO Plants(ID, familyID, name) VALUES(2201, 410, 'nitida');
INSERT INTO Plants(ID, familyID, name) VALUES(2202, 410, 'obliqua');
INSERT INTO Plants(ID, familyID, name) VALUES(2203, 410, 'oblongifolia');
INSERT INTO Plants(ID, familyID, name) VALUES(2204, 410, 'obtusifolia');
INSERT INTO Plants(ID, familyID, name) VALUES(2205, 410, 'occidentalis');
INSERT INTO Plants(ID, familyID, name) VALUES(2206, 410, 'odorata');
INSERT INTO Plants(ID, familyID, name) VALUES(2207, 410, 'oligoclada');
INSERT INTO Plants(ID, familyID, name) VALUES(2208, 410, 'orcuttii');
INSERT INTO Plants(ID, familyID, name) VALUES(2209, 410, 'organesis');
INSERT INTO Plants(ID, familyID, name) VALUES(2210, 410, 'oxyphylla');
INSERT INTO Plants(ID, familyID, name) VALUES(2211, 410, 'pallida');
INSERT INTO Plants(ID, familyID, name) VALUES(2212, 410, 'papillosa');
INSERT INTO Plants(ID, familyID, name) VALUES(2213, 410, 'paraensis');
INSERT INTO Plants(ID, familyID, name) VALUES(2214, 410, 'pendula');
INSERT INTO Plants(ID, familyID, name) VALUES(2215, 410, 'pentagonia');
INSERT INTO Plants(ID, familyID, name) VALUES(2216, 410, 'phlebadenia');
INSERT INTO Plants(ID, familyID, name) VALUES(2217, 410, 'pilifera');
INSERT INTO Plants(ID, familyID, name) VALUES(2218, 410, 'pilosior');
INSERT INTO Plants(ID, familyID, name) VALUES(2219, 410, 'pinheiroi');
INSERT INTO Plants(ID, familyID, name) VALUES(2220, 410, 'pneumatica');
INSERT INTO Plants(ID, familyID, name) VALUES(2221, 410, 'polyphylla');
INSERT INTO Plants(ID, familyID, name) VALUES(2222, 410, 'praeterita');
INSERT INTO Plants(ID, familyID, name) VALUES(2223, 410, 'pumilio');
INSERT INTO Plants(ID, familyID, name) VALUES(2224, 410, 'punoensis');
INSERT INTO Plants(ID, familyID, name) VALUES(2225, 410, 'purpusii');
INSERT INTO Plants(ID, familyID, name) VALUES(2226, 410, 'quinquangulata');
INSERT INTO Plants(ID, familyID, name) VALUES(2227, 410, 'reniformis');
INSERT INTO Plants(ID, familyID, name) VALUES(2228, 410, 'rigida');
INSERT INTO Plants(ID, familyID, name) VALUES(2229, 410, 'ripleyana');
INSERT INTO Plants(ID, familyID, name) VALUES(2230, 410, 'rizzinii');
INSERT INTO Plants(ID, familyID, name) VALUES(2231, 410, 'robiniifolia');
INSERT INTO Plants(ID, familyID, name) VALUES(2232, 410, 'roemeriana');
INSERT INTO Plants(ID, familyID, name) VALUES(2233, 410, 'rostrata');
INSERT INTO Plants(ID, familyID, name) VALUES(2234, 410, 'rugosa');
INSERT INTO Plants(ID, familyID, name) VALUES(2235, 410, 'ruiziana');
INSERT INTO Plants(ID, familyID, name) VALUES(2236, 410, 'rupununientsis');
INSERT INTO Plants(ID, familyID, name) VALUES(2237, 410, 'santenderensis');
INSERT INTO Plants(ID, familyID, name) VALUES(2238, 410, 'scabriuscula');
INSERT INTO Plants(ID, familyID, name) VALUES(2239, 410, 'scandens');
INSERT INTO Plants(ID, familyID, name) VALUES(2240, 410, 'septemtrionalis');
INSERT INTO Plants(ID, familyID, name) VALUES(2241, 410, 'skinneri');
INSERT INTO Plants(ID, familyID, name) VALUES(2242, 410, 'smithiana');
INSERT INTO Plants(ID, familyID, name) VALUES(2243, 410, 'sophora');
INSERT INTO Plants(ID, familyID, name) VALUES(2244, 410, 'spinescens');
INSERT INTO Plants(ID, familyID, name) VALUES(2245, 410, 'splendida');
INSERT INTO Plants(ID, familyID, name) VALUES(2246, 410, 'stenocarpoides');
INSERT INTO Plants(ID, familyID, name) VALUES(2247, 410, 'stenophylla');
INSERT INTO Plants(ID, familyID, name) VALUES(2248, 410, 'stipulaceae');
INSERT INTO Plants(ID, familyID, name) VALUES(2249, 410, 'subtrijuga');
INSERT INTO Plants(ID, familyID, name) VALUES(2250, 410, 'subulata');
INSERT INTO Plants(ID, familyID, name) VALUES(2251, 410, 'sulfurae');
INSERT INTO Plants(ID, familyID, name) VALUES(2252, 410, 'surattensis');
INSERT INTO Plants(ID, familyID, name) VALUES(2253, 410, 'talpana');
INSERT INTO Plants(ID, familyID, name) VALUES(2254, 410, 'tapajozensis');
INSERT INTO Plants(ID, familyID, name) VALUES(2255, 410, 'tenufolia');
INSERT INTO Plants(ID, familyID, name) VALUES(2256, 410, 'tonduzii');
INSERT INTO Plants(ID, familyID, name) VALUES(2257, 410, 'trachypus');
INSERT INTO Plants(ID, familyID, name) VALUES(2258, 410, 'tranae');
INSERT INTO Plants(ID, familyID, name) VALUES(2259, 410, 'trolliiflora');
INSERT INTO Plants(ID, familyID, name) VALUES(2260, 410, 'tropica');
INSERT INTO Plants(ID, familyID, name) VALUES(2261, 410, 'uncata');
INSERT INTO Plants(ID, familyID, name) VALUES(2262, 410, 'undulata');
INSERT INTO Plants(ID, familyID, name) VALUES(2263, 410, 'uniflora');
INSERT INTO Plants(ID, familyID, name) VALUES(2264, 410, 'urmenetae');
INSERT INTO Plants(ID, familyID, name) VALUES(2265, 410, 'vargasii');
INSERT INTO Plants(ID, familyID, name) VALUES(2266, 410, 'velutina');
INSERT INTO Plants(ID, familyID, name) VALUES(2267, 410, 'versicolor');
INSERT INTO Plants(ID, familyID, name) VALUES(2268, 410, 'viciifolia');
INSERT INTO Plants(ID, familyID, name) VALUES(2269, 410, 'villosa');
INSERT INTO Plants(ID, familyID, name) VALUES(2270, 410, 'viminea');
INSERT INTO Plants(ID, familyID, name) VALUES(2271, 410, 'weddelliana');
INSERT INTO Plants(ID, familyID, name) VALUES(2272, 410, 'williamsii');
INSERT INTO Families(ID, typeID, name) VALUES(411, 1, 'Serianthes');
INSERT INTO Plants(ID, familyID, name) VALUES(2273, 411, 'sachetae');
INSERT INTO Plants(ID, familyID, name) VALUES(2274, 411, 'sp.');
INSERT INTO Families(ID, typeID, name) VALUES(412, 1, 'Sesbania');
INSERT INTO Plants(ID, familyID, name) VALUES(2275, 412, 'sp.');
INSERT INTO Families(ID, typeID, name) VALUES(413, 1, 'Stachyothyrsus');
INSERT INTO Plants(ID, familyID, name) VALUES(2276, 413, 'stapfiana');
INSERT INTO Families(ID, typeID, name) VALUES(414, 1, 'Stryphnodendron');
INSERT INTO Plants(ID, familyID, name) VALUES(2277, 414, 'adstringens');
INSERT INTO Plants(ID, familyID, name) VALUES(2278, 414, 'microstachyum');
INSERT INTO Plants(ID, familyID, name) VALUES(2279, 414, 'moricolor');
INSERT INTO Plants(ID, familyID, name) VALUES(2280, 414, 'obovatum');
INSERT INTO Plants(ID, familyID, name) VALUES(2281, 414, 'occhionianum');
INSERT INTO Plants(ID, familyID, name) VALUES(2282, 414, 'paniculatum');
INSERT INTO Plants(ID, familyID, name) VALUES(2283, 414, 'polyphyllum');
INSERT INTO Plants(ID, familyID, name) VALUES(2284, 414, 'sp.');
INSERT INTO Families(ID, typeID, name) VALUES(415, 1, 'Tachigalia');
INSERT INTO Plants(ID, familyID, name) VALUES(2285, 415, 'sp.');
INSERT INTO Families(ID, typeID, name) VALUES(416, 4, 'Vachellia');
INSERT INTO Plants(ID, familyID, name) VALUES(2286, 416, 'albicorticata');
INSERT INTO Plants(ID, familyID, name) VALUES(2287, 416, 'aroma');
INSERT INTO Plants(ID, familyID, name) VALUES(2288, 416, 'astringens');
INSERT INTO Plants(ID, familyID, name) VALUES(2289, 416, 'baessleria');
INSERT INTO Plants(ID, familyID, name) VALUES(2290, 416, 'bravoensis');
INSERT INTO Plants(ID, familyID, name) VALUES(2291, 416, 'californica');
INSERT INTO Plants(ID, familyID, name) VALUES(2292, 416, 'campechiana');
INSERT INTO Plants(ID, familyID, name) VALUES(2293, 416, 'caven');
INSERT INTO Plants(ID, familyID, name) VALUES(2294, 416, 'daemon');
INSERT INTO Plants(ID, familyID, name) VALUES(2295, 416, 'drepanolobium');
INSERT INTO Plants(ID, familyID, name) VALUES(2296, 416, 'eburnea');
INSERT INTO Plants(ID, familyID, name) VALUES(2297, 416, 'macracantha');
INSERT INTO Plants(ID, familyID, name) VALUES(2298, 416, 'nilotica');
INSERT INTO Plants(ID, familyID, name) VALUES(2299, 416, 'tortuosa');
INSERT INTO Plants(ID, familyID, name) VALUES(2300, 416, 'villaregalis');
INSERT INTO Families(ID, typeID, name) VALUES(417, 1, 'Vicia');
INSERT INTO Plants(ID, familyID, name) VALUES(2301, 417, '27 spp.');
INSERT INTO Plants(ID, familyID, name) VALUES(2302, 417, 'angustifolia');
INSERT INTO Plants(ID, familyID, name) VALUES(2303, 417, 'cracca');
INSERT INTO Plants(ID, familyID, name) VALUES(2304, 417, 'faba');
INSERT INTO Plants(ID, familyID, name) VALUES(2305, 417, 'glauca');
INSERT INTO Plants(ID, familyID, name) VALUES(2306, 417, 'hirsuta');
INSERT INTO Plants(ID, familyID, name) VALUES(2307, 417, 'narbonensis');
INSERT INTO Plants(ID, familyID, name) VALUES(2308, 417, 'sativa');
INSERT INTO Plants(ID, familyID, name) VALUES(2309, 417, 'sepium');
INSERT INTO Plants(ID, familyID, name) VALUES(2310, 417, 'villosa');
INSERT INTO Families(ID, typeID, name) VALUES(418, 1, 'Vigna');
INSERT INTO Plants(ID, familyID, name) VALUES(2311, 418, 'luteola');
INSERT INTO Plants(ID, familyID, name) VALUES(2312, 418, 'sesquipedalis');
INSERT INTO Plants(ID, familyID, name) VALUES(2313, 418, 'sinensis');
INSERT INTO Plants(ID, familyID, name) VALUES(2314, 418, 'unguiculata');
INSERT INTO Families(ID, typeID, name) VALUES(419, 4, 'Wallaceodendron');
INSERT INTO Plants(ID, familyID, name) VALUES(2315, 419, 'celebicum');
INSERT INTO Families(ID, typeID, name) VALUES(420, 1, 'Weberbauerella');
INSERT INTO Plants(ID, familyID, name) VALUES(2316, 420, 'celebicum');
INSERT INTO Families(ID, typeID, name) VALUES(421, 1, 'Xerocladia');
INSERT INTO Plants(ID, familyID, name) VALUES(2317, 421, 'sp.');
INSERT INTO Families(ID, typeID, name) VALUES(422, 1, 'Xylia');
INSERT INTO Plants(ID, familyID, name) VALUES(2318, 422, 'sp.');
INSERT INTO Families(ID, typeID, name) VALUES(423, 1, 'Quercus');
INSERT INTO Plants(ID, familyID, name) VALUES(2319, 423, 'alba');
INSERT INTO Plants(ID, familyID, name) VALUES(2320, 423, 'mongolica');
INSERT INTO Families(ID, typeID, name) VALUES(424, 7, 'Flagellaria');
INSERT INTO Plants(ID, familyID, name) VALUES(2321, 424, 'indica');
INSERT INTO Plants(ID, familyID, name) VALUES(2322, 424, 'sp.');
INSERT INTO Families(ID, typeID, name) VALUES(425, 1, 'Fouquieria');
INSERT INTO Plants(ID, familyID, name) VALUES(2323, 425, 'splendens');
INSERT INTO Families(ID, typeID, name) VALUES(426, 1, 'Anthocleista');
INSERT INTO Plants(ID, familyID, name) VALUES(2324, 426, 'nobilis');
INSERT INTO Families(ID, typeID, name) VALUES(427, 2, 'Calolisianthus');
INSERT INTO Plants(ID, familyID, name) VALUES(2325, 427, 'amplissimus');
INSERT INTO Plants(ID, familyID, name) VALUES(2326, 427, 'pedunculatus');
INSERT INTO Plants(ID, familyID, name) VALUES(2327, 427, 'pendulus');
INSERT INTO Plants(ID, familyID, name) VALUES(2328, 427, 'speciosus');
INSERT INTO Families(ID, typeID, name) VALUES(428, 1, 'Chelonanthus');
INSERT INTO Plants(ID, familyID, name) VALUES(2329, 428, 'acutangulus');
INSERT INTO Plants(ID, familyID, name) VALUES(2330, 428, 'alata');
INSERT INTO Plants(ID, familyID, name) VALUES(2331, 428, 'alatus');
INSERT INTO Plants(ID, familyID, name) VALUES(2332, 428, 'angustifolius');
INSERT INTO Plants(ID, familyID, name) VALUES(2333, 428, 'grandiflorus');
INSERT INTO Plants(ID, familyID, name) VALUES(2334, 428, 'purpurascens');
INSERT INTO Plants(ID, familyID, name) VALUES(2335, 428, 'viridiflorus');
INSERT INTO Families(ID, typeID, name) VALUES(429, 1, 'Coutoubea');
INSERT INTO Plants(ID, familyID, name) VALUES(2336, 429, 'ramosa');
INSERT INTO Plants(ID, familyID, name) VALUES(2337, 429, 'spicata');
INSERT INTO Families(ID, typeID, name) VALUES(430, 1, 'Curtia');
INSERT INTO Plants(ID, familyID, name) VALUES(2338, 430, 'conferta');
INSERT INTO Plants(ID, familyID, name) VALUES(2339, 430, 'diffusa');
INSERT INTO Plants(ID, familyID, name) VALUES(2340, 430, 'tenella');
INSERT INTO Plants(ID, familyID, name) VALUES(2341, 430, 'verticillaris');
INSERT INTO Families(ID, typeID, name) VALUES(431, 1, 'Deinanira');
INSERT INTO Plants(ID, familyID, name) VALUES(2342, 431, 'damazioi');
INSERT INTO Families(ID, typeID, name) VALUES(432, 1, 'Helia');
INSERT INTO Plants(ID, familyID, name) VALUES(2343, 432, 'oblongifolia');
INSERT INTO Families(ID, typeID, name) VALUES(433, 1, 'Helia ');
INSERT INTO Plants(ID, familyID, name) VALUES(2344, 433, 'brevifolia');
INSERT INTO Families(ID, typeID, name) VALUES(434, 1, 'Hockinia');
INSERT INTO Plants(ID, familyID, name) VALUES(2345, 434, 'montana');
INSERT INTO Families(ID, typeID, name) VALUES(435, 1, 'Irlbachia');
INSERT INTO Plants(ID, familyID, name) VALUES(2346, 435, 'pendunculata');
INSERT INTO Families(ID, typeID, name) VALUES(436, 1, 'Macrocarpaea');
INSERT INTO Plants(ID, familyID, name) VALUES(2347, 436, 'Caerulescens');
INSERT INTO Plants(ID, familyID, name) VALUES(2348, 436, 'glaziovii');
INSERT INTO Plants(ID, familyID, name) VALUES(2349, 436, 'obtusifolia');
INSERT INTO Plants(ID, familyID, name) VALUES(2350, 436, 'rubia');
INSERT INTO Families(ID, typeID, name) VALUES(437, 1, 'Rogersonanthus');
INSERT INTO Plants(ID, familyID, name) VALUES(2351, 437, 'quelchii');
INSERT INTO Families(ID, typeID, name) VALUES(438, 1, 'Schultesia');
INSERT INTO Plants(ID, familyID, name) VALUES(2352, 438, 'australis');
INSERT INTO Plants(ID, familyID, name) VALUES(2353, 438, 'brachyptera');
INSERT INTO Families(ID, typeID, name) VALUES(439, 1, 'Symphyllophyton');
INSERT INTO Plants(ID, familyID, name) VALUES(2354, 439, 'caprifolioides');
INSERT INTO Families(ID, typeID, name) VALUES(440, 1, 'Tapeinostemon');
INSERT INTO Plants(ID, familyID, name) VALUES(2355, 440, 'longiflorum var. longiflorum');
INSERT INTO Plants(ID, familyID, name) VALUES(2356, 440, 'spenneroides');
INSERT INTO Families(ID, typeID, name) VALUES(441, 1, 'Voyriella');
INSERT INTO Plants(ID, familyID, name) VALUES(2357, 441, 'parviflora');
INSERT INTO Families(ID, typeID, name) VALUES(442, 1, 'Codonanthe');
INSERT INTO Plants(ID, familyID, name) VALUES(2358, 442, 'crassifolia');
INSERT INTO Families(ID, typeID, name) VALUES(443, 1, 'Scaevola');
INSERT INTO Plants(ID, familyID, name) VALUES(2359, 443, 'sp.');
INSERT INTO Families(ID, typeID, name) VALUES(444, 4, 'Sacoglottis');
INSERT INTO Plants(ID, familyID, name) VALUES(2360, 444, 'gabonensis');
INSERT INTO Families(ID, typeID, name) VALUES(445, 4, 'Vantanea');
INSERT INTO Plants(ID, familyID, name) VALUES(2361, 445, 'oblongifolia');
INSERT INTO Plants(ID, familyID, name) VALUES(2362, 445, 'obovata');
INSERT INTO Families(ID, typeID, name) VALUES(446, 1, 'Hydrangea');
INSERT INTO Plants(ID, familyID, name) VALUES(2363, 446, 'sp.');
INSERT INTO Families(ID, typeID, name) VALUES(447, 1, 'Emmotum');
INSERT INTO Plants(ID, familyID, name) VALUES(2364, 447, 'sp.');
INSERT INTO Families(ID, typeID, name) VALUES(448, 2, 'Iris');
INSERT INTO Plants(ID, familyID, name) VALUES(2365, 448, 'graminea');
INSERT INTO Plants(ID, familyID, name) VALUES(2366, 448, 'haplophila');
INSERT INTO Plants(ID, familyID, name) VALUES(2367, 448, 'xyphium');
INSERT INTO Families(ID, typeID, name) VALUES(449, 4, 'Ixonanthes');
INSERT INTO Plants(ID, familyID, name) VALUES(2368, 449, 'icosandra');
INSERT INTO Families(ID, typeID, name) VALUES(450, 1, 'Hyptidendron');
INSERT INTO Plants(ID, familyID, name) VALUES(2369, 450, 'canum');
INSERT INTO Families(ID, typeID, name) VALUES(451, 6, 'Aegiphila');
INSERT INTO Plants(ID, familyID, name) VALUES(2370, 451, 'cephalophora');
INSERT INTO Plants(ID, familyID, name) VALUES(2371, 451, 'fendleri');
INSERT INTO Plants(ID, familyID, name) VALUES(2372, 451, 'lhotzkiana');
INSERT INTO Plants(ID, familyID, name) VALUES(2373, 451, 'panamensis');
INSERT INTO Plants(ID, familyID, name) VALUES(2374, 451, 'sellowiana');
INSERT INTO Families(ID, typeID, name) VALUES(452, 1, 'Amasonia');
INSERT INTO Plants(ID, familyID, name) VALUES(2375, 452, 'spp.');
INSERT INTO Families(ID, typeID, name) VALUES(453, 3, 'Callicarpa');
INSERT INTO Plants(ID, familyID, name) VALUES(2376, 453, 'acuminata');
INSERT INTO Plants(ID, familyID, name) VALUES(2377, 453, 'dichotoma');
INSERT INTO Plants(ID, familyID, name) VALUES(2378, 453, 'glabra');
INSERT INTO Plants(ID, familyID, name) VALUES(2379, 453, 'japonica');
INSERT INTO Plants(ID, familyID, name) VALUES(2380, 453, 'longifolia');
INSERT INTO Plants(ID, familyID, name) VALUES(2381, 453, 'mollis');
INSERT INTO Plants(ID, familyID, name) VALUES(2382, 453, 'nishimurae');
INSERT INTO Plants(ID, familyID, name) VALUES(2383, 453, 'reevesii');
INSERT INTO Plants(ID, familyID, name) VALUES(2384, 453, 'sp.');
INSERT INTO Plants(ID, familyID, name) VALUES(2385, 453, 'subpubescens');
INSERT INTO Families(ID, typeID, name) VALUES(454, 1, 'Clerodendrum');
INSERT INTO Plants(ID, familyID, name) VALUES(2386, 454, 'aculeatum');
INSERT INTO Plants(ID, familyID, name) VALUES(2387, 454, 'blumeanum');
INSERT INTO Plants(ID, familyID, name) VALUES(2388, 454, 'bungei');
INSERT INTO Plants(ID, familyID, name) VALUES(2389, 454, 'fallax');
INSERT INTO Plants(ID, familyID, name) VALUES(2390, 454, 'fistuolosum');
INSERT INTO Plants(ID, familyID, name) VALUES(2391, 454, 'fragrans');
INSERT INTO Plants(ID, familyID, name) VALUES(2392, 454, 'inerme');
INSERT INTO Plants(ID, familyID, name) VALUES(2393, 454, 'infortunatum');
INSERT INTO Plants(ID, familyID, name) VALUES(2394, 454, 'phyllomega');
INSERT INTO Plants(ID, familyID, name) VALUES(2395, 454, 'simplex');
INSERT INTO Plants(ID, familyID, name) VALUES(2396, 454, 'siphonathus');
INSERT INTO Plants(ID, familyID, name) VALUES(2397, 454, 'sp.');
INSERT INTO Plants(ID, familyID, name) VALUES(2398, 454, 'sp.');
INSERT INTO Plants(ID, familyID, name) VALUES(2399, 454, 'squamatum');
INSERT INTO Plants(ID, familyID, name) VALUES(2400, 454, 'tracyanum');
INSERT INTO Plants(ID, familyID, name) VALUES(2401, 454, 'trichotomum');
INSERT INTO Families(ID, typeID, name) VALUES(455, 3, 'Cornutia');
INSERT INTO Plants(ID, familyID, name) VALUES(2402, 455, 'grandiflora');
INSERT INTO Families(ID, typeID, name) VALUES(456, 1, 'Faradaya');
INSERT INTO Plants(ID, familyID, name) VALUES(2403, 456, 'papuana');
INSERT INTO Plants(ID, familyID, name) VALUES(2404, 456, 'splendida');
INSERT INTO Families(ID, typeID, name) VALUES(457, 4, 'Gmelina');
INSERT INTO Plants(ID, familyID, name) VALUES(2405, 457, 'arborea');
INSERT INTO Plants(ID, familyID, name) VALUES(2406, 457, 'asiatica');
INSERT INTO Plants(ID, familyID, name) VALUES(2407, 457, 'chinensis');
INSERT INTO Plants(ID, familyID, name) VALUES(2408, 457, 'histrix');
INSERT INTO Families(ID, typeID, name) VALUES(458, 1, 'Holmskioldia');
INSERT INTO Plants(ID, familyID, name) VALUES(2409, 458, 'sanguinea');
INSERT INTO Plants(ID, familyID, name) VALUES(2410, 458, 'sp.');
INSERT INTO Families(ID, typeID, name) VALUES(459, 1, 'Hyptis');
INSERT INTO Plants(ID, familyID, name) VALUES(2411, 459, 'capitata');
INSERT INTO Families(ID, typeID, name) VALUES(460, 1, 'Monochilus');
INSERT INTO Plants(ID, familyID, name) VALUES(2412, 460, 'spp.');
INSERT INTO Families(ID, typeID, name) VALUES(461, 4, 'Gustavia');
INSERT INTO Plants(ID, familyID, name) VALUES(2413, 461, 'superba');
INSERT INTO Plants(ID, name) VALUES(2414, 'Metcalfe and Chalk 1979');
INSERT INTO Families(ID, typeID, name) VALUES(462, 1, 'Fritillaria');
INSERT INTO Plants(ID, familyID, name) VALUES(2415, 462, 'sp.');
INSERT INTO Families(ID, typeID, name) VALUES(463, 2, 'Lilium');
INSERT INTO Plants(ID, familyID, name) VALUES(2416, 463, 'croceum');
INSERT INTO Plants(ID, familyID, name) VALUES(2417, 463, 'tigridum');
INSERT INTO Families(ID, typeID, name) VALUES(464, 2, 'Wachendorfia');
INSERT INTO Plants(ID, familyID, name) VALUES(2418, 464, 'thyrsiflora');
INSERT INTO Families(ID, typeID, name) VALUES(465, 2, 'Linum');
INSERT INTO Plants(ID, familyID, name) VALUES(2419, 465, 'campanulatum');
INSERT INTO Plants(ID, familyID, name) VALUES(2420, 465, 'macrai');
INSERT INTO Plants(ID, familyID, name) VALUES(2421, 465, 'oligophyllum');
INSERT INTO Plants(ID, familyID, name) VALUES(2422, 465, 'rigidum');
INSERT INTO Plants(ID, familyID, name) VALUES(2423, 465, 'sulcatum');
INSERT INTO Families(ID, typeID, name) VALUES(466, 2, 'Mentzelia');
INSERT INTO Plants(ID, familyID, name) VALUES(2424, 466, 'nuda');
INSERT INTO Plants(ID, familyID, name) VALUES(2425, 466, 'sp.');
INSERT INTO Plants(ID, familyID, name) VALUES(2426, 466, 'speciosa');
INSERT INTO Families(ID, typeID, name) VALUES(467, 1, 'Fagraea');
INSERT INTO Plants(ID, familyID, name) VALUES(2427, 467, 'cranifolia');
INSERT INTO Plants(ID, familyID, name) VALUES(2428, 467, 'crassifolia');
INSERT INTO Plants(ID, familyID, name) VALUES(2429, 467, 'elliptica');
INSERT INTO Plants(ID, familyID, name) VALUES(2430, 467, 'imperialis');
INSERT INTO Plants(ID, familyID, name) VALUES(2431, 467, 'lanceolata');
INSERT INTO Plants(ID, familyID, name) VALUES(2432, 467, 'litoralis');
INSERT INTO Plants(ID, familyID, name) VALUES(2433, 467, 'monantha');
INSERT INTO Plants(ID, familyID, name) VALUES(2434, 467, 'obovata');
INSERT INTO Plants(ID, familyID, name) VALUES(2435, 467, 'peregrina');
INSERT INTO Families(ID, typeID, name) VALUES(468, 1, 'Strychnos');
INSERT INTO Plants(ID, familyID, name) VALUES(2436, 468, 'sp.');
INSERT INTO Families(ID, typeID, name) VALUES(469, 4, 'Lafoensia');
INSERT INTO Plants(ID, familyID, name) VALUES(2437, 469, 'pacari');
INSERT INTO Families(ID, typeID, name) VALUES(470, 4, 'Punica');
INSERT INTO Plants(ID, familyID, name) VALUES(2438, 470, 'granatum');
INSERT INTO Families(ID, typeID, name) VALUES(471, 1, 'Acridocarpus');
INSERT INTO Plants(ID, familyID, name) VALUES(2439, 471, 'adenopharus');
INSERT INTO Plants(ID, familyID, name) VALUES(2440, 471, 'longifolius');
INSERT INTO Families(ID, typeID, name) VALUES(472, 1, 'Aspicarpa');
INSERT INTO Plants(ID, familyID, name) VALUES(2441, 472, 'sp.');
INSERT INTO Families(ID, typeID, name) VALUES(473, 1, 'Banisteriopsis');
INSERT INTO Plants(ID, familyID, name) VALUES(2442, 473, '89 spp.');
INSERT INTO Plants(ID, familyID, name) VALUES(2443, 473, 'argentea');
INSERT INTO Plants(ID, familyID, name) VALUES(2444, 473, 'campestris');
INSERT INTO Plants(ID, familyID, name) VALUES(2445, 473, 'carolina');
INSERT INTO Plants(ID, familyID, name) VALUES(2446, 473, 'cornifolia');
INSERT INTO Plants(ID, familyID, name) VALUES(2447, 473, 'laevifolia');
INSERT INTO Plants(ID, familyID, name) VALUES(2448, 473, 'mariae');
INSERT INTO Plants(ID, familyID, name) VALUES(2449, 473, 'stellaris');
INSERT INTO Families(ID, typeID, name) VALUES(474, 1, 'Bunchosia');
INSERT INTO Plants(ID, familyID, name) VALUES(2450, 474, '8 spp. beyond those listed');
INSERT INTO Plants(ID, familyID, name) VALUES(2451, 474, 'biocellata');
INSERT INTO Plants(ID, familyID, name) VALUES(2452, 474, 'glandulifera');
INSERT INTO Plants(ID, familyID, name) VALUES(2453, 474, 'gracilis');
INSERT INTO Plants(ID, familyID, name) VALUES(2454, 474, 'lindeniana');
INSERT INTO Plants(ID, familyID, name) VALUES(2455, 474, 'nitida');
INSERT INTO Families(ID, typeID, name) VALUES(475, 1, 'Burdachia');
INSERT INTO Plants(ID, familyID, name) VALUES(2456, 475, '2 spp.');
INSERT INTO Families(ID, typeID, name) VALUES(476, 4, 'Byrsonima');
INSERT INTO Plants(ID, familyID, name) VALUES(2457, 476, 'cordifolia');
INSERT INTO Plants(ID, familyID, name) VALUES(2458, 476, 'riparia');
INSERT INTO Families(ID, typeID, name) VALUES(477, 6, 'Carolus');
INSERT INTO Plants(ID, familyID, name) VALUES(2459, 477, 'anderssonii');
INSERT INTO Families(ID, typeID, name) VALUES(478, 1, 'Clonodia');
INSERT INTO Plants(ID, familyID, name) VALUES(2460, 478, 'sp.');
INSERT INTO Families(ID, typeID, name) VALUES(479, 6, 'Diplopterys');
INSERT INTO Plants(ID, familyID, name) VALUES(2461, 479, 'caberana');
INSERT INTO Plants(ID, familyID, name) VALUES(2462, 479, 'cururuënsis');
INSERT INTO Plants(ID, familyID, name) VALUES(2463, 479, 'mexicana');
INSERT INTO Plants(ID, familyID, name) VALUES(2464, 479, 'pauciflora');
INSERT INTO Plants(ID, familyID, name) VALUES(2465, 479, 'pubipetala');
INSERT INTO Families(ID, typeID, name) VALUES(480, 1, 'Galphimia');
INSERT INTO Plants(ID, familyID, name) VALUES(2466, 480, 'brasiliensis');
INSERT INTO Plants(ID, familyID, name) VALUES(2467, 480, 'gracilis');
INSERT INTO Families(ID, typeID, name) VALUES(481, 1, 'Gaudichaudia');
INSERT INTO Plants(ID, familyID, name) VALUES(2468, 481, 'sp.');
INSERT INTO Families(ID, typeID, name) VALUES(482, 1, 'Hemsleyna');
INSERT INTO Plants(ID, familyID, name) VALUES(2469, 482, 'sp.');
INSERT INTO Families(ID, typeID, name) VALUES(483, 1, 'Heteropteris');
INSERT INTO Plants(ID, familyID, name) VALUES(2470, 483, 'acutifolia');
INSERT INTO Plants(ID, familyID, name) VALUES(2471, 483, 'byrsonimifolia');
INSERT INTO Plants(ID, familyID, name) VALUES(2472, 483, 'chrysophylla');
INSERT INTO Plants(ID, familyID, name) VALUES(2473, 483, 'dichromocalycis');
INSERT INTO Plants(ID, familyID, name) VALUES(2474, 483, 'laurifolia');
INSERT INTO Plants(ID, familyID, name) VALUES(2475, 483, 'marginata');
INSERT INTO Plants(ID, familyID, name) VALUES(2476, 483, 'nitida');
INSERT INTO Families(ID, typeID, name) VALUES(484, 7, 'Hiptage');
INSERT INTO Plants(ID, familyID, name) VALUES(2477, 484, 'burkilliana');
INSERT INTO Plants(ID, familyID, name) VALUES(2478, 484, 'luzonica');
INSERT INTO Plants(ID, familyID, name) VALUES(2479, 484, 'madablota');
INSERT INTO Plants(ID, familyID, name) VALUES(2480, 484, 'pubescens');
INSERT INTO Plants(ID, familyID, name) VALUES(2481, 484, 'sericea');
INSERT INTO Families(ID, typeID, name) VALUES(485, 6, 'Hiraea');
INSERT INTO Plants(ID, familyID, name) VALUES(2482, 485, 'grandifolia');
INSERT INTO Plants(ID, familyID, name) VALUES(2483, 485, 'reclinata');
INSERT INTO Families(ID, typeID, name) VALUES(486, 1, 'Jubelina');
INSERT INTO Plants(ID, familyID, name) VALUES(2484, 486, 'sp.');
INSERT INTO Families(ID, typeID, name) VALUES(487, 1, 'Lophanthera');
INSERT INTO Plants(ID, familyID, name) VALUES(2485, 487, 'kunthiana');
INSERT INTO Plants(ID, familyID, name) VALUES(2486, 487, 'splendens');
INSERT INTO Families(ID, typeID, name) VALUES(488, 1, 'Malpighia');
INSERT INTO Plants(ID, familyID, name) VALUES(2487, 488, 'coccigera');
INSERT INTO Plants(ID, familyID, name) VALUES(2488, 488, 'elliptica');
INSERT INTO Plants(ID, familyID, name) VALUES(2489, 488, 'furcata');
INSERT INTO Plants(ID, familyID, name) VALUES(2490, 488, 'glabra');
INSERT INTO Plants(ID, familyID, name) VALUES(2491, 488, 'romeroana');
INSERT INTO Plants(ID, familyID, name) VALUES(2492, 488, 'urens');
INSERT INTO Families(ID, typeID, name) VALUES(489, 6, 'Mascagnia');
INSERT INTO Plants(ID, familyID, name) VALUES(2493, 489, 'hippocretoides');
INSERT INTO Plants(ID, familyID, name) VALUES(2494, 489, 'nervosa');
INSERT INTO Families(ID, typeID, name) VALUES(490, 7, 'Mezia');
INSERT INTO Plants(ID, familyID, name) VALUES(2495, 490, 'beckii');
INSERT INTO Families(ID, typeID, name) VALUES(491, 1, 'Peixotoa');
INSERT INTO Plants(ID, familyID, name) VALUES(2496, 491, 'reticulata');
INSERT INTO Plants(ID, familyID, name) VALUES(2497, 491, 'tomentosa');
INSERT INTO Families(ID, typeID, name) VALUES(492, 1, 'Ryssopterys');
INSERT INTO Plants(ID, familyID, name) VALUES(2498, 492, 'albida');
INSERT INTO Plants(ID, familyID, name) VALUES(2499, 492, 'tiliaefolia');
INSERT INTO Plants(ID, familyID, name) VALUES(2500, 492, 'timorensis');
INSERT INTO Families(ID, typeID, name) VALUES(493, 1, 'Spachea');
INSERT INTO Plants(ID, familyID, name) VALUES(2501, 493, '5 spp.');
INSERT INTO Plants(ID, familyID, name) VALUES(2502, 493, 'membranacea');
INSERT INTO Families(ID, typeID, name) VALUES(494, 1, 'Sphedamnocarpus');
INSERT INTO Plants(ID, familyID, name) VALUES(2503, 494, 'pulcherrimus');
INSERT INTO Families(ID, typeID, name) VALUES(495, 1, 'Stigmaphyllon');
INSERT INTO Plants(ID, familyID, name) VALUES(2504, 495, 'auriculatum');
INSERT INTO Plants(ID, familyID, name) VALUES(2505, 495, 'brachiatum');
INSERT INTO Plants(ID, familyID, name) VALUES(2506, 495, 'convolvulifolium');
INSERT INTO Plants(ID, familyID, name) VALUES(2507, 495, 'ellipticum');
INSERT INTO Plants(ID, familyID, name) VALUES(2508, 495, 'hypargyreum');
INSERT INTO Plants(ID, familyID, name) VALUES(2509, 495, 'hypoleucum');
INSERT INTO Plants(ID, familyID, name) VALUES(2510, 495, 'lalandianum');
INSERT INTO Plants(ID, familyID, name) VALUES(2511, 495, 'londenianum');
INSERT INTO Plants(ID, familyID, name) VALUES(2512, 495, 'periplocaefolium');
INSERT INTO Plants(ID, familyID, name) VALUES(2513, 495, 'sagittatum');
INSERT INTO Plants(ID, familyID, name) VALUES(2514, 495, 'sagraeanum');
INSERT INTO Families(ID, typeID, name) VALUES(496, 1, 'Thryallis');
INSERT INTO Plants(ID, familyID, name) VALUES(2515, 496, 'sp.');
INSERT INTO Families(ID, typeID, name) VALUES(497, 1, 'Trislettateria');
INSERT INTO Plants(ID, familyID, name) VALUES(2516, 497, 'all species');
INSERT INTO Plants(ID, familyID, name) VALUES(2517, 497, 'australasiae');
INSERT INTO Families(ID, typeID, name) VALUES(498, 1, 'Abutilon');
INSERT INTO Plants(ID, familyID, name) VALUES(2518, 498, 'sp.');
INSERT INTO Families(ID, typeID, name) VALUES(499, 1, 'Adansonia');
INSERT INTO Plants(ID, familyID, name) VALUES(2519, 499, 'sp.');
INSERT INTO Families(ID, typeID, name) VALUES(500, 1, 'Alyogyne');
INSERT INTO Plants(ID, familyID, name) VALUES(2520, 500, 'hakeifolia');
INSERT INTO Families(ID, typeID, name) VALUES(501, 1, 'Ayenia');
INSERT INTO Plants(ID, familyID, name) VALUES(2521, 501, 'klugii');
INSERT INTO Plants(ID, familyID, name) VALUES(2522, 501, 'mastatalensis');
INSERT INTO Plants(ID, familyID, name) VALUES(2523, 501, 'praelara');
INSERT INTO Families(ID, typeID, name) VALUES(502, 4, 'Azanza');
INSERT INTO Plants(ID, familyID, name) VALUES(2524, 502, 'garckiana');
INSERT INTO Families(ID, typeID, name) VALUES(503, 4, 'Bombacopsis');
INSERT INTO Plants(ID, familyID, name) VALUES(2525, 503, 'glabra');
INSERT INTO Plants(ID, familyID, name) VALUES(2526, 503, 'quinata');
INSERT INTO Families(ID, typeID, name) VALUES(504, 4, 'Bombax');
INSERT INTO Plants(ID, familyID, name) VALUES(2527, 504, 'ellipticum');
INSERT INTO Plants(ID, familyID, name) VALUES(2528, 504, 'longifolia');
INSERT INTO Plants(ID, familyID, name) VALUES(2529, 504, 'marginatum');
INSERT INTO Plants(ID, familyID, name) VALUES(2530, 504, 'martianum');
INSERT INTO Families(ID, typeID, name) VALUES(505, 1, 'Byttneria');
INSERT INTO Plants(ID, familyID, name) VALUES(2531, 505, 'abutiloides');
INSERT INTO Plants(ID, familyID, name) VALUES(2532, 505, 'aculeata');
INSERT INTO Plants(ID, familyID, name) VALUES(2533, 505, 'ancistrodonta');
INSERT INTO Plants(ID, familyID, name) VALUES(2534, 505, 'andamanensis');
INSERT INTO Plants(ID, familyID, name) VALUES(2535, 505, 'aspera');
INSERT INTO Plants(ID, familyID, name) VALUES(2536, 505, 'asterotricha');
INSERT INTO Plants(ID, familyID, name) VALUES(2537, 505, 'atrata');
INSERT INTO Plants(ID, familyID, name) VALUES(2538, 505, 'aurantiaca');
INSERT INTO Plants(ID, familyID, name) VALUES(2539, 505, 'australis');
INSERT INTO Plants(ID, familyID, name) VALUES(2540, 505, 'baronii');
INSERT INTO Plants(ID, familyID, name) VALUES(2541, 505, 'benensis');
INSERT INTO Plants(ID, familyID, name) VALUES(2542, 505, 'bernieri');
INSERT INTO Plants(ID, familyID, name) VALUES(2543, 505, 'boliviana');
INSERT INTO Plants(ID, familyID, name) VALUES(2544, 505, 'catalpaefolia');
INSERT INTO Plants(ID, familyID, name) VALUES(2545, 505, 'catalpaefolia ssp. africana');
INSERT INTO Plants(ID, familyID, name) VALUES(2546, 505, 'catalpaefolia ssp. sidaefolia');
INSERT INTO Plants(ID, familyID, name) VALUES(2547, 505, 'cordata');
INSERT INTO Plants(ID, familyID, name) VALUES(2548, 505, 'cordifolia');
INSERT INTO Plants(ID, familyID, name) VALUES(2549, 505, 'coriacea');
INSERT INTO Plants(ID, familyID, name) VALUES(2550, 505, 'crenulata');
INSERT INTO Plants(ID, familyID, name) VALUES(2551, 505, 'curtisii');
INSERT INTO Plants(ID, familyID, name) VALUES(2552, 505, 'dahomensis');
INSERT INTO Plants(ID, familyID, name) VALUES(2553, 505, 'dentata');
INSERT INTO Plants(ID, familyID, name) VALUES(2554, 505, 'divaricata ');
INSERT INTO Plants(ID, familyID, name) VALUES(2555, 505, 'divaricata var. guaranitica');
INSERT INTO Plants(ID, familyID, name) VALUES(2556, 505, 'echinata');
INSERT INTO Plants(ID, familyID, name) VALUES(2557, 505, 'ekmannii');
INSERT INTO Plants(ID, familyID, name) VALUES(2558, 505, 'filipes');
INSERT INTO Plants(ID, familyID, name) VALUES(2559, 505, 'flexuosa');
INSERT INTO Plants(ID, familyID, name) VALUES(2560, 505, 'fruiticosa');
INSERT INTO Plants(ID, familyID, name) VALUES(2561, 505, 'fulva');
INSERT INTO Plants(ID, familyID, name) VALUES(2562, 505, 'gayana');
INSERT INTO Plants(ID, familyID, name) VALUES(2563, 505, 'genistela');
INSERT INTO Plants(ID, familyID, name) VALUES(2564, 505, 'glazioui');
INSERT INTO Plants(ID, familyID, name) VALUES(2565, 505, 'guineensis');
INSERT INTO Plants(ID, familyID, name) VALUES(2566, 505, 'herbacea');
INSERT INTO Plants(ID, familyID, name) VALUES(2567, 505, 'heteromorpha');
INSERT INTO Plants(ID, familyID, name) VALUES(2568, 505, 'hirsuta');
INSERT INTO Plants(ID, familyID, name) VALUES(2569, 505, 'integrifolia');
INSERT INTO Plants(ID, familyID, name) VALUES(2570, 505, 'ivorensis');
INSERT INTO Plants(ID, familyID, name) VALUES(2571, 505, 'jackiana');
INSERT INTO Plants(ID, familyID, name) VALUES(2572, 505, 'jaculifolia');
INSERT INTO Plants(ID, familyID, name) VALUES(2573, 505, 'loxensis');
INSERT INTO Plants(ID, familyID, name) VALUES(2574, 505, 'macrantha');
INSERT INTO Plants(ID, familyID, name) VALUES(2575, 505, 'melantha');
INSERT INTO Plants(ID, familyID, name) VALUES(2576, 505, 'melastomaefolia');
INSERT INTO Plants(ID, familyID, name) VALUES(2577, 505, 'microphylla');
INSERT INTO Plants(ID, familyID, name) VALUES(2578, 505, 'mollis');
INSERT INTO Plants(ID, familyID, name) VALUES(2579, 505, 'obliqua');
INSERT INTO Plants(ID, familyID, name) VALUES(2580, 505, 'oblongata');
INSERT INTO Plants(ID, familyID, name) VALUES(2581, 505, 'oranensis');
INSERT INTO Plants(ID, familyID, name) VALUES(2582, 505, 'orinocensis');
INSERT INTO Plants(ID, familyID, name) VALUES(2583, 505, 'ovata');
INSERT INTO Plants(ID, familyID, name) VALUES(2584, 505, 'pedersenii');
INSERT INTO Plants(ID, familyID, name) VALUES(2585, 505, 'pescapraefolia');
INSERT INTO Plants(ID, familyID, name) VALUES(2586, 505, 'pilosa');
INSERT INTO Plants(ID, familyID, name) VALUES(2587, 505, 'ramosissima');
INSERT INTO Plants(ID, familyID, name) VALUES(2588, 505, 'reinwaldtii');
INSERT INTO Plants(ID, familyID, name) VALUES(2589, 505, 'rhamifolia');
INSERT INTO Plants(ID, familyID, name) VALUES(2590, 505, 'sagitifolia');
INSERT INTO Plants(ID, familyID, name) VALUES(2591, 505, 'scabra');
INSERT INTO Plants(ID, familyID, name) VALUES(2592, 505, 'scapellata');
INSERT INTO Plants(ID, familyID, name) VALUES(2593, 505, 'uaupensis');
INSERT INTO Plants(ID, familyID, name) VALUES(2594, 505, 'urticifolia');
INSERT INTO Plants(ID, familyID, name) VALUES(2595, 505, 'vallensis');
INSERT INTO Plants(ID, familyID, name) VALUES(2596, 505, 'voulilyi');
INSERT INTO Plants(ID, familyID, name) VALUES(2597, 505, 'weberbaueri');
INSERT INTO Families(ID, typeID, name) VALUES(506, 4, 'Ceiba');
INSERT INTO Plants(ID, familyID, name) VALUES(2598, 506, 'pentandra');
INSERT INTO Families(ID, typeID, name) VALUES(507, 4, 'Cephalohibiscus');
INSERT INTO Plants(ID, familyID, name) VALUES(2599, 507, 'peekelii');
INSERT INTO Families(ID, typeID, name) VALUES(508, 1, 'Chorisia');
INSERT INTO Plants(ID, familyID, name) VALUES(2600, 508, 'sp.');
INSERT INTO Families(ID, typeID, name) VALUES(509, 3, 'Cienfuegosia');
INSERT INTO Plants(ID, familyID, name) VALUES(2601, 509, 'affinis');
INSERT INTO Plants(ID, familyID, name) VALUES(2602, 509, 'chiaragii');
INSERT INTO Plants(ID, familyID, name) VALUES(2603, 509, 'digitata');
INSERT INTO Plants(ID, familyID, name) VALUES(2604, 509, 'drumondii');
INSERT INTO Plants(ID, familyID, name) VALUES(2605, 509, 'gerrardii');
INSERT INTO Plants(ID, familyID, name) VALUES(2606, 509, 'hearnii');
INSERT INTO Plants(ID, familyID, name) VALUES(2607, 509, 'heteroclada');
INSERT INTO Plants(ID, familyID, name) VALUES(2608, 509, 'hetorophylla');
INSERT INTO Plants(ID, familyID, name) VALUES(2609, 509, 'hildebrandtii');
INSERT INTO Plants(ID, familyID, name) VALUES(2610, 509, 'humbertiana');
INSERT INTO Plants(ID, familyID, name) VALUES(2611, 509, 'rosei');
INSERT INTO Plants(ID, familyID, name) VALUES(2612, 509, 'somaliana');
INSERT INTO Plants(ID, familyID, name) VALUES(2613, 509, 'subterna');
INSERT INTO Plants(ID, familyID, name) VALUES(2614, 509, 'tripartita');
INSERT INTO Plants(ID, familyID, name) VALUES(2615, 509, 'welshii');
INSERT INTO Families(ID, typeID, name) VALUES(510, 1, 'Clappertonia');
INSERT INTO Plants(ID, familyID, name) VALUES(2616, 510, 'ficifolia');
INSERT INTO Families(ID, typeID, name) VALUES(511, 1, 'Decaschistia');
INSERT INTO Plants(ID, familyID, name) VALUES(2617, 511, 'byrnesii');
INSERT INTO Families(ID, typeID, name) VALUES(512, 1, 'Dicellostyles');
INSERT INTO Plants(ID, familyID, name) VALUES(2618, 512, 'axiallaris');
INSERT INTO Plants(ID, familyID, name) VALUES(2619, 512, 'jujubifolia');
INSERT INTO Families(ID, typeID, name) VALUES(513, 1, 'Eremalche');
INSERT INTO Plants(ID, familyID, name) VALUES(2620, 513, 'rotundifolia');
INSERT INTO Families(ID, typeID, name) VALUES(514, 1, 'Eriotheca');
INSERT INTO Plants(ID, familyID, name) VALUES(2621, 514, 'gracilipes');
INSERT INTO Families(ID, typeID, name) VALUES(515, 1, 'Gaya');
INSERT INTO Plants(ID, familyID, name) VALUES(2622, 515, 'aurea');
INSERT INTO Families(ID, typeID, name) VALUES(516, 1, 'Gossypioides');
INSERT INTO Plants(ID, familyID, name) VALUES(2623, 516, 'brevilatum');
INSERT INTO Plants(ID, familyID, name) VALUES(2624, 516, 'kirkii');
INSERT INTO Families(ID, typeID, name) VALUES(517, 1, 'Gossypium');
INSERT INTO Plants(ID, familyID, name) VALUES(2625, 517, 'anamalum');
INSERT INTO Plants(ID, familyID, name) VALUES(2626, 517, 'arboretum');
INSERT INTO Plants(ID, familyID, name) VALUES(2627, 517, 'areysianum');
INSERT INTO Plants(ID, familyID, name) VALUES(2628, 517, 'australe');
INSERT INTO Plants(ID, familyID, name) VALUES(2629, 517, 'barbadense');
INSERT INTO Plants(ID, familyID, name) VALUES(2630, 517, 'bickii');
INSERT INTO Plants(ID, familyID, name) VALUES(2631, 517, 'bombax');
INSERT INTO Plants(ID, familyID, name) VALUES(2632, 517, 'brasiliense');
INSERT INTO Plants(ID, familyID, name) VALUES(2633, 517, 'capitatis-viridis');
INSERT INTO Plants(ID, familyID, name) VALUES(2634, 517, 'costulatum');
INSERT INTO Plants(ID, familyID, name) VALUES(2635, 517, 'darwinii');
INSERT INTO Plants(ID, familyID, name) VALUES(2636, 517, 'davidsonii');
INSERT INTO Plants(ID, familyID, name) VALUES(2637, 517, 'harknessii');
INSERT INTO Plants(ID, familyID, name) VALUES(2638, 517, 'herbaceum');
INSERT INTO Plants(ID, familyID, name) VALUES(2639, 517, 'hirsutum');
INSERT INTO Plants(ID, familyID, name) VALUES(2640, 517, 'incanum');
INSERT INTO Plants(ID, familyID, name) VALUES(2641, 517, 'indicum');
INSERT INTO Plants(ID, familyID, name) VALUES(2642, 517, 'klotzschianum');
INSERT INTO Plants(ID, familyID, name) VALUES(2643, 517, 'lanceolatum');
INSERT INTO Plants(ID, familyID, name) VALUES(2644, 517, 'latifolium');
INSERT INTO Plants(ID, familyID, name) VALUES(2645, 517, 'laxum');
INSERT INTO Plants(ID, familyID, name) VALUES(2646, 517, 'lobatum');
INSERT INTO Plants(ID, familyID, name) VALUES(2647, 517, 'longicalyx');
INSERT INTO Plants(ID, familyID, name) VALUES(2648, 517, 'mexicanum');
INSERT INTO Plants(ID, familyID, name) VALUES(2649, 517, 'microcarpus');
INSERT INTO Plants(ID, familyID, name) VALUES(2650, 517, 'mustelinum');
INSERT INTO Plants(ID, familyID, name) VALUES(2651, 517, 'nanking');
INSERT INTO Plants(ID, familyID, name) VALUES(2652, 517, 'nelsonii');
INSERT INTO Plants(ID, familyID, name) VALUES(2653, 517, 'obtusifolium');
INSERT INTO Plants(ID, familyID, name) VALUES(2654, 517, 'palmerii');
INSERT INTO Plants(ID, familyID, name) VALUES(2655, 517, 'peruvianum');
INSERT INTO Plants(ID, familyID, name) VALUES(2656, 517, 'pilosum');
INSERT INTO Plants(ID, familyID, name) VALUES(2657, 517, 'populifolium');
INSERT INTO Plants(ID, familyID, name) VALUES(2658, 517, 'pulchellum');
INSERT INTO Plants(ID, familyID, name) VALUES(2659, 517, 'purpurascens');
INSERT INTO Plants(ID, familyID, name) VALUES(2660, 517, 'raimondii');
INSERT INTO Plants(ID, familyID, name) VALUES(2661, 517, 'religiosum');
INSERT INTO Plants(ID, familyID, name) VALUES(2662, 517, 'robinsonii');
INSERT INTO Plants(ID, familyID, name) VALUES(2663, 517, 'schizoliense');
INSERT INTO Plants(ID, familyID, name) VALUES(2664, 517, 'somaliense');
INSERT INTO Plants(ID, familyID, name) VALUES(2665, 517, 'stocksii');
INSERT INTO Plants(ID, familyID, name) VALUES(2666, 517, 'sturtianum');
INSERT INTO Plants(ID, familyID, name) VALUES(2667, 517, 'thurberi');
INSERT INTO Plants(ID, familyID, name) VALUES(2668, 517, 'trilobum');
INSERT INTO Plants(ID, familyID, name) VALUES(2669, 517, 'triphyllum');
INSERT INTO Plants(ID, familyID, name) VALUES(2670, 517, 'turneri');
INSERT INTO Plants(ID, familyID, name) VALUES(2671, 517, 'vitifolium');
INSERT INTO Plants(ID, familyID, name) VALUES(2672, 517, 'vulpinus');
INSERT INTO Families(ID, typeID, name) VALUES(518, 1, 'Grewia');
INSERT INTO Plants(ID, familyID, name) VALUES(2673, 518, 'biloba');
INSERT INTO Plants(ID, familyID, name) VALUES(2674, 518, 'flava');
INSERT INTO Plants(ID, familyID, name) VALUES(2675, 518, 'glandulosa');
INSERT INTO Plants(ID, familyID, name) VALUES(2676, 518, 'hirsuta');
INSERT INTO Plants(ID, familyID, name) VALUES(2677, 518, 'mallococca');
INSERT INTO Plants(ID, familyID, name) VALUES(2678, 518, 'occidentalis');
INSERT INTO Plants(ID, familyID, name) VALUES(2679, 518, 'serrulata');
INSERT INTO Families(ID, typeID, name) VALUES(519, 1, 'Hampea');
INSERT INTO Plants(ID, familyID, name) VALUES(2680, 519, 'albipetala');
INSERT INTO Plants(ID, familyID, name) VALUES(2681, 519, 'appendiculata');
INSERT INTO Plants(ID, familyID, name) VALUES(2682, 519, 'bracteolata');
INSERT INTO Plants(ID, familyID, name) VALUES(2683, 519, 'breedlovei');
INSERT INTO Plants(ID, familyID, name) VALUES(2684, 519, 'integerrima');
INSERT INTO Plants(ID, familyID, name) VALUES(2685, 519, 'latifolia');
INSERT INTO Plants(ID, familyID, name) VALUES(2686, 519, 'longipes');
INSERT INTO Plants(ID, familyID, name) VALUES(2687, 519, 'mexicana');
INSERT INTO Plants(ID, familyID, name) VALUES(2688, 519, 'micrantha');
INSERT INTO Plants(ID, familyID, name) VALUES(2689, 519, 'montebellensis');
INSERT INTO Plants(ID, familyID, name) VALUES(2690, 519, 'nutricia');
INSERT INTO Plants(ID, familyID, name) VALUES(2691, 519, 'ovatifolia');
INSERT INTO Plants(ID, familyID, name) VALUES(2692, 519, 'plantanifolia');
INSERT INTO Plants(ID, familyID, name) VALUES(2693, 519, 'puntulata');
INSERT INTO Plants(ID, familyID, name) VALUES(2694, 519, 'rovirosae');
INSERT INTO Plants(ID, familyID, name) VALUES(2695, 519, 'sphaerocarpa');
INSERT INTO Plants(ID, familyID, name) VALUES(2696, 519, 'stipitata');
INSERT INTO Plants(ID, familyID, name) VALUES(2697, 519, 'thespesioides');
INSERT INTO Plants(ID, familyID, name) VALUES(2698, 519, 'tomentosa');
INSERT INTO Plants(ID, familyID, name) VALUES(2699, 519, 'trilobata');
INSERT INTO Families(ID, typeID, name) VALUES(520, 3, 'Helicteres');
INSERT INTO Plants(ID, familyID, name) VALUES(2700, 520, 'baruensis');
INSERT INTO Plants(ID, familyID, name) VALUES(2701, 520, 'brevispira');
INSERT INTO Plants(ID, familyID, name) VALUES(2702, 520, 'carthagenensis');
INSERT INTO Plants(ID, familyID, name) VALUES(2703, 520, 'hirsuta');
INSERT INTO Plants(ID, familyID, name) VALUES(2704, 520, 'isora');
INSERT INTO Plants(ID, familyID, name) VALUES(2705, 520, 'spicata');
INSERT INTO Plants(ID, familyID, name) VALUES(2706, 520, 'spp.');
INSERT INTO Plants(ID, familyID, name) VALUES(2707, 520, 'verbascifolia');
INSERT INTO Families(ID, typeID, name) VALUES(521, 1, 'Hibiscus');
INSERT INTO Plants(ID, familyID, name) VALUES(2708, 521, '14 or 22 spp');
INSERT INTO Plants(ID, familyID, name) VALUES(2709, 521, 'acetogella');
INSERT INTO Plants(ID, familyID, name) VALUES(2710, 521, 'acicularis');
INSERT INTO Plants(ID, familyID, name) VALUES(2711, 521, 'aculeatus');
INSERT INTO Plants(ID, familyID, name) VALUES(2712, 521, 'archeri');
INSERT INTO Plants(ID, familyID, name) VALUES(2713, 521, 'arnottianus');
INSERT INTO Plants(ID, familyID, name) VALUES(2714, 521, 'asper');
INSERT INTO Plants(ID, familyID, name) VALUES(2715, 521, 'bifurcatus');
INSERT INTO Plants(ID, familyID, name) VALUES(2716, 521, 'biseptus');
INSERT INTO Plants(ID, familyID, name) VALUES(2717, 521, 'brachenridgei');
INSERT INTO Plants(ID, familyID, name) VALUES(2718, 521, 'brasiliensis');
INSERT INTO Plants(ID, familyID, name) VALUES(2719, 521, 'calyphyllus');
INSERT INTO Plants(ID, familyID, name) VALUES(2720, 521, 'cannabinus');
INSERT INTO Plants(ID, familyID, name) VALUES(2721, 521, 'cardiophyllus');
INSERT INTO Plants(ID, familyID, name) VALUES(2722, 521, 'cerradoensis');
INSERT INTO Plants(ID, familyID, name) VALUES(2723, 521, 'cisplanatus');
INSERT INTO Plants(ID, familyID, name) VALUES(2724, 521, 'cooperi');
INSERT INTO Plants(ID, familyID, name) VALUES(2725, 521, 'costatus');
INSERT INTO Plants(ID, familyID, name) VALUES(2726, 521, 'coulteri');
INSERT INTO Plants(ID, familyID, name) VALUES(2727, 521, 'cucurbitaceus');
INSERT INTO Plants(ID, familyID, name) VALUES(2728, 521, 'diversifolius');
INSERT INTO Plants(ID, familyID, name) VALUES(2729, 521, 'eetveldeanus');
INSERT INTO Plants(ID, familyID, name) VALUES(2730, 521, 'elatus');
INSERT INTO Plants(ID, familyID, name) VALUES(2731, 521, 'elegans');
INSERT INTO Plants(ID, familyID, name) VALUES(2732, 521, 'esculentus');
INSERT INTO Plants(ID, familyID, name) VALUES(2733, 521, 'farragei');
INSERT INTO Plants(ID, familyID, name) VALUES(2734, 521, 'flagelliformis');
INSERT INTO Plants(ID, familyID, name) VALUES(2735, 521, 'furcatus');
INSERT INTO Plants(ID, familyID, name) VALUES(2736, 521, 'furcellatus');
INSERT INTO Plants(ID, familyID, name) VALUES(2737, 521, 'geroldianus');
INSERT INTO Plants(ID, familyID, name) VALUES(2738, 521, 'glaber');
INSERT INTO Plants(ID, familyID, name) VALUES(2739, 521, 'hasslerianus');
INSERT INTO Plants(ID, familyID, name) VALUES(2740, 521, 'henningsianus');
INSERT INTO Plants(ID, familyID, name) VALUES(2741, 521, 'immaculatus');
INSERT INTO Plants(ID, familyID, name) VALUES(2742, 521, 'kitaibelifolius');
INSERT INTO Plants(ID, familyID, name) VALUES(2743, 521, 'lavateroides');
INSERT INTO Plants(ID, familyID, name) VALUES(2744, 521, 'laxiflorus');
INSERT INTO Plants(ID, familyID, name) VALUES(2745, 521, 'macrophyllus');
INSERT INTO Plants(ID, familyID, name) VALUES(2746, 521, 'maculatus');
INSERT INTO Plants(ID, familyID, name) VALUES(2747, 521, 'peralbus');
INSERT INTO Plants(ID, familyID, name) VALUES(2748, 521, 'pernambucensis');
INSERT INTO Plants(ID, familyID, name) VALUES(2749, 521, 'peruvianus');
INSERT INTO Plants(ID, familyID, name) VALUES(2750, 521, 'phoeniceus');
INSERT INTO Plants(ID, familyID, name) VALUES(2751, 521, 'poeppigii');
INSERT INTO Plants(ID, familyID, name) VALUES(2752, 521, 'ribifolius');
INSERT INTO Plants(ID, familyID, name) VALUES(2753, 521, 'rockii');
INSERT INTO Plants(ID, familyID, name) VALUES(2754, 521, 'rosa-sinensis');
INSERT INTO Plants(ID, familyID, name) VALUES(2755, 521, 'sabdariffa');
INSERT INTO Plants(ID, familyID, name) VALUES(2756, 521, 'schizopetalus');
INSERT INTO Plants(ID, familyID, name) VALUES(2757, 521, 'scotellii');
INSERT INTO Plants(ID, familyID, name) VALUES(2758, 521, 'similis');
INSERT INTO Plants(ID, familyID, name) VALUES(2759, 521, 'spiralis');
INSERT INTO Plants(ID, familyID, name) VALUES(2760, 521, 'syriacus');
INSERT INTO Plants(ID, familyID, name) VALUES(2761, 521, 'tiliaceus');
INSERT INTO Plants(ID, familyID, name) VALUES(2762, 521, 'uncinelllus');
INSERT INTO Plants(ID, familyID, name) VALUES(2763, 521, 'urens');
INSERT INTO Plants(ID, familyID, name) VALUES(2764, 521, 'urticaefolius');
INSERT INTO Plants(ID, familyID, name) VALUES(2765, 521, 'vulpinus');
INSERT INTO Plants(ID, familyID, name) VALUES(2766, 521, 'waimeae');
INSERT INTO Plants(ID, familyID, name) VALUES(2767, 521, 'wilsonii');
INSERT INTO Plants(ID, familyID, name) VALUES(2768, 521, 'youngianus');
INSERT INTO Families(ID, typeID, name) VALUES(522, 2, 'Horsfordia');
INSERT INTO Plants(ID, familyID, name) VALUES(2769, 522, 'alata');
INSERT INTO Families(ID, typeID, name) VALUES(523, 1, 'Ingenhousia');
INSERT INTO Plants(ID, familyID, name) VALUES(2770, 523, 'harknessii');
INSERT INTO Plants(ID, familyID, name) VALUES(2771, 523, 'triloba');
INSERT INTO Families(ID, typeID, name) VALUES(524, 1, 'Julostylis');
INSERT INTO Plants(ID, familyID, name) VALUES(2772, 524, 'ampumalensis');
INSERT INTO Plants(ID, familyID, name) VALUES(2773, 524, 'polyandra');
INSERT INTO Plants(ID, familyID, name) VALUES(2774, 524, 'sp.');
INSERT INTO Families(ID, typeID, name) VALUES(525, 3, 'Kokia');
INSERT INTO Plants(ID, familyID, name) VALUES(2775, 525, 'dryarioides');
INSERT INTO Families(ID, typeID, name) VALUES(526, 1, 'Kydia');
INSERT INTO Plants(ID, familyID, name) VALUES(2776, 526, 'calycina');
INSERT INTO Plants(ID, familyID, name) VALUES(2777, 526, 'glabrescens');
INSERT INTO Families(ID, typeID, name) VALUES(527, 1, 'Lebronnecia');
INSERT INTO Plants(ID, familyID, name) VALUES(2778, 527, 'kokioides');
INSERT INTO Families(ID, typeID, name) VALUES(528, 1, 'Maga');
INSERT INTO Plants(ID, familyID, name) VALUES(2779, 528, 'cubensis');
INSERT INTO Families(ID, typeID, name) VALUES(529, 2, 'Malachra');
INSERT INTO Plants(ID, familyID, name) VALUES(2780, 529, 'fasciata');
INSERT INTO Plants(ID, familyID, name) VALUES(2781, 529, 'radiata');
INSERT INTO Plants(ID, familyID, name) VALUES(2782, 529, 'urens');
INSERT INTO Families(ID, typeID, name) VALUES(530, 1, 'Malvacea');
INSERT INTO Plants(ID, familyID, name) VALUES(2783, 530, '');
INSERT INTO Families(ID, typeID, name) VALUES(531, 1, 'Malvaviscus');
INSERT INTO Plants(ID, familyID, name) VALUES(2784, 531, 'sp.');
INSERT INTO Families(ID, typeID, name) VALUES(532, 1, 'Megatritheca');
INSERT INTO Plants(ID, familyID, name) VALUES(2785, 532, 'sp.');
INSERT INTO Families(ID, typeID, name) VALUES(533, 4, 'Ochroma');
INSERT INTO Plants(ID, familyID, name) VALUES(2786, 533, 'pyramidale');
INSERT INTO Families(ID, typeID, name) VALUES(534, 4, 'Pachira');
INSERT INTO Plants(ID, familyID, name) VALUES(2787, 534, 'aquatica');
INSERT INTO Families(ID, typeID, name) VALUES(535, 4, 'Pseudobombax');
INSERT INTO Plants(ID, familyID, name) VALUES(2788, 535, 'septenatum');
INSERT INTO Families(ID, typeID, name) VALUES(536, 1, 'Radyera');
INSERT INTO Plants(ID, familyID, name) VALUES(2789, 536, 'farragei');
INSERT INTO Plants(ID, familyID, name) VALUES(2790, 536, 'urens');
INSERT INTO Families(ID, typeID, name) VALUES(537, 2, 'Sida');
INSERT INTO Plants(ID, familyID, name) VALUES(2791, 537, 'acuta');
INSERT INTO Families(ID, typeID, name) VALUES(538, 1, 'Sterculia');
INSERT INTO Plants(ID, familyID, name) VALUES(2792, 538, 'acerifolia orramifolia');
INSERT INTO Plants(ID, familyID, name) VALUES(2793, 538, 'spp.');
INSERT INTO Families(ID, typeID, name) VALUES(539, 1, 'Thespesia');
INSERT INTO Plants(ID, familyID, name) VALUES(2794, 539, 'acutiloba');
INSERT INTO Plants(ID, familyID, name) VALUES(2795, 539, 'beatensis');
INSERT INTO Plants(ID, familyID, name) VALUES(2796, 539, 'cubensis');
INSERT INTO Plants(ID, familyID, name) VALUES(2797, 539, 'danis');
INSERT INTO Plants(ID, familyID, name) VALUES(2798, 539, 'fissicalyx');
INSERT INTO Plants(ID, familyID, name) VALUES(2799, 539, 'garkeana');
INSERT INTO Plants(ID, familyID, name) VALUES(2800, 539, 'grandiflora');
INSERT INTO Plants(ID, familyID, name) VALUES(2801, 539, 'gummiflua');
INSERT INTO Plants(ID, familyID, name) VALUES(2802, 539, 'lampas');
INSERT INTO Plants(ID, familyID, name) VALUES(2803, 539, 'macrophylla');
INSERT INTO Plants(ID, familyID, name) VALUES(2804, 539, 'mossambicensis');
INSERT INTO Plants(ID, familyID, name) VALUES(2805, 539, 'multibracteata');
INSERT INTO Plants(ID, familyID, name) VALUES(2806, 539, 'patellifera');
INSERT INTO Plants(ID, familyID, name) VALUES(2807, 539, 'populnea');
INSERT INTO Plants(ID, familyID, name) VALUES(2808, 539, 'populneoides');
INSERT INTO Plants(ID, familyID, name) VALUES(2809, 539, 'robusta');
INSERT INTO Plants(ID, familyID, name) VALUES(2810, 539, 'thespesioides');
INSERT INTO Plants(ID, familyID, name) VALUES(2811, 539, 'trilobata');
INSERT INTO Families(ID, typeID, name) VALUES(540, 1, 'Tilia');
INSERT INTO Plants(ID, familyID, name) VALUES(2812, 540, 'platyphyllos');
INSERT INTO Families(ID, typeID, name) VALUES(541, 4, 'Trichospermum');
INSERT INTO Plants(ID, familyID, name) VALUES(2813, 541, 'mexicanum');
INSERT INTO Families(ID, typeID, name) VALUES(542, 1, 'Triumfetta');
INSERT INTO Plants(ID, familyID, name) VALUES(2814, 542, 'grandiflora');
INSERT INTO Plants(ID, familyID, name) VALUES(2815, 542, 'lappula');
INSERT INTO Plants(ID, familyID, name) VALUES(2816, 542, 'rhombiflora');
INSERT INTO Plants(ID, familyID, name) VALUES(2817, 542, 'semitriloba');
INSERT INTO Plants(ID, familyID, name) VALUES(2818, 542, 'velutina');
INSERT INTO Families(ID, typeID, name) VALUES(543, 3, 'Urena');
INSERT INTO Plants(ID, familyID, name) VALUES(2819, 543, 'lobata');
INSERT INTO Plants(ID, familyID, name) VALUES(2820, 543, 'rigida');
INSERT INTO Plants(ID, familyID, name) VALUES(2821, 543, 'sinuata');
INSERT INTO Families(ID, typeID, name) VALUES(544, 1, 'Calathea');
INSERT INTO Plants(ID, familyID, name) VALUES(2822, 544, 'bantae');
INSERT INTO Plants(ID, familyID, name) VALUES(2823, 544, 'guzmanioides');
INSERT INTO Plants(ID, familyID, name) VALUES(2824, 544, 'majestica');
INSERT INTO Plants(ID, familyID, name) VALUES(2825, 544, 'ovandensis');
INSERT INTO Plants(ID, familyID, name) VALUES(2826, 544, 'portobelensis');
INSERT INTO Plants(ID, familyID, name) VALUES(2827, 544, 'robin-fosteri');
INSERT INTO Plants(ID, familyID, name) VALUES(2828, 544, 'spp.');
INSERT INTO Families(ID, typeID, name) VALUES(545, 1, 'Ctenanthe');
INSERT INTO Plants(ID, familyID, name) VALUES(2829, 545, 'aff. dasycarpa');
INSERT INTO Plants(ID, familyID, name) VALUES(2830, 545, 'amabilis');
INSERT INTO Plants(ID, familyID, name) VALUES(2831, 545, 'compressa');
INSERT INTO Plants(ID, familyID, name) VALUES(2832, 545, 'glabra');
INSERT INTO Plants(ID, familyID, name) VALUES(2833, 545, 'lubbersii');
INSERT INTO Plants(ID, familyID, name) VALUES(2834, 545, 'pilosa');
INSERT INTO Plants(ID, familyID, name) VALUES(2835, 545, 'setosa');
INSERT INTO Families(ID, typeID, name) VALUES(546, 2, 'Donax');
INSERT INTO Plants(ID, familyID, name) VALUES(2836, 546, 'canniformis');
INSERT INTO Plants(ID, familyID, name) VALUES(2837, 546, 'grandis');
INSERT INTO Plants(ID, familyID, name) VALUES(2838, 546, 'parviflorum');
INSERT INTO Families(ID, typeID, name) VALUES(547, 1, 'Ischnosiphon');
INSERT INTO Plants(ID, familyID, name) VALUES(2839, 547, 'sp.');
INSERT INTO Families(ID, typeID, name) VALUES(548, 1, 'Megaphrynium');
INSERT INTO Plants(ID, familyID, name) VALUES(2840, 548, 'macrostachyum');
INSERT INTO Families(ID, typeID, name) VALUES(549, 1, 'Schumannianthus');
INSERT INTO Plants(ID, familyID, name) VALUES(2841, 549, 'dichotomous');
INSERT INTO Families(ID, typeID, name) VALUES(550, 1, 'Stromanthe');
INSERT INTO Plants(ID, familyID, name) VALUES(2842, 550, 'cf. confusa');
INSERT INTO Plants(ID, familyID, name) VALUES(2843, 550, 'hjalmarssonii');
INSERT INTO Plants(ID, familyID, name) VALUES(2844, 550, 'jacquinii');
INSERT INTO Plants(ID, familyID, name) VALUES(2845, 550, 'macrochlamys');
INSERT INTO Families(ID, typeID, name) VALUES(551, 1, 'Thaumatococcos');
INSERT INTO Plants(ID, familyID, name) VALUES(2846, 551, 'danielli');
INSERT INTO Families(ID, typeID, name) VALUES(552, 1, 'Marcgravia');
INSERT INTO Plants(ID, familyID, name) VALUES(2847, 552, 'caudata');
INSERT INTO Plants(ID, familyID, name) VALUES(2848, 552, 'cuspidata');
INSERT INTO Plants(ID, familyID, name) VALUES(2849, 552, 'myriostigma');
INSERT INTO Plants(ID, familyID, name) VALUES(2850, 552, 'nervosa');
INSERT INTO Plants(ID, familyID, name) VALUES(2851, 552, 'pedunculosa');
INSERT INTO Plants(ID, familyID, name) VALUES(2852, 552, 'rectiflora var. bracteolaris');
INSERT INTO Plants(ID, familyID, name) VALUES(2853, 552, 'umbellata');
INSERT INTO Families(ID, typeID, name) VALUES(553, 1, 'Monsera');
INSERT INTO Plants(ID, familyID, name) VALUES(2854, 553, 'dubia');
INSERT INTO Families(ID, typeID, name) VALUES(554, 1, 'Norantea');
INSERT INTO Plants(ID, familyID, name) VALUES(2855, 554, 'guianensis');
INSERT INTO Plants(ID, familyID, name) VALUES(2856, 554, 'peduncularis');
INSERT INTO Families(ID, typeID, name) VALUES(555, 1, 'Ruyschia');
INSERT INTO Plants(ID, familyID, name) VALUES(2857, 555, 'crassipes');
INSERT INTO Plants(ID, familyID, name) VALUES(2858, 555, 'pilophora');
INSERT INTO Families(ID, typeID, name) VALUES(556, 1, 'Souroubea');
INSERT INTO Plants(ID, familyID, name) VALUES(2859, 556, 'sp.');
INSERT INTO Families(ID, typeID, name) VALUES(557, 1, 'Carapa');
INSERT INTO Plants(ID, familyID, name) VALUES(2860, 557, 'guianensis');
INSERT INTO Plants(ID, familyID, name) VALUES(2861, 557, 'moluccensis');
INSERT INTO Families(ID, typeID, name) VALUES(558, 4, 'Cedrela');
INSERT INTO Plants(ID, familyID, name) VALUES(2862, 558, 'fissilis');
INSERT INTO Plants(ID, familyID, name) VALUES(2863, 558, 'odorata');
INSERT INTO Families(ID, typeID, name) VALUES(559, 1, 'Cipadessa');
INSERT INTO Plants(ID, familyID, name) VALUES(2864, 559, 'baccifera');
INSERT INTO Families(ID, typeID, name) VALUES(560, 4, 'Dysoxylum');
INSERT INTO Plants(ID, familyID, name) VALUES(2865, 560, 'pettigrewianum');
INSERT INTO Families(ID, typeID, name) VALUES(561, 4, 'Guarea');
INSERT INTO Plants(ID, familyID, name) VALUES(2866, 561, 'glabra');
INSERT INTO Plants(ID, familyID, name) VALUES(2867, 561, 'sp. hairy');
INSERT INTO Families(ID, typeID, name) VALUES(562, 4, 'Pseudocedrela');
INSERT INTO Plants(ID, familyID, name) VALUES(2868, 562, 'kotschyi');
INSERT INTO Families(ID, typeID, name) VALUES(563, 1, 'Swietenia');
INSERT INTO Plants(ID, familyID, name) VALUES(2869, 563, 'humilis');
INSERT INTO Plants(ID, familyID, name) VALUES(2870, 563, 'macrophylla');
INSERT INTO Plants(ID, familyID, name) VALUES(2871, 563, 'mahogoni');
INSERT INTO Families(ID, typeID, name) VALUES(564, 4, 'Trichilia');
INSERT INTO Plants(ID, familyID, name) VALUES(2872, 564, 'cipo');
INSERT INTO Plants(ID, familyID, name) VALUES(2873, 564, 'connaroides');
INSERT INTO Plants(ID, familyID, name) VALUES(2874, 564, 'havanensis');
INSERT INTO Plants(ID, familyID, name) VALUES(2875, 564, 'montana');
INSERT INTO Plants(ID, familyID, name) VALUES(2876, 564, 'propingua');
INSERT INTO Families(ID, typeID, name) VALUES(565, 3, 'Heterocentron');
INSERT INTO Plants(ID, familyID, name) VALUES(2877, 565, 'subtriplinervium');
INSERT INTO Families(ID, typeID, name) VALUES(566, 6, 'Parabaena');
INSERT INTO Plants(ID, familyID, name) VALUES(2878, 566, 'sagittata');
INSERT INTO Families(ID, typeID, name) VALUES(567, 1, 'Tinospora');
INSERT INTO Plants(ID, familyID, name) VALUES(2879, 567, 'cordifolia');
INSERT INTO Plants(ID, familyID, name) VALUES(2880, 567, 'reticulata');
INSERT INTO Families(ID, typeID, name) VALUES(568, 1, 'Ficus');
INSERT INTO Plants(ID, familyID, name) VALUES(2881, 568, 'asperior');
INSERT INTO Plants(ID, familyID, name) VALUES(2882, 568, 'aurantiaca');
INSERT INTO Plants(ID, familyID, name) VALUES(2883, 568, 'begoniafolia');
INSERT INTO Plants(ID, familyID, name) VALUES(2884, 568, 'benghalensis');
INSERT INTO Plants(ID, familyID, name) VALUES(2885, 568, 'boninsimae');
INSERT INTO Plants(ID, familyID, name) VALUES(2886, 568, 'celebica');
INSERT INTO Plants(ID, familyID, name) VALUES(2887, 568, 'daemon');
INSERT INTO Plants(ID, familyID, name) VALUES(2888, 568, 'gibbosa');
INSERT INTO Plants(ID, familyID, name) VALUES(2889, 568, 'leucanthatoma');
INSERT INTO Plants(ID, familyID, name) VALUES(2890, 568, 'neumannii');
INSERT INTO Plants(ID, familyID, name) VALUES(2891, 568, 'obscura');
INSERT INTO Plants(ID, familyID, name) VALUES(2892, 568, 'obtusifolia');
INSERT INTO Plants(ID, familyID, name) VALUES(2893, 568, 'obtusifolius');
INSERT INTO Plants(ID, familyID, name) VALUES(2894, 568, 'populifolia');
INSERT INTO Plants(ID, familyID, name) VALUES(2895, 568, 'rostrata');
INSERT INTO Plants(ID, familyID, name) VALUES(2896, 568, 'semicordata');
INSERT INTO Plants(ID, familyID, name) VALUES(2897, 568, 'septica');
INSERT INTO Plants(ID, familyID, name) VALUES(2898, 568, 'tinctoria');
INSERT INTO Plants(ID, familyID, name) VALUES(2899, 568, 'uniglandulosa');
INSERT INTO Plants(ID, familyID, name) VALUES(2900, 568, 'vasta');
INSERT INTO Families(ID, typeID, name) VALUES(569, 1, 'Moringa');
INSERT INTO Plants(ID, familyID, name) VALUES(2901, 569, 'oleifera');
INSERT INTO Plants(ID, name) VALUES(2902, 'Koptur 1992');
INSERT INTO Families(ID, typeID, name) VALUES(570, 1, 'Chamelaucium');
INSERT INTO Plants(ID, familyID, name) VALUES(2903, 570, 'axillare');
INSERT INTO Plants(ID, familyID, name) VALUES(2904, 570, 'hallii');
INSERT INTO Plants(ID, familyID, name) VALUES(2905, 570, 'uncinatum');
INSERT INTO Families(ID, typeID, name) VALUES(571, 1, 'Syzygium');
INSERT INTO Plants(ID, familyID, name) VALUES(2906, 571, 'erythrocalyx');
INSERT INTO Families(ID, typeID, name) VALUES(572, 1, 'Nepenthes');
INSERT INTO Plants(ID, familyID, name) VALUES(2907, 572, 'albomarginata');
INSERT INTO Plants(ID, familyID, name) VALUES(2908, 572, 'ampullaria');
INSERT INTO Plants(ID, familyID, name) VALUES(2909, 572, 'bicalcarata');
INSERT INTO Plants(ID, familyID, name) VALUES(2910, 572, 'gracilis');
INSERT INTO Plants(ID, familyID, name) VALUES(2911, 572, 'khasiana');
INSERT INTO Plants(ID, familyID, name) VALUES(2912, 572, 'maxima');
INSERT INTO Plants(ID, familyID, name) VALUES(2913, 572, 'mirabilis var.echinosomma');
INSERT INTO Plants(ID, familyID, name) VALUES(2914, 572, 'northiana');
INSERT INTO Plants(ID, familyID, name) VALUES(2915, 572, 'raffesiana');
INSERT INTO Plants(ID, familyID, name) VALUES(2916, 572, 'sanguinea');
INSERT INTO Plants(ID, familyID, name) VALUES(2917, 572, 'veitchii');
INSERT INTO Families(ID, typeID, name) VALUES(573, 1, 'Ouratea');
INSERT INTO Plants(ID, familyID, name) VALUES(2918, 573, 'castanaefolia');
INSERT INTO Plants(ID, familyID, name) VALUES(2919, 573, 'hexasperma');
INSERT INTO Plants(ID, familyID, name) VALUES(2920, 573, 'lucens');
INSERT INTO Plants(ID, familyID, name) VALUES(2921, 573, 'spectabilis');
INSERT INTO Plants(ID, name) VALUES(2922, 'Metcalfe and Chalk 1971');
INSERT INTO Families(ID, typeID, name) VALUES(574, 1, 'Foriesteria');
INSERT INTO Plants(ID, familyID, name) VALUES(2923, 574, 'lingustrina');
INSERT INTO Families(ID, typeID, name) VALUES(575, 1, 'Fraxinus');
INSERT INTO Plants(ID, familyID, name) VALUES(2924, 575, 'spp.');
INSERT INTO Families(ID, typeID, name) VALUES(576, 1, 'Lingustrum');
INSERT INTO Plants(ID, familyID, name) VALUES(2925, 576, 'acutissimum');
INSERT INTO Plants(ID, familyID, name) VALUES(2926, 576, 'cultivans');
INSERT INTO Plants(ID, familyID, name) VALUES(2927, 576, 'foliosum');
INSERT INTO Plants(ID, familyID, name) VALUES(2928, 576, 'ibota');
INSERT INTO Plants(ID, familyID, name) VALUES(2929, 576, 'japonicum');
INSERT INTO Plants(ID, familyID, name) VALUES(2930, 576, 'lucidum');
INSERT INTO Plants(ID, familyID, name) VALUES(2931, 576, 'micranthum');
INSERT INTO Plants(ID, familyID, name) VALUES(2932, 576, 'obtusifolium');
INSERT INTO Plants(ID, familyID, name) VALUES(2933, 576, 'ovalifolium');
INSERT INTO Plants(ID, familyID, name) VALUES(2934, 576, 'quihoui');
INSERT INTO Plants(ID, familyID, name) VALUES(2935, 576, 'regelianum');
INSERT INTO Plants(ID, familyID, name) VALUES(2936, 576, 'vulgare');
INSERT INTO Families(ID, typeID, name) VALUES(577, 1, 'Olea');
INSERT INTO Plants(ID, familyID, name) VALUES(2937, 577, 'excelsa');
INSERT INTO Families(ID, typeID, name) VALUES(578, 1, 'Osmanthus');
INSERT INTO Plants(ID, familyID, name) VALUES(2938, 578, 'fragrans');
INSERT INTO Plants(ID, familyID, name) VALUES(2939, 578, 'heterophylla');
INSERT INTO Plants(ID, familyID, name) VALUES(2940, 578, 'ilicifolium');
INSERT INTO Plants(ID, familyID, name) VALUES(2941, 578, 'insularis');
INSERT INTO Plants(ID, familyID, name) VALUES(2942, 578, 'sp.');
INSERT INTO Families(ID, typeID, name) VALUES(579, 1, 'Phillyrea');
INSERT INTO Plants(ID, familyID, name) VALUES(2943, 579, 'lutifolium');
INSERT INTO Plants(ID, familyID, name) VALUES(2944, 579, 'media');
INSERT INTO Families(ID, typeID, name) VALUES(580, 1, 'Syringa');
INSERT INTO Plants(ID, familyID, name) VALUES(2945, 580, 'amurensis');
INSERT INTO Plants(ID, familyID, name) VALUES(2946, 580, 'chinensis');
INSERT INTO Plants(ID, familyID, name) VALUES(2947, 580, 'dilatata');
INSERT INTO Plants(ID, familyID, name) VALUES(2948, 580, 'lucidum');
INSERT INTO Plants(ID, familyID, name) VALUES(2949, 580, 'palibiniana');
INSERT INTO Plants(ID, familyID, name) VALUES(2950, 580, 'persica');
INSERT INTO Plants(ID, familyID, name) VALUES(2951, 580, 'reticulata');
INSERT INTO Plants(ID, familyID, name) VALUES(2952, 580, 'sargentiana');
INSERT INTO Plants(ID, familyID, name) VALUES(2953, 580, 'velutina');
INSERT INTO Plants(ID, familyID, name) VALUES(2954, 580, 'vulgaris');
INSERT INTO Plants(ID, familyID, name) VALUES(2955, 580, 'wolfi');
INSERT INTO Families(ID, typeID, name) VALUES(581, 2, 'Oenothera');
INSERT INTO Plants(ID, familyID, name) VALUES(2956, 581, 'albicaulis');
INSERT INTO Plants(ID, familyID, name) VALUES(2957, 581, 'nuttalii');
INSERT INTO Plants(ID, familyID, name) VALUES(2958, 581, 'pallida');
INSERT INTO Families(ID, typeID, name) VALUES(582, 2, 'Acropera');
INSERT INTO Plants(ID, familyID, name) VALUES(2959, 582, 'sp.');
INSERT INTO Families(ID, typeID, name) VALUES(583, 1, 'Aerides');
INSERT INTO Plants(ID, familyID, name) VALUES(2960, 583, 'falcatum');
INSERT INTO Plants(ID, familyID, name) VALUES(2961, 583, 'sp.');
INSERT INTO Families(ID, typeID, name) VALUES(584, 2, 'Angraecum');
INSERT INTO Plants(ID, familyID, name) VALUES(2962, 584, 'eburneum');
INSERT INTO Families(ID, typeID, name) VALUES(585, 1, 'Ansellia');
INSERT INTO Plants(ID, familyID, name) VALUES(2963, 585, 'africana');
INSERT INTO Plants(ID, familyID, name) VALUES(2964, 585, 'sp.');
INSERT INTO Families(ID, typeID, name) VALUES(586, 1, 'Arachnis');
INSERT INTO Plants(ID, familyID, name) VALUES(2965, 586, 'flos-aeris');
INSERT INTO Families(ID, typeID, name) VALUES(587, 1, 'Arundina');
INSERT INTO Plants(ID, familyID, name) VALUES(2966, 587, 'graminifolius');
INSERT INTO Families(ID, typeID, name) VALUES(588, 1, 'Aspasia');
INSERT INTO Plants(ID, familyID, name) VALUES(2967, 588, 'principissa');
INSERT INTO Plants(ID, familyID, name) VALUES(2968, 588, 'sp.');
INSERT INTO Families(ID, typeID, name) VALUES(589, 1, 'Brassavola');
INSERT INTO Plants(ID, familyID, name) VALUES(2969, 589, 'nodosa');
INSERT INTO Plants(ID, familyID, name) VALUES(2970, 589, 'sp.');
INSERT INTO Families(ID, typeID, name) VALUES(590, 1, 'Bromheadia');
INSERT INTO Plants(ID, familyID, name) VALUES(2971, 590, 'sp.');
INSERT INTO Families(ID, typeID, name) VALUES(591, 1, 'Broughtonia');
INSERT INTO Plants(ID, familyID, name) VALUES(2972, 591, 'sanguinea');
INSERT INTO Families(ID, typeID, name) VALUES(592, 1, 'Catasetum');
INSERT INTO Plants(ID, familyID, name) VALUES(2973, 592, 'inornatum');
INSERT INTO Plants(ID, familyID, name) VALUES(2974, 592, 'viridiflavum');
INSERT INTO Families(ID, typeID, name) VALUES(593, 1, 'Cattleya');
INSERT INTO Plants(ID, familyID, name) VALUES(2975, 593, 'aurantiata');
INSERT INTO Plants(ID, familyID, name) VALUES(2976, 593, 'bowringiana');
INSERT INTO Plants(ID, familyID, name) VALUES(2977, 593, 'dolosa');
INSERT INTO Plants(ID, familyID, name) VALUES(2978, 593, 'elongata');
INSERT INTO Plants(ID, familyID, name) VALUES(2979, 593, 'forbesii');
INSERT INTO Plants(ID, familyID, name) VALUES(2980, 593, 'percivaliana');
INSERT INTO Plants(ID, familyID, name) VALUES(2981, 593, 'skinneri');
INSERT INTO Plants(ID, familyID, name) VALUES(2982, 593, 'sp.');
INSERT INTO Plants(ID, familyID, name) VALUES(2983, 593, 'sylvatica');
INSERT INTO Families(ID, typeID, name) VALUES(594, 1, 'Cattleyopsis');
INSERT INTO Plants(ID, familyID, name) VALUES(2984, 594, 'lindeni');
INSERT INTO Families(ID, typeID, name) VALUES(595, 1, 'Caularthron');
INSERT INTO Plants(ID, familyID, name) VALUES(2985, 595, 'bilamellatum');
INSERT INTO Families(ID, typeID, name) VALUES(596, 1, 'Cladobium');
INSERT INTO Plants(ID, familyID, name) VALUES(2986, 596, 'graminifolium');
INSERT INTO Families(ID, typeID, name) VALUES(597, 5, 'Coelogyne');
INSERT INTO Plants(ID, familyID, name) VALUES(2987, 597, 'flaccida');
INSERT INTO Plants(ID, familyID, name) VALUES(2988, 597, 'nitida');
INSERT INTO Plants(ID, familyID, name) VALUES(2989, 597, 'prolifera');
INSERT INTO Plants(ID, familyID, name) VALUES(2990, 597, 'sp.');
INSERT INTO Families(ID, typeID, name) VALUES(598, 1, 'Cymbidium');
INSERT INTO Plants(ID, familyID, name) VALUES(2991, 598, 'aloifolium');
INSERT INTO Plants(ID, familyID, name) VALUES(2992, 598, 'lowianum');
INSERT INTO Plants(ID, familyID, name) VALUES(2993, 598, 'madidum');
INSERT INTO Plants(ID, familyID, name) VALUES(2994, 598, 'pendulatum');
INSERT INTO Plants(ID, familyID, name) VALUES(2995, 598, 'sp.');
INSERT INTO Plants(ID, familyID, name) VALUES(2996, 598, 'tracianum');
INSERT INTO Plants(ID, familyID, name) VALUES(2997, 598, 'x pauwelsii hort');
INSERT INTO Families(ID, typeID, name) VALUES(599, 1, 'Cyrtopodium');
INSERT INTO Plants(ID, familyID, name) VALUES(2998, 599, 'puntatum');
INSERT INTO Families(ID, typeID, name) VALUES(600, 1, 'Dendrobium');
INSERT INTO Plants(ID, familyID, name) VALUES(2999, 600, 'anosmum');
INSERT INTO Plants(ID, familyID, name) VALUES(3000, 600, 'chrysotoxum');
INSERT INTO Plants(ID, familyID, name) VALUES(3001, 600, 'sp.');
INSERT INTO Families(ID, typeID, name) VALUES(601, 1, 'Dimerandra');
INSERT INTO Plants(ID, familyID, name) VALUES(3002, 601, 'emarginata');
INSERT INTO Plants(ID, familyID, name) VALUES(3003, 601, 'sp.');
INSERT INTO Families(ID, typeID, name) VALUES(602, 1, 'Encyclia');
INSERT INTO Plants(ID, familyID, name) VALUES(3004, 602, 'atropurpureum');
INSERT INTO Plants(ID, familyID, name) VALUES(3005, 602, 'cochleatum');
INSERT INTO Plants(ID, familyID, name) VALUES(3006, 602, 'sp.');
INSERT INTO Families(ID, typeID, name) VALUES(603, 1, 'Epidendrum');
INSERT INTO Plants(ID, familyID, name) VALUES(3007, 603, 'anza');
INSERT INTO Plants(ID, familyID, name) VALUES(3008, 603, 'atroviolaceum');
INSERT INTO Plants(ID, familyID, name) VALUES(3009, 603, 'elongatum');
INSERT INTO Plants(ID, familyID, name) VALUES(3010, 603, 'encyclea');
INSERT INTO Plants(ID, familyID, name) VALUES(3011, 603, 'gouldii');
INSERT INTO Plants(ID, familyID, name) VALUES(3012, 603, 'nocturnum');
INSERT INTO Plants(ID, familyID, name) VALUES(3013, 603, 'radicans');
INSERT INTO Plants(ID, familyID, name) VALUES(3014, 603, 'secundum');
INSERT INTO Families(ID, typeID, name) VALUES(604, 1, 'Euanthe');
INSERT INTO Plants(ID, familyID, name) VALUES(3015, 604, 'sanderiana');
INSERT INTO Families(ID, typeID, name) VALUES(605, 1, 'Eulophiella');
INSERT INTO Plants(ID, familyID, name) VALUES(3016, 605, 'roempleriana');
INSERT INTO Families(ID, typeID, name) VALUES(606, 1, 'Gongora');
INSERT INTO Plants(ID, familyID, name) VALUES(3017, 606, 'quinquenervis');
INSERT INTO Plants(ID, familyID, name) VALUES(3018, 606, 'sp.');
INSERT INTO Plants(ID, familyID, name) VALUES(3019, 606, 'tricolor');
INSERT INTO Families(ID, typeID, name) VALUES(607, 1, 'Grammatophyllum');
INSERT INTO Plants(ID, familyID, name) VALUES(3020, 607, 'sp.');
INSERT INTO Plants(ID, familyID, name) VALUES(3021, 607, 'speciosus');
INSERT INTO Families(ID, typeID, name) VALUES(608, 1, 'Laelia');
INSERT INTO Plants(ID, familyID, name) VALUES(3022, 608, 'sp.');
INSERT INTO Plants(ID, familyID, name) VALUES(3023, 608, 'tenebrosa');
INSERT INTO Families(ID, typeID, name) VALUES(609, 2, 'Listera');
INSERT INTO Plants(ID, familyID, name) VALUES(3024, 609, 'convallarioides');
INSERT INTO Families(ID, typeID, name) VALUES(610, 1, 'Neobenthamia');
INSERT INTO Plants(ID, familyID, name) VALUES(3025, 610, 'gracilis');
INSERT INTO Families(ID, typeID, name) VALUES(611, 1, 'Notylia');
INSERT INTO Plants(ID, familyID, name) VALUES(3026, 611, 'barkeri');
INSERT INTO Plants(ID, familyID, name) VALUES(3027, 611, 'pentachne');
INSERT INTO Plants(ID, familyID, name) VALUES(3028, 611, 'sp.');
INSERT INTO Families(ID, typeID, name) VALUES(612, 1, 'Oberonia');
INSERT INTO Plants(ID, familyID, name) VALUES(3029, 612, 'chandrasekharanii');
INSERT INTO Families(ID, typeID, name) VALUES(613, 1, 'Oncidium');
INSERT INTO Plants(ID, familyID, name) VALUES(3030, 613, 'excavatum');
INSERT INTO Plants(ID, familyID, name) VALUES(3031, 613, 'floridanum');
INSERT INTO Plants(ID, familyID, name) VALUES(3032, 613, 'sp.');
INSERT INTO Plants(ID, familyID, name) VALUES(3033, 613, 'sphacelatum');
INSERT INTO Families(ID, typeID, name) VALUES(614, 5, 'Otichilus');
INSERT INTO Plants(ID, familyID, name) VALUES(3034, 614, 'albus');
INSERT INTO Families(ID, typeID, name) VALUES(615, 1, 'Papilionanthe');
INSERT INTO Plants(ID, familyID, name) VALUES(3035, 615, 'hookeriana');
INSERT INTO Plants(ID, familyID, name) VALUES(3036, 615, 'teres');
INSERT INTO Families(ID, typeID, name) VALUES(616, 1, 'Phaius');
INSERT INTO Plants(ID, familyID, name) VALUES(3037, 616, 'sp.');
INSERT INTO Plants(ID, familyID, name) VALUES(3038, 616, 'tankervilliae');
INSERT INTO Families(ID, typeID, name) VALUES(617, 1, 'Phalaenopsis');
INSERT INTO Plants(ID, familyID, name) VALUES(3039, 617, 'lueddermanniana');
INSERT INTO Families(ID, typeID, name) VALUES(618, 1, 'Ponera');
INSERT INTO Plants(ID, familyID, name) VALUES(3040, 618, 'sp.');
INSERT INTO Families(ID, typeID, name) VALUES(619, 1, 'Prosthechea');
INSERT INTO Plants(ID, familyID, name) VALUES(3041, 619, 'chacaoensis');
INSERT INTO Families(ID, typeID, name) VALUES(620, 1, 'Scaphyglottis');
INSERT INTO Plants(ID, familyID, name) VALUES(3042, 620, 'sp.');
INSERT INTO Families(ID, typeID, name) VALUES(621, 1, 'Schomburgkia');
INSERT INTO Plants(ID, familyID, name) VALUES(3043, 621, 'sp');
INSERT INTO Plants(ID, familyID, name) VALUES(3044, 621, 'tibicinis');
INSERT INTO Families(ID, typeID, name) VALUES(622, 1, 'Sobralia');
INSERT INTO Plants(ID, familyID, name) VALUES(3045, 622, 'sp.');
INSERT INTO Families(ID, typeID, name) VALUES(623, 1, 'Spathoglottis');
INSERT INTO Plants(ID, familyID, name) VALUES(3046, 623, 'plicata');
INSERT INTO Families(ID, typeID, name) VALUES(624, 1, 'Stanhopea');
INSERT INTO Plants(ID, familyID, name) VALUES(3047, 624, 'sp.');
INSERT INTO Families(ID, typeID, name) VALUES(625, 1, 'Trichocentrum');
INSERT INTO Plants(ID, familyID, name) VALUES(3048, 625, 'lacerum');
INSERT INTO Families(ID, typeID, name) VALUES(626, 1, 'Trichoglottis');
INSERT INTO Plants(ID, familyID, name) VALUES(3049, 626, 'philappenense');
INSERT INTO Plants(ID, familyID, name) VALUES(3050, 626, 'rosea');
INSERT INTO Families(ID, typeID, name) VALUES(627, 1, 'Trigonidium');
INSERT INTO Plants(ID, familyID, name) VALUES(3051, 627, 'egertonianum');
INSERT INTO Plants(ID, familyID, name) VALUES(3052, 627, 'sp.');
INSERT INTO Families(ID, typeID, name) VALUES(628, 1, 'Vanda');
INSERT INTO Plants(ID, familyID, name) VALUES(3053, 628, 'merrillii');
INSERT INTO Plants(ID, familyID, name) VALUES(3054, 628, 'rothschildiana');
INSERT INTO Plants(ID, familyID, name) VALUES(3055, 628, 'sp.');
INSERT INTO Plants(ID, familyID, name) VALUES(3056, 628, 'tricolor');
INSERT INTO Families(ID, typeID, name) VALUES(629, 1, 'Vanilla');
INSERT INTO Plants(ID, familyID, name) VALUES(3057, 629, 'planifolia');
INSERT INTO Plants(ID, familyID, name) VALUES(3058, 629, 'sp.');
INSERT INTO Families(ID, typeID, name) VALUES(630, 2, 'Paeonia');
INSERT INTO Plants(ID, familyID, name) VALUES(3059, 630, 'albiflora');
INSERT INTO Plants(ID, familyID, name) VALUES(3060, 630, 'japonica');
INSERT INTO Plants(ID, familyID, name) VALUES(3061, 630, 'lactiflora');
INSERT INTO Plants(ID, familyID, name) VALUES(3062, 630, 'officinalis');
INSERT INTO Plants(ID, familyID, name) VALUES(3063, 630, 'sp.');
INSERT INTO Families(ID, typeID, name) VALUES(631, 1, 'Adenia');
INSERT INTO Plants(ID, familyID, name) VALUES(3064, 631, '5 unnamed species');
INSERT INTO Plants(ID, familyID, name) VALUES(3065, 631, 'abyssinica');
INSERT INTO Plants(ID, familyID, name) VALUES(3066, 631, 'acuminata');
INSERT INTO Plants(ID, familyID, name) VALUES(3067, 631, 'antogillana');
INSERT INTO Plants(ID, familyID, name) VALUES(3068, 631, 'apiculata');
INSERT INTO Plants(ID, familyID, name) VALUES(3069, 631, 'australis');
INSERT INTO Plants(ID, familyID, name) VALUES(3070, 631, 'buchanannii');
INSERT INTO Plants(ID, familyID, name) VALUES(3071, 631, 'cf cyanchifolia');
INSERT INTO Plants(ID, familyID, name) VALUES(3072, 631, 'cissampeloides');
INSERT INTO Plants(ID, familyID, name) VALUES(3073, 631, 'clementis');
INSERT INTO Plants(ID, familyID, name) VALUES(3074, 631, 'cordifolia');
INSERT INTO Plants(ID, familyID, name) VALUES(3075, 631, 'cordiphylla');
INSERT INTO Plants(ID, familyID, name) VALUES(3076, 631, 'digitata');
INSERT INTO Plants(ID, familyID, name) VALUES(3077, 631, 'gracilis');
INSERT INTO Plants(ID, familyID, name) VALUES(3078, 631, 'heterophylla');
INSERT INTO Plants(ID, familyID, name) VALUES(3079, 631, 'integrifolia');
INSERT INTO Plants(ID, familyID, name) VALUES(3080, 631, 'lklaineana');
INSERT INTO Plants(ID, familyID, name) VALUES(3081, 631, 'lobata');
INSERT INTO Plants(ID, familyID, name) VALUES(3082, 631, 'macrophylla');
INSERT INTO Plants(ID, familyID, name) VALUES(3083, 631, 'obtusa');
INSERT INTO Plants(ID, familyID, name) VALUES(3084, 631, 'palmata');
INSERT INTO Plants(ID, familyID, name) VALUES(3085, 631, 'paschathus');
INSERT INTO Plants(ID, familyID, name) VALUES(3086, 631, 'penangiana');
INSERT INTO Plants(ID, familyID, name) VALUES(3087, 631, 'perrieri');
INSERT INTO Plants(ID, familyID, name) VALUES(3088, 631, 'populifolia');
INSERT INTO Plants(ID, familyID, name) VALUES(3089, 631, 'refracta');
INSERT INTO Plants(ID, familyID, name) VALUES(3090, 631, 'repanda');
INSERT INTO Plants(ID, familyID, name) VALUES(3091, 631, 'stolzii');
INSERT INTO Plants(ID, familyID, name) VALUES(3092, 631, 'tenuispira');
INSERT INTO Plants(ID, familyID, name) VALUES(3093, 631, 'triloba');
INSERT INTO Plants(ID, familyID, name) VALUES(3094, 631, 'trilobata');
INSERT INTO Plants(ID, familyID, name) VALUES(3095, 631, 'venenata');
INSERT INTO Plants(ID, familyID, name) VALUES(3096, 631, 'volkensii');
INSERT INTO Plants(ID, familyID, name) VALUES(3097, 631, 'welwitschii');
INSERT INTO Families(ID, typeID, name) VALUES(632, 1, 'Barteria');
INSERT INTO Plants(ID, familyID, name) VALUES(3098, 632, 'dewevrei');
INSERT INTO Plants(ID, familyID, name) VALUES(3099, 632, 'fistulosa');
INSERT INTO Plants(ID, familyID, name) VALUES(3100, 632, 'nigritana');
INSERT INTO Plants(ID, familyID, name) VALUES(3101, 632, 'solida');
INSERT INTO Plants(ID, familyID, name) VALUES(3102, 632, 'spp.');
INSERT INTO Families(ID, typeID, name) VALUES(633, 1, 'Basananthe');
INSERT INTO Plants(ID, familyID, name) VALUES(3103, 633, 'littoralis');
INSERT INTO Plants(ID, familyID, name) VALUES(3104, 633, 'zanaibaricum');
INSERT INTO Families(ID, typeID, name) VALUES(634, 1, 'Crossostemma');
INSERT INTO Plants(ID, familyID, name) VALUES(3105, 634, 'sp.');
INSERT INTO Families(ID, typeID, name) VALUES(635, 1, 'Deidamia');
INSERT INTO Plants(ID, familyID, name) VALUES(3106, 635, 'bipinnata');
INSERT INTO Plants(ID, familyID, name) VALUES(3107, 635, 'commersoniana');
INSERT INTO Plants(ID, familyID, name) VALUES(3108, 635, 'neronhiana');
INSERT INTO Plants(ID, familyID, name) VALUES(3109, 635, 'setigera');
INSERT INTO Families(ID, typeID, name) VALUES(636, 1, 'Dilkea');
INSERT INTO Plants(ID, familyID, name) VALUES(3110, 636, 'wallisii');
INSERT INTO Families(ID, typeID, name) VALUES(637, 1, 'Erblichia');
INSERT INTO Plants(ID, familyID, name) VALUES(3111, 637, 'berneriana');
INSERT INTO Plants(ID, familyID, name) VALUES(3112, 637, 'capensis');
INSERT INTO Plants(ID, familyID, name) VALUES(3113, 637, 'xylocarpa');
INSERT INTO Families(ID, typeID, name) VALUES(638, 1, 'Hollrungia');
INSERT INTO Plants(ID, familyID, name) VALUES(3114, 638, 'sp.');
INSERT INTO Families(ID, typeID, name) VALUES(639, 1, 'Mitostemma');
INSERT INTO Plants(ID, familyID, name) VALUES(3115, 639, 'glaziovii');
INSERT INTO Families(ID, typeID, name) VALUES(640, 1, 'Ophicanlon');
INSERT INTO Plants(ID, familyID, name) VALUES(3116, 640, '5 unnamed spp.');
INSERT INTO Families(ID, typeID, name) VALUES(641, 1, 'Paropsia');
INSERT INTO Plants(ID, familyID, name) VALUES(3117, 641, 'edulis');
INSERT INTO Plants(ID, familyID, name) VALUES(3118, 641, 'humblotii');
INSERT INTO Plants(ID, familyID, name) VALUES(3119, 641, 'obscura');
INSERT INTO Plants(ID, familyID, name) VALUES(3120, 641, 'vareciformis');
INSERT INTO Families(ID, typeID, name) VALUES(642, 1, 'Paropsiopsis');
INSERT INTO Plants(ID, familyID, name) VALUES(3121, 642, 'africana');
INSERT INTO Plants(ID, familyID, name) VALUES(3122, 642, 'ferruginea');
INSERT INTO Plants(ID, familyID, name) VALUES(3123, 642, 'jollyana');
INSERT INTO Plants(ID, familyID, name) VALUES(3124, 642, 'pulchra');
INSERT INTO Families(ID, typeID, name) VALUES(643, 1, 'Paschanthus');
INSERT INTO Plants(ID, familyID, name) VALUES(3125, 643, 'sp.');
INSERT INTO Families(ID, typeID, name) VALUES(644, 1, 'Passiflora');
INSERT INTO Plants(ID, familyID, name) VALUES(3126, 644, 'actinia');
INSERT INTO Plants(ID, familyID, name) VALUES(3127, 644, 'acuminata');
INSERT INTO Plants(ID, familyID, name) VALUES(3128, 644, 'adenopoda');
INSERT INTO Plants(ID, familyID, name) VALUES(3129, 644, 'adulterina');
INSERT INTO Plants(ID, familyID, name) VALUES(3130, 644, 'alata');
INSERT INTO Plants(ID, familyID, name) VALUES(3131, 644, 'alba');
INSERT INTO Plants(ID, familyID, name) VALUES(3132, 644, 'allantophylla');
INSERT INTO Plants(ID, familyID, name) VALUES(3133, 644, 'alliacea');
INSERT INTO Plants(ID, familyID, name) VALUES(3134, 644, 'amabilis');
INSERT INTO Plants(ID, familyID, name) VALUES(3135, 644, 'amalocarpa');
INSERT INTO Plants(ID, familyID, name) VALUES(3136, 644, 'ambigua');
INSERT INTO Plants(ID, familyID, name) VALUES(3137, 644, 'amethystina');
INSERT INTO Plants(ID, familyID, name) VALUES(3138, 644, 'ampullacea');
INSERT INTO Plants(ID, familyID, name) VALUES(3139, 644, 'anastomosans');
INSERT INTO Plants(ID, familyID, name) VALUES(3140, 644, 'andersonii');
INSERT INTO Plants(ID, familyID, name) VALUES(3141, 644, 'andina');
INSERT INTO Plants(ID, familyID, name) VALUES(3142, 644, 'anfracta');
INSERT INTO Plants(ID, familyID, name) VALUES(3143, 644, 'angustifolia');
INSERT INTO Plants(ID, familyID, name) VALUES(3144, 644, 'antioquiensis');
INSERT INTO Plants(ID, familyID, name) VALUES(3145, 644, 'apoda');
INSERT INTO Plants(ID, familyID, name) VALUES(3146, 644, 'arborea');
INSERT INTO Plants(ID, familyID, name) VALUES(3147, 644, 'aristulata');
INSERT INTO Plants(ID, familyID, name) VALUES(3148, 644, 'aurantia');
INSERT INTO Plants(ID, familyID, name) VALUES(3149, 644, 'aurantoides');
INSERT INTO Plants(ID, familyID, name) VALUES(3150, 644, 'auriculata');
INSERT INTO Plants(ID, familyID, name) VALUES(3151, 644, 'bahamensis');
INSERT INTO Plants(ID, familyID, name) VALUES(3152, 644, 'bahiensis');
INSERT INTO Plants(ID, familyID, name) VALUES(3153, 644, 'bauhinifolia');
INSERT INTO Plants(ID, familyID, name) VALUES(3154, 644, 'bicuspidata');
INSERT INTO Plants(ID, familyID, name) VALUES(3155, 644, 'biflora');
INSERT INTO Plants(ID, familyID, name) VALUES(3156, 644, 'bogotensis');
INSERT INTO Plants(ID, familyID, name) VALUES(3157, 644, 'bracteosa');
INSERT INTO Plants(ID, familyID, name) VALUES(3158, 644, 'brasiliana');
INSERT INTO Plants(ID, familyID, name) VALUES(3159, 644, 'brevifila');
INSERT INTO Plants(ID, familyID, name) VALUES(3160, 644, 'bryonioides');
INSERT INTO Plants(ID, familyID, name) VALUES(3161, 644, 'bucaramangensis');
INSERT INTO Plants(ID, familyID, name) VALUES(3162, 644, 'buchtienii');
INSERT INTO Plants(ID, familyID, name) VALUES(3163, 644, 'caerulea');
INSERT INTO Plants(ID, familyID, name) VALUES(3164, 644, 'calcarata');
INSERT INTO Plants(ID, familyID, name) VALUES(3165, 644, 'callimorpha');
INSERT INTO Plants(ID, familyID, name) VALUES(3166, 644, 'campanulata');
INSERT INTO Plants(ID, familyID, name) VALUES(3167, 644, 'candida');
INSERT INTO Plants(ID, familyID, name) VALUES(3168, 644, 'candollei');
INSERT INTO Plants(ID, familyID, name) VALUES(3169, 644, 'canescens');
INSERT INTO Plants(ID, familyID, name) VALUES(3170, 644, 'capparidifolia');
INSERT INTO Plants(ID, familyID, name) VALUES(3171, 644, 'cardinalis');
INSERT INTO Plants(ID, familyID, name) VALUES(3172, 644, 'cauliflora');
INSERT INTO Plants(ID, familyID, name) VALUES(3173, 644, 'ceratocarpa');
INSERT INTO Plants(ID, familyID, name) VALUES(3174, 644, 'chocoriana');
INSERT INTO Plants(ID, familyID, name) VALUES(3175, 644, 'chrysophylla');
INSERT INTO Plants(ID, familyID, name) VALUES(3176, 644, 'cincinnata');
INSERT INTO Plants(ID, familyID, name) VALUES(3177, 644, 'cirrhipes');
INSERT INTO Plants(ID, familyID, name) VALUES(3178, 644, 'cirrrhiflora');
INSERT INTO Plants(ID, familyID, name) VALUES(3179, 644, 'citrifolia');
INSERT INTO Plants(ID, familyID, name) VALUES(3180, 644, 'clathrata');
INSERT INTO Plants(ID, familyID, name) VALUES(3181, 644, 'clypeophylla');
INSERT INTO Plants(ID, familyID, name) VALUES(3182, 644, 'coactilis');
INSERT INTO Plants(ID, familyID, name) VALUES(3183, 644, 'coccinea');
INSERT INTO Plants(ID, familyID, name) VALUES(3184, 644, 'cochchinensis');
INSERT INTO Plants(ID, familyID, name) VALUES(3185, 644, 'coerulea');
INSERT INTO Plants(ID, familyID, name) VALUES(3186, 644, 'colimensis');
INSERT INTO Plants(ID, familyID, name) VALUES(3187, 644, 'coriacea');
INSERT INTO Plants(ID, familyID, name) VALUES(3188, 644, 'cornuta');
INSERT INTO Plants(ID, familyID, name) VALUES(3189, 644, 'costata');
INSERT INTO Plants(ID, familyID, name) VALUES(3190, 644, 'crassifolia');
INSERT INTO Plants(ID, familyID, name) VALUES(3191, 644, 'cremastantha');
INSERT INTO Plants(ID, familyID, name) VALUES(3192, 644, 'cuatrecasasii');
INSERT INTO Plants(ID, familyID, name) VALUES(3193, 644, 'cubensis');
INSERT INTO Plants(ID, familyID, name) VALUES(3194, 644, 'cumbalensis');
INSERT INTO Plants(ID, familyID, name) VALUES(3195, 644, 'cupiformis');
INSERT INTO Plants(ID, familyID, name) VALUES(3196, 644, 'cuprea');
INSERT INTO Plants(ID, familyID, name) VALUES(3197, 644, 'cuspidifolia');
INSERT INTO Plants(ID, familyID, name) VALUES(3198, 644, 'cuzoensis');
INSERT INTO Plants(ID, familyID, name) VALUES(3199, 644, 'cyanea');
INSERT INTO Plants(ID, familyID, name) VALUES(3200, 644, 'dalechampioides');
INSERT INTO Plants(ID, familyID, name) VALUES(3201, 644, 'danielii');
INSERT INTO Plants(ID, familyID, name) VALUES(3202, 644, 'dasyadenia');
INSERT INTO Plants(ID, familyID, name) VALUES(3203, 644, 'dawei');
INSERT INTO Plants(ID, familyID, name) VALUES(3204, 644, 'deficiens');
INSERT INTO Plants(ID, familyID, name) VALUES(3205, 644, 'deidamioides');
INSERT INTO Plants(ID, familyID, name) VALUES(3206, 644, 'dioscoreafolia');
INSERT INTO Plants(ID, familyID, name) VALUES(3207, 644, 'dolichocarpa');
INSERT INTO Plants(ID, familyID, name) VALUES(3208, 644, 'eberhartii');
INSERT INTO Plants(ID, familyID, name) VALUES(3209, 644, 'edulis');
INSERT INTO Plants(ID, familyID, name) VALUES(3210, 644, 'eggersii');
INSERT INTO Plants(ID, familyID, name) VALUES(3211, 644, 'eichleriana');
INSERT INTO Plants(ID, familyID, name) VALUES(3212, 644, 'elegans');
INSERT INTO Plants(ID, familyID, name) VALUES(3213, 644, 'elliptica');
INSERT INTO Plants(ID, familyID, name) VALUES(3214, 644, 'emarginata');
INSERT INTO Plants(ID, familyID, name) VALUES(3215, 644, 'engleriana');
INSERT INTO Plants(ID, familyID, name) VALUES(3216, 644, 'eriocaula');
INSERT INTO Plants(ID, familyID, name) VALUES(3217, 644, 'ernesti');
INSERT INTO Plants(ID, familyID, name) VALUES(3218, 644, 'erythrophylla');
INSERT INTO Plants(ID, familyID, name) VALUES(3219, 644, 'eueidipabulum');
INSERT INTO Plants(ID, familyID, name) VALUES(3220, 644, 'exoperculata');
INSERT INTO Plants(ID, familyID, name) VALUES(3221, 644, 'exsudans');
INSERT INTO Plants(ID, familyID, name) VALUES(3222, 644, 'faroana');
INSERT INTO Plants(ID, familyID, name) VALUES(3223, 644, 'ferruginea');
INSERT INTO Plants(ID, familyID, name) VALUES(3224, 644, 'filamentosa');
INSERT INTO Plants(ID, familyID, name) VALUES(3225, 644, 'fimbriatistipula');
INSERT INTO Plants(ID, familyID, name) VALUES(3226, 644, 'flexipes');
INSERT INTO Plants(ID, familyID, name) VALUES(3227, 644, 'foetida');
INSERT INTO Plants(ID, familyID, name) VALUES(3228, 644, 'fructescens');
INSERT INTO Plants(ID, familyID, name) VALUES(3229, 644, 'fruticosa');
INSERT INTO Plants(ID, familyID, name) VALUES(3230, 644, 'fuchsiiflora');
INSERT INTO Plants(ID, familyID, name) VALUES(3231, 644, 'galbana');
INSERT INTO Plants(ID, familyID, name) VALUES(3232, 644, 'garckei');
INSERT INTO Plants(ID, familyID, name) VALUES(3233, 644, 'gardneri');
INSERT INTO Plants(ID, familyID, name) VALUES(3234, 644, 'giberti');
INSERT INTO Plants(ID, familyID, name) VALUES(3235, 644, 'gigantifolia');
INSERT INTO Plants(ID, familyID, name) VALUES(3236, 644, 'glabberima');
INSERT INTO Plants(ID, familyID, name) VALUES(3237, 644, 'gladulosa');
INSERT INTO Plants(ID, familyID, name) VALUES(3238, 644, 'gleasonii');
INSERT INTO Plants(ID, familyID, name) VALUES(3239, 644, 'gracilens');
INSERT INTO Plants(ID, familyID, name) VALUES(3240, 644, 'gracilis');
INSERT INTO Plants(ID, familyID, name) VALUES(3241, 644, 'gracillima');
INSERT INTO Plants(ID, familyID, name) VALUES(3242, 644, 'grandis');
INSERT INTO Plants(ID, familyID, name) VALUES(3243, 644, 'gritensis');
INSERT INTO Plants(ID, familyID, name) VALUES(3244, 644, 'guazumaefolia');
INSERT INTO Plants(ID, familyID, name) VALUES(3245, 644, 'guentheri');
INSERT INTO Plants(ID, familyID, name) VALUES(3246, 644, 'haematostigma');
INSERT INTO Plants(ID, familyID, name) VALUES(3247, 644, 'hastifolia');
INSERT INTO Plants(ID, familyID, name) VALUES(3248, 644, 'haughtii');
INSERT INTO Plants(ID, familyID, name) VALUES(3249, 644, 'helleri');
INSERT INTO Plants(ID, familyID, name) VALUES(3250, 644, 'henryi');
INSERT INTO Plants(ID, familyID, name) VALUES(3251, 644, 'herbertiana');
INSERT INTO Plants(ID, familyID, name) VALUES(3252, 644, 'heterohelix');
INSERT INTO Plants(ID, familyID, name) VALUES(3253, 644, 'hexagonocarpa');
INSERT INTO Plants(ID, familyID, name) VALUES(3254, 644, 'hispida');
INSERT INTO Plants(ID, familyID, name) VALUES(3255, 644, 'holosericia');
INSERT INTO Plants(ID, familyID, name) VALUES(3256, 644, 'holtii');
INSERT INTO Plants(ID, familyID, name) VALUES(3257, 644, 'hyacinthiflora');
INSERT INTO Plants(ID, familyID, name) VALUES(3258, 644, 'hypoglauca');
INSERT INTO Plants(ID, familyID, name) VALUES(3259, 644, 'hypoleuca');
INSERT INTO Plants(ID, familyID, name) VALUES(3260, 644, 'ichthyura');
INSERT INTO Plants(ID, familyID, name) VALUES(3261, 644, 'incarnata');
INSERT INTO Plants(ID, familyID, name) VALUES(3262, 644, 'insignis');
INSERT INTO Plants(ID, familyID, name) VALUES(3263, 644, 'ischnoclada');
INSERT INTO Plants(ID, familyID, name) VALUES(3264, 644, 'jamesoni');
INSERT INTO Plants(ID, familyID, name) VALUES(3265, 644, 'jileki');
INSERT INTO Plants(ID, familyID, name) VALUES(3266, 644, 'karwinskii');
INSERT INTO Plants(ID, familyID, name) VALUES(3267, 644, 'kermesina');
INSERT INTO Plants(ID, familyID, name) VALUES(3268, 644, 'kuranda');
INSERT INTO Plants(ID, familyID, name) VALUES(3269, 644, 'lanata');
INSERT INTO Plants(ID, familyID, name) VALUES(3270, 644, 'lancearia');
INSERT INTO Plants(ID, familyID, name) VALUES(3271, 644, 'lanceolata');
INSERT INTO Plants(ID, familyID, name) VALUES(3272, 644, 'lancifolia');
INSERT INTO Plants(ID, familyID, name) VALUES(3273, 644, 'laurifolia');
INSERT INTO Plants(ID, familyID, name) VALUES(3274, 644, 'lehmanii');
INSERT INTO Plants(ID, familyID, name) VALUES(3275, 644, 'leptoclada');
INSERT INTO Plants(ID, familyID, name) VALUES(3276, 644, 'leptomischa');
INSERT INTO Plants(ID, familyID, name) VALUES(3277, 644, 'leptopoda');
INSERT INTO Plants(ID, familyID, name) VALUES(3278, 644, 'leschenaultii');
INSERT INTO Plants(ID, familyID, name) VALUES(3279, 644, 'leutzelburgii');
INSERT INTO Plants(ID, familyID, name) VALUES(3280, 644, 'liebmannii');
INSERT INTO Plants(ID, familyID, name) VALUES(3281, 644, 'ligularis');
INSERT INTO Plants(ID, familyID, name) VALUES(3282, 644, 'ligulifolia');
INSERT INTO Plants(ID, familyID, name) VALUES(3283, 644, 'lindeniana');
INSERT INTO Plants(ID, familyID, name) VALUES(3284, 644, 'lobbii');
INSERT INTO Plants(ID, familyID, name) VALUES(3285, 644, 'lonchophora');
INSERT INTO Plants(ID, familyID, name) VALUES(3286, 644, 'longipes');
INSERT INTO Plants(ID, familyID, name) VALUES(3287, 644, 'longiracemosa');
INSERT INTO Plants(ID, familyID, name) VALUES(3288, 644, 'loretensis');
INSERT INTO Plants(ID, familyID, name) VALUES(3289, 644, 'loxensis');
INSERT INTO Plants(ID, familyID, name) VALUES(3290, 644, 'luetzelburgii');
INSERT INTO Plants(ID, familyID, name) VALUES(3291, 644, 'lunata');
INSERT INTO Plants(ID, familyID, name) VALUES(3292, 644, 'lyra');
INSERT INTO Plants(ID, familyID, name) VALUES(3293, 644, 'macdougaliana');
INSERT INTO Plants(ID, familyID, name) VALUES(3294, 644, 'macrochlamys');
INSERT INTO Plants(ID, familyID, name) VALUES(3295, 644, 'macrophylla');
INSERT INTO Plants(ID, familyID, name) VALUES(3296, 644, 'macropoda');
INSERT INTO Plants(ID, familyID, name) VALUES(3297, 644, 'maculata');
INSERT INTO Plants(ID, familyID, name) VALUES(3298, 644, 'magdalenae');
INSERT INTO Plants(ID, familyID, name) VALUES(3299, 644, 'malacophylla');
INSERT INTO Plants(ID, familyID, name) VALUES(3300, 644, 'maliformis');
INSERT INTO Plants(ID, familyID, name) VALUES(3301, 644, 'mandoni');
INSERT INTO Plants(ID, familyID, name) VALUES(3302, 644, 'manicata');
INSERT INTO Plants(ID, familyID, name) VALUES(3303, 644, 'mansii');
INSERT INTO Plants(ID, familyID, name) VALUES(3304, 644, 'mansoi');
INSERT INTO Plants(ID, familyID, name) VALUES(3305, 644, 'mapiriensis');
INSERT INTO Plants(ID, familyID, name) VALUES(3306, 644, 'matthewsii');
INSERT INTO Plants(ID, familyID, name) VALUES(3307, 644, 'melanoneura');
INSERT INTO Plants(ID, familyID, name) VALUES(3308, 644, 'mendoncaei');
INSERT INTO Plants(ID, familyID, name) VALUES(3309, 644, 'menispermacea');
INSERT INTO Plants(ID, familyID, name) VALUES(3310, 644, 'menispermifolia');
INSERT INTO Plants(ID, familyID, name) VALUES(3311, 644, 'mesadenia');
INSERT INTO Plants(ID, familyID, name) VALUES(3312, 644, 'mexicana');
INSERT INTO Plants(ID, familyID, name) VALUES(3313, 644, 'micranthra');
INSERT INTO Plants(ID, familyID, name) VALUES(3314, 644, 'micropetala');
INSERT INTO Plants(ID, familyID, name) VALUES(3315, 644, 'miersii');
INSERT INTO Plants(ID, familyID, name) VALUES(3316, 644, 'misera');
INSERT INTO Plants(ID, familyID, name) VALUES(3317, 644, 'mixta');
INSERT INTO Plants(ID, familyID, name) VALUES(3318, 644, 'mollis');
INSERT INTO Plants(ID, familyID, name) VALUES(3319, 644, 'mollissima');
INSERT INTO Plants(ID, familyID, name) VALUES(3320, 644, 'moluccana');
INSERT INTO Plants(ID, familyID, name) VALUES(3321, 644, 'moluccana var teysmanniana');
INSERT INTO Plants(ID, familyID, name) VALUES(3322, 644, 'mooreana');
INSERT INTO Plants(ID, familyID, name) VALUES(3323, 644, 'morifolia');
INSERT INTO Plants(ID, familyID, name) VALUES(3324, 644, 'mucronata');
INSERT INTO Plants(ID, familyID, name) VALUES(3325, 644, 'multiflora');
INSERT INTO Plants(ID, familyID, name) VALUES(3326, 644, 'multiformis');
INSERT INTO Plants(ID, familyID, name) VALUES(3327, 644, 'mutisii');
INSERT INTO Plants(ID, familyID, name) VALUES(3328, 644, 'naviculata');
INSERT INTO Plants(ID, familyID, name) VALUES(3329, 644, 'nelsoni');
INSERT INTO Plants(ID, familyID, name) VALUES(3330, 644, 'nepalensis');
INSERT INTO Plants(ID, familyID, name) VALUES(3331, 644, 'nephrodes');
INSERT INTO Plants(ID, familyID, name) VALUES(3332, 644, 'nigradenia');
INSERT INTO Plants(ID, familyID, name) VALUES(3333, 644, 'nitida');
INSERT INTO Plants(ID, familyID, name) VALUES(3334, 644, 'oblongata');
INSERT INTO Plants(ID, familyID, name) VALUES(3335, 644, 'obovata');
INSERT INTO Plants(ID, familyID, name) VALUES(3336, 644, 'obtusiloba');
INSERT INTO Plants(ID, familyID, name) VALUES(3337, 644, 'ocanensis');
INSERT INTO Plants(ID, familyID, name) VALUES(3338, 644, 'odontophylla');
INSERT INTO Plants(ID, familyID, name) VALUES(3339, 644, 'oerstedii');
INSERT INTO Plants(ID, familyID, name) VALUES(3340, 644, 'orbiculata');
INSERT INTO Plants(ID, familyID, name) VALUES(3341, 644, 'organensis');
INSERT INTO Plants(ID, familyID, name) VALUES(3342, 644, 'ornithoura');
INSERT INTO Plants(ID, familyID, name) VALUES(3343, 644, 'ovata');
INSERT INTO Plants(ID, familyID, name) VALUES(3344, 644, 'pallens');
INSERT INTO Plants(ID, familyID, name) VALUES(3345, 644, 'palmeri');
INSERT INTO Plants(ID, familyID, name) VALUES(3346, 644, 'pamplonensis');
INSERT INTO Plants(ID, familyID, name) VALUES(3347, 644, 'panamensis');
INSERT INTO Plants(ID, familyID, name) VALUES(3348, 644, 'parritae');
INSERT INTO Plants(ID, familyID, name) VALUES(3349, 644, 'parviflora');
INSERT INTO Plants(ID, familyID, name) VALUES(3350, 644, 'pavonia');
INSERT INTO Plants(ID, familyID, name) VALUES(3351, 644, 'pectinata');
INSERT INTO Plants(ID, familyID, name) VALUES(3352, 644, 'pedata');
INSERT INTO Plants(ID, familyID, name) VALUES(3353, 644, 'pediculata');
INSERT INTO Plants(ID, familyID, name) VALUES(3354, 644, 'peduncularis');
INSERT INTO Plants(ID, familyID, name) VALUES(3355, 644, 'penduliflora');
INSERT INTO Plants(ID, familyID, name) VALUES(3356, 644, 'pennellii');
INSERT INTO Plants(ID, familyID, name) VALUES(3357, 644, 'pentagona');
INSERT INTO Plants(ID, familyID, name) VALUES(3358, 644, 'perfoliata');
INSERT INTO Plants(ID, familyID, name) VALUES(3359, 644, 'picturata');
INSERT INTO Plants(ID, familyID, name) VALUES(3360, 644, 'pilosa');
INSERT INTO Plants(ID, familyID, name) VALUES(3361, 644, 'pilosissima');
INSERT INTO Plants(ID, familyID, name) VALUES(3362, 644, 'pinnatistipula');
INSERT INTO Plants(ID, familyID, name) VALUES(3363, 644, 'pittieri');
INSERT INTO Plants(ID, familyID, name) VALUES(3364, 644, 'platyloba');
INSERT INTO Plants(ID, familyID, name) VALUES(3365, 644, 'podadenia');
INSERT INTO Plants(ID, familyID, name) VALUES(3366, 644, 'pohlii');
INSERT INTO Plants(ID, familyID, name) VALUES(3367, 644, 'porphyretica');
INSERT INTO Plants(ID, familyID, name) VALUES(3368, 644, 'praeacuta');
INSERT INTO Plants(ID, familyID, name) VALUES(3369, 644, 'prolata');
INSERT INTO Plants(ID, familyID, name) VALUES(3370, 644, 'psilantha');
INSERT INTO Plants(ID, familyID, name) VALUES(3371, 644, 'pubera');
INSERT INTO Plants(ID, familyID, name) VALUES(3372, 644, 'pulchella');
INSERT INTO Plants(ID, familyID, name) VALUES(3373, 644, 'purdiei');
INSERT INTO Plants(ID, familyID, name) VALUES(3374, 644, 'putumayensis');
INSERT INTO Plants(ID, familyID, name) VALUES(3375, 644, 'pyrrhantha');
INSERT INTO Plants(ID, familyID, name) VALUES(3376, 644, 'quadrangularis');
INSERT INTO Plants(ID, familyID, name) VALUES(3377, 644, 'quadriglandulosa');
INSERT INTO Plants(ID, familyID, name) VALUES(3378, 644, 'quelchii');
INSERT INTO Plants(ID, familyID, name) VALUES(3379, 644, 'quercetorum');
INSERT INTO Plants(ID, familyID, name) VALUES(3380, 644, 'quindiensis');
INSERT INTO Plants(ID, familyID, name) VALUES(3381, 644, 'racemosa');
INSERT INTO Plants(ID, familyID, name) VALUES(3382, 644, 'raddiana');
INSERT INTO Plants(ID, familyID, name) VALUES(3383, 644, 'raimondii');
INSERT INTO Plants(ID, familyID, name) VALUES(3384, 644, 'recurva');
INSERT INTO Plants(ID, familyID, name) VALUES(3385, 644, 'reflexiflora');
INSERT INTO Plants(ID, familyID, name) VALUES(3386, 644, 'resticulata');
INSERT INTO Plants(ID, familyID, name) VALUES(3387, 644, 'retipetala');
INSERT INTO Plants(ID, familyID, name) VALUES(3388, 644, 'rhamnifolia');
INSERT INTO Plants(ID, familyID, name) VALUES(3389, 644, 'rigidfolia');
INSERT INTO Plants(ID, familyID, name) VALUES(3390, 644, 'riparia');
INSERT INTO Plants(ID, familyID, name) VALUES(3391, 644, 'rojasii');
INSERT INTO Plants(ID, familyID, name) VALUES(3392, 644, 'roseorum');
INSERT INTO Plants(ID, familyID, name) VALUES(3393, 644, 'rotundifolia');
INSERT INTO Plants(ID, familyID, name) VALUES(3394, 644, 'rubra');
INSERT INTO Plants(ID, familyID, name) VALUES(3395, 644, 'rufostipulata');
INSERT INTO Plants(ID, familyID, name) VALUES(3396, 644, 'rugosa');
INSERT INTO Plants(ID, familyID, name) VALUES(3397, 644, 'schlimiana');
INSERT INTO Plants(ID, familyID, name) VALUES(3398, 644, 'schultzei');
INSERT INTO Plants(ID, familyID, name) VALUES(3399, 644, 'sclerophylla');
INSERT INTO Plants(ID, familyID, name) VALUES(3400, 644, 'seemanni');
INSERT INTO Plants(ID, familyID, name) VALUES(3401, 644, 'selenophylla');
INSERT INTO Plants(ID, familyID, name) VALUES(3402, 644, 'semiciliosa');
INSERT INTO Plants(ID, familyID, name) VALUES(3403, 644, 'serratifolia');
INSERT INTO Plants(ID, familyID, name) VALUES(3404, 644, 'serrato-digitata');
INSERT INTO Plants(ID, familyID, name) VALUES(3405, 644, 'serrulata');
INSERT INTO Plants(ID, familyID, name) VALUES(3406, 644, 'setacea');
INSERT INTO Plants(ID, familyID, name) VALUES(3407, 644, 'setulosa');
INSERT INTO Plants(ID, familyID, name) VALUES(3408, 644, 'sexflora');
INSERT INTO Plants(ID, familyID, name) VALUES(3409, 644, 'shaferi');
INSERT INTO Plants(ID, familyID, name) VALUES(3410, 644, 'siamica');
INSERT INTO Plants(ID, familyID, name) VALUES(3411, 644, 'sicyoides');
INSERT INTO Plants(ID, familyID, name) VALUES(3412, 644, 'sidaefolia');
INSERT INTO Plants(ID, familyID, name) VALUES(3413, 644, 'skiantha');
INSERT INTO Plants(ID, familyID, name) VALUES(3414, 644, 'smithii');
INSERT INTO Plants(ID, familyID, name) VALUES(3415, 644, 'sodiroi');
INSERT INTO Plants(ID, familyID, name) VALUES(3416, 644, 'sp.');
INSERT INTO Plants(ID, familyID, name) VALUES(3417, 644, 'speciosa');
INSERT INTO Plants(ID, familyID, name) VALUES(3418, 644, 'spectabilis');
INSERT INTO Plants(ID, familyID, name) VALUES(3419, 644, 'sphaerocarpa');
INSERT INTO Plants(ID, familyID, name) VALUES(3420, 644, 'spicata');
INSERT INTO Plants(ID, familyID, name) VALUES(3421, 644, 'spinosa');
INSERT INTO Plants(ID, familyID, name) VALUES(3422, 644, 'sprucei');
INSERT INTO Plants(ID, familyID, name) VALUES(3423, 644, 'standleyi');
INSERT INTO Plants(ID, familyID, name) VALUES(3424, 644, 'stellata');
INSERT INTO Plants(ID, familyID, name) VALUES(3425, 644, 'stenosepala');
INSERT INTO Plants(ID, familyID, name) VALUES(3426, 644, 'stipulata');
INSERT INTO Plants(ID, familyID, name) VALUES(3427, 644, 'suberosa');
INSERT INTO Plants(ID, familyID, name) VALUES(3428, 644, 'subpeltata');
INSERT INTO Plants(ID, familyID, name) VALUES(3429, 644, 'subrotunda');
INSERT INTO Plants(ID, familyID, name) VALUES(3430, 644, 'subulata');
INSERT INTO Plants(ID, familyID, name) VALUES(3431, 644, 'tacsonioides');
INSERT INTO Plants(ID, familyID, name) VALUES(3432, 644, 'talamancensis');
INSERT INTO Plants(ID, familyID, name) VALUES(3433, 644, 'tarapotina');
INSERT INTO Plants(ID, familyID, name) VALUES(3434, 644, 'tenuifila');
INSERT INTO Plants(ID, familyID, name) VALUES(3435, 644, 'tenuiloba');
INSERT INTO Plants(ID, familyID, name) VALUES(3436, 644, 'tessmannii');
INSERT INTO Plants(ID, familyID, name) VALUES(3437, 644, 'tilaefolia');
INSERT INTO Plants(ID, familyID, name) VALUES(3438, 644, 'tolimana');
INSERT INTO Plants(ID, familyID, name) VALUES(3439, 644, 'trianae');
INSERT INTO Plants(ID, familyID, name) VALUES(3440, 644, 'tricuspis');
INSERT INTO Plants(ID, familyID, name) VALUES(3441, 644, 'trifasciata');
INSERT INTO Plants(ID, familyID, name) VALUES(3442, 644, 'trifoliata');
INSERT INTO Plants(ID, familyID, name) VALUES(3443, 644, 'triloba');
INSERT INTO Plants(ID, familyID, name) VALUES(3444, 644, 'trinifolia');
INSERT INTO Plants(ID, familyID, name) VALUES(3445, 644, 'tripartita');
INSERT INTO Plants(ID, familyID, name) VALUES(3446, 644, 'trisecta');
INSERT INTO Plants(ID, familyID, name) VALUES(3447, 644, 'trisetosa');
INSERT INTO Plants(ID, familyID, name) VALUES(3448, 644, 'trisulcata');
INSERT INTO Plants(ID, familyID, name) VALUES(3449, 644, 'truncata');
INSERT INTO Plants(ID, familyID, name) VALUES(3450, 644, 'truxillensis');
INSERT INTO Plants(ID, familyID, name) VALUES(3451, 644, 'tryphostemmatoides');
INSERT INTO Plants(ID, familyID, name) VALUES(3452, 644, 'tuberosa');
INSERT INTO Plants(ID, familyID, name) VALUES(3453, 644, 'tucumanensis');
INSERT INTO Plants(ID, familyID, name) VALUES(3454, 644, 'tulae');
INSERT INTO Plants(ID, familyID, name) VALUES(3455, 644, 'umbilicata');
INSERT INTO Plants(ID, familyID, name) VALUES(3456, 644, 'urnaefolia');
INSERT INTO Plants(ID, familyID, name) VALUES(3457, 644, 'ursina');
INSERT INTO Plants(ID, familyID, name) VALUES(3458, 644, 'variolata');
INSERT INTO Plants(ID, familyID, name) VALUES(3459, 644, 'vellozii');
INSERT INTO Plants(ID, familyID, name) VALUES(3460, 644, 'venosa');
INSERT INTO Plants(ID, familyID, name) VALUES(3461, 644, 'vespertillo');
INSERT INTO Plants(ID, familyID, name) VALUES(3462, 644, 'vestita');
INSERT INTO Plants(ID, familyID, name) VALUES(3463, 644, 'villosa');
INSERT INTO Plants(ID, familyID, name) VALUES(3464, 644, 'violacea');
INSERT INTO Plants(ID, familyID, name) VALUES(3465, 644, 'viridiflora');
INSERT INTO Plants(ID, familyID, name) VALUES(3466, 644, 'vitifolia');
INSERT INTO Plants(ID, familyID, name) VALUES(3467, 644, 'walkeriae');
INSERT INTO Plants(ID, familyID, name) VALUES(3468, 644, 'warmingii');
INSERT INTO Plants(ID, familyID, name) VALUES(3469, 644, 'watsoniana');
INSERT INTO Plants(ID, familyID, name) VALUES(3470, 644, 'weberbaurei');
INSERT INTO Plants(ID, familyID, name) VALUES(3471, 644, 'williamsii');
INSERT INTO Plants(ID, familyID, name) VALUES(3472, 644, 'yucatensis');
INSERT INTO Plants(ID, familyID, name) VALUES(3473, 644, 'zamorana');
INSERT INTO Families(ID, typeID, name) VALUES(645, 1, 'Piriqueta');
INSERT INTO Plants(ID, familyID, name) VALUES(3474, 645, 'capensis');
INSERT INTO Plants(ID, familyID, name) VALUES(3475, 645, 'madagascarensis');
INSERT INTO Plants(ID, familyID, name) VALUES(3476, 645, 'selloi');
INSERT INTO Plants(ID, familyID, name) VALUES(3477, 645, 'sidifolia');
INSERT INTO Plants(ID, familyID, name) VALUES(3478, 645, 'suborbicularis');
INSERT INTO Plants(ID, familyID, name) VALUES(3479, 645, 'taubatensis');
INSERT INTO Families(ID, typeID, name) VALUES(646, 1, 'Smethmannia');
INSERT INTO Plants(ID, familyID, name) VALUES(3480, 646, 'laevigata');
INSERT INTO Plants(ID, familyID, name) VALUES(3481, 646, 'pubsences');
INSERT INTO Families(ID, typeID, name) VALUES(647, 1, 'Tacsonia');
INSERT INTO Plants(ID, familyID, name) VALUES(3482, 647, 'sp.');
INSERT INTO Families(ID, typeID, name) VALUES(648, 1, 'Tetrapathaea');
INSERT INTO Plants(ID, familyID, name) VALUES(3483, 648, 'tetrandra');
INSERT INTO Families(ID, typeID, name) VALUES(649, 7, 'Tetrastylis');
INSERT INTO Plants(ID, familyID, name) VALUES(3484, 649, 'lobata');
INSERT INTO Plants(ID, familyID, name) VALUES(3485, 649, 'ovalis');
INSERT INTO Plants(ID, familyID, name) VALUES(3486, 649, 'sp.');
INSERT INTO Families(ID, typeID, name) VALUES(650, 1, 'Tricliceras');
INSERT INTO Plants(ID, familyID, name) VALUES(3487, 650, 'lobata');
INSERT INTO Families(ID, typeID, name) VALUES(651, 1, 'Turnera');
INSERT INTO Plants(ID, familyID, name) VALUES(3488, 651, 'annularis');
INSERT INTO Plants(ID, familyID, name) VALUES(3489, 651, 'aromatica');
INSERT INTO Plants(ID, familyID, name) VALUES(3490, 651, 'aurantiaca');
INSERT INTO Plants(ID, familyID, name) VALUES(3491, 651, 'bahiensis');
INSERT INTO Plants(ID, familyID, name) VALUES(3492, 651, 'branchetiana');
INSERT INTO Plants(ID, familyID, name) VALUES(3493, 651, 'brasiliensis');
INSERT INTO Plants(ID, familyID, name) VALUES(3494, 651, 'caerensis');
INSERT INTO Plants(ID, familyID, name) VALUES(3495, 651, 'capitata');
INSERT INTO Plants(ID, familyID, name) VALUES(3496, 651, 'concinna');
INSERT INTO Plants(ID, familyID, name) VALUES(3497, 651, 'kuhlmanniana');
INSERT INTO Plants(ID, familyID, name) VALUES(3498, 651, 'lacinata');
INSERT INTO Plants(ID, familyID, name) VALUES(3499, 651, 'leutzelburgii');
INSERT INTO Plants(ID, familyID, name) VALUES(3500, 651, 'panamensis');
INSERT INTO Plants(ID, familyID, name) VALUES(3501, 651, 'rubrobracteata');
INSERT INTO Plants(ID, familyID, name) VALUES(3502, 651, 'sancta');
INSERT INTO Plants(ID, familyID, name) VALUES(3503, 651, 'stipularis');
INSERT INTO Plants(ID, familyID, name) VALUES(3504, 651, 'subulata');
INSERT INTO Plants(ID, familyID, name) VALUES(3505, 651, 'trinifolia');
INSERT INTO Plants(ID, familyID, name) VALUES(3506, 651, 'ulmifolia');
INSERT INTO Families(ID, typeID, name) VALUES(652, 1, 'Ceratotheca');
INSERT INTO Plants(ID, familyID, name) VALUES(3507, 652, 'sp');
INSERT INTO Families(ID, typeID, name) VALUES(653, 1, 'Harpagophytum');
INSERT INTO Plants(ID, familyID, name) VALUES(3508, 653, 'sp.');
INSERT INTO Families(ID, typeID, name) VALUES(654, 1, 'Pretrea');
INSERT INTO Plants(ID, familyID, name) VALUES(3509, 654, 'sp');
INSERT INTO Families(ID, typeID, name) VALUES(655, 1, 'Rogeria');
INSERT INTO Plants(ID, familyID, name) VALUES(3510, 655, 'sp.');
INSERT INTO Families(ID, typeID, name) VALUES(656, 1, 'Sesamopteris');
INSERT INTO Plants(ID, familyID, name) VALUES(3511, 656, 'sp.');
INSERT INTO Families(ID, typeID, name) VALUES(657, 1, 'Sesamothamnus');
INSERT INTO Plants(ID, familyID, name) VALUES(3512, 657, 'sp.');
INSERT INTO Families(ID, typeID, name) VALUES(658, 1, 'Sesamum');
INSERT INTO Plants(ID, familyID, name) VALUES(3513, 658, 'capense');
INSERT INTO Plants(ID, familyID, name) VALUES(3514, 658, 'grandiflorum');
INSERT INTO Plants(ID, familyID, name) VALUES(3515, 658, 'indicum');
INSERT INTO Plants(ID, familyID, name) VALUES(3516, 658, 'marlotti');
INSERT INTO Plants(ID, familyID, name) VALUES(3517, 658, 'orientale');
INSERT INTO Families(ID, typeID, name) VALUES(659, 1, 'Sporledera');
INSERT INTO Plants(ID, familyID, name) VALUES(3518, 659, 'sp.');
INSERT INTO Families(ID, typeID, name) VALUES(660, 1, 'Aporosa*');
INSERT INTO Plants(ID, familyID, name) VALUES(3519, 660, 'aurea');
INSERT INTO Plants(ID, familyID, name) VALUES(3520, 660, 'chinensis');
INSERT INTO Plants(ID, familyID, name) VALUES(3521, 660, 'dioica');
INSERT INTO Plants(ID, familyID, name) VALUES(3522, 660, 'sp. 1');
INSERT INTO Plants(ID, familyID, name) VALUES(3523, 660, 'villosa');
INSERT INTO Plants(ID, familyID, name) VALUES(3524, 660, 'yunnanensis');
INSERT INTO Plants(ID, familyID, name) VALUES(3525, 256, 'ramiflora');
INSERT INTO Plants(ID, familyID, name) VALUES(3526, 256, 'sumatrana');
INSERT INTO Families(ID, typeID, name) VALUES(661, 4, 'Glochidion');
INSERT INTO Plants(ID, familyID, name) VALUES(3527, 661, 'philippicum');
INSERT INTO Plants(ID, familyID, name) VALUES(3528, 301, 'grandis');
INSERT INTO Families(ID, typeID, name) VALUES(662, 2, 'Petiveria');
INSERT INTO Plants(ID, familyID, name) VALUES(3529, 662, 'alliaceae');
INSERT INTO Families(ID, typeID, name) VALUES(663, 1, 'Alvaradoa*');
INSERT INTO Plants(ID, familyID, name) VALUES(3530, 663, 'sp.');
INSERT INTO Plants(ID, name) VALUES(3531, 'Angiosperm Phylogeny Web Page');
INSERT INTO Families(ID, typeID, name) VALUES(664, 1, 'Picramnia');
INSERT INTO Plants(ID, familyID, name) VALUES(3532, 664, 'latifolia');
INSERT INTO Families(ID, typeID, name) VALUES(665, 1, 'Plumbago');
INSERT INTO Plants(ID, familyID, name) VALUES(3533, 665, 'capensis');
INSERT INTO Families(ID, typeID, name) VALUES(666, 1, 'Andropogon');
INSERT INTO Plants(ID, familyID, name) VALUES(3534, 666, 'fovolarus');
INSERT INTO Plants(ID, familyID, name) VALUES(3535, 666, 'gayanensis');
INSERT INTO Plants(ID, familyID, name) VALUES(3536, 666, 'insculptus');
INSERT INTO Plants(ID, familyID, name) VALUES(3537, 666, 'panormitanus');
INSERT INTO Plants(ID, familyID, name) VALUES(3538, 666, 'pertusus');
INSERT INTO Families(ID, typeID, name) VALUES(667, 2, 'Arundo');
INSERT INTO Plants(ID, familyID, name) VALUES(3539, 667, 'donax');
INSERT INTO Families(ID, typeID, name) VALUES(668, 7, 'Bambusa');
INSERT INTO Plants(ID, familyID, name) VALUES(3540, 668, 'moreheadiana');
INSERT INTO Families(ID, typeID, name) VALUES(669, 1, 'Eragrostis');
INSERT INTO Plants(ID, familyID, name) VALUES(3541, 669, '16 spp.');
INSERT INTO Plants(ID, familyID, name) VALUES(3542, 669, 'major');
INSERT INTO Plants(ID, familyID, name) VALUES(3543, 669, 'minor');
INSERT INTO Plants(ID, familyID, name) VALUES(3544, 669, 'plumosa');
INSERT INTO Families(ID, typeID, name) VALUES(670, 1, 'Pennisetum');
INSERT INTO Plants(ID, familyID, name) VALUES(3545, 670, 'spp.');
INSERT INTO Families(ID, typeID, name) VALUES(671, 1, 'Sporobolus');
INSERT INTO Plants(ID, familyID, name) VALUES(3546, 671, 'spp.');
INSERT INTO Families(ID, typeID, name) VALUES(672, 1, 'Barnhartia');
INSERT INTO Plants(ID, familyID, name) VALUES(3547, 672, 'spp.');
INSERT INTO Families(ID, typeID, name) VALUES(673, 1, 'Diclidanthera');
INSERT INTO Plants(ID, familyID, name) VALUES(3548, 673, 'spp.');
INSERT INTO Families(ID, typeID, name) VALUES(674, 1, 'Monnina');
INSERT INTO Plants(ID, familyID, name) VALUES(3549, 674, 'sp.');
INSERT INTO Families(ID, typeID, name) VALUES(675, 1, 'Moutabea');
INSERT INTO Plants(ID, familyID, name) VALUES(3550, 675, 'spp.');
INSERT INTO Families(ID, typeID, name) VALUES(676, 1, 'Polygala');
INSERT INTO Plants(ID, familyID, name) VALUES(3551, 676, 'laureola');
INSERT INTO Families(ID, typeID, name) VALUES(677, 1, 'Securidaca');
INSERT INTO Plants(ID, familyID, name) VALUES(3552, 677, 'corymoides');
INSERT INTO Families(ID, typeID, name) VALUES(678, 1, 'Xanthophyllum');
INSERT INTO Plants(ID, familyID, name) VALUES(3553, 678, 'adenatum');
INSERT INTO Plants(ID, familyID, name) VALUES(3554, 678, 'affine');
INSERT INTO Plants(ID, familyID, name) VALUES(3555, 678, 'excelsium');
INSERT INTO Plants(ID, familyID, name) VALUES(3556, 678, 'excelsum');
INSERT INTO Plants(ID, familyID, name) VALUES(3557, 678, 'flavescens');
INSERT INTO Plants(ID, familyID, name) VALUES(3558, 678, 'glandulosum');
INSERT INTO Plants(ID, familyID, name) VALUES(3559, 678, 'longifolia');
INSERT INTO Plants(ID, familyID, name) VALUES(3560, 678, 'macintyrii');
INSERT INTO Plants(ID, familyID, name) VALUES(3561, 678, 'paniculatum');
INSERT INTO Plants(ID, familyID, name) VALUES(3562, 678, 'siamensis');
INSERT INTO Plants(ID, familyID, name) VALUES(3563, 678, 'sumatranum');
INSERT INTO Plants(ID, familyID, name) VALUES(3564, 678, 'vitellinum');
INSERT INTO Plants(ID, familyID, name) VALUES(3565, 678, 'yunnanensis');
INSERT INTO Families(ID, typeID, name) VALUES(679, 4, 'Coccoloba');
INSERT INTO Plants(ID, familyID, name) VALUES(3566, 679, 'barbadensis');
INSERT INTO Families(ID, typeID, name) VALUES(680, 1, 'Fagophyrum');
INSERT INTO Plants(ID, familyID, name) VALUES(3567, 680, 'sp.');
INSERT INTO Families(ID, typeID, name) VALUES(681, 1, 'Fallopia');
INSERT INTO Plants(ID, familyID, name) VALUES(3568, 681, 'baldschuanica');
INSERT INTO Plants(ID, familyID, name) VALUES(3569, 681, 'cilinodis');
INSERT INTO Plants(ID, familyID, name) VALUES(3570, 681, 'dentato-alata');
INSERT INTO Plants(ID, familyID, name) VALUES(3571, 681, 'dumetorum');
INSERT INTO Plants(ID, familyID, name) VALUES(3572, 681, 'elliptica');
INSERT INTO Plants(ID, familyID, name) VALUES(3573, 681, 'multiflora');
INSERT INTO Plants(ID, familyID, name) VALUES(3574, 681, 'sachaliensis');
INSERT INTO Plants(ID, familyID, name) VALUES(3575, 681, 'scandens');
INSERT INTO Plants(ID, familyID, name) VALUES(3576, 681, 'sp.');
INSERT INTO Families(ID, typeID, name) VALUES(682, 1, 'Muehlenbeckia');
INSERT INTO Plants(ID, familyID, name) VALUES(3577, 682, 'adpressa');
INSERT INTO Plants(ID, familyID, name) VALUES(3578, 682, 'platyclados');
INSERT INTO Plants(ID, familyID, name) VALUES(3579, 682, 'sagittifolia');
INSERT INTO Families(ID, typeID, name) VALUES(683, 1, 'Pleuropterus');
INSERT INTO Plants(ID, familyID, name) VALUES(3580, 683, 'sp.');
INSERT INTO Families(ID, typeID, name) VALUES(684, 7, 'Polygonum');
INSERT INTO Plants(ID, familyID, name) VALUES(3581, 684, 'convolvulus');
INSERT INTO Plants(ID, familyID, name) VALUES(3582, 684, 'cuspidatum');
INSERT INTO Plants(ID, familyID, name) VALUES(3583, 684, 'sp.');
INSERT INTO Families(ID, typeID, name) VALUES(685, 1, 'Reynoutria');
INSERT INTO Plants(ID, familyID, name) VALUES(3584, 685, 'japonica');
INSERT INTO Families(ID, typeID, name) VALUES(686, 3, 'Ardisia');
INSERT INTO Plants(ID, familyID, name) VALUES(3585, 686, 'pachyrrhachis');
INSERT INTO Families(ID, typeID, name) VALUES(687, 1, 'Elingamita');
INSERT INTO Plants(ID, familyID, name) VALUES(3586, 687, 'johnsonii');
INSERT INTO Families(ID, typeID, name) VALUES(688, 1, 'Myrsine');
INSERT INTO Plants(ID, familyID, name) VALUES(3587, 688, 'sp.');
INSERT INTO Families(ID, typeID, name) VALUES(689, 1, 'Rapanea');
INSERT INTO Plants(ID, familyID, name) VALUES(3588, 689, 'guianensis');
INSERT INTO Plants(ID, familyID, name) VALUES(3589, 689, 'lancifolia');
INSERT INTO Families(ID, typeID, name) VALUES(690, 4, 'Stylogyne');
INSERT INTO Plants(ID, familyID, name) VALUES(3590, 690, 'standleyi');
INSERT INTO Families(ID, typeID, name) VALUES(691, 3, 'Adenanthos');
INSERT INTO Plants(ID, familyID, name) VALUES(3591, 691, 'cygnorum');
INSERT INTO Plants(ID, familyID, name) VALUES(3592, 691, 'spp.');
INSERT INTO Families(ID, typeID, name) VALUES(692, 1, 'Leucadendron');
INSERT INTO Plants(ID, familyID, name) VALUES(3593, 692, 'laureolum');
INSERT INTO Plants(ID, familyID, name) VALUES(3594, 692, 'spp.');
INSERT INTO Families(ID, typeID, name) VALUES(693, 1, 'Leucospermum');
INSERT INTO Plants(ID, familyID, name) VALUES(3595, 693, 'conocarpodendron');
INSERT INTO Plants(ID, familyID, name) VALUES(3596, 693, 'spp.');
INSERT INTO Families(ID, typeID, name) VALUES(694, 1, 'Mimetes');
INSERT INTO Plants(ID, familyID, name) VALUES(3597, 694, 'fimbrifolius');
INSERT INTO Plants(ID, familyID, name) VALUES(3598, 694, 'spp.');
INSERT INTO Families(ID, typeID, name) VALUES(695, 1, 'Paranomus');
INSERT INTO Plants(ID, familyID, name) VALUES(3599, 695, 'spp.');
INSERT INTO Families(ID, typeID, name) VALUES(696, 1, 'Protea ');
INSERT INTO Plants(ID, familyID, name) VALUES(3600, 696, 'spp.');
INSERT INTO Families(ID, typeID, name) VALUES(697, 1, 'Hydrastis');
INSERT INTO Plants(ID, familyID, name) VALUES(3601, 697, 'canadensis');
INSERT INTO Families(ID, typeID, name) VALUES(698, 1, 'Colubrina');
INSERT INTO Plants(ID, familyID, name) VALUES(3602, 698, 'nelsoni');
INSERT INTO Families(ID, typeID, name) VALUES(699, 6, 'Gouania');
INSERT INTO Plants(ID, familyID, name) VALUES(3603, 699, 'lupuloides');
INSERT INTO Families(ID, typeID, name) VALUES(700, 1, 'Rhizophora       ');
INSERT INTO Plants(ID, familyID, name) VALUES(3604, 700, ' stylosa  ');
INSERT INTO Families(ID, typeID, name) VALUES(701, 1, 'Alchemilla');
INSERT INTO Plants(ID, familyID, name) VALUES(3605, 701, 'sp.');
INSERT INTO Families(ID, typeID, name) VALUES(702, 1, 'Crataegus');
INSERT INTO Plants(ID, familyID, name) VALUES(3606, 702, 'sp.');
INSERT INTO Families(ID, typeID, name) VALUES(703, 1, 'Cydonia');
INSERT INTO Plants(ID, familyID, name) VALUES(3607, 703, 'sp .');
INSERT INTO Families(ID, typeID, name) VALUES(704, 1, 'Fragaria');
INSERT INTO Plants(ID, familyID, name) VALUES(3608, 704, 'sp.');
INSERT INTO Families(ID, typeID, name) VALUES(705, 1, 'Kerria');
INSERT INTO Plants(ID, familyID, name) VALUES(3609, 705, 'sp.');
INSERT INTO Families(ID, typeID, name) VALUES(706, 1, 'Malus');
INSERT INTO Plants(ID, familyID, name) VALUES(3610, 706, 'sp.');
INSERT INTO Families(ID, typeID, name) VALUES(707, 1, 'Prunus');
INSERT INTO Plants(ID, familyID, name) VALUES(3611, 707, '200 spp.');
INSERT INTO Plants(ID, familyID, name) VALUES(3612, 707, 'americana');
INSERT INTO Plants(ID, familyID, name) VALUES(3613, 707, 'arborea');
INSERT INTO Plants(ID, familyID, name) VALUES(3614, 707, 'armeniaca');
INSERT INTO Plants(ID, familyID, name) VALUES(3615, 707, 'avium');
INSERT INTO Plants(ID, familyID, name) VALUES(3616, 707, 'buergeriana');
INSERT INTO Plants(ID, familyID, name) VALUES(3617, 707, 'cerasifera');
INSERT INTO Plants(ID, familyID, name) VALUES(3618, 707, 'cerasus');
INSERT INTO Plants(ID, familyID, name) VALUES(3619, 707, 'chamaecerasus');
INSERT INTO Plants(ID, familyID, name) VALUES(3620, 707, 'davidiana');
INSERT INTO Plants(ID, familyID, name) VALUES(3621, 707, 'domestica');
INSERT INTO Plants(ID, familyID, name) VALUES(3622, 707, 'donarium');
INSERT INTO Plants(ID, familyID, name) VALUES(3623, 707, 'dulchis');
INSERT INTO Plants(ID, familyID, name) VALUES(3624, 707, 'fasciculata');
INSERT INTO Plants(ID, familyID, name) VALUES(3625, 707, 'fremontii');
INSERT INTO Plants(ID, familyID, name) VALUES(3626, 707, 'glandulosa');
INSERT INTO Plants(ID, familyID, name) VALUES(3627, 707, 'grisea');
INSERT INTO Plants(ID, familyID, name) VALUES(3628, 707, 'hortulana');
INSERT INTO Plants(ID, familyID, name) VALUES(3629, 707, 'ishidoyana');
INSERT INTO Plants(ID, familyID, name) VALUES(3630, 707, 'japonica');
INSERT INTO Plants(ID, familyID, name) VALUES(3631, 707, 'laurocerasus');
INSERT INTO Plants(ID, familyID, name) VALUES(3632, 707, 'leveilleana');
INSERT INTO Plants(ID, familyID, name) VALUES(3633, 707, 'maackii');
INSERT INTO Plants(ID, familyID, name) VALUES(3634, 707, 'mandshurica');
INSERT INTO Plants(ID, familyID, name) VALUES(3635, 707, 'marginata');
INSERT INTO Plants(ID, familyID, name) VALUES(3636, 707, 'maximowiczii');
INSERT INTO Plants(ID, familyID, name) VALUES(3637, 707, 'mume');
INSERT INTO Plants(ID, familyID, name) VALUES(3638, 707, 'myrtifolia');
INSERT INTO Plants(ID, familyID, name) VALUES(3639, 707, 'nana');
INSERT INTO Plants(ID, familyID, name) VALUES(3640, 707, 'padus');
INSERT INTO Plants(ID, familyID, name) VALUES(3641, 707, 'pendula');
INSERT INTO Plants(ID, familyID, name) VALUES(3642, 707, 'pensylvanicum');
INSERT INTO Plants(ID, familyID, name) VALUES(3643, 707, 'persica');
INSERT INTO Plants(ID, familyID, name) VALUES(3644, 707, 'phaeostricta');
INSERT INTO Plants(ID, familyID, name) VALUES(3645, 707, 'salicina');
INSERT INTO Plants(ID, familyID, name) VALUES(3646, 707, 'sargentii');
INSERT INTO Plants(ID, familyID, name) VALUES(3647, 707, 'sellowii');
INSERT INTO Plants(ID, familyID, name) VALUES(3648, 707, 'serotina');
INSERT INTO Plants(ID, familyID, name) VALUES(3649, 707, 'serulata');
INSERT INTO Plants(ID, familyID, name) VALUES(3650, 707, 'sibirica');
INSERT INTO Plants(ID, familyID, name) VALUES(3651, 707, 'spinosa');
INSERT INTO Plants(ID, familyID, name) VALUES(3652, 707, 'stipulaceum');
INSERT INTO Plants(ID, familyID, name) VALUES(3653, 707, 'takesimensis');
INSERT INTO Plants(ID, familyID, name) VALUES(3654, 707, 'tomentosa');
INSERT INTO Plants(ID, familyID, name) VALUES(3655, 707, 'topengii');
INSERT INTO Plants(ID, familyID, name) VALUES(3656, 707, 'triloba');
INSERT INTO Plants(ID, familyID, name) VALUES(3657, 707, 'turneriana');
INSERT INTO Plants(ID, familyID, name) VALUES(3658, 707, 'virginiana');
INSERT INTO Plants(ID, familyID, name) VALUES(3659, 707, 'yedoensis');
INSERT INTO Families(ID, typeID, name) VALUES(708, 1, 'Pyrus');
INSERT INTO Plants(ID, familyID, name) VALUES(3660, 708, 'sp.');
INSERT INTO Families(ID, typeID, name) VALUES(709, 1, 'Rosa');
INSERT INTO Plants(ID, familyID, name) VALUES(3661, 709, 'acicularis');
INSERT INTO Plants(ID, familyID, name) VALUES(3662, 709, 'banksiae');
INSERT INTO Plants(ID, familyID, name) VALUES(3663, 709, 'blanda');
INSERT INTO Plants(ID, familyID, name) VALUES(3664, 709, 'bracteata');
INSERT INTO Plants(ID, familyID, name) VALUES(3665, 709, 'chinensis');
INSERT INTO Plants(ID, familyID, name) VALUES(3666, 709, 'multiflora');
INSERT INTO Plants(ID, familyID, name) VALUES(3667, 709, 'setigera');
INSERT INTO Plants(ID, familyID, name) VALUES(3668, 709, 'woodsii');
INSERT INTO Families(ID, typeID, name) VALUES(710, 1, 'Sorbus');
INSERT INTO Plants(ID, familyID, name) VALUES(3669, 710, 'sp.');
INSERT INTO Families(ID, typeID, name) VALUES(711, 1, 'Spiraea');
INSERT INTO Plants(ID, familyID, name) VALUES(3670, 711, 'sp.');
INSERT INTO Families(ID, typeID, name) VALUES(712, 1, 'Alibertia');
INSERT INTO Plants(ID, familyID, name) VALUES(3671, 712, 'sp');
INSERT INTO Families(ID, typeID, name) VALUES(713, 1, 'Amaioua');
INSERT INTO Plants(ID, familyID, name) VALUES(3672, 713, 'sp');
INSERT INTO Families(ID, typeID, name) VALUES(714, 1, 'Coprosma');
INSERT INTO Plants(ID, familyID, name) VALUES(3673, 714, 'sp.');
INSERT INTO Families(ID, typeID, name) VALUES(715, 1, 'Faramea');
INSERT INTO Plants(ID, familyID, name) VALUES(3674, 715, 'sp.');
INSERT INTO Families(ID, typeID, name) VALUES(716, 1, 'Hamelia ');
INSERT INTO Plants(ID, familyID, name) VALUES(3675, 716, 'patens');
INSERT INTO Families(ID, typeID, name) VALUES(717, 3, 'Morinda');
INSERT INTO Plants(ID, familyID, name) VALUES(3676, 717, 'citrifolia');
INSERT INTO Plants(ID, familyID, name) VALUES(3677, 717, 'royoc');
INSERT INTO Families(ID, typeID, name) VALUES(718, 1, 'Myrmecodia');
INSERT INTO Plants(ID, familyID, name) VALUES(3678, 718, 'sp.');
INSERT INTO Families(ID, typeID, name) VALUES(719, 1, 'Sickingia');
INSERT INTO Plants(ID, familyID, name) VALUES(3679, 719, 'sp.');
INSERT INTO Families(ID, typeID, name) VALUES(720, 1, 'Tocoyena');
INSERT INTO Plants(ID, familyID, name) VALUES(3680, 720, 'brasiliensis');
INSERT INTO Plants(ID, familyID, name) VALUES(3681, 720, 'formosa');
INSERT INTO Families(ID, typeID, name) VALUES(721, 4, 'Angostura');
INSERT INTO Plants(ID, familyID, name) VALUES(3682, 721, 'trifoliata');
INSERT INTO Families(ID, typeID, name) VALUES(722, 3, 'Euodia');
INSERT INTO Plants(ID, familyID, name) VALUES(3683, 722, 'lepta');
INSERT INTO Families(ID, typeID, name) VALUES(723, 1, 'Harrisonia*');
INSERT INTO Plants(ID, familyID, name) VALUES(3684, 723, 'sp. ');
INSERT INTO Families(ID, typeID, name) VALUES(724, 3, 'Melicope');
INSERT INTO Plants(ID, familyID, name) VALUES(3685, 724, 'elleryana');
INSERT INTO Families(ID, typeID, name) VALUES(725, 1, 'Zanthoxylum');
INSERT INTO Plants(ID, familyID, name) VALUES(3686, 725, 'alatum');
INSERT INTO Plants(ID, familyID, name) VALUES(3687, 725, 'alianthoides');
INSERT INTO Plants(ID, familyID, name) VALUES(3688, 725, 'belizense');
INSERT INTO Plants(ID, familyID, name) VALUES(3689, 725, 'bungei');
INSERT INTO Plants(ID, familyID, name) VALUES(3690, 725, 'coreanum');
INSERT INTO Plants(ID, familyID, name) VALUES(3691, 725, 'ochroxylum');
INSERT INTO Plants(ID, familyID, name) VALUES(3692, 725, 'panamense');
INSERT INTO Plants(ID, familyID, name) VALUES(3693, 725, 'piperitum');
INSERT INTO Plants(ID, familyID, name) VALUES(3694, 725, 'planispinum');
INSERT INTO Plants(ID, familyID, name) VALUES(3695, 725, 'pterota');
INSERT INTO Plants(ID, familyID, name) VALUES(3696, 725, 'schinifolium');
INSERT INTO Plants(ID, familyID, name) VALUES(3697, 725, 'setulosum');
INSERT INTO Families(ID, typeID, name) VALUES(726, 4, 'Ahernia');
INSERT INTO Plants(ID, familyID, name) VALUES(3698, 726, 'glandulosa');
INSERT INTO Families(ID, typeID, name) VALUES(727, 1, 'Banara');
INSERT INTO Plants(ID, familyID, name) VALUES(3699, 727, 'guianensis');
INSERT INTO Plants(ID, familyID, name) VALUES(3700, 727, 'ibamguensia');
INSERT INTO Plants(ID, familyID, name) VALUES(3701, 727, 'mexicana');
INSERT INTO Plants(ID, familyID, name) VALUES(3702, 727, 'mollis');
INSERT INTO Families(ID, typeID, name) VALUES(728, 1, 'Dovyalis');
INSERT INTO Plants(ID, familyID, name) VALUES(3703, 728, 'floribunda');
INSERT INTO Families(ID, typeID, name) VALUES(729, 1, 'Flacourtia');
INSERT INTO Plants(ID, familyID, name) VALUES(3704, 729, 'prunifolia');
INSERT INTO Families(ID, typeID, name) VALUES(730, 4, 'Hasseltia');
INSERT INTO Plants(ID, familyID, name) VALUES(3705, 730, 'floribunda');
INSERT INTO Families(ID, typeID, name) VALUES(731, 4, 'Hemiscolopia');
INSERT INTO Plants(ID, familyID, name) VALUES(3706, 731, 'trimera');
INSERT INTO Families(ID, typeID, name) VALUES(732, 1, 'Homalium');
INSERT INTO Plants(ID, familyID, name) VALUES(3707, 732, 'caryophyllaceum');
INSERT INTO Plants(ID, familyID, name) VALUES(3708, 732, 'ceylanicum');
INSERT INTO Plants(ID, familyID, name) VALUES(3709, 732, 'dictyoneurum');
INSERT INTO Plants(ID, familyID, name) VALUES(3710, 732, 'longifolium');
INSERT INTO Families(ID, typeID, name) VALUES(733, 1, 'Idesia');
INSERT INTO Plants(ID, familyID, name) VALUES(3711, 733, 'polycarpa');
INSERT INTO Families(ID, typeID, name) VALUES(734, 1, 'Populus');
INSERT INTO Plants(ID, familyID, name) VALUES(3712, 734, 'alba');
INSERT INTO Plants(ID, familyID, name) VALUES(3713, 734, 'angulata');
INSERT INTO Plants(ID, familyID, name) VALUES(3714, 734, 'angustifolia');
INSERT INTO Plants(ID, familyID, name) VALUES(3715, 734, 'balsaminifera');
INSERT INTO Plants(ID, familyID, name) VALUES(3716, 734, 'canadensis');
INSERT INTO Plants(ID, familyID, name) VALUES(3717, 734, 'candicans');
INSERT INTO Plants(ID, familyID, name) VALUES(3718, 734, 'ciliata');
INSERT INTO Plants(ID, familyID, name) VALUES(3719, 734, 'davidiana');
INSERT INTO Plants(ID, familyID, name) VALUES(3720, 734, 'deltoides');
INSERT INTO Plants(ID, familyID, name) VALUES(3721, 734, 'euamericana');
INSERT INTO Plants(ID, familyID, name) VALUES(3722, 734, 'euphratica');
INSERT INTO Plants(ID, familyID, name) VALUES(3723, 734, 'fremontii');
INSERT INTO Plants(ID, familyID, name) VALUES(3724, 734, 'glandulosa');
INSERT INTO Plants(ID, familyID, name) VALUES(3725, 734, 'grandidentata');
INSERT INTO Plants(ID, familyID, name) VALUES(3726, 734, 'heterophylla');
INSERT INTO Plants(ID, familyID, name) VALUES(3727, 734, 'maximowiczii');
INSERT INTO Plants(ID, familyID, name) VALUES(3728, 734, 'monilifera');
INSERT INTO Plants(ID, familyID, name) VALUES(3729, 734, 'nigra');
INSERT INTO Plants(ID, familyID, name) VALUES(3730, 734, 'pruinosa');
INSERT INTO Plants(ID, familyID, name) VALUES(3731, 734, 'sieboldii');
INSERT INTO Plants(ID, familyID, name) VALUES(3732, 734, 'simonii');
INSERT INTO Plants(ID, familyID, name) VALUES(3733, 734, 'suaveolens');
INSERT INTO Plants(ID, familyID, name) VALUES(3734, 734, 'tomentiglandulosa');
INSERT INTO Plants(ID, familyID, name) VALUES(3735, 734, 'tremula');
INSERT INTO Plants(ID, familyID, name) VALUES(3736, 734, 'tremula x tremuloides');
INSERT INTO Plants(ID, familyID, name) VALUES(3737, 734, 'tremuloides');
INSERT INTO Plants(ID, familyID, name) VALUES(3738, 734, 'trichocarpa');
INSERT INTO Families(ID, typeID, name) VALUES(735, 3, 'Prockia');
INSERT INTO Plants(ID, familyID, name) VALUES(3739, 735, 'crucis');
INSERT INTO Families(ID, typeID, name) VALUES(736, 1, 'Salix');
INSERT INTO Plants(ID, familyID, name) VALUES(3740, 736, 'alba');
INSERT INTO Plants(ID, familyID, name) VALUES(3741, 736, 'amygdaloides');
INSERT INTO Plants(ID, familyID, name) VALUES(3742, 736, 'caroliniana');
INSERT INTO Plants(ID, familyID, name) VALUES(3743, 736, 'eleagnos');
INSERT INTO Plants(ID, familyID, name) VALUES(3744, 736, 'exigua');
INSERT INTO Plants(ID, familyID, name) VALUES(3745, 736, 'fragilis');
INSERT INTO Plants(ID, familyID, name) VALUES(3746, 736, 'lucida');
INSERT INTO Plants(ID, familyID, name) VALUES(3747, 736, 'petiolaris');
INSERT INTO Plants(ID, familyID, name) VALUES(3748, 736, 'rigida');
INSERT INTO Plants(ID, familyID, name) VALUES(3749, 736, 'sp.');
INSERT INTO Families(ID, typeID, name) VALUES(737, 1, 'Scolopia');
INSERT INTO Plants(ID, familyID, name) VALUES(3750, 737, 'macrophylla');
INSERT INTO Plants(ID, familyID, name) VALUES(3751, 737, 'spinosa');
INSERT INTO Plants(ID, familyID, name) VALUES(3752, 737, 'spp.');
INSERT INTO Families(ID, typeID, name) VALUES(738, 1, 'Xylosoma');
INSERT INTO Plants(ID, familyID, name) VALUES(3753, 738, 'suluense');
INSERT INTO Families(ID, typeID, name) VALUES(739, 1, 'Chimborazoa');
INSERT INTO Plants(ID, familyID, name) VALUES(3754, 739, 'lachnocarpa');
INSERT INTO Plants(ID, name) VALUES(3755, 'Elias 1983');
INSERT INTO Families(ID, typeID, name) VALUES(740, 6, 'Paullinia');
INSERT INTO Plants(ID, familyID, name) VALUES(3756, 740, 'pterocarpa');
INSERT INTO Plants(ID, familyID, name) VALUES(3757, 740, 'turbacensis');
INSERT INTO Families(ID, typeID, name) VALUES(741, 4, 'Pometia');
INSERT INTO Plants(ID, familyID, name) VALUES(3758, 741, 'pinnata');
INSERT INTO Plants(ID, familyID, name) VALUES(3759, 741, 'tomentosa');
INSERT INTO Families(ID, typeID, name) VALUES(742, 6, 'Serjania');
INSERT INTO Plants(ID, familyID, name) VALUES(3760, 742, 'decapleuria');
INSERT INTO Families(ID, typeID, name) VALUES(743, 4, 'Xerospermum');
INSERT INTO Plants(ID, familyID, name) VALUES(3761, 743, 'laevigatum');
INSERT INTO Plants(ID, familyID, name) VALUES(3762, 743, 'noronhianum');
INSERT INTO Families(ID, typeID, name) VALUES(744, 1, 'Darlingtonia');
INSERT INTO Plants(ID, familyID, name) VALUES(3763, 744, 'californica');
INSERT INTO Plants(ID, familyID, name) VALUES(3764, 744, 'sp.');
INSERT INTO Families(ID, typeID, name) VALUES(745, 1, 'Heliamphora');
INSERT INTO Plants(ID, familyID, name) VALUES(3765, 745, 'folliculata');
INSERT INTO Plants(ID, familyID, name) VALUES(3766, 745, 'heterodoxa');
INSERT INTO Plants(ID, familyID, name) VALUES(3767, 745, 'nutans');
INSERT INTO Plants(ID, familyID, name) VALUES(3768, 745, 'sp.');
INSERT INTO Families(ID, typeID, name) VALUES(746, 1, 'Sarracenia ');
INSERT INTO Plants(ID, familyID, name) VALUES(3769, 746, 'sp.');
INSERT INTO Families(ID, typeID, name) VALUES(747, 1, 'Ribes');
INSERT INTO Plants(ID, familyID, name) VALUES(3770, 747, 'rubrum');
INSERT INTO Families(ID, typeID, name) VALUES(748, 1, 'Melampyrum');
INSERT INTO Plants(ID, familyID, name) VALUES(3771, 748, 'americanum ');
INSERT INTO Plants(ID, familyID, name) VALUES(3772, 748, 'arvense');
INSERT INTO Plants(ID, familyID, name) VALUES(3773, 748, 'barbatum');
INSERT INTO Plants(ID, familyID, name) VALUES(3774, 748, 'nemorosum');
INSERT INTO Plants(ID, familyID, name) VALUES(3775, 748, 'silvaticum');
INSERT INTO Families(ID, typeID, name) VALUES(749, 1, 'Paulownia');
INSERT INTO Plants(ID, familyID, name) VALUES(3776, 749, 'coreana');
INSERT INTO Plants(ID, familyID, name) VALUES(3777, 749, 'tomentosa');
INSERT INTO Families(ID, typeID, name) VALUES(750, 1, 'Penstemon');
INSERT INTO Plants(ID, familyID, name) VALUES(3778, 750, 'angustifolius');
INSERT INTO Families(ID, typeID, name) VALUES(751, 1, 'Uroskinnera');
INSERT INTO Plants(ID, familyID, name) VALUES(3779, 751, 'spectabilis');
INSERT INTO Families(ID, typeID, name) VALUES(752, 4, 'Ailanthus');
INSERT INTO Plants(ID, familyID, name) VALUES(3780, 752, 'altissima');
INSERT INTO Plants(ID, familyID, name) VALUES(3781, 752, 'arvense');
INSERT INTO Plants(ID, familyID, name) VALUES(3782, 752, 'barbatum');
INSERT INTO Plants(ID, familyID, name) VALUES(3783, 752, 'glandulosa');
INSERT INTO Families(ID, typeID, name) VALUES(753, 1, 'Brucea');
INSERT INTO Plants(ID, familyID, name) VALUES(3784, 753, 'spp. ');
INSERT INTO Families(ID, typeID, name) VALUES(754, 1, 'Eurycoma');
INSERT INTO Plants(ID, familyID, name) VALUES(3785, 754, 'sp.');
INSERT INTO Families(ID, typeID, name) VALUES(755, 1, 'Hannoa');
INSERT INTO Plants(ID, familyID, name) VALUES(3786, 755, 'sp.');
INSERT INTO Families(ID, typeID, name) VALUES(756, 1, 'Mannia');
INSERT INTO Plants(ID, familyID, name) VALUES(3787, 756, 'sp.');
INSERT INTO Families(ID, typeID, name) VALUES(757, 1, 'Odyendea');
INSERT INTO Plants(ID, familyID, name) VALUES(3788, 757, 'sp.');
INSERT INTO Families(ID, typeID, name) VALUES(758, 1, 'Picrasma');
INSERT INTO Plants(ID, familyID, name) VALUES(3789, 758, 'sp.');
INSERT INTO Families(ID, typeID, name) VALUES(759, 4, 'Pierreodendron');
INSERT INTO Plants(ID, familyID, name) VALUES(3790, 759, 'sp. ');
INSERT INTO Families(ID, typeID, name) VALUES(760, 1, 'Quassia');
INSERT INTO Plants(ID, familyID, name) VALUES(3791, 760, 'amara');
INSERT INTO Families(ID, typeID, name) VALUES(761, 1, 'Samadera');
INSERT INTO Plants(ID, familyID, name) VALUES(3792, 761, 'indica');
INSERT INTO Plants(ID, familyID, name) VALUES(3793, 761, 'mekongensis');
INSERT INTO Families(ID, typeID, name) VALUES(762, 1, 'Simaba');
INSERT INTO Plants(ID, familyID, name) VALUES(3794, 762, 'spp.');
INSERT INTO Families(ID, typeID, name) VALUES(763, 4, 'Simarouba');
INSERT INTO Plants(ID, familyID, name) VALUES(3795, 763, 'amara');
INSERT INTO Families(ID, typeID, name) VALUES(764, 6, 'Smilax');
INSERT INTO Plants(ID, familyID, name) VALUES(3796, 764, 'bracteata');
INSERT INTO Plants(ID, familyID, name) VALUES(3797, 764, 'cf. australis');
INSERT INTO Plants(ID, familyID, name) VALUES(3798, 764, 'lunglingensis');
INSERT INTO Plants(ID, familyID, name) VALUES(3799, 764, 'perfoliata');
INSERT INTO Plants(ID, familyID, name) VALUES(3800, 764, 'sp.');
INSERT INTO Families(ID, typeID, name) VALUES(765, 1, 'Grabowskia');
INSERT INTO Plants(ID, familyID, name) VALUES(3801, 765, 'duplicata');
INSERT INTO Families(ID, typeID, name) VALUES(766, 1, 'Lycium');
INSERT INTO Plants(ID, familyID, name) VALUES(3802, 766, 'nodosus');
INSERT INTO Families(ID, typeID, name) VALUES(767, 1, 'Markea');
INSERT INTO Plants(ID, familyID, name) VALUES(3803, 767, 'sp.');
INSERT INTO Families(ID, typeID, name) VALUES(768, 1, 'Phrodus');
INSERT INTO Plants(ID, familyID, name) VALUES(3804, 768, 'microphyllus');
INSERT INTO Families(ID, typeID, name) VALUES(769, 1, 'Solanum');
INSERT INTO Plants(ID, familyID, name) VALUES(3805, 769, 'adherens');
INSERT INTO Plants(ID, familyID, name) VALUES(3806, 769, 'another sp.');
INSERT INTO Plants(ID, familyID, name) VALUES(3807, 769, 'cunninghamii');
INSERT INTO Plants(ID, familyID, name) VALUES(3808, 769, 'dioicum');
INSERT INTO Plants(ID, familyID, name) VALUES(3809, 769, 'nigrum');
INSERT INTO Plants(ID, familyID, name) VALUES(3810, 769, 'quitoense');
INSERT INTO Plants(ID, familyID, name) VALUES(3811, 769, 'rudepandum');
INSERT INTO Plants(ID, familyID, name) VALUES(3812, 769, 'schlechtendaliamum');
INSERT INTO Plants(ID, familyID, name) VALUES(3813, 769, 'sp.');
INSERT INTO Plants(ID, familyID, name) VALUES(3814, 769, 'sp. 2');
INSERT INTO Plants(ID, familyID, name) VALUES(3815, 769, 'stramonifolium');
INSERT INTO Plants(ID, familyID, name) VALUES(3816, 769, 'tudununggae');
INSERT INTO Plants(ID, name) VALUES(3817, 'Metcalfe and Chalk 1979');
INSERT INTO Families(ID, typeID, name) VALUES(770, 1, 'Staphylea');
INSERT INTO Plants(ID, familyID, name) VALUES(3818, 770, 'ovalifolia');
INSERT INTO Families(ID, typeID, name) VALUES(771, 1, 'Stylidium');
INSERT INTO Plants(ID, familyID, name) VALUES(3819, 771, 'breviscapum');
INSERT INTO Plants(ID, name) VALUES(3820, 'Vesque 1885');
INSERT INTO Families(ID, typeID, name) VALUES(772, 1, 'Cadellia*');
INSERT INTO Plants(ID, familyID, name) VALUES(3821, 772, 'pentastylis');
INSERT INTO Families(ID, typeID, name) VALUES(773, 1, 'Thomandersia');
INSERT INTO Plants(ID, familyID, name) VALUES(3822, 773, 'anachoreta');
INSERT INTO Plants(ID, familyID, name) VALUES(3823, 773, 'butayei');
INSERT INTO Plants(ID, familyID, name) VALUES(3824, 773, 'congolana');
INSERT INTO Plants(ID, familyID, name) VALUES(3825, 773, 'hensii');
INSERT INTO Plants(ID, familyID, name) VALUES(3826, 773, 'laurentii');
INSERT INTO Plants(ID, familyID, name) VALUES(3827, 773, 'laurifolia');
INSERT INTO Families(ID, typeID, name) VALUES(774, 1, 'Phaleria');
INSERT INTO Plants(ID, familyID, name) VALUES(3828, 774, 'grandiflora oroctandra');
INSERT INTO Families(ID, typeID, name) VALUES(775, 1, 'Baillonia');
INSERT INTO Plants(ID, familyID, name) VALUES(3829, 775, 'spp.');
INSERT INTO Families(ID, typeID, name) VALUES(776, 1, 'Casselia');
INSERT INTO Plants(ID, familyID, name) VALUES(3830, 776, 'spp.');
INSERT INTO Families(ID, typeID, name) VALUES(777, 2, 'Citharexylum');
INSERT INTO Plants(ID, familyID, name) VALUES(3831, 777, 'molle');
INSERT INTO Plants(ID, familyID, name) VALUES(3832, 777, 'pentandrum');
INSERT INTO Plants(ID, familyID, name) VALUES(3833, 777, 'quadrangulare');
INSERT INTO Plants(ID, familyID, name) VALUES(3834, 777, 'solanaceum');
INSERT INTO Families(ID, typeID, name) VALUES(778, 1, 'Dipyrena');
INSERT INTO Plants(ID, familyID, name) VALUES(3835, 778, 'spp.');
INSERT INTO Families(ID, typeID, name) VALUES(779, 1, 'Duranta');
INSERT INTO Plants(ID, familyID, name) VALUES(3836, 779, 'plumieri');
INSERT INTO Families(ID, typeID, name) VALUES(780, 1, 'Lampayo');
INSERT INTO Plants(ID, familyID, name) VALUES(3837, 780, 'spp.');
INSERT INTO Families(ID, typeID, name) VALUES(781, 1, 'Lippia');
INSERT INTO Plants(ID, familyID, name) VALUES(3838, 781, 'serotina');
INSERT INTO Families(ID, typeID, name) VALUES(782, 1, 'Petrea');
INSERT INTO Plants(ID, familyID, name) VALUES(3839, 782, 'sp.');
INSERT INTO Plants(ID, familyID, name) VALUES(3840, 782, 'volubilis');
INSERT INTO Families(ID, typeID, name) VALUES(783, 2, 'Priva');
INSERT INTO Plants(ID, familyID, name) VALUES(3841, 783, 'aspera');
INSERT INTO Families(ID, typeID, name) VALUES(784, 1, 'Stachytarpheta');
INSERT INTO Plants(ID, familyID, name) VALUES(3842, 784, 'mutabilis');
INSERT INTO Plants(ID, familyID, name) VALUES(3843, 784, 'orubica');
INSERT INTO Plants(ID, familyID, name) VALUES(3844, 451, 'lhotskyana');
INSERT INTO Families(ID, typeID, name) VALUES(785, 7, 'Cissus');
INSERT INTO Plants(ID, familyID, name) VALUES(3845, 785, 'microcarpa');
INSERT INTO Plants(ID, familyID, name) VALUES(3846, 785, 'pseudosicyoides');
INSERT INTO Plants(ID, familyID, name) VALUES(3847, 785, 'rhombifolia');
INSERT INTO Plants(ID, familyID, name) VALUES(3848, 785, 'sicyoides');
INSERT INTO Families(ID, typeID, name) VALUES(786, 3, 'Leea');
INSERT INTO Plants(ID, familyID, name) VALUES(3849, 786, 'compactiflora');
INSERT INTO Plants(ID, familyID, name) VALUES(3850, 786, 'indica');
INSERT INTO Families(ID, typeID, name) VALUES(787, 7, 'Vitis');
INSERT INTO Plants(ID, familyID, name) VALUES(3851, 787, 'sp.');
INSERT INTO Plants(ID, familyID, name) VALUES(3852, 787, 'sycoides');
INSERT INTO Families(ID, typeID, name) VALUES(788, 1, 'Callisthene');
INSERT INTO Plants(ID, familyID, name) VALUES(3853, 788, 'fasciculata');
INSERT INTO Families(ID, typeID, name) VALUES(789, 1, 'Erisma');
INSERT INTO Plants(ID, familyID, name) VALUES(3854, 789, 'laurifolium');
INSERT INTO Families(ID, typeID, name) VALUES(790, 1, 'Qualea');
INSERT INTO Plants(ID, familyID, name) VALUES(3855, 790, 'dichotoma');
INSERT INTO Plants(ID, familyID, name) VALUES(3856, 790, 'gestasiana');
INSERT INTO Plants(ID, familyID, name) VALUES(3857, 790, 'glaziovii');
INSERT INTO Plants(ID, familyID, name) VALUES(3858, 790, 'grandiflora');
INSERT INTO Plants(ID, familyID, name) VALUES(3859, 790, 'laurifolia');
INSERT INTO Plants(ID, familyID, name) VALUES(3860, 790, 'multiflora');
INSERT INTO Plants(ID, familyID, name) VALUES(3861, 790, 'parviflora');
INSERT INTO Plants(ID, familyID, name) VALUES(3862, 790, 'tricanthera');
INSERT INTO Families(ID, typeID, name) VALUES(791, 1, 'Vochysia');
INSERT INTO Plants(ID, familyID, name) VALUES(3863, 791, 'oppugnata');
INSERT INTO Families(ID, typeID, name) VALUES(792, 1, 'Hemerocallis');
INSERT INTO Plants(ID, familyID, name) VALUES(3864, 792, 'dumortieri');
INSERT INTO Plants(ID, familyID, name) VALUES(3865, 792, 'middendorfii');
INSERT INTO Gardens (ID, name) VALUES (1, 'Kongens Have');
INSERT INTO Gardens (ID, name) VALUES (2, 'Botanisk Have');
INSERT INTO Gardens (ID, name) VALUES (3, 'Frederiksberg Have');
INSERT INTO Gardens (ID, name) VALUES (4, 'Faelledparken');
INSERT INTO Beds (ID, gardenID, size, description) VALUES (1, 1, 49, 'west');
INSERT INTO Beds (ID, gardenID, size, description) VALUES (2, 3, 37, 'east');
INSERT INTO Beds (ID, gardenID, size, description) VALUES (3, 3, 20, 'south');
INSERT INTO Beds (ID, gardenID, size, description) VALUES (4, 2, 88, 'south');
INSERT INTO Beds (ID, gardenID, size, description) VALUES (5, 1, 17, 'south');
INSERT INTO Beds (ID, gardenID, size, description) VALUES (6, 2, 12, 'northwest');
INSERT INTO Beds (ID, gardenID, size, description) VALUES (7, 1, 15, 'east');
INSERT INTO Beds (ID, gardenID, size, description) VALUES (8, 2, 24, 'west');
INSERT INTO Beds (ID, gardenID, size, description) VALUES (9, 2, 68, 'north');
INSERT INTO Beds (ID, gardenID, size, description) VALUES (10, 1, 30, 'southeast');
INSERT INTO Beds (ID, gardenID, size, description) VALUES (11, 1, 63, 'southeast');
INSERT INTO Beds (ID, gardenID, size, description) VALUES (12, 3, 64, 'southeast');
INSERT INTO Beds (ID, gardenID, size, description) VALUES (13, 3, 13, 'northwest');
INSERT INTO Beds (ID, gardenID, size, description) VALUES (14, 1, 14, 'east');
INSERT INTO Beds (ID, gardenID, size, description) VALUES (15, 2, 64, 'southeast');
INSERT INTO Beds (ID, gardenID, size, description) VALUES (16, 2, 41, 'northeast');
INSERT INTO Beds (ID, gardenID, size, description) VALUES (17, 1, 31, 'west');
INSERT INTO Beds (ID, gardenID, size, description) VALUES (18, 2, 10, 'north');
INSERT INTO Beds (ID, gardenID, size, description) VALUES (19, 2, 79, 'northeast');
INSERT INTO Beds (ID, gardenID, size, description) VALUES (20, 1, 42, 'east');
INSERT INTO Beds (ID, gardenID, size, description) VALUES (21, 1, 47, 'northeast');
INSERT INTO Beds (ID, gardenID, size, description) VALUES (22, 1, 19, 'south');
INSERT INTO Beds (ID, gardenID, size, description) VALUES (23, 3, 13, 'south');
INSERT INTO Beds (ID, gardenID, size, description) VALUES (24, 1, 34, 'northeast');
INSERT INTO Beds (ID, gardenID, size, description) VALUES (25, 3, 41, 'west');
INSERT INTO Beds (ID, gardenID, size, description) VALUES (26, 2, 14, 'south');
INSERT INTO Beds (ID, gardenID, size, description) VALUES (27, 3, 18, 'north');
INSERT INTO Beds (ID, gardenID, size, description) VALUES (28, 3, 30, 'east');
INSERT INTO Beds (ID, gardenID, size, description) VALUES (29, 3, 10, 'northeast');
INSERT INTO Beds (ID, gardenID, size, description) VALUES (30, 3, 21, 'northwest');
INSERT INTO Beds (ID, gardenID, size, description) VALUES (31, 2, 29, 'southwest');
INSERT INTO Beds (ID, gardenID, size, description) VALUES (32, 2, 54, 'southwest');
INSERT INTO Beds (ID, gardenID, size, description) VALUES (33, 2, 21, 'northeast');
INSERT INTO Beds (ID, gardenID, size, description) VALUES (34, 1, 84, 'west');
INSERT INTO Beds (ID, gardenID, size, description) VALUES (35, 3, 53, 'northeast');
INSERT INTO Beds (ID, gardenID, size, description) VALUES (36, 2, 44, 'northeast');
INSERT INTO Beds (ID, gardenID, size, description) VALUES (37, 1, 25, 'north');
INSERT INTO Beds (ID, gardenID, size, description) VALUES (38, 1, 15, 'south');
INSERT INTO Beds (ID, gardenID, size, description) VALUES (39, 1, 10, 'northeast');
INSERT INTO Beds (ID, gardenID, size, description) VALUES (40, 2, 24, 'west');
INSERT INTO Beds (ID, gardenID, size, description) VALUES (41, 1, 18, 'north');
INSERT INTO Beds (ID, gardenID, size, description) VALUES (42, 2, 57, 'south');
INSERT INTO Beds (ID, gardenID, size, description) VALUES (43, 2, 10, 'southwest');
INSERT INTO Beds (ID, gardenID, size, description) VALUES (44, 3, 21, 'east');
INSERT INTO Beds (ID, gardenID, size, description) VALUES (45, 1, 14, 'southwest');
INSERT INTO Beds (ID, gardenID, size, description) VALUES (46, 2, 21, 'east');
INSERT INTO Beds (ID, gardenID, size, description) VALUES (47, 2, 13, 'west');
INSERT INTO Beds (ID, gardenID, size, description) VALUES (48, 1, 13, 'east');
INSERT INTO Beds (ID, gardenID, size, description) VALUES (49, 2, 17, 'southwest');
INSERT INTO Beds (ID, gardenID, size, description) VALUES (50, 3, 59, 'west');
INSERT INTO Beds (ID, gardenID, size, description) VALUES (51, 2, 30, 'northeast');
INSERT INTO Beds (ID, gardenID, size, description) VALUES (52, 2, 16, 'north');
INSERT INTO Beds (ID, gardenID, size, description) VALUES (53, 3, 34, 'northeast');
INSERT INTO Beds (ID, gardenID, size, description) VALUES (54, 2, 10, 'east');
INSERT INTO Beds (ID, gardenID, size, description) VALUES (55, 2, 28, 'northeast');
INSERT INTO Beds (ID, gardenID, size, description) VALUES (56, 3, 14, 'northwest');
INSERT INTO Beds (ID, gardenID, size, description) VALUES (57, 1, 28, 'north');
INSERT INTO Beds (ID, gardenID, size, description) VALUES (58, 2, 18, 'west');
INSERT INTO Beds (ID, gardenID, size, description) VALUES (59, 3, 66, 'north');
INSERT INTO Beds (ID, gardenID, size, description) VALUES (60, 2, 33, 'southwest');
INSERT INTO Beds (ID, gardenID, size, description) VALUES (61, 2, 27, 'northwest');
INSERT INTO Beds (ID, gardenID, size, description) VALUES (62, 1, 40, 'southeast');
INSERT INTO Beds (ID, gardenID, size, description) VALUES (63, 2, 95, 'northwest');
INSERT INTO Beds (ID, gardenID, size, description) VALUES (64, 2, 21, 'northwest');
INSERT INTO Beds (ID, gardenID, size, description) VALUES (65, 3, 60, 'northeast');
INSERT INTO Beds (ID, gardenID, size, description) VALUES (66, 3, 61, 'west');
INSERT INTO Beds (ID, gardenID, size, description) VALUES (67, 2, 16, 'southeast');
INSERT INTO Beds (ID, gardenID, size, description) VALUES (68, 1, 24, 'west');
INSERT INTO Beds (ID, gardenID, size, description) VALUES (69, 3, 26, 'southeast');
INSERT INTO Beds (ID, gardenID, size, description) VALUES (70, 1, 27, 'southeast');
INSERT INTO Beds (ID, gardenID, size, description) VALUES (71, 2, 63, 'south');
INSERT INTO Beds (ID, gardenID, size, description) VALUES (72, 2, 57, 'north');
INSERT INTO Beds (ID, gardenID, size, description) VALUES (73, 1, 43, 'southeast');
INSERT INTO Beds (ID, gardenID, size, description) VALUES (74, 1, 12, 'northwest');
INSERT INTO Beds (ID, gardenID, size, description) VALUES (75, 2, 36, 'south');
INSERT INTO Beds (ID, gardenID, size, description) VALUES (76, 2, 66, 'northeast');
INSERT INTO Beds (ID, gardenID, size, description) VALUES (77, 1, 28, 'northwest');
INSERT INTO Beds (ID, gardenID, size, description) VALUES (78, 3, 95, 'northwest');
INSERT INTO Beds (ID, gardenID, size, description) VALUES (79, 3, 65, 'northwest');
INSERT INTO Beds (ID, gardenID, size, description) VALUES (80, 2, 24, 'east');
INSERT INTO Beds (ID, gardenID, size, description) VALUES (81, 1, 31, 'north');
INSERT INTO Beds (ID, gardenID, size, description) VALUES (82, 3, 82, 'northwest');
INSERT INTO Beds (ID, gardenID, size, description) VALUES (83, 2, 82, 'west');
INSERT INTO Beds (ID, gardenID, size, description) VALUES (84, 1, 15, 'west');
INSERT INTO Beds (ID, gardenID, size, description) VALUES (85, 2, 64, 'southwest');
INSERT INTO Beds (ID, gardenID, size, description) VALUES (86, 3, 48, 'northwest');
INSERT INTO Beds (ID, gardenID, size, description) VALUES (87, 1, 93, 'west');
INSERT INTO Beds (ID, gardenID, size, description) VALUES (88, 1, 40, 'north');
INSERT INTO Beds (ID, gardenID, size, description) VALUES (89, 2, 82, 'south');
INSERT INTO Beds (ID, gardenID, size, description) VALUES (90, 2, 13, 'northeast');
INSERT INTO Beds (ID, gardenID, size, description) VALUES (91, 3, 22, 'southwest');
INSERT INTO Beds (ID, gardenID, size, description) VALUES (92, 1, 105, 'southeast');
INSERT INTO Beds (ID, gardenID, size, description) VALUES (93, 2, 51, 'east');
INSERT INTO Beds (ID, gardenID, size, description) VALUES (94, 1, 17, 'south');
INSERT INTO Beds (ID, gardenID, size, description) VALUES (95, 2, 12, 'southeast');
INSERT INTO Beds (ID, gardenID, size, description) VALUES (96, 2, 29, 'south');
INSERT INTO Beds (ID, gardenID, size, description) VALUES (97, 3, 34, 'southwest');
INSERT INTO Beds (ID, gardenID, size, description) VALUES (98, 2, 33, 'northwest');
INSERT INTO Beds (ID, gardenID, size, description) VALUES (99, 3, 26, 'east');
INSERT INTO Beds (ID, gardenID, size, description) VALUES (100, 2, 55, 'west');
INSERT INTO Beds (ID, gardenID, size, description) VALUES (101, 2, 35, 'northeast');
INSERT INTO Beds (ID, gardenID, size, description) VALUES (102, 3, 12, 'north');
INSERT INTO Beds (ID, gardenID, size, description) VALUES (103, 2, 37, 'southwest');
INSERT INTO Beds (ID, gardenID, size, description) VALUES (104, 3, 63, 'south');
INSERT INTO Beds (ID, gardenID, size, description) VALUES (105, 2, 25, 'south');
INSERT INTO Beds (ID, gardenID, size, description) VALUES (106, 3, 10, 'northwest');
INSERT INTO Beds (ID, gardenID, size, description) VALUES (107, 2, 59, 'north');
INSERT INTO Beds (ID, gardenID, size, description) VALUES (108, 2, 27, 'east');
INSERT INTO Beds (ID, gardenID, size, description) VALUES (109, 2, 27, 'northwest');
INSERT INTO Beds (ID, gardenID, size, description) VALUES (110, 2, 72, 'southwest');
INSERT INTO Beds (ID, gardenID, size, description) VALUES (111, 2, 19, 'northwest');
INSERT INTO Beds (ID, gardenID, size, description) VALUES (112, 1, 46, 'north');
INSERT INTO Beds (ID, gardenID, size, description) VALUES (113, 2, 52, 'southwest');
INSERT INTO Beds (ID, gardenID, size, description) VALUES (114, 1, 14, 'northeast');
INSERT INTO Beds (ID, gardenID, size, description) VALUES (115, 3, 18, 'south');
INSERT INTO Beds (ID, gardenID, size, description) VALUES (116, 1, 12, 'west');
INSERT INTO Beds (ID, gardenID, size, description) VALUES (117, 2, 41, 'northwest');
INSERT INTO Beds (ID, gardenID, size, description) VALUES (118, 2, 46, 'east');
INSERT INTO Beds (ID, gardenID, size, description) VALUES (119, 3, 71, 'east');
INSERT INTO Beds (ID, gardenID, size, description) VALUES (120, 1, 15, 'east');
INSERT INTO Beds (ID, gardenID, size, description) VALUES (121, 1, 25, 'southwest');
INSERT INTO Beds (ID, gardenID, size, description) VALUES (122, 3, 10, 'northwest');
INSERT INTO Beds (ID, gardenID, size, description) VALUES (123, 3, 30, 'north');
INSERT INTO Beds (ID, gardenID, size, description) VALUES (124, 3, 13, 'northeast');
INSERT INTO Beds (ID, gardenID, size, description) VALUES (125, 3, 36, 'east');
INSERT INTO Beds (ID, gardenID, size, description) VALUES (126, 1, 22, 'south');
INSERT INTO Beds (ID, gardenID, size, description) VALUES (127, 2, 73, 'east');
INSERT INTO Beds (ID, gardenID, size, description) VALUES (128, 3, 11, 'west');
INSERT INTO Beds (ID, gardenID, size, description) VALUES (129, 3, 34, 'east');
INSERT INTO Beds (ID, gardenID, size, description) VALUES (130, 1, 14, 'south');
INSERT INTO Beds (ID, gardenID, size, description) VALUES (131, 1, 23, 'northeast');
INSERT INTO Beds (ID, gardenID, size, description) VALUES (132, 3, 49, 'west');
INSERT INTO Beds (ID, gardenID, size, description) VALUES (133, 1, 27, 'northeast');
INSERT INTO Beds (ID, gardenID, size, description) VALUES (134, 1, 74, 'northwest');
INSERT INTO Beds (ID, gardenID, size, description) VALUES (135, 2, 28, 'north');
INSERT INTO Beds (ID, gardenID, size, description) VALUES (136, 1, 87, 'northeast');
INSERT INTO Beds (ID, gardenID, size, description) VALUES (137, 3, 83, 'southeast');
INSERT INTO Beds (ID, gardenID, size, description) VALUES (138, 1, 25, 'north');
INSERT INTO Beds (ID, gardenID, size, description) VALUES (139, 3, 11, 'north');
INSERT INTO Beds (ID, gardenID, size, description) VALUES (140, 3, 14, 'southeast');
INSERT INTO Beds (ID, gardenID, size, description) VALUES (141, 2, 11, 'northwest');
INSERT INTO Beds (ID, gardenID, size, description) VALUES (142, 3, 27, 'west');
INSERT INTO Beds (ID, gardenID, size, description) VALUES (143, 3, 11, 'northeast');
INSERT INTO Beds (ID, gardenID, size, description) VALUES (144, 3, 61, 'east');
INSERT INTO Beds (ID, gardenID, size, description) VALUES (145, 3, 74, 'northwest');
INSERT INTO Beds (ID, gardenID, size, description) VALUES (146, 1, 59, 'northwest');
INSERT INTO Beds (ID, gardenID, size, description) VALUES (147, 1, 49, 'northwest');
INSERT INTO Beds (ID, gardenID, size, description) VALUES (148, 1, 54, 'north');
INSERT INTO Beds (ID, gardenID, size, description) VALUES (149, 3, 11, 'west');
INSERT INTO Beds (ID, gardenID, size, description) VALUES (150, 2, 61, 'northwest');
INSERT INTO Beds (ID, gardenID, size, description) VALUES (151, 3, 18, 'south');
INSERT INTO Beds (ID, gardenID, size, description) VALUES (152, 2, 32, 'east');
INSERT INTO Beds (ID, gardenID, size, description) VALUES (153, 1, 72, 'east');
INSERT INTO Beds (ID, gardenID, size, description) VALUES (154, 3, 13, 'northeast');
INSERT INTO Beds (ID, gardenID, size, description) VALUES (155, 2, 34, 'east');
INSERT INTO Beds (ID, gardenID, size, description) VALUES (156, 2, 51, 'south');
INSERT INTO Beds (ID, gardenID, size, description) VALUES (157, 2, 46, 'north');
INSERT INTO Beds (ID, gardenID, size, description) VALUES (158, 2, 18, 'southwest');
INSERT INTO Beds (ID, gardenID, size, description) VALUES (159, 3, 23, 'west');
INSERT INTO Beds (ID, gardenID, size, description) VALUES (160, 1, 13, 'north');
INSERT INTO Beds (ID, gardenID, size, description) VALUES (161, 3, 42, 'southeast');
INSERT INTO Beds (ID, gardenID, size, description) VALUES (162, 2, 25, 'southeast');
INSERT INTO Beds (ID, gardenID, size, description) VALUES (163, 1, 51, 'northeast');
INSERT INTO Beds (ID, gardenID, size, description) VALUES (164, 1, 14, 'north');
INSERT INTO Beds (ID, gardenID, size, description) VALUES (165, 2, 26, 'southeast');
INSERT INTO Beds (ID, gardenID, size, description) VALUES (166, 2, 53, 'northeast');
INSERT INTO Beds (ID, gardenID, size, description) VALUES (167, 2, 55, 'northeast');
INSERT INTO Beds (ID, gardenID, size, description) VALUES (168, 3, 16, 'north');
INSERT INTO Beds (ID, gardenID, size, description) VALUES (169, 1, 47, 'south');
INSERT INTO Beds (ID, gardenID, size, description) VALUES (170, 1, 94, 'northwest');
INSERT INTO Beds (ID, gardenID, size, description) VALUES (171, 3, 36, 'northwest');
INSERT INTO Beds (ID, gardenID, size, description) VALUES (172, 1, 61, 'northeast');
INSERT INTO Beds (ID, gardenID, size, description) VALUES (173, 1, 17, 'southeast');
INSERT INTO Beds (ID, gardenID, size, description) VALUES (174, 3, 28, 'northeast');
INSERT INTO Beds (ID, gardenID, size, description) VALUES (175, 1, 86, 'west');
INSERT INTO Beds (ID, gardenID, size, description) VALUES (176, 3, 21, 'southwest');
INSERT INTO Beds (ID, gardenID, size, description) VALUES (177, 3, 11, 'east');
INSERT INTO Beds (ID, gardenID, size, description) VALUES (178, 3, 12, 'southeast');
INSERT INTO Beds (ID, gardenID, size, description) VALUES (179, 3, 11, 'southeast');
INSERT INTO Beds (ID, gardenID, size, description) VALUES (180, 2, 47, 'northwest');
INSERT INTO Beds (ID, gardenID, size, description) VALUES (181, 1, 42, 'west');
INSERT INTO Beds (ID, gardenID, size, description) VALUES (182, 1, 26, 'north');
INSERT INTO Beds (ID, gardenID, size, description) VALUES (183, 1, 10, 'north');
INSERT INTO Beds (ID, gardenID, size, description) VALUES (184, 1, 20, 'northwest');
INSERT INTO Beds (ID, gardenID, size, description) VALUES (185, 3, 61, 'southeast');
INSERT INTO Beds (ID, gardenID, size, description) VALUES (186, 1, 37, 'northeast');
INSERT INTO Beds (ID, gardenID, size, description) VALUES (187, 1, 18, 'east');
INSERT INTO Beds (ID, gardenID, size, description) VALUES (188, 3, 10, 'southwest');
INSERT INTO Beds (ID, gardenID, size, description) VALUES (189, 1, 10, 'north');
INSERT INTO Beds (ID, gardenID, size, description) VALUES (190, 1, 47, 'west');
INSERT INTO Beds (ID, gardenID, size, description) VALUES (191, 3, 17, 'southeast');
INSERT INTO Beds (ID, gardenID, size, description) VALUES (192, 1, 44, 'east');
INSERT INTO Beds (ID, gardenID, size, description) VALUES (193, 3, 70, 'southeast');
INSERT INTO Beds (ID, gardenID, size, description) VALUES (194, 1, 10, 'southwest');
INSERT INTO Beds (ID, gardenID, size, description) VALUES (195, 3, 47, 'southwest');
INSERT INTO Beds (ID, gardenID, size, description) VALUES (196, 2, 13, 'east');
INSERT INTO Beds (ID, gardenID, size, description) VALUES (197, 2, 16, 'southwest');
INSERT INTO Beds (ID, gardenID, size, description) VALUES (198, 1, 15, 'east');
INSERT INTO Beds (ID, gardenID, size, description) VALUES (199, 2, 48, 'west');
INSERT INTO Beds (ID, gardenID, size, description) VALUES (200, 2, 48, 'east');
INSERT INTO Beds (ID, gardenID, size, description) VALUES (201, 3, 10, 'northeast');
INSERT INTO Beds (ID, gardenID, size, description) VALUES (202, 1, 40, 'northeast');
INSERT INTO Beds (ID, gardenID, size, description) VALUES (203, 1, 57, 'southeast');
INSERT INTO Beds (ID, gardenID, size, description) VALUES (204, 4, 49, 'southwest');
INSERT INTO Beds (ID, gardenID, size, description) VALUES (205, 3, 45, 'north');
INSERT INTO Beds (ID, gardenID, size, description) VALUES (206, 3, 38, 'east');
INSERT INTO Beds (ID, gardenID, size, description) VALUES (207, 1, 16, 'northwest');
INSERT INTO Beds (ID, gardenID, size, description) VALUES (208, 3, 53, 'north');
INSERT INTO Beds (ID, gardenID, size, description) VALUES (209, 4, 20, 'northeast');
INSERT INTO Beds (ID, gardenID, size, description) VALUES (210, 1, 36, 'southwest');
INSERT INTO Beds (ID, gardenID, size, description) VALUES (211, 3, 10, 'northeast');
INSERT INTO Beds (ID, gardenID, size, description) VALUES (212, 3, 11, 'northwest');
INSERT INTO Beds (ID, gardenID, size, description) VALUES (213, 1, 34, 'west');
INSERT INTO Beds (ID, gardenID, size, description) VALUES (214, 3, 71, 'west');
INSERT INTO Beds (ID, gardenID, size, description) VALUES (215, 2, 87, 'east');
INSERT INTO Beds (ID, gardenID, size, description) VALUES (216, 3, 66, 'south');
INSERT INTO Beds (ID, gardenID, size, description) VALUES (217, 2, 41, 'northeast');
INSERT INTO Beds (ID, gardenID, size, description) VALUES (218, 2, 33, 'north');
INSERT INTO Beds (ID, gardenID, size, description) VALUES (219, 1, 15, 'east');
INSERT INTO Beds (ID, gardenID, size, description) VALUES (220, 3, 11, 'east');
INSERT INTO Beds (ID, gardenID, size, description) VALUES (221, 1, 83, 'east');
INSERT INTO Beds (ID, gardenID, size, description) VALUES (222, 3, 43, 'east');
INSERT INTO Beds (ID, gardenID, size, description) VALUES (223, 3, 22, 'northeast');
INSERT INTO Beds (ID, gardenID, size, description) VALUES (224, 3, 71, 'east');
INSERT INTO Beds (ID, gardenID, size, description) VALUES (225, 2, 23, 'northeast');
INSERT INTO Beds (ID, gardenID, size, description) VALUES (226, 2, 79, 'west');
INSERT INTO Beds (ID, gardenID, size, description) VALUES (227, 3, 55, 'northeast');
INSERT INTO Beds (ID, gardenID, size, description) VALUES (228, 2, 30, 'east');
INSERT INTO Beds (ID, gardenID, size, description) VALUES (229, 2, 15, 'north');
INSERT INTO Beds (ID, gardenID, size, description) VALUES (230, 2, 18, 'north');
INSERT INTO Beds (ID, gardenID, size, description) VALUES (231, 1, 73, 'north');
INSERT INTO Beds (ID, gardenID, size, description) VALUES (232, 1, 46, 'northeast');
INSERT INTO Beds (ID, gardenID, size, description) VALUES (233, 2, 47, 'south');
INSERT INTO Beds (ID, gardenID, size, description) VALUES (234, 1, 82, 'north');
INSERT INTO Beds (ID, gardenID, size, description) VALUES (235, 2, 14, 'southwest');
INSERT INTO Beds (ID, gardenID, size, description) VALUES (236, 1, 19, 'northeast');
INSERT INTO Beds (ID, gardenID, size, description) VALUES (237, 2, 67, 'southwest');
INSERT INTO Beds (ID, gardenID, size, description) VALUES (238, 2, 82, 'west');
INSERT INTO Beds (ID, gardenID, size, description) VALUES (239, 3, 40, 'southwest');
INSERT INTO Beds (ID, gardenID, size, description) VALUES (240, 3, 56, 'southwest');
INSERT INTO Beds (ID, gardenID, size, description) VALUES (241, 1, 10, 'southwest');
INSERT INTO Beds (ID, gardenID, size, description) VALUES (242, 1, 31, 'south');
INSERT INTO Beds (ID, gardenID, size, description) VALUES (243, 2, 58, 'northeast');
INSERT INTO Beds (ID, gardenID, size, description) VALUES (244, 2, 13, 'southwest');
INSERT INTO Beds (ID, gardenID, size, description) VALUES (245, 3, 47, 'northeast');
INSERT INTO Beds (ID, gardenID, size, description) VALUES (246, 2, 52, 'southwest');
INSERT INTO Beds (ID, gardenID, size, description) VALUES (247, 3, 64, 'south');
INSERT INTO Beds (ID, gardenID, size, description) VALUES (248, 3, 22, 'southeast');
INSERT INTO Beds (ID, gardenID, size, description) VALUES (249, 1, 75, 'northeast');
INSERT INTO Beds (ID, gardenID, size, description) VALUES (250, 3, 12, 'southwest');
INSERT INTO Beds (ID, gardenID, size, description) VALUES (251, 3, 68, 'west');
INSERT INTO Beds (ID, gardenID, size, description) VALUES (252, 3, 33, 'north');
INSERT INTO Beds (ID, gardenID, size, description) VALUES (253, 1, 84, 'southeast');
INSERT INTO Beds (ID, gardenID, size, description) VALUES (254, 2, 39, 'northeast');
INSERT INTO Beds (ID, gardenID, size, description) VALUES (255, 2, 14, 'northeast');
INSERT INTO Beds (ID, gardenID, size, description) VALUES (256, 1, 10, 'north');
INSERT INTO Beds (ID, gardenID, size, description) VALUES (257, 2, 47, 'east');
INSERT INTO Beds (ID, gardenID, size, description) VALUES (258, 1, 18, 'east');
INSERT INTO Beds (ID, gardenID, size, description) VALUES (259, 1, 10, 'northwest');
INSERT INTO Beds (ID, gardenID, size, description) VALUES (260, 1, 50, 'west');
INSERT INTO Beds (ID, gardenID, size, description) VALUES (261, 1, 31, 'northeast');
INSERT INTO Beds (ID, gardenID, size, description) VALUES (262, 3, 11, 'west');
INSERT INTO Beds (ID, gardenID, size, description) VALUES (263, 3, 24, 'southeast');
INSERT INTO Beds (ID, gardenID, size, description) VALUES (264, 2, 14, 'southwest');
INSERT INTO Beds (ID, gardenID, size, description) VALUES (265, 3, 15, 'southeast');
INSERT INTO Beds (ID, gardenID, size, description) VALUES (266, 2, 13, 'northeast');
INSERT INTO Beds (ID, gardenID, size, description) VALUES (267, 2, 76, 'southwest');
INSERT INTO Beds (ID, gardenID, size, description) VALUES (268, 2, 10, 'southeast');
INSERT INTO Beds (ID, gardenID, size, description) VALUES (269, 3, 17, 'southeast');
INSERT INTO Beds (ID, gardenID, size, description) VALUES (270, 2, 56, 'east');
INSERT INTO Beds (ID, gardenID, size, description) VALUES (271, 1, 21, 'west');
INSERT INTO Beds (ID, gardenID, size, description) VALUES (272, 1, 19, 'west');
INSERT INTO Beds (ID, gardenID, size, description) VALUES (273, 1, 65, 'southwest');
INSERT INTO Beds (ID, gardenID, size, description) VALUES (274, 1, 82, 'northwest');
INSERT INTO Beds (ID, gardenID, size, description) VALUES (275, 4, 47, 'southeast');
INSERT INTO Beds (ID, gardenID, size, description) VALUES (276, 2, 40, 'south');
INSERT INTO Beds (ID, gardenID, size, description) VALUES (277, 1, 10, 'west');
INSERT INTO Beds (ID, gardenID, size, description) VALUES (278, 1, 37, 'southeast');
INSERT INTO Beds (ID, gardenID, size, description) VALUES (279, 2, 12, 'southwest');
INSERT INTO Beds (ID, gardenID, size, description) VALUES (280, 1, 90, 'southwest');
INSERT INTO Beds (ID, gardenID, size, description) VALUES (281, 3, 72, 'southeast');
INSERT INTO Beds (ID, gardenID, size, description) VALUES (282, 3, 23, 'southwest');
INSERT INTO Beds (ID, gardenID, size, description) VALUES (283, 1, 13, 'south');
INSERT INTO Beds (ID, gardenID, size, description) VALUES (284, 2, 23, 'south');
INSERT INTO Beds (ID, gardenID, size, description) VALUES (285, 2, 27, 'east');
INSERT INTO Beds (ID, gardenID, size, description) VALUES (286, 2, 10, 'east');
INSERT INTO Beds (ID, gardenID, size, description) VALUES (287, 1, 66, 'north');
INSERT INTO Beds (ID, gardenID, size, description) VALUES (288, 2, 27, 'northwest');
INSERT INTO Beds (ID, gardenID, size, description) VALUES (289, 2, 31, 'northeast');
INSERT INTO Beds (ID, gardenID, size, description) VALUES (290, 1, 66, 'northeast');
INSERT INTO Beds (ID, gardenID, size, description) VALUES (291, 1, 25, 'north');
INSERT INTO Beds (ID, gardenID, size, description) VALUES (292, 1, 11, 'south');
INSERT INTO Beds (ID, gardenID, size, description) VALUES (293, 2, 23, 'northeast');
INSERT INTO Beds (ID, gardenID, size, description) VALUES (294, 1, 23, 'east');
INSERT INTO Beds (ID, gardenID, size, description) VALUES (295, 2, 11, 'northwest');
INSERT INTO Beds (ID, gardenID, size, description) VALUES (296, 1, 77, 'east');
INSERT INTO Beds (ID, gardenID, size, description) VALUES (297, 3, 65, 'northeast');
INSERT INTO Beds (ID, gardenID, size, description) VALUES (298, 2, 15, 'northwest');
INSERT INTO Beds (ID, gardenID, size, description) VALUES (299, 2, 13, 'west');
INSERT INTO Beds (ID, gardenID, size, description) VALUES (300, 3, 42, 'west');
INSERT INTO Beds (ID, gardenID, size, description) VALUES (301, 1, 20, 'south');
INSERT INTO Beds (ID, gardenID, size, description) VALUES (302, 2, 11, 'northeast');
INSERT INTO Beds (ID, gardenID, size, description) VALUES (303, 2, 27, 'south');
INSERT INTO Beds (ID, gardenID, size, description) VALUES (304, 2, 17, 'southwest');
INSERT INTO Beds (ID, gardenID, size, description) VALUES (305, 1, 42, 'west');
INSERT INTO Beds (ID, gardenID, size, description) VALUES (306, 2, 30, 'south');
INSERT INTO Beds (ID, gardenID, size, description) VALUES (307, 3, 46, 'west');
INSERT INTO Beds (ID, gardenID, size, description) VALUES (308, 1, 56, 'southeast');
INSERT INTO Beds (ID, gardenID, size, description) VALUES (309, 1, 39, 'northeast');
INSERT INTO Beds (ID, gardenID, size, description) VALUES (310, 4, 17, 'south');
INSERT INTO Beds (ID, gardenID, size, description) VALUES (311, 3, 47, 'west');
INSERT INTO Beds (ID, gardenID, size, description) VALUES (312, 3, 93, 'northwest');
INSERT INTO Beds (ID, gardenID, size, description) VALUES (313, 2, 40, 'southwest');
INSERT INTO Beds (ID, gardenID, size, description) VALUES (314, 2, 35, 'south');
INSERT INTO Beds (ID, gardenID, size, description) VALUES (315, 2, 23, 'southeast');
INSERT INTO Beds (ID, gardenID, size, description) VALUES (316, 2, 10, 'northwest');
INSERT INTO Beds (ID, gardenID, size, description) VALUES (317, 1, 14, 'south');
INSERT INTO Beds (ID, gardenID, size, description) VALUES (318, 1, 47, 'southeast');
INSERT INTO Beds (ID, gardenID, size, description) VALUES (319, 3, 31, 'west');
INSERT INTO Beds (ID, gardenID, size, description) VALUES (320, 3, 84, 'east');
INSERT INTO Beds (ID, gardenID, size, description) VALUES (321, 3, 36, 'southwest');
INSERT INTO Beds (ID, gardenID, size, description) VALUES (322, 4, 55, 'south');
INSERT INTO Beds (ID, gardenID, size, description) VALUES (323, 2, 56, 'south');
INSERT INTO Beds (ID, gardenID, size, description) VALUES (324, 1, 11, 'southwest');
INSERT INTO Beds (ID, gardenID, size, description) VALUES (325, 2, 14, 'northwest');
INSERT INTO Beds (ID, gardenID, size, description) VALUES (326, 4, 22, 'southwest');
INSERT INTO Beds (ID, gardenID, size, description) VALUES (327, 2, 52, 'south');
INSERT INTO Beds (ID, gardenID, size, description) VALUES (328, 3, 55, 'southeast');
INSERT INTO Beds (ID, gardenID, size, description) VALUES (329, 1, 63, 'east');
INSERT INTO Beds (ID, gardenID, size, description) VALUES (330, 1, 36, 'north');
INSERT INTO Beds (ID, gardenID, size, description) VALUES (331, 3, 14, 'northwest');
INSERT INTO Beds (ID, gardenID, size, description) VALUES (332, 2, 32, 'east');
INSERT INTO Beds (ID, gardenID, size, description) VALUES (333, 1, 84, 'southeast');
INSERT INTO Beds (ID, gardenID, size, description) VALUES (334, 2, 65, 'southwest');
INSERT INTO Beds (ID, gardenID, size, description) VALUES (335, 1, 51, 'southwest');
INSERT INTO Beds (ID, gardenID, size, description) VALUES (336, 2, 94, 'southwest');
INSERT INTO Beds (ID, gardenID, size, description) VALUES (337, 1, 19, 'northeast');
INSERT INTO Beds (ID, gardenID, size, description) VALUES (338, 2, 18, 'northwest');
INSERT INTO Beds (ID, gardenID, size, description) VALUES (339, 1, 24, 'north');
INSERT INTO Beds (ID, gardenID, size, description) VALUES (340, 3, 51, 'west');
INSERT INTO Beds (ID, gardenID, size, description) VALUES (341, 1, 13, 'southwest');
INSERT INTO Beds (ID, gardenID, size, description) VALUES (342, 2, 26, 'southwest');
INSERT INTO Beds (ID, gardenID, size, description) VALUES (343, 2, 85, 'south');
INSERT INTO Beds (ID, gardenID, size, description) VALUES (344, 2, 32, 'northeast');
INSERT INTO Beds (ID, gardenID, size, description) VALUES (345, 3, 16, 'northeast');
INSERT INTO Beds (ID, gardenID, size, description) VALUES (346, 1, 20, 'east');
INSERT INTO Beds (ID, gardenID, size, description) VALUES (347, 3, 68, 'west');
INSERT INTO Beds (ID, gardenID, size, description) VALUES (348, 1, 76, 'east');
INSERT INTO Beds (ID, gardenID, size, description) VALUES (349, 3, 19, 'east');
INSERT INTO Beds (ID, gardenID, size, description) VALUES (350, 1, 33, 'northwest');
INSERT INTO Beds (ID, gardenID, size, description) VALUES (351, 1, 17, 'west');
INSERT INTO Beds (ID, gardenID, size, description) VALUES (352, 3, 11, 'north');
INSERT INTO Beds (ID, gardenID, size, description) VALUES (353, 3, 37, 'northeast');
INSERT INTO Beds (ID, gardenID, size, description) VALUES (354, 3, 37, 'northeast');
INSERT INTO Beds (ID, gardenID, size, description) VALUES (355, 2, 29, 'north');
INSERT INTO Beds (ID, gardenID, size, description) VALUES (356, 2, 79, 'southeast');
INSERT INTO Beds (ID, gardenID, size, description) VALUES (357, 3, 25, 'east');
INSERT INTO Beds (ID, gardenID, size, description) VALUES (358, 1, 20, 'northeast');
INSERT INTO Beds (ID, gardenID, size, description) VALUES (359, 3, 26, 'northeast');
INSERT INTO Beds (ID, gardenID, size, description) VALUES (360, 4, 11, 'northeast');
INSERT INTO Beds (ID, gardenID, size, description) VALUES (361, 3, 53, 'north');
INSERT INTO Beds (ID, gardenID, size, description) VALUES (362, 2, 34, 'west');
INSERT INTO Beds (ID, gardenID, size, description) VALUES (363, 2, 11, 'south');
INSERT INTO Beds (ID, gardenID, size, description) VALUES (364, 2, 20, 'southeast');
INSERT INTO Beds (ID, gardenID, size, description) VALUES (365, 2, 28, 'west');
INSERT INTO Beds (ID, gardenID, size, description) VALUES (366, 3, 38, 'southeast');
INSERT INTO Beds (ID, gardenID, size, description) VALUES (367, 1, 34, 'southwest');
INSERT INTO Beds (ID, gardenID, size, description) VALUES (368, 1, 25, 'southwest');
INSERT INTO Beds (ID, gardenID, size, description) VALUES (369, 2, 11, 'southeast');
INSERT INTO Beds (ID, gardenID, size, description) VALUES (370, 2, 77, 'southeast');
INSERT INTO Beds (ID, gardenID, size, description) VALUES (371, 2, 34, 'northeast');
INSERT INTO Beds (ID, gardenID, size, description) VALUES (372, 1, 33, 'southeast');
INSERT INTO Beds (ID, gardenID, size, description) VALUES (373, 2, 53, 'west');
INSERT INTO Beds (ID, gardenID, size, description) VALUES (374, 3, 33, 'southwest');
INSERT INTO Beds (ID, gardenID, size, description) VALUES (375, 1, 88, 'east');
INSERT INTO Beds (ID, gardenID, size, description) VALUES (376, 1, 20, 'southwest');
INSERT INTO Beds (ID, gardenID, size, description) VALUES (377, 1, 22, 'southeast');
INSERT INTO Beds (ID, gardenID, size, description) VALUES (378, 3, 17, 'northeast');
INSERT INTO Beds (ID, gardenID, size, description) VALUES (379, 2, 44, 'south');
INSERT INTO Beds (ID, gardenID, size, description) VALUES (380, 1, 12, 'northeast');
INSERT INTO Beds (ID, gardenID, size, description) VALUES (381, 3, 39, 'southwest');
INSERT INTO Beds (ID, gardenID, size, description) VALUES (382, 3, 64, 'southeast');
INSERT INTO Beds (ID, gardenID, size, description) VALUES (383, 1, 15, 'west');
INSERT INTO Beds (ID, gardenID, size, description) VALUES (384, 3, 21, 'south');
INSERT INTO Beds (ID, gardenID, size, description) VALUES (385, 2, 25, 'southwest');
INSERT INTO Beds (ID, gardenID, size, description) VALUES (386, 3, 18, 'southeast');
INSERT INTO Beds (ID, gardenID, size, description) VALUES (387, 1, 11, 'southeast');
INSERT INTO Beds (ID, gardenID, size, description) VALUES (388, 3, 12, 'west');
INSERT INTO Beds (ID, gardenID, size, description) VALUES (389, 3, 16, 'southeast');
INSERT INTO Beds (ID, gardenID, size, description) VALUES (390, 3, 12, 'east');
INSERT INTO Beds (ID, gardenID, size, description) VALUES (391, 2, 59, 'south');
INSERT INTO Beds (ID, gardenID, size, description) VALUES (392, 1, 13, 'southwest');
INSERT INTO Beds (ID, gardenID, size, description) VALUES (393, 1, 66, 'south');
INSERT INTO Beds (ID, gardenID, size, description) VALUES (394, 3, 32, 'southwest');
INSERT INTO Beds (ID, gardenID, size, description) VALUES (395, 1, 33, 'southeast');
INSERT INTO Beds (ID, gardenID, size, description) VALUES (396, 2, 16, 'northwest');
INSERT INTO Beds (ID, gardenID, size, description) VALUES (397, 2, 19, 'north');
INSERT INTO Beds (ID, gardenID, size, description) VALUES (398, 2, 34, 'southeast');
INSERT INTO Beds (ID, gardenID, size, description) VALUES (399, 3, 91, 'northeast');
INSERT INTO Beds (ID, gardenID, size, description) VALUES (400, 1, 20, 'south');
INSERT INTO Beds (ID, gardenID, size, description) VALUES (401, 1, 12, 'northwest');
INSERT INTO Beds (ID, gardenID, size, description) VALUES (402, 3, 65, 'northwest');
INSERT INTO Beds (ID, gardenID, size, description) VALUES (403, 1, 25, 'west');
INSERT INTO Beds (ID, gardenID, size, description) VALUES (404, 1, 31, 'southeast');
INSERT INTO Beds (ID, gardenID, size, description) VALUES (405, 2, 16, 'southeast');
INSERT INTO Beds (ID, gardenID, size, description) VALUES (406, 2, 43, 'southeast');
INSERT INTO Beds (ID, gardenID, size, description) VALUES (407, 3, 10, 'south');
INSERT INTO Beds (ID, gardenID, size, description) VALUES (408, 3, 39, 'north');
INSERT INTO Beds (ID, gardenID, size, description) VALUES (409, 2, 60, 'southeast');
INSERT INTO Beds (ID, gardenID, size, description) VALUES (410, 1, 31, 'east');
INSERT INTO Beds (ID, gardenID, size, description) VALUES (411, 3, 10, 'west');
INSERT INTO Beds (ID, gardenID, size, description) VALUES (412, 1, 20, 'southwest');
INSERT INTO Beds (ID, gardenID, size, description) VALUES (413, 2, 23, 'west');
INSERT INTO Beds (ID, gardenID, size, description) VALUES (414, 2, 15, 'east');
INSERT INTO Beds (ID, gardenID, size, description) VALUES (415, 3, 28, 'west');
INSERT INTO Beds (ID, gardenID, size, description) VALUES (416, 3, 31, 'south');
INSERT INTO Beds (ID, gardenID, size, description) VALUES (417, 3, 29, 'north');
INSERT INTO Beds (ID, gardenID, size, description) VALUES (418, 3, 29, 'southeast');
INSERT INTO Beds (ID, gardenID, size, description) VALUES (419, 3, 33, 'southeast');
INSERT INTO Beds (ID, gardenID, size, description) VALUES (420, 1, 46, 'west');
INSERT INTO Beds (ID, gardenID, size, description) VALUES (421, 3, 61, 'north');
INSERT INTO Beds (ID, gardenID, size, description) VALUES (422, 2, 39, 'southwest');
INSERT INTO Beds (ID, gardenID, size, description) VALUES (423, 2, 37, 'southwest');
INSERT INTO Beds (ID, gardenID, size, description) VALUES (424, 3, 16, 'north');
INSERT INTO Beds (ID, gardenID, size, description) VALUES (425, 1, 68, 'south');
INSERT INTO Beds (ID, gardenID, size, description) VALUES (426, 2, 59, 'southeast');
INSERT INTO Beds (ID, gardenID, size, description) VALUES (427, 1, 11, 'northwest');
INSERT INTO Beds (ID, gardenID, size, description) VALUES (428, 3, 50, 'west');
INSERT INTO Beds (ID, gardenID, size, description) VALUES (429, 1, 37, 'east');
INSERT INTO Beds (ID, gardenID, size, description) VALUES (430, 1, 29, 'northeast');
INSERT INTO Beds (ID, gardenID, size, description) VALUES (431, 2, 54, 'northwest');
INSERT INTO Beds (ID, gardenID, size, description) VALUES (432, 3, 10, 'southwest');
INSERT INTO Beds (ID, gardenID, size, description) VALUES (433, 2, 10, 'northwest');
INSERT INTO Beds (ID, gardenID, size, description) VALUES (434, 3, 42, 'northwest');
INSERT INTO Beds (ID, gardenID, size, description) VALUES (435, 1, 13, 'north');
INSERT INTO Beds (ID, gardenID, size, description) VALUES (436, 1, 15, 'southeast');
INSERT INTO Beds (ID, gardenID, size, description) VALUES (437, 3, 28, 'east');
INSERT INTO Beds (ID, gardenID, size, description) VALUES (438, 1, 10, 'northwest');
INSERT INTO Beds (ID, gardenID, size, description) VALUES (439, 2, 23, 'east');
INSERT INTO Beds (ID, gardenID, size, description) VALUES (440, 1, 21, 'south');
INSERT INTO Beds (ID, gardenID, size, description) VALUES (441, 1, 33, 'northwest');
INSERT INTO Beds (ID, gardenID, size, description) VALUES (442, 3, 51, 'northwest');
INSERT INTO Beds (ID, gardenID, size, description) VALUES (443, 1, 74, 'north');
INSERT INTO Beds (ID, gardenID, size, description) VALUES (444, 3, 42, 'west');
INSERT INTO Beds (ID, gardenID, size, description) VALUES (445, 2, 84, 'northwest');
INSERT INTO Beds (ID, gardenID, size, description) VALUES (446, 1, 16, 'east');
INSERT INTO Beds (ID, gardenID, size, description) VALUES (447, 2, 80, 'south');
INSERT INTO Beds (ID, gardenID, size, description) VALUES (448, 3, 56, 'south');
INSERT INTO Beds (ID, gardenID, size, description) VALUES (449, 2, 13, 'east');
INSERT INTO Beds (ID, gardenID, size, description) VALUES (450, 1, 53, 'southwest');
INSERT INTO Beds (ID, gardenID, size, description) VALUES (451, 1, 24, 'northwest');
INSERT INTO Beds (ID, gardenID, size, description) VALUES (452, 2, 75, 'south');
INSERT INTO Beds (ID, gardenID, size, description) VALUES (453, 3, 73, 'northwest');
INSERT INTO Beds (ID, gardenID, size, description) VALUES (454, 1, 22, 'southeast');
INSERT INTO Beds (ID, gardenID, size, description) VALUES (455, 2, 20, 'southwest');
INSERT INTO Beds (ID, gardenID, size, description) VALUES (456, 3, 18, 'southwest');
INSERT INTO Beds (ID, gardenID, size, description) VALUES (457, 1, 14, 'southwest');
INSERT INTO Beds (ID, gardenID, size, description) VALUES (458, 1, 32, 'west');
INSERT INTO Beds (ID, gardenID, size, description) VALUES (459, 2, 26, 'east');
INSERT INTO Beds (ID, gardenID, size, description) VALUES (460, 1, 41, 'northeast');
INSERT INTO Beds (ID, gardenID, size, description) VALUES (461, 1, 10, 'south');
INSERT INTO Beds (ID, gardenID, size, description) VALUES (462, 1, 13, 'east');
INSERT INTO Beds (ID, gardenID, size, description) VALUES (463, 3, 10, 'northwest');
INSERT INTO Beds (ID, gardenID, size, description) VALUES (464, 1, 66, 'south');
INSERT INTO Beds (ID, gardenID, size, description) VALUES (465, 2, 16, 'southwest');
INSERT INTO Beds (ID, gardenID, size, description) VALUES (466, 1, 57, 'west');
INSERT INTO Beds (ID, gardenID, size, description) VALUES (467, 1, 36, 'south');
INSERT INTO Beds (ID, gardenID, size, description) VALUES (468, 1, 19, 'south');
INSERT INTO Beds (ID, gardenID, size, description) VALUES (469, 2, 58, 'west');
INSERT INTO Beds (ID, gardenID, size, description) VALUES (470, 2, 10, 'west');
INSERT INTO Beds (ID, gardenID, size, description) VALUES (471, 2, 36, 'south');
INSERT INTO Beds (ID, gardenID, size, description) VALUES (472, 1, 14, 'east');
INSERT INTO Beds (ID, gardenID, size, description) VALUES (473, 2, 71, 'southeast');
INSERT INTO PlantedIn (bedID, plantID, percentage, staffID) VALUES (4, 3170, 1, 176);
INSERT INTO PlantedIn (bedID, plantID, percentage, staffID) VALUES (10, 1247, 2, 67);
INSERT INTO PlantedIn (bedID, plantID, percentage, staffID) VALUES (462, 274, 4, 154);
INSERT INTO PlantedIn (bedID, plantID, percentage, staffID) VALUES (161, 590, 2, 13);
INSERT INTO PlantedIn (bedID, plantID, percentage, staffID) VALUES (304, 3761, 2, 39);
INSERT INTO PlantedIn (bedID, plantID, percentage, staffID) VALUES (127, 363, 2, 109);
INSERT INTO PlantedIn (bedID, plantID, percentage, staffID) VALUES (397, 2312, 2, 165);
INSERT INTO PlantedIn (bedID, plantID, percentage, staffID) VALUES (217, 3144, 2, 103);
INSERT INTO PlantedIn (bedID, plantID, percentage, staffID) VALUES (65, 3202, 1, 172);
INSERT INTO PlantedIn (bedID, plantID, percentage, staffID) VALUES (426, 2293, 1, 5);
INSERT INTO PlantedIn (bedID, plantID, percentage, staffID) VALUES (353, 339, 2, 129);
INSERT INTO PlantedIn (bedID, plantID, percentage, staffID) VALUES (29, 3155, 2, 139);
INSERT INTO PlantedIn (bedID, plantID, percentage, staffID) VALUES (431, 825, 3, 157);
INSERT INTO PlantedIn (bedID, plantID, percentage, staffID) VALUES (384, 2213, 1, 7);
INSERT INTO PlantedIn (bedID, plantID, percentage, staffID) VALUES (100, 3809, 3, 99);
INSERT INTO PlantedIn (bedID, plantID, percentage, staffID) VALUES (378, 3818, 4, 30);
INSERT INTO PlantedIn (bedID, plantID, percentage, staffID) VALUES (386, 3808, 3, 10);
INSERT INTO PlantedIn (bedID, plantID, percentage, staffID) VALUES (75, 2255, 1, 146);
INSERT INTO PlantedIn (bedID, plantID, percentage, staffID) VALUES (189, 1514, 2, 112);
INSERT INTO PlantedIn (bedID, plantID, percentage, staffID) VALUES (287, 1217, 2, 12);
INSERT INTO PlantedIn (bedID, plantID, percentage, staffID) VALUES (420, 353, 1, 115);
INSERT INTO PlantedIn (bedID, plantID, percentage, staffID) VALUES (37, 166, 4, 157);
INSERT INTO PlantedIn (bedID, plantID, percentage, staffID) VALUES (15, 3524, 4, 166);
INSERT INTO PlantedIn (bedID, plantID, percentage, staffID) VALUES (425, 3309, 2, 115);
INSERT INTO PlantedIn (bedID, plantID, percentage, staffID) VALUES (439, 1992, 1, 163);
INSERT INTO PlantedIn (bedID, plantID, percentage, staffID) VALUES (47, 1975, 2, 62);
INSERT INTO PlantedIn (bedID, plantID, percentage, staffID) VALUES (427, 3279, 3, 165);
INSERT INTO PlantedIn (bedID, plantID, percentage, staffID) VALUES (78, 3348, 1, 189);
INSERT INTO PlantedIn (bedID, plantID, percentage, staffID) VALUES (453, 1867, 1, 31);
INSERT INTO PlantedIn (bedID, plantID, percentage, staffID) VALUES (249, 3530, 3, 186);
INSERT INTO PlantedIn (bedID, plantID, percentage, staffID) VALUES (391, 2783, 3, 83);
INSERT INTO PlantedIn (bedID, plantID, percentage, staffID) VALUES (273, 3728, 3, 41);
INSERT INTO PlantedIn (bedID, plantID, percentage, staffID) VALUES (227, 3848, 3, 120);
INSERT INTO PlantedIn (bedID, plantID, percentage, staffID) VALUES (240, 3431, 2, 16);
INSERT INTO PlantedIn (bedID, plantID, percentage, staffID) VALUES (349, 3419, 4, 187);
INSERT INTO PlantedIn (bedID, plantID, percentage, staffID) VALUES (355, 3245, 3, 194);
INSERT INTO PlantedIn (bedID, plantID, percentage, staffID) VALUES (153, 374, 4, 152);
INSERT INTO PlantedIn (bedID, plantID, percentage, staffID) VALUES (5, 2518, 4, 83);
INSERT INTO PlantedIn (bedID, plantID, percentage, staffID) VALUES (176, 3120, 4, 114);
INSERT INTO PlantedIn (bedID, plantID, percentage, staffID) VALUES (365, 2910, 2, 92);
INSERT INTO PlantedIn (bedID, plantID, percentage, staffID) VALUES (354, 136, 2, 170);
INSERT INTO PlantedIn (bedID, plantID, percentage, staffID) VALUES (437, 3503, 3, 136);
INSERT INTO PlantedIn (bedID, plantID, percentage, staffID) VALUES (374, 2241, 3, 114);
INSERT INTO PlantedIn (bedID, plantID, percentage, staffID) VALUES (199, 1959, 3, 51);
INSERT INTO PlantedIn (bedID, plantID, percentage, staffID) VALUES (286, 3829, 3, 121);
INSERT INTO PlantedIn (bedID, plantID, percentage, staffID) VALUES (304, 3843, 1, 92);
INSERT INTO PlantedIn (bedID, plantID, percentage, staffID) VALUES (359, 1584, 3, 169);
INSERT INTO PlantedIn (bedID, plantID, percentage, staffID) VALUES (211, 2529, 2, 156);
INSERT INTO PlantedIn (bedID, plantID, percentage, staffID) VALUES (266, 1638, 2, 6);
INSERT INTO PlantedIn (bedID, plantID, percentage, staffID) VALUES (2, 2258, 2, 182);
INSERT INTO PlantedIn (bedID, plantID, percentage, staffID) VALUES (43, 545, 3, 34);
INSERT INTO PlantedIn (bedID, plantID, percentage, staffID) VALUES (63, 2913, 4, 63);
INSERT INTO PlantedIn (bedID, plantID, percentage, staffID) VALUES (354, 2922, 3, 161);
INSERT INTO PlantedIn (bedID, plantID, percentage, staffID) VALUES (360, 2886, 3, 25);
INSERT INTO PlantedIn (bedID, plantID, percentage, staffID) VALUES (74, 3658, 3, 5);
INSERT INTO PlantedIn (bedID, plantID, percentage, staffID) VALUES (98, 3848, 1, 105);
INSERT INTO PlantedIn (bedID, plantID, percentage, staffID) VALUES (275, 1561, 3, 130);
INSERT INTO PlantedIn (bedID, plantID, percentage, staffID) VALUES (258, 3079, 3, 75);
INSERT INTO PlantedIn (bedID, plantID, percentage, staffID) VALUES (261, 2600, 2, 92);
INSERT INTO PlantedIn (bedID, plantID, percentage, staffID) VALUES (203, 910, 1, 173);
INSERT INTO PlantedIn (bedID, plantID, percentage, staffID) VALUES (465, 3744, 1, 144);
INSERT INTO PlantedIn (bedID, plantID, percentage, staffID) VALUES (433, 2817, 3, 151);
INSERT INTO PlantedIn (bedID, plantID, percentage, staffID) VALUES (243, 2740, 3, 138);
INSERT INTO PlantedIn (bedID, plantID, percentage, staffID) VALUES (334, 724, 2, 190);
INSERT INTO PlantedIn (bedID, plantID, percentage, staffID) VALUES (170, 1233, 4, 166);
INSERT INTO PlantedIn (bedID, plantID, percentage, staffID) VALUES (469, 1007, 2, 42);
INSERT INTO PlantedIn (bedID, plantID, percentage, staffID) VALUES (235, 203, 2, 125);
INSERT INTO PlantedIn (bedID, plantID, percentage, staffID) VALUES (10, 1214, 4, 126);
INSERT INTO PlantedIn (bedID, plantID, percentage, staffID) VALUES (21, 1374, 3, 92);
INSERT INTO PlantedIn (bedID, plantID, percentage, staffID) VALUES (31, 488, 4, 56);
INSERT INTO PlantedIn (bedID, plantID, percentage, staffID) VALUES (149, 779, 4, 11);
INSERT INTO PlantedIn (bedID, plantID, percentage, staffID) VALUES (361, 24, 1, 9);
INSERT INTO PlantedIn (bedID, plantID, percentage, staffID) VALUES (154, 3290, 2, 6);
INSERT INTO PlantedIn (bedID, plantID, percentage, staffID) VALUES (53, 906, 3, 151);
INSERT INTO PlantedIn (bedID, plantID, percentage, staffID) VALUES (136, 1331, 2, 18);
INSERT INTO PlantedIn (bedID, plantID, percentage, staffID) VALUES (312, 2707, 3, 50);
INSERT INTO PlantedIn (bedID, plantID, percentage, staffID) VALUES (27, 2680, 1, 52);
INSERT INTO PlantedIn (bedID, plantID, percentage, staffID) VALUES (388, 2039, 1, 182);
INSERT INTO PlantedIn (bedID, plantID, percentage, staffID) VALUES (345, 3632, 2, 8);
INSERT INTO PlantedIn (bedID, plantID, percentage, staffID) VALUES (448, 297, 2, 125);
INSERT INTO PlantedIn (bedID, plantID, percentage, staffID) VALUES (439, 2477, 1, 120);
INSERT INTO PlantedIn (bedID, plantID, percentage, staffID) VALUES (414, 1248, 1, 132);
INSERT INTO PlantedIn (bedID, plantID, percentage, staffID) VALUES (316, 2825, 2, 96);
INSERT INTO PlantedIn (bedID, plantID, percentage, staffID) VALUES (204, 2752, 2, 6);
INSERT INTO PlantedIn (bedID, plantID, percentage, staffID) VALUES (192, 1084, 1, 124);
INSERT INTO PlantedIn (bedID, plantID, percentage, staffID) VALUES (382, 1909, 3, 73);
INSERT INTO PlantedIn (bedID, plantID, percentage, staffID) VALUES (205, 1523, 2, 6);
INSERT INTO PlantedIn (bedID, plantID, percentage, staffID) VALUES (223, 2473, 2, 133);
INSERT INTO PlantedIn (bedID, plantID, percentage, staffID) VALUES (133, 913, 1, 90);
INSERT INTO PlantedIn (bedID, plantID, percentage, staffID) VALUES (265, 326, 1, 65);
INSERT INTO PlantedIn (bedID, plantID, percentage, staffID) VALUES (386, 3039, 1, 113);
INSERT INTO PlantedIn (bedID, plantID, percentage, staffID) VALUES (236, 2227, 4, 150);
INSERT INTO PlantedIn (bedID, plantID, percentage, staffID) VALUES (405, 1309, 3, 27);
INSERT INTO PlantedIn (bedID, plantID, percentage, staffID) VALUES (394, 1873, 2, 41);
INSERT INTO PlantedIn (bedID, plantID, percentage, staffID) VALUES (416, 881, 2, 132);
INSERT INTO PlantedIn (bedID, plantID, percentage, staffID) VALUES (411, 1137, 1, 153);
INSERT INTO PlantedIn (bedID, plantID, percentage, staffID) VALUES (251, 718, 1, 62);
INSERT INTO PlantedIn (bedID, plantID, percentage, staffID) VALUES (128, 2399, 1, 65);
INSERT INTO PlantedIn (bedID, plantID, percentage, staffID) VALUES (193, 3344, 4, 68);
INSERT INTO PlantedIn (bedID, plantID, percentage, staffID) VALUES (209, 245, 2, 165);
INSERT INTO PlantedIn (bedID, plantID, percentage, staffID) VALUES (199, 624, 2, 103);
INSERT INTO PlantedIn (bedID, plantID, percentage, staffID) VALUES (185, 560, 2, 133);
INSERT INTO PlantedIn (bedID, plantID, percentage, staffID) VALUES (208, 1529, 4, 83);
INSERT INTO PlantedIn (bedID, plantID, percentage, staffID) VALUES (275, 2738, 4, 12);
INSERT INTO PlantedIn (bedID, plantID, percentage, staffID) VALUES (156, 1440, 3, 191);
INSERT INTO PlantedIn (bedID, plantID, percentage, staffID) VALUES (113, 1031, 3, 131);
INSERT INTO PlantedIn (bedID, plantID, percentage, staffID) VALUES (47, 1802, 2, 21);
INSERT INTO PlantedIn (bedID, plantID, percentage, staffID) VALUES (290, 2895, 1, 152);
INSERT INTO PlantedIn (bedID, plantID, percentage, staffID) VALUES (69, 575, 3, 4);
INSERT INTO PlantedIn (bedID, plantID, percentage, staffID) VALUES (406, 299, 1, 118);
INSERT INTO PlantedIn (bedID, plantID, percentage, staffID) VALUES (213, 1981, 3, 189);
INSERT INTO PlantedIn (bedID, plantID, percentage, staffID) VALUES (369, 2173, 1, 75);
INSERT INTO PlantedIn (bedID, plantID, percentage, staffID) VALUES (5, 1321, 2, 172);
INSERT INTO PlantedIn (bedID, plantID, percentage, staffID) VALUES (132, 3117, 2, 41);
INSERT INTO PlantedIn (bedID, plantID, percentage, staffID) VALUES (129, 1150, 4, 177);
INSERT INTO PlantedIn (bedID, plantID, percentage, staffID) VALUES (22, 2350, 1, 191);
INSERT INTO PlantedIn (bedID, plantID, percentage, staffID) VALUES (358, 3683, 3, 187);
INSERT INTO PlantedIn (bedID, plantID, percentage, staffID) VALUES (15, 1907, 2, 164);
INSERT INTO PlantedIn (bedID, plantID, percentage, staffID) VALUES (3, 2788, 4, 35);
INSERT INTO PlantedIn (bedID, plantID, percentage, staffID) VALUES (134, 2060, 2, 183);
INSERT INTO PlantedIn (bedID, plantID, percentage, staffID) VALUES (414, 2835, 1, 141);
INSERT INTO PlantedIn (bedID, plantID, percentage, staffID) VALUES (256, 3412, 4, 109);
INSERT INTO PlantedIn (bedID, plantID, percentage, staffID) VALUES (86, 1523, 1, 142);
INSERT INTO PlantedIn (bedID, plantID, percentage, staffID) VALUES (1, 2435, 4, 86);
INSERT INTO PlantedIn (bedID, plantID, percentage, staffID) VALUES (276, 1292, 3, 76);
INSERT INTO PlantedIn (bedID, plantID, percentage, staffID) VALUES (392, 662, 4, 19);
INSERT INTO PlantedIn (bedID, plantID, percentage, staffID) VALUES (423, 1003, 1, 126);
INSERT INTO PlantedIn (bedID, plantID, percentage, staffID) VALUES (375, 1974, 3, 96);
INSERT INTO PlantedIn (bedID, plantID, percentage, staffID) VALUES (116, 600, 4, 168);
INSERT INTO PlantedIn (bedID, plantID, percentage, staffID) VALUES (18, 1354, 1, 122);
INSERT INTO PlantedIn (bedID, plantID, percentage, staffID) VALUES (352, 1131, 3, 91);
INSERT INTO PlantedIn (bedID, plantID, percentage, staffID) VALUES (437, 3331, 3, 103);
INSERT INTO PlantedIn (bedID, plantID, percentage, staffID) VALUES (93, 3386, 1, 24);
INSERT INTO PlantedIn (bedID, plantID, percentage, staffID) VALUES (23, 812, 4, 175);
INSERT INTO PlantedIn (bedID, plantID, percentage, staffID) VALUES (223, 1831, 2, 24);
INSERT INTO PlantedIn (bedID, plantID, percentage, staffID) VALUES (466, 2257, 1, 190);
INSERT INTO PlantedIn (bedID, plantID, percentage, staffID) VALUES (350, 2895, 4, 3);
INSERT INTO PlantedIn (bedID, plantID, percentage, staffID) VALUES (427, 1696, 4, 121);
INSERT INTO PlantedIn (bedID, plantID, percentage, staffID) VALUES (143, 362, 2, 67);
INSERT INTO PlantedIn (bedID, plantID, percentage, staffID) VALUES (459, 1721, 1, 106);
INSERT INTO PlantedIn (bedID, plantID, percentage, staffID) VALUES (402, 275, 4, 79);
INSERT INTO PlantedIn (bedID, plantID, percentage, staffID) VALUES (310, 1218, 2, 13);
INSERT INTO PlantedIn (bedID, plantID, percentage, staffID) VALUES (31, 286, 1, 35);
INSERT INTO PlantedIn (bedID, plantID, percentage, staffID) VALUES (323, 637, 3, 2);
INSERT INTO PlantedIn (bedID, plantID, percentage, staffID) VALUES (286, 2304, 4, 83);
INSERT INTO PlantedIn (bedID, plantID, percentage, staffID) VALUES (327, 2836, 3, 82);
INSERT INTO PlantedIn (bedID, plantID, percentage, staffID) VALUES (85, 3553, 4, 138);
INSERT INTO PlantedIn (bedID, plantID, percentage, staffID) VALUES (312, 153, 3, 154);
INSERT INTO PlantedIn (bedID, plantID, percentage, staffID) VALUES (54, 3559, 4, 181);
INSERT INTO PlantedIn (bedID, plantID, percentage, staffID) VALUES (41, 3452, 3, 78);
INSERT INTO PlantedIn (bedID, plantID, percentage, staffID) VALUES (232, 3034, 1, 121);
INSERT INTO PlantedIn (bedID, plantID, percentage, staffID) VALUES (246, 3833, 3, 171);
INSERT INTO PlantedIn (bedID, plantID, percentage, staffID) VALUES (431, 1981, 1, 109);
INSERT INTO PlantedIn (bedID, plantID, percentage, staffID) VALUES (68, 1890, 4, 72);
INSERT INTO PlantedIn (bedID, plantID, percentage, staffID) VALUES (395, 1265, 2, 42);
INSERT INTO PlantedIn (bedID, plantID, percentage, staffID) VALUES (174, 3681, 2, 45);
INSERT INTO PlantedIn (bedID, plantID, percentage, staffID) VALUES (413, 396, 4, 57);
INSERT INTO PlantedIn (bedID, plantID, percentage, staffID) VALUES (471, 2532, 2, 132);
INSERT INTO PlantedIn (bedID, plantID, percentage, staffID) VALUES (209, 923, 4, 136);
INSERT INTO PlantedIn (bedID, plantID, percentage, staffID) VALUES (109, 1933, 1, 134);
INSERT INTO PlantedIn (bedID, plantID, percentage, staffID) VALUES (6, 721, 1, 71);
INSERT INTO PlantedIn (bedID, plantID, percentage, staffID) VALUES (320, 2689, 3, 1);
INSERT INTO PlantedIn (bedID, plantID, percentage, staffID) VALUES (11, 786, 2, 1);
INSERT INTO PlantedIn (bedID, plantID, percentage, staffID) VALUES (74, 838, 1, 178);
INSERT INTO PlantedIn (bedID, plantID, percentage, staffID) VALUES (380, 2449, 1, 163);
INSERT INTO PlantedIn (bedID, plantID, percentage, staffID) VALUES (413, 1784, 1, 41);
INSERT INTO PlantedIn (bedID, plantID, percentage, staffID) VALUES (455, 3306, 4, 50);
INSERT INTO PlantedIn (bedID, plantID, percentage, staffID) VALUES (20, 2278, 3, 27);
INSERT INTO PlantedIn (bedID, plantID, percentage, staffID) VALUES (135, 506, 2, 46);
INSERT INTO PlantedIn (bedID, plantID, percentage, staffID) VALUES (159, 875, 2, 143);
INSERT INTO PlantedIn (bedID, plantID, percentage, staffID) VALUES (210, 2195, 4, 106);
INSERT INTO PlantedIn (bedID, plantID, percentage, staffID) VALUES (338, 1953, 3, 16);
INSERT INTO PlantedIn (bedID, plantID, percentage, staffID) VALUES (66, 3382, 1, 155);
INSERT INTO PlantedIn (bedID, plantID, percentage, staffID) VALUES (160, 3697, 2, 24);
INSERT INTO PlantedIn (bedID, plantID, percentage, staffID) VALUES (384, 1379, 4, 56);
INSERT INTO PlantedIn (bedID, plantID, percentage, staffID) VALUES (448, 1553, 1, 117);
INSERT INTO PlantedIn (bedID, plantID, percentage, staffID) VALUES (252, 3076, 4, 110);
INSERT INTO PlantedIn (bedID, plantID, percentage, staffID) VALUES (11, 915, 2, 73);
INSERT INTO PlantedIn (bedID, plantID, percentage, staffID) VALUES (381, 3381, 3, 47);
INSERT INTO PlantedIn (bedID, plantID, percentage, staffID) VALUES (180, 1173, 3, 7);
INSERT INTO PlantedIn (bedID, plantID, percentage, staffID) VALUES (85, 3058, 3, 109);
INSERT INTO PlantedIn (bedID, plantID, percentage, staffID) VALUES (354, 2486, 3, 166);
INSERT INTO PlantedIn (bedID, plantID, percentage, staffID) VALUES (473, 328, 4, 85);
INSERT INTO PlantedIn (bedID, plantID, percentage, staffID) VALUES (231, 3799, 1, 37);
INSERT INTO PlantedIn (bedID, plantID, percentage, staffID) VALUES (369, 2766, 4, 181);
INSERT INTO PlantedIn (bedID, plantID, percentage, staffID) VALUES (451, 935, 4, 55);
INSERT INTO PlantedIn (bedID, plantID, percentage, staffID) VALUES (56, 1905, 2, 57);
INSERT INTO PlantedIn (bedID, plantID, percentage, staffID) VALUES (377, 1197, 4, 4);
INSERT INTO PlantedIn (bedID, plantID, percentage, staffID) VALUES (48, 2106, 4, 100);
INSERT INTO PlantedIn (bedID, plantID, percentage, staffID) VALUES (89, 1169, 1, 84);
INSERT INTO PlantedIn (bedID, plantID, percentage, staffID) VALUES (184, 3170, 4, 28);
INSERT INTO PlantedIn (bedID, plantID, percentage, staffID) VALUES (380, 1198, 3, 182);
INSERT INTO PlantedIn (bedID, plantID, percentage, staffID) VALUES (12, 3006, 4, 78);
INSERT INTO PlantedIn (bedID, plantID, percentage, staffID) VALUES (10, 2502, 1, 150);
INSERT INTO PlantedIn (bedID, plantID, percentage, staffID) VALUES (67, 36, 4, 129);
INSERT INTO PlantedIn (bedID, plantID, percentage, staffID) VALUES (151, 2500, 2, 186);
INSERT INTO PlantedIn (bedID, plantID, percentage, staffID) VALUES (91, 1546, 2, 55);
INSERT INTO PlantedIn (bedID, plantID, percentage, staffID) VALUES (333, 2609, 1, 116);
INSERT INTO PlantedIn (bedID, plantID, percentage, staffID) VALUES (5, 3304, 1, 180);
INSERT INTO PlantedIn (bedID, plantID, percentage, staffID) VALUES (300, 1008, 3, 3);
INSERT INTO PlantedIn (bedID, plantID, percentage, staffID) VALUES (430, 2885, 1, 161);
INSERT INTO PlantedIn (bedID, plantID, percentage, staffID) VALUES (31, 3457, 2, 101);
INSERT INTO PlantedIn (bedID, plantID, percentage, staffID) VALUES (140, 2941, 4, 130);
INSERT INTO PlantedIn (bedID, plantID, percentage, staffID) VALUES (207, 785, 4, 18);
INSERT INTO PlantedIn (bedID, plantID, percentage, staffID) VALUES (428, 188, 4, 47);
INSERT INTO PlantedIn (bedID, plantID, percentage, staffID) VALUES (428, 415, 3, 194);
INSERT INTO PlantedIn (bedID, plantID, percentage, staffID) VALUES (175, 3713, 2, 39);
INSERT INTO PlantedIn (bedID, plantID, percentage, staffID) VALUES (335, 3766, 2, 67);
INSERT INTO PlantedIn (bedID, plantID, percentage, staffID) VALUES (186, 1188, 2, 110);
INSERT INTO PlantedIn (bedID, plantID, percentage, staffID) VALUES (96, 116, 2, 146);
INSERT INTO PlantedIn (bedID, plantID, percentage, staffID) VALUES (375, 1358, 1, 101);
INSERT INTO PlantedIn (bedID, plantID, percentage, staffID) VALUES (297, 1492, 3, 76);
INSERT INTO PlantedIn (bedID, plantID, percentage, staffID) VALUES (234, 1230, 4, 14);
INSERT INTO PlantedIn (bedID, plantID, percentage, staffID) VALUES (132, 978, 4, 28);
INSERT INTO PlantedIn (bedID, plantID, percentage, staffID) VALUES (108, 1781, 3, 92);
INSERT INTO PlantedIn (bedID, plantID, percentage, staffID) VALUES (364, 3806, 4, 17);
INSERT INTO PlantedIn (bedID, plantID, percentage, staffID) VALUES (7, 3068, 4, 95);
INSERT INTO PlantedIn (bedID, plantID, percentage, staffID) VALUES (69, 3701, 3, 7);
INSERT INTO PlantedIn (bedID, plantID, percentage, staffID) VALUES (254, 733, 1, 32);
INSERT INTO PlantedIn (bedID, plantID, percentage, staffID) VALUES (273, 2033, 1, 142);
INSERT INTO PlantedIn (bedID, plantID, percentage, staffID) VALUES (400, 2930, 1, 190);
INSERT INTO PlantedIn (bedID, plantID, percentage, staffID) VALUES (6, 259, 1, 23);
INSERT INTO PlantedIn (bedID, plantID, percentage, staffID) VALUES (250, 2151, 2, 176);
INSERT INTO PlantedIn (bedID, plantID, percentage, staffID) VALUES (256, 3621, 3, 54);
INSERT INTO PlantedIn (bedID, plantID, percentage, staffID) VALUES (346, 2821, 4, 74);
INSERT INTO PlantedIn (bedID, plantID, percentage, staffID) VALUES (325, 1521, 1, 118);
INSERT INTO PlantedIn (bedID, plantID, percentage, staffID) VALUES (276, 2823, 1, 79);
INSERT INTO PlantedIn (bedID, plantID, percentage, staffID) VALUES (122, 297, 1, 47);
INSERT INTO PlantedIn (bedID, plantID, percentage, staffID) VALUES (395, 606, 4, 46);
INSERT INTO PlantedIn (bedID, plantID, percentage, staffID) VALUES (106, 1281, 4, 17);
INSERT INTO PlantedIn (bedID, plantID, percentage, staffID) VALUES (420, 3640, 2, 10);
INSERT INTO PlantedIn (bedID, plantID, percentage, staffID) VALUES (20, 1336, 3, 99);
INSERT INTO PlantedIn (bedID, plantID, percentage, staffID) VALUES (350, 228, 2, 194);
INSERT INTO PlantedIn (bedID, plantID, percentage, staffID) VALUES (374, 1294, 1, 98);
INSERT INTO PlantedIn (bedID, plantID, percentage, staffID) VALUES (195, 2733, 1, 30);
INSERT INTO PlantedIn (bedID, plantID, percentage, staffID) VALUES (409, 1423, 1, 19);
INSERT INTO PlantedIn (bedID, plantID, percentage, staffID) VALUES (331, 675, 3, 172);
INSERT INTO PlantedIn (bedID, plantID, percentage, staffID) VALUES (55, 3420, 4, 4);
INSERT INTO PlantedIn (bedID, plantID, percentage, staffID) VALUES (93, 1, 1, 124);
INSERT INTO PlantedIn (bedID, plantID, percentage, staffID) VALUES (70, 3532, 4, 83);
INSERT INTO PlantedIn (bedID, plantID, percentage, staffID) VALUES (281, 490, 2, 185);
INSERT INTO PlantedIn (bedID, plantID, percentage, staffID) VALUES (234, 3853, 1, 112);
INSERT INTO PlantedIn (bedID, plantID, percentage, staffID) VALUES (81, 1479, 2, 160);
INSERT INTO PlantedIn (bedID, plantID, percentage, staffID) VALUES (127, 3080, 2, 58);
INSERT INTO PlantedIn (bedID, plantID, percentage, staffID) VALUES (377, 3420, 1, 143);
INSERT INTO PlantedIn (bedID, plantID, percentage, staffID) VALUES (461, 2561, 1, 47);
INSERT INTO PlantedIn (bedID, plantID, percentage, staffID) VALUES (273, 2448, 4, 12);
INSERT INTO PlantedIn (bedID, plantID, percentage, staffID) VALUES (246, 143, 1, 99);
INSERT INTO PlantedIn (bedID, plantID, percentage, staffID) VALUES (78, 1508, 3, 117);
INSERT INTO PlantedIn (bedID, plantID, percentage, staffID) VALUES (183, 439, 3, 174);
INSERT INTO PlantedIn (bedID, plantID, percentage, staffID) VALUES (235, 2446, 4, 173);
INSERT INTO PlantedIn (bedID, plantID, percentage, staffID) VALUES (204, 488, 1, 47);
INSERT INTO PlantedIn (bedID, plantID, percentage, staffID) VALUES (6, 3573, 4, 76);
INSERT INTO PlantedIn (bedID, plantID, percentage, staffID) VALUES (278, 2304, 1, 22);
INSERT INTO PlantedIn (bedID, plantID, percentage, staffID) VALUES (93, 1826, 2, 176);
INSERT INTO PlantedIn (bedID, plantID, percentage, staffID) VALUES (408, 1662, 1, 4);
INSERT INTO PlantedIn (bedID, plantID, percentage, staffID) VALUES (257, 3358, 1, 165);
INSERT INTO PlantedIn (bedID, plantID, percentage, staffID) VALUES (238, 2518, 4, 164);
INSERT INTO PlantedIn (bedID, plantID, percentage, staffID) VALUES (451, 2034, 3, 158);
INSERT INTO PlantedIn (bedID, plantID, percentage, staffID) VALUES (58, 3383, 2, 144);
INSERT INTO PlantedIn (bedID, plantID, percentage, staffID) VALUES (17, 2664, 1, 21);
INSERT INTO PlantedIn (bedID, plantID, percentage, staffID) VALUES (77, 3710, 1, 121);
INSERT INTO PlantedIn (bedID, plantID, percentage, staffID) VALUES (185, 2341, 4, 56);
INSERT INTO PlantedIn (bedID, plantID, percentage, staffID) VALUES (346, 2991, 3, 185);
INSERT INTO PlantedIn (bedID, plantID, percentage, staffID) VALUES (380, 248, 4, 61);
INSERT INTO PlantedIn (bedID, plantID, percentage, staffID) VALUES (280, 264, 3, 60);
INSERT INTO PlantedIn (bedID, plantID, percentage, staffID) VALUES (447, 3838, 4, 13);
INSERT INTO PlantedIn (bedID, plantID, percentage, staffID) VALUES (323, 627, 4, 43);
INSERT INTO PlantedIn (bedID, plantID, percentage, staffID) VALUES (58, 3076, 3, 177);
INSERT INTO PlantedIn (bedID, plantID, percentage, staffID) VALUES (190, 540, 4, 91);
INSERT INTO PlantedIn (bedID, plantID, percentage, staffID) VALUES (104, 1610, 4, 174);
INSERT INTO PlantedIn (bedID, plantID, percentage, staffID) VALUES (90, 2932, 4, 94);
INSERT INTO PlantedIn (bedID, plantID, percentage, staffID) VALUES (390, 2908, 2, 152);
INSERT INTO PlantedIn (bedID, plantID, percentage, staffID) VALUES (389, 140, 4, 26);
INSERT INTO PlantedIn (bedID, plantID, percentage, staffID) VALUES (14, 726, 3, 152);
INSERT INTO PlantedIn (bedID, plantID, percentage, staffID) VALUES (166, 3666, 2, 114);
INSERT INTO PlantedIn (bedID, plantID, percentage, staffID) VALUES (266, 1654, 4, 5);
INSERT INTO PlantedIn (bedID, plantID, percentage, staffID) VALUES (400, 3375, 1, 149);
INSERT INTO PlantedIn (bedID, plantID, percentage, staffID) VALUES (299, 714, 2, 6);
INSERT INTO PlantedIn (bedID, plantID, percentage, staffID) VALUES (444, 2978, 4, 177);
INSERT INTO PlantedIn (bedID, plantID, percentage, staffID) VALUES (382, 3834, 4, 107);
INSERT INTO PlantedIn (bedID, plantID, percentage, staffID) VALUES (85, 1015, 3, 112);
INSERT INTO PlantedIn (bedID, plantID, percentage, staffID) VALUES (100, 390, 4, 1);
INSERT INTO PlantedIn (bedID, plantID, percentage, staffID) VALUES (248, 3806, 1, 21);
INSERT INTO PlantedIn (bedID, plantID, percentage, staffID) VALUES (196, 471, 2, 177);
INSERT INTO PlantedIn (bedID, plantID, percentage, staffID) VALUES (471, 2287, 3, 60);
INSERT INTO PlantedIn (bedID, plantID, percentage, staffID) VALUES (368, 1226, 3, 17);
INSERT INTO PlantedIn (bedID, plantID, percentage, staffID) VALUES (42, 3665, 4, 97);
INSERT INTO PlantedIn (bedID, plantID, percentage, staffID) VALUES (445, 3835, 1, 149);
INSERT INTO PlantedIn (bedID, plantID, percentage, staffID) VALUES (121, 1065, 2, 133);
INSERT INTO PlantedIn (bedID, plantID, percentage, staffID) VALUES (178, 2513, 4, 86);
INSERT INTO PlantedIn (bedID, plantID, percentage, staffID) VALUES (304, 3270, 3, 62);
INSERT INTO PlantedIn (bedID, plantID, percentage, staffID) VALUES (207, 2298, 1, 54);
INSERT INTO PlantedIn (bedID, plantID, percentage, staffID) VALUES (432, 1335, 4, 190);
INSERT INTO PlantedIn (bedID, plantID, percentage, staffID) VALUES (139, 1539, 1, 183);
INSERT INTO PlantedIn (bedID, plantID, percentage, staffID) VALUES (185, 2404, 3, 72);
INSERT INTO PlantedIn (bedID, plantID, percentage, staffID) VALUES (425, 7, 2, 23);
INSERT INTO PlantedIn (bedID, plantID, percentage, staffID) VALUES (309, 2052, 2, 36);
INSERT INTO PlantedIn (bedID, plantID, percentage, staffID) VALUES (1, 2460, 2, 68);
INSERT INTO PlantedIn (bedID, plantID, percentage, staffID) VALUES (110, 2304, 1, 134);
INSERT INTO PlantedIn (bedID, plantID, percentage, staffID) VALUES (446, 2241, 1, 29);
INSERT INTO PlantedIn (bedID, plantID, percentage, staffID) VALUES (463, 132, 2, 96);
INSERT INTO PlantedIn (bedID, plantID, percentage, staffID) VALUES (311, 3174, 3, 3);
INSERT INTO PlantedIn (bedID, plantID, percentage, staffID) VALUES (390, 478, 2, 169);
INSERT INTO PlantedIn (bedID, plantID, percentage, staffID) VALUES (310, 3862, 3, 156);
INSERT INTO PlantedIn (bedID, plantID, percentage, staffID) VALUES (73, 362, 1, 82);
INSERT INTO PlantedIn (bedID, plantID, percentage, staffID) VALUES (346, 2829, 4, 122);
INSERT INTO PlantedIn (bedID, plantID, percentage, staffID) VALUES (156, 951, 2, 22);
INSERT INTO PlantedIn (bedID, plantID, percentage, staffID) VALUES (391, 947, 4, 103);
INSERT INTO PlantedIn (bedID, plantID, percentage, staffID) VALUES (132, 3758, 4, 36);
INSERT INTO PlantedIn (bedID, plantID, percentage, staffID) VALUES (376, 716, 3, 100);
INSERT INTO PlantedIn (bedID, plantID, percentage, staffID) VALUES (147, 1217, 4, 19);
INSERT INTO PlantedIn (bedID, plantID, percentage, staffID) VALUES (149, 3291, 2, 137);
INSERT INTO PlantedIn (bedID, plantID, percentage, staffID) VALUES (448, 268, 3, 128);
INSERT INTO PlantedIn (bedID, plantID, percentage, staffID) VALUES (379, 837, 1, 130);
INSERT INTO PlantedIn (bedID, plantID, percentage, staffID) VALUES (219, 2859, 2, 82);
INSERT INTO PlantedIn (bedID, plantID, percentage, staffID) VALUES (466, 3487, 2, 19);
INSERT INTO PlantedIn (bedID, plantID, percentage, staffID) VALUES (414, 1020, 3, 41);
INSERT INTO PlantedIn (bedID, plantID, percentage, staffID) VALUES (213, 2652, 4, 58);
INSERT INTO PlantedIn (bedID, plantID, percentage, staffID) VALUES (1, 1449, 2, 148);
INSERT INTO PlantedIn (bedID, plantID, percentage, staffID) VALUES (108, 1508, 1, 160);
INSERT INTO PlantedIn (bedID, plantID, percentage, staffID) VALUES (218, 1568, 2, 173);
INSERT INTO PlantedIn (bedID, plantID, percentage, staffID) VALUES (295, 1866, 1, 80);
INSERT INTO PlantedIn (bedID, plantID, percentage, staffID) VALUES (106, 3043, 1, 76);
INSERT INTO PlantedIn (bedID, plantID, percentage, staffID) VALUES (327, 1795, 3, 96);
INSERT INTO PlantedIn (bedID, plantID, percentage, staffID) VALUES (345, 2582, 1, 48);
INSERT INTO PlantedIn (bedID, plantID, percentage, staffID) VALUES (168, 1994, 2, 191);
INSERT INTO PlantedIn (bedID, plantID, percentage, staffID) VALUES (422, 2535, 1, 137);
INSERT INTO PlantedIn (bedID, plantID, percentage, staffID) VALUES (22, 1745, 3, 59);
INSERT INTO PlantedIn (bedID, plantID, percentage, staffID) VALUES (406, 520, 2, 157);
INSERT INTO PlantedIn (bedID, plantID, percentage, staffID) VALUES (292, 598, 4, 115);
INSERT INTO PlantedIn (bedID, plantID, percentage, staffID) VALUES (446, 3617, 3, 10);
INSERT INTO PlantedIn (bedID, plantID, percentage, staffID) VALUES (190, 1994, 1, 40);
INSERT INTO PlantedIn (bedID, plantID, percentage, staffID) VALUES (87, 1650, 3, 63);
INSERT INTO PlantedIn (bedID, plantID, percentage, staffID) VALUES (446, 928, 4, 182);
INSERT INTO PlantedIn (bedID, plantID, percentage, staffID) VALUES (424, 2167, 4, 194);
INSERT INTO PlantedIn (bedID, plantID, percentage, staffID) VALUES (6, 920, 4, 92);
INSERT INTO PlantedIn (bedID, plantID, percentage, staffID) VALUES (177, 821, 4, 71);
INSERT INTO PlantedIn (bedID, plantID, percentage, staffID) VALUES (174, 3522, 2, 170);
INSERT INTO PlantedIn (bedID, plantID, percentage, staffID) VALUES (401, 3381, 1, 192);
INSERT INTO PlantedIn (bedID, plantID, percentage, staffID) VALUES (185, 522, 3, 77);
INSERT INTO PlantedIn (bedID, plantID, percentage, staffID) VALUES (266, 2630, 3, 23);
INSERT INTO PlantedIn (bedID, plantID, percentage, staffID) VALUES (436, 12, 4, 69);
INSERT INTO PlantedIn (bedID, plantID, percentage, staffID) VALUES (267, 1109, 3, 155);
INSERT INTO PlantedIn (bedID, plantID, percentage, staffID) VALUES (249, 793, 4, 91);
INSERT INTO PlantedIn (bedID, plantID, percentage, staffID) VALUES (198, 3064, 4, 181);
INSERT INTO PlantedIn (bedID, plantID, percentage, staffID) VALUES (333, 2765, 3, 19);
INSERT INTO PlantedIn (bedID, plantID, percentage, staffID) VALUES (280, 127, 4, 163);
INSERT INTO PlantedIn (bedID, plantID, percentage, staffID) VALUES (80, 670, 3, 114);
INSERT INTO PlantedIn (bedID, plantID, percentage, staffID) VALUES (404, 2572, 4, 48);
INSERT INTO PlantedIn (bedID, plantID, percentage, staffID) VALUES (317, 2206, 1, 121);
INSERT INTO PlantedIn (bedID, plantID, percentage, staffID) VALUES (406, 1348, 2, 165);
INSERT INTO PlantedIn (bedID, plantID, percentage, staffID) VALUES (262, 977, 4, 58);
INSERT INTO PlantedIn (bedID, plantID, percentage, staffID) VALUES (22, 643, 3, 155);
INSERT INTO PlantedIn (bedID, plantID, percentage, staffID) VALUES (417, 3278, 2, 62);
INSERT INTO PlantedIn (bedID, plantID, percentage, staffID) VALUES (417, 379, 1, 93);
INSERT INTO PlantedIn (bedID, plantID, percentage, staffID) VALUES (129, 23, 1, 159);
INSERT INTO PlantedIn (bedID, plantID, percentage, staffID) VALUES (318, 45, 2, 184);
INSERT INTO PlantedIn (bedID, plantID, percentage, staffID) VALUES (276, 1892, 2, 117);
INSERT INTO PlantedIn (bedID, plantID, percentage, staffID) VALUES (397, 1468, 2, 168);
INSERT INTO PlantedIn (bedID, plantID, percentage, staffID) VALUES (300, 395, 3, 74);
INSERT INTO PlantedIn (bedID, plantID, percentage, staffID) VALUES (127, 455, 1, 88);
INSERT INTO PlantedIn (bedID, plantID, percentage, staffID) VALUES (457, 2810, 4, 127);
INSERT INTO PlantedIn (bedID, plantID, percentage, staffID) VALUES (391, 283, 1, 183);
INSERT INTO PlantedIn (bedID, plantID, percentage, staffID) VALUES (38, 2599, 4, 46);
INSERT INTO PlantedIn (bedID, plantID, percentage, staffID) VALUES (324, 462, 2, 19);
INSERT INTO PlantedIn (bedID, plantID, percentage, staffID) VALUES (288, 2557, 2, 145);
INSERT INTO PlantedIn (bedID, plantID, percentage, staffID) VALUES (20, 2043, 3, 172);
INSERT INTO PlantedIn (bedID, plantID, percentage, staffID) VALUES (299, 777, 4, 72);
INSERT INTO PlantedIn (bedID, plantID, percentage, staffID) VALUES (151, 3006, 2, 10);
INSERT INTO PlantedIn (bedID, plantID, percentage, staffID) VALUES (239, 2589, 2, 27);
INSERT INTO PlantedIn (bedID, plantID, percentage, staffID) VALUES (352, 95, 4, 87);
INSERT INTO PlantedIn (bedID, plantID, percentage, staffID) VALUES (330, 2496, 2, 117);
INSERT INTO PlantedIn (bedID, plantID, percentage, staffID) VALUES (362, 2556, 2, 132);
INSERT INTO PlantedIn (bedID, plantID, percentage, staffID) VALUES (153, 1365, 2, 168);
INSERT INTO PlantedIn (bedID, plantID, percentage, staffID) VALUES (417, 2547, 3, 8);
INSERT INTO PlantedIn (bedID, plantID, percentage, staffID) VALUES (407, 1500, 1, 84);
INSERT INTO PlantedIn (bedID, plantID, percentage, staffID) VALUES (79, 1773, 3, 95);
INSERT INTO PlantedIn (bedID, plantID, percentage, staffID) VALUES (292, 1640, 2, 142);
INSERT INTO PlantedIn (bedID, plantID, percentage, staffID) VALUES (34, 1022, 4, 142);
INSERT INTO PlantedIn (bedID, plantID, percentage, staffID) VALUES (438, 1320, 1, 43);
INSERT INTO PlantedIn (bedID, plantID, percentage, staffID) VALUES (329, 116, 3, 125);
INSERT INTO PlantedIn (bedID, plantID, percentage, staffID) VALUES (326, 2509, 3, 18);
INSERT INTO PlantedIn (bedID, plantID, percentage, staffID) VALUES (18, 1923, 1, 149);
INSERT INTO PlantedIn (bedID, plantID, percentage, staffID) VALUES (453, 729, 1, 178);
INSERT INTO PlantedIn (bedID, plantID, percentage, staffID) VALUES (140, 2508, 2, 145);
INSERT INTO PlantedIn (bedID, plantID, percentage, staffID) VALUES (432, 1565, 4, 42);
INSERT INTO PlantedIn (bedID, plantID, percentage, staffID) VALUES (353, 1587, 2, 18);
INSERT INTO PlantedIn (bedID, plantID, percentage, staffID) VALUES (209, 2703, 1, 4);
INSERT INTO PlantedIn (bedID, plantID, percentage, staffID) VALUES (165, 400, 2, 139);
INSERT INTO PlantedIn (bedID, plantID, percentage, staffID) VALUES (285, 1564, 3, 120);
INSERT INTO PlantedIn (bedID, plantID, percentage, staffID) VALUES (281, 1780, 2, 131);
INSERT INTO PlantedIn (bedID, plantID, percentage, staffID) VALUES (158, 2311, 3, 158);
INSERT INTO PlantedIn (bedID, plantID, percentage, staffID) VALUES (287, 331, 1, 15);
INSERT INTO PlantedIn (bedID, plantID, percentage, staffID) VALUES (372, 345, 1, 36);
INSERT INTO PlantedIn (bedID, plantID, percentage, staffID) VALUES (92, 3299, 4, 106);
INSERT INTO PlantedIn (bedID, plantID, percentage, staffID) VALUES (122, 411, 4, 72);
INSERT INTO PlantedIn (bedID, plantID, percentage, staffID) VALUES (269, 3837, 4, 46);
INSERT INTO PlantedIn (bedID, plantID, percentage, staffID) VALUES (280, 3847, 4, 108);
INSERT INTO PlantedIn (bedID, plantID, percentage, staffID) VALUES (39, 263, 4, 76);
INSERT INTO PlantedIn (bedID, plantID, percentage, staffID) VALUES (188, 1996, 3, 30);
INSERT INTO PlantedIn (bedID, plantID, percentage, staffID) VALUES (295, 1909, 1, 104);
INSERT INTO PlantedIn (bedID, plantID, percentage, staffID) VALUES (231, 2823, 1, 18);
INSERT INTO PlantedIn (bedID, plantID, percentage, staffID) VALUES (344, 2376, 1, 187);
INSERT INTO PlantedIn (bedID, plantID, percentage, staffID) VALUES (65, 3520, 4, 116);
INSERT INTO PlantedIn (bedID, plantID, percentage, staffID) VALUES (429, 2163, 4, 36);
INSERT INTO PlantedIn (bedID, plantID, percentage, staffID) VALUES (297, 2095, 4, 174);
INSERT INTO PlantedIn (bedID, plantID, percentage, staffID) VALUES (41, 3282, 2, 28);
INSERT INTO PlantedIn (bedID, plantID, percentage, staffID) VALUES (173, 1071, 4, 29);
INSERT INTO PlantedIn (bedID, plantID, percentage, staffID) VALUES (365, 2486, 2, 37);
INSERT INTO PlantedIn (bedID, plantID, percentage, staffID) VALUES (177, 1023, 1, 69);
INSERT INTO PlantedIn (bedID, plantID, percentage, staffID) VALUES (416, 959, 1, 62);
INSERT INTO PlantedIn (bedID, plantID, percentage, staffID) VALUES (76, 3344, 1, 177);
INSERT INTO PlantedIn (bedID, plantID, percentage, staffID) VALUES (201, 157, 1, 11);
INSERT INTO PlantedIn (bedID, plantID, percentage, staffID) VALUES (276, 3484, 3, 171);
INSERT INTO PlantedIn (bedID, plantID, percentage, staffID) VALUES (355, 3752, 1, 31);
INSERT INTO PlantedIn (bedID, plantID, percentage, staffID) VALUES (118, 1115, 1, 22);
INSERT INTO PlantedIn (bedID, plantID, percentage, staffID) VALUES (441, 1081, 2, 57);
INSERT INTO PlantedIn (bedID, plantID, percentage, staffID) VALUES (258, 2357, 2, 83);
INSERT INTO PlantedIn (bedID, plantID, percentage, staffID) VALUES (406, 2722, 1, 90);
INSERT INTO PlantedIn (bedID, plantID, percentage, staffID) VALUES (270, 1178, 4, 17);
INSERT INTO PlantedIn (bedID, plantID, percentage, staffID) VALUES (164, 507, 4, 10);
INSERT INTO PlantedIn (bedID, plantID, percentage, staffID) VALUES (16, 3413, 4, 122);
INSERT INTO PlantedIn (bedID, plantID, percentage, staffID) VALUES (404, 2887, 1, 184);
INSERT INTO PlantedIn (bedID, plantID, percentage, staffID) VALUES (17, 5, 4, 25);
INSERT INTO PlantedIn (bedID, plantID, percentage, staffID) VALUES (133, 1526, 4, 56);
INSERT INTO PlantedIn (bedID, plantID, percentage, staffID) VALUES (3, 2609, 4, 51);
INSERT INTO PlantedIn (bedID, plantID, percentage, staffID) VALUES (180, 2652, 4, 180);
INSERT INTO PlantedIn (bedID, plantID, percentage, staffID) VALUES (469, 3709, 2, 193);
INSERT INTO PlantedIn (bedID, plantID, percentage, staffID) VALUES (43, 3824, 1, 54);
INSERT INTO PlantedIn (bedID, plantID, percentage, staffID) VALUES (413, 3323, 3, 185);
INSERT INTO PlantedIn (bedID, plantID, percentage, staffID) VALUES (287, 3107, 3, 169);
INSERT INTO PlantedIn (bedID, plantID, percentage, staffID) VALUES (381, 3657, 1, 125);
INSERT INTO PlantedIn (bedID, plantID, percentage, staffID) VALUES (162, 3399, 2, 186);
INSERT INTO PlantedIn (bedID, plantID, percentage, staffID) VALUES (263, 611, 4, 43);
INSERT INTO PlantedIn (bedID, plantID, percentage, staffID) VALUES (400, 333, 4, 181);
INSERT INTO PlantedIn (bedID, plantID, percentage, staffID) VALUES (22, 3190, 1, 35);
INSERT INTO PlantedIn (bedID, plantID, percentage, staffID) VALUES (386, 1680, 3, 53);
INSERT INTO PlantedIn (bedID, plantID, percentage, staffID) VALUES (140, 637, 4, 85);
INSERT INTO PlantedIn (bedID, plantID, percentage, staffID) VALUES (459, 925, 4, 111);
INSERT INTO PlantedIn (bedID, plantID, percentage, staffID) VALUES (88, 580, 3, 176);
INSERT INTO PlantedIn (bedID, plantID, percentage, staffID) VALUES (14, 2973, 3, 178);
INSERT INTO PlantedIn (bedID, plantID, percentage, staffID) VALUES (439, 305, 4, 106);
INSERT INTO PlantedIn (bedID, plantID, percentage, staffID) VALUES (78, 1546, 1, 124);
INSERT INTO PlantedIn (bedID, plantID, percentage, staffID) VALUES (107, 3002, 1, 71);
INSERT INTO PlantedIn (bedID, plantID, percentage, staffID) VALUES (100, 2340, 3, 149);
INSERT INTO PlantedIn (bedID, plantID, percentage, staffID) VALUES (365, 538, 3, 83);
INSERT INTO PlantedIn (bedID, plantID, percentage, staffID) VALUES (180, 3662, 3, 105);
INSERT INTO PlantedIn (bedID, plantID, percentage, staffID) VALUES (47, 1433, 1, 19);
INSERT INTO PlantedIn (bedID, plantID, percentage, staffID) VALUES (67, 3716, 1, 145);
INSERT INTO PlantedIn (bedID, plantID, percentage, staffID) VALUES (19, 881, 1, 171);
INSERT INTO PlantedIn (bedID, plantID, percentage, staffID) VALUES (297, 1716, 4, 85);
INSERT INTO PlantedIn (bedID, plantID, percentage, staffID) VALUES (105, 2943, 2, 183);
INSERT INTO PlantedIn (bedID, plantID, percentage, staffID) VALUES (174, 2393, 1, 192);
INSERT INTO PlantedIn (bedID, plantID, percentage, staffID) VALUES (359, 1324, 1, 179);
INSERT INTO PlantedIn (bedID, plantID, percentage, staffID) VALUES (138, 1496, 2, 143);
INSERT INTO PlantedIn (bedID, plantID, percentage, staffID) VALUES (359, 3055, 4, 105);
INSERT INTO PlantedIn (bedID, plantID, percentage, staffID) VALUES (117, 1592, 2, 191);
INSERT INTO PlantedIn (bedID, plantID, percentage, staffID) VALUES (82, 3187, 3, 184);
INSERT INTO PlantedIn (bedID, plantID, percentage, staffID) VALUES (210, 3226, 1, 139);
INSERT INTO PlantedIn (bedID, plantID, percentage, staffID) VALUES (84, 2133, 2, 69);
INSERT INTO PlantedIn (bedID, plantID, percentage, staffID) VALUES (444, 148, 3, 175);
INSERT INTO PlantedIn (bedID, plantID, percentage, staffID) VALUES (392, 1421, 3, 122);
INSERT INTO PlantedIn (bedID, plantID, percentage, staffID) VALUES (280, 2155, 1, 76);
INSERT INTO PlantedIn (bedID, plantID, percentage, staffID) VALUES (170, 1426, 3, 26);
INSERT INTO PlantedIn (bedID, plantID, percentage, staffID) VALUES (370, 212, 4, 15);
INSERT INTO PlantedIn (bedID, plantID, percentage, staffID) VALUES (416, 3745, 2, 101);
INSERT INTO PlantedIn (bedID, plantID, percentage, staffID) VALUES (380, 659, 4, 107);
INSERT INTO PlantedIn (bedID, plantID, percentage, staffID) VALUES (342, 3330, 3, 92);
INSERT INTO PlantedIn (bedID, plantID, percentage, staffID) VALUES (426, 1161, 3, 73);
INSERT INTO PlantedIn (bedID, plantID, percentage, staffID) VALUES (316, 3673, 2, 64);
INSERT INTO PlantedIn (bedID, plantID, percentage, staffID) VALUES (241, 2633, 4, 62);
INSERT INTO PlantedIn (bedID, plantID, percentage, staffID) VALUES (24, 1645, 4, 97);
INSERT INTO PlantedIn (bedID, plantID, percentage, staffID) VALUES (228, 2099, 2, 161);
INSERT INTO PlantedIn (bedID, plantID, percentage, staffID) VALUES (243, 1077, 2, 140);
INSERT INTO PlantedIn (bedID, plantID, percentage, staffID) VALUES (213, 793, 1, 61);
INSERT INTO PlantedIn (bedID, plantID, percentage, staffID) VALUES (32, 2866, 4, 170);
INSERT INTO PlantedIn (bedID, plantID, percentage, staffID) VALUES (20, 728, 3, 142);
INSERT INTO PlantedIn (bedID, plantID, percentage, staffID) VALUES (324, 1050, 3, 105);
INSERT INTO PlantedIn (bedID, plantID, percentage, staffID) VALUES (330, 3806, 1, 116);
INSERT INTO PlantedIn (bedID, plantID, percentage, staffID) VALUES (250, 1352, 1, 110);
INSERT INTO PlantedIn (bedID, plantID, percentage, staffID) VALUES (298, 842, 1, 73);
INSERT INTO PlantedIn (bedID, plantID, percentage, staffID) VALUES (200, 2508, 2, 51);
INSERT INTO PlantedIn (bedID, plantID, percentage, staffID) VALUES (185, 308, 2, 93);
INSERT INTO PlantedIn (bedID, plantID, percentage, staffID) VALUES (127, 582, 2, 29);
INSERT INTO PlantedIn (bedID, plantID, percentage, staffID) VALUES (73, 427, 4, 11);
INSERT INTO PlantedIn (bedID, plantID, percentage, staffID) VALUES (181, 2184, 1, 117);
INSERT INTO PlantedIn (bedID, plantID, percentage, staffID) VALUES (260, 536, 1, 53);
INSERT INTO PlantedIn (bedID, plantID, percentage, staffID) VALUES (231, 3061, 1, 24);
INSERT INTO PlantedIn (bedID, plantID, percentage, staffID) VALUES (5, 1816, 2, 40);
INSERT INTO PlantedIn (bedID, plantID, percentage, staffID) VALUES (57, 1706, 3, 188);
INSERT INTO PlantedIn (bedID, plantID, percentage, staffID) VALUES (247, 1457, 4, 192);
INSERT INTO PlantedIn (bedID, plantID, percentage, staffID) VALUES (250, 319, 3, 40);
INSERT INTO PlantedIn (bedID, plantID, percentage, staffID) VALUES (92, 955, 3, 107);
INSERT INTO PlantedIn (bedID, plantID, percentage, staffID) VALUES (385, 362, 2, 134);
INSERT INTO PlantedIn (bedID, plantID, percentage, staffID) VALUES (110, 3513, 3, 90);
INSERT INTO PlantedIn (bedID, plantID, percentage, staffID) VALUES (332, 2142, 3, 171);
INSERT INTO PlantedIn (bedID, plantID, percentage, staffID) VALUES (12, 116, 1, 30);
INSERT INTO PlantedIn (bedID, plantID, percentage, staffID) VALUES (223, 247, 4, 133);
INSERT INTO PlantedIn (bedID, plantID, percentage, staffID) VALUES (209, 2288, 4, 160);
INSERT INTO PlantedIn (bedID, plantID, percentage, staffID) VALUES (319, 3769, 4, 133);
INSERT INTO PlantedIn (bedID, plantID, percentage, staffID) VALUES (106, 657, 1, 91);
INSERT INTO PlantedIn (bedID, plantID, percentage, staffID) VALUES (125, 365, 2, 81);
INSERT INTO PlantedIn (bedID, plantID, percentage, staffID) VALUES (2, 3222, 3, 44);
INSERT INTO PlantedIn (bedID, plantID, percentage, staffID) VALUES (184, 202, 2, 85);
INSERT INTO PlantedIn (bedID, plantID, percentage, staffID) VALUES (39, 2152, 3, 113);
INSERT INTO PlantedIn (bedID, plantID, percentage, staffID) VALUES (294, 790, 1, 112);
INSERT INTO PlantedIn (bedID, plantID, percentage, staffID) VALUES (377, 1256, 2, 6);
INSERT INTO PlantedIn (bedID, plantID, percentage, staffID) VALUES (142, 2623, 3, 69);
INSERT INTO PlantedIn (bedID, plantID, percentage, staffID) VALUES (402, 3009, 1, 114);
INSERT INTO PlantedIn (bedID, plantID, percentage, staffID) VALUES (413, 3677, 4, 124);
INSERT INTO PlantedIn (bedID, plantID, percentage, staffID) VALUES (372, 3180, 1, 119);
INSERT INTO PlantedIn (bedID, plantID, percentage, staffID) VALUES (414, 3842, 4, 120);
INSERT INTO PlantedIn (bedID, plantID, percentage, staffID) VALUES (261, 529, 1, 104);
INSERT INTO PlantedIn (bedID, plantID, percentage, staffID) VALUES (162, 210, 1, 48);
INSERT INTO PlantedIn (bedID, plantID, percentage, staffID) VALUES (180, 1009, 3, 124);
INSERT INTO PlantedIn (bedID, plantID, percentage, staffID) VALUES (445, 3652, 4, 41);
INSERT INTO PlantedIn (bedID, plantID, percentage, staffID) VALUES (343, 2925, 3, 184);
INSERT INTO PlantedIn (bedID, plantID, percentage, staffID) VALUES (335, 1960, 2, 97);
INSERT INTO PlantedIn (bedID, plantID, percentage, staffID) VALUES (156, 200, 1, 136);
INSERT INTO PlantedIn (bedID, plantID, percentage, staffID) VALUES (183, 2592, 3, 157);
INSERT INTO PlantedIn (bedID, plantID, percentage, staffID) VALUES (343, 3861, 1, 177);
INSERT INTO PlantedIn (bedID, plantID, percentage, staffID) VALUES (123, 1822, 1, 160);
INSERT INTO PlantedIn (bedID, plantID, percentage, staffID) VALUES (350, 3430, 2, 150);
INSERT INTO PlantedIn (bedID, plantID, percentage, staffID) VALUES (187, 800, 3, 192);
INSERT INTO PlantedIn (bedID, plantID, percentage, staffID) VALUES (123, 2340, 2, 190);
INSERT INTO PlantedIn (bedID, plantID, percentage, staffID) VALUES (404, 345, 1, 184);
INSERT INTO PlantedIn (bedID, plantID, percentage, staffID) VALUES (316, 3207, 4, 120);
INSERT INTO PlantedIn (bedID, plantID, percentage, staffID) VALUES (143, 1430, 3, 26);
INSERT INTO PlantedIn (bedID, plantID, percentage, staffID) VALUES (167, 437, 1, 175);
INSERT INTO PlantedIn (bedID, plantID, percentage, staffID) VALUES (1, 2285, 2, 111);
INSERT INTO PlantedIn (bedID, plantID, percentage, staffID) VALUES (378, 1856, 1, 25);
INSERT INTO PlantedIn (bedID, plantID, percentage, staffID) VALUES (41, 179, 4, 74);
INSERT INTO PlantedIn (bedID, plantID, percentage, staffID) VALUES (64, 1006, 4, 37);
INSERT INTO PlantedIn (bedID, plantID, percentage, staffID) VALUES (439, 558, 3, 78);
INSERT INTO PlantedIn (bedID, plantID, percentage, staffID) VALUES (461, 3735, 2, 106);
INSERT INTO PlantedIn (bedID, plantID, percentage, staffID) VALUES (359, 3276, 4, 160);
INSERT INTO PlantedIn (bedID, plantID, percentage, staffID) VALUES (208, 1243, 1, 32);
INSERT INTO PlantedIn (bedID, plantID, percentage, staffID) VALUES (380, 1046, 4, 60);
INSERT INTO PlantedIn (bedID, plantID, percentage, staffID) VALUES (150, 2522, 2, 169);
INSERT INTO PlantedIn (bedID, plantID, percentage, staffID) VALUES (432, 19, 4, 71);
INSERT INTO PlantedIn (bedID, plantID, percentage, staffID) VALUES (71, 2803, 1, 89);
INSERT INTO PlantedIn (bedID, plantID, percentage, staffID) VALUES (327, 3684, 1, 82);
INSERT INTO PlantedIn (bedID, plantID, percentage, staffID) VALUES (283, 1505, 2, 147);
INSERT INTO PlantedIn (bedID, plantID, percentage, staffID) VALUES (112, 1926, 3, 24);
INSERT INTO PlantedIn (bedID, plantID, percentage, staffID) VALUES (388, 1028, 3, 186);
INSERT INTO PlantedIn (bedID, plantID, percentage, staffID) VALUES (254, 789, 4, 104);
INSERT INTO PlantedIn (bedID, plantID, percentage, staffID) VALUES (406, 1292, 4, 63);
INSERT INTO PlantedIn (bedID, plantID, percentage, staffID) VALUES (161, 2516, 2, 125);
INSERT INTO PlantedIn (bedID, plantID, percentage, staffID) VALUES (178, 166, 1, 125);
INSERT INTO PlantedIn (bedID, plantID, percentage, staffID) VALUES (472, 34, 3, 20);
INSERT INTO PlantedIn (bedID, plantID, percentage, staffID) VALUES (189, 3136, 3, 194);
INSERT INTO PlantedIn (bedID, plantID, percentage, staffID) VALUES (147, 243, 1, 64);
INSERT INTO PlantedIn (bedID, plantID, percentage, staffID) VALUES (156, 856, 4, 154);
INSERT INTO PlantedIn (bedID, plantID, percentage, staffID) VALUES (202, 998, 2, 147);
INSERT INTO PlantedIn (bedID, plantID, percentage, staffID) VALUES (281, 85, 4, 11);
INSERT INTO PlantedIn (bedID, plantID, percentage, staffID) VALUES (319, 2552, 1, 86);
INSERT INTO PlantedIn (bedID, plantID, percentage, staffID) VALUES (333, 117, 3, 24);
INSERT INTO PlantedIn (bedID, plantID, percentage, staffID) VALUES (19, 812, 2, 60);
INSERT INTO PlantedIn (bedID, plantID, percentage, staffID) VALUES (11, 934, 2, 15);
INSERT INTO PlantedIn (bedID, plantID, percentage, staffID) VALUES (144, 1473, 3, 94);
INSERT INTO PlantedIn (bedID, plantID, percentage, staffID) VALUES (285, 810, 1, 102);
INSERT INTO PlantedIn (bedID, plantID, percentage, staffID) VALUES (222, 831, 1, 64);
INSERT INTO PlantedIn (bedID, plantID, percentage, staffID) VALUES (209, 283, 2, 87);
INSERT INTO PlantedIn (bedID, plantID, percentage, staffID) VALUES (134, 2761, 2, 187);
INSERT INTO PlantedIn (bedID, plantID, percentage, staffID) VALUES (453, 3816, 2, 130);
INSERT INTO PlantedIn (bedID, plantID, percentage, staffID) VALUES (175, 366, 4, 183);
INSERT INTO PlantedIn (bedID, plantID, percentage, staffID) VALUES (287, 1187, 4, 170);
INSERT INTO PlantedIn (bedID, plantID, percentage, staffID) VALUES (316, 3178, 3, 154);
INSERT INTO PlantedIn (bedID, plantID, percentage, staffID) VALUES (110, 2740, 3, 84);
INSERT INTO PlantedIn (bedID, plantID, percentage, staffID) VALUES (370, 3216, 1, 31);
INSERT INTO PlantedIn (bedID, plantID, percentage, staffID) VALUES (259, 263, 3, 76);
INSERT INTO PlantedIn (bedID, plantID, percentage, staffID) VALUES (27, 17, 2, 156);
INSERT INTO PlantedIn (bedID, plantID, percentage, staffID) VALUES (47, 2532, 2, 81);
INSERT INTO PlantedIn (bedID, plantID, percentage, staffID) VALUES (22, 1514, 3, 36);
INSERT INTO PlantedIn (bedID, plantID, percentage, staffID) VALUES (331, 22, 2, 101);
INSERT INTO PlantedIn (bedID, plantID, percentage, staffID) VALUES (392, 941, 1, 11);
INSERT INTO PlantedIn (bedID, plantID, percentage, staffID) VALUES (451, 1789, 3, 150);
INSERT INTO PlantedIn (bedID, plantID, percentage, staffID) VALUES (140, 3419, 4, 164);
INSERT INTO PlantedIn (bedID, plantID, percentage, staffID) VALUES (451, 652, 1, 70);
INSERT INTO PlantedIn (bedID, plantID, percentage, staffID) VALUES (82, 406, 2, 88);
INSERT INTO PlantedIn (bedID, plantID, percentage, staffID) VALUES (360, 3188, 4, 138);
INSERT INTO PlantedIn (bedID, plantID, percentage, staffID) VALUES (103, 3281, 4, 93);
INSERT INTO PlantedIn (bedID, plantID, percentage, staffID) VALUES (405, 3662, 3, 58);
INSERT INTO PlantedIn (bedID, plantID, percentage, staffID) VALUES (91, 1290, 1, 152);
INSERT INTO PlantedIn (bedID, plantID, percentage, staffID) VALUES (377, 1834, 1, 179);
INSERT INTO PlantedIn (bedID, plantID, percentage, staffID) VALUES (170, 2615, 2, 191);
INSERT INTO PlantedIn (bedID, plantID, percentage, staffID) VALUES (400, 1060, 1, 66);
INSERT INTO PlantedIn (bedID, plantID, percentage, staffID) VALUES (180, 2899, 1, 60);
INSERT INTO PlantedIn (bedID, plantID, percentage, staffID) VALUES (272, 3727, 4, 193);
INSERT INTO PlantedIn (bedID, plantID, percentage, staffID) VALUES (385, 1542, 3, 145);
INSERT INTO PlantedIn (bedID, plantID, percentage, staffID) VALUES (164, 3816, 3, 72);
INSERT INTO PlantedIn (bedID, plantID, percentage, staffID) VALUES (152, 351, 1, 139);
INSERT INTO PlantedIn (bedID, plantID, percentage, staffID) VALUES (268, 2155, 4, 43);
INSERT INTO PlantedIn (bedID, plantID, percentage, staffID) VALUES (111, 538, 1, 49);
INSERT INTO PlantedIn (bedID, plantID, percentage, staffID) VALUES (196, 2143, 4, 20);
INSERT INTO PlantedIn (bedID, plantID, percentage, staffID) VALUES (144, 1495, 4, 190);
INSERT INTO PlantedIn (bedID, plantID, percentage, staffID) VALUES (166, 3381, 1, 137);
INSERT INTO PlantedIn (bedID, plantID, percentage, staffID) VALUES (130, 1455, 3, 170);
INSERT INTO PlantedIn (bedID, plantID, percentage, staffID) VALUES (129, 3237, 4, 164);
INSERT INTO PlantedIn (bedID, plantID, percentage, staffID) VALUES (187, 34, 3, 156);
INSERT INTO PlantedIn (bedID, plantID, percentage, staffID) VALUES (70, 3848, 3, 145);
INSERT INTO PlantedIn (bedID, plantID, percentage, staffID) VALUES (261, 3109, 4, 73);
INSERT INTO PlantedIn (bedID, plantID, percentage, staffID) VALUES (91, 1099, 3, 150);
INSERT INTO PlantedIn (bedID, plantID, percentage, staffID) VALUES (76, 1559, 2, 144);
INSERT INTO PlantedIn (bedID, plantID, percentage, staffID) VALUES (369, 2076, 1, 11);
INSERT INTO PlantedIn (bedID, plantID, percentage, staffID) VALUES (340, 809, 4, 169);
INSERT INTO PlantedIn (bedID, plantID, percentage, staffID) VALUES (22, 2427, 2, 169);
INSERT INTO PlantedIn (bedID, plantID, percentage, staffID) VALUES (302, 2258, 4, 15);
INSERT INTO PlantedIn (bedID, plantID, percentage, staffID) VALUES (275, 3003, 1, 71);
INSERT INTO PlantedIn (bedID, plantID, percentage, staffID) VALUES (465, 2769, 1, 65);
INSERT INTO PlantedIn (bedID, plantID, percentage, staffID) VALUES (57, 78, 4, 117);
INSERT INTO PlantedIn (bedID, plantID, percentage, staffID) VALUES (264, 2418, 2, 9);
INSERT INTO PlantedIn (bedID, plantID, percentage, staffID) VALUES (395, 3359, 4, 54);
INSERT INTO PlantedIn (bedID, plantID, percentage, staffID) VALUES (236, 334, 1, 66);
INSERT INTO PlantedIn (bedID, plantID, percentage, staffID) VALUES (318, 1514, 1, 188);
INSERT INTO PlantedIn (bedID, plantID, percentage, staffID) VALUES (80, 1015, 3, 78);
INSERT INTO PlantedIn (bedID, plantID, percentage, staffID) VALUES (455, 1399, 4, 107);
INSERT INTO PlantedIn (bedID, plantID, percentage, staffID) VALUES (37, 3232, 1, 18);
INSERT INTO PlantedIn (bedID, plantID, percentage, staffID) VALUES (405, 2544, 2, 20);
INSERT INTO PlantedIn (bedID, plantID, percentage, staffID) VALUES (135, 536, 1, 141);
INSERT INTO PlantedIn (bedID, plantID, percentage, staffID) VALUES (17, 1240, 3, 131);
INSERT INTO PlantedIn (bedID, plantID, percentage, staffID) VALUES (387, 1291, 4, 129);
INSERT INTO PlantedIn (bedID, plantID, percentage, staffID) VALUES (330, 589, 4, 148);
INSERT INTO PlantedIn (bedID, plantID, percentage, staffID) VALUES (220, 265, 3, 53);
INSERT INTO PlantedIn (bedID, plantID, percentage, staffID) VALUES (98, 3649, 1, 177);
INSERT INTO PlantedIn (bedID, plantID, percentage, staffID) VALUES (423, 3343, 4, 147);
INSERT INTO PlantedIn (bedID, plantID, percentage, staffID) VALUES (88, 1380, 4, 130);
INSERT INTO PlantedIn (bedID, plantID, percentage, staffID) VALUES (432, 2278, 3, 159);
INSERT INTO PlantedIn (bedID, plantID, percentage, staffID) VALUES (437, 1581, 3, 104);
INSERT INTO PlantedIn (bedID, plantID, percentage, staffID) VALUES (266, 892, 3, 81);
INSERT INTO PlantedIn (bedID, plantID, percentage, staffID) VALUES (18, 1410, 3, 81);
INSERT INTO PlantedIn (bedID, plantID, percentage, staffID) VALUES (205, 2516, 3, 52);
INSERT INTO PlantedIn (bedID, plantID, percentage, staffID) VALUES (282, 450, 2, 175);
INSERT INTO PlantedIn (bedID, plantID, percentage, staffID) VALUES (465, 2219, 1, 85);
INSERT INTO PlantedIn (bedID, plantID, percentage, staffID) VALUES (441, 196, 4, 14);
INSERT INTO PlantedIn (bedID, plantID, percentage, staffID) VALUES (303, 3259, 3, 117);
INSERT INTO PlantedIn (bedID, plantID, percentage, staffID) VALUES (120, 313, 4, 38);
INSERT INTO PlantedIn (bedID, plantID, percentage, staffID) VALUES (148, 2223, 2, 74);
INSERT INTO PlantedIn (bedID, plantID, percentage, staffID) VALUES (445, 2924, 2, 174);
INSERT INTO PlantedIn (bedID, plantID, percentage, staffID) VALUES (193, 393, 1, 3);
INSERT INTO PlantedIn (bedID, plantID, percentage, staffID) VALUES (104, 3354, 1, 100);
INSERT INTO PlantedIn (bedID, plantID, percentage, staffID) VALUES (209, 3504, 2, 75);
INSERT INTO PlantedIn (bedID, plantID, percentage, staffID) VALUES (453, 1665, 3, 44);
INSERT INTO PlantedIn (bedID, plantID, percentage, staffID) VALUES (411, 1321, 1, 70);
INSERT INTO PlantedIn (bedID, plantID, percentage, staffID) VALUES (434, 2713, 4, 108);
INSERT INTO PlantedIn (bedID, plantID, percentage, staffID) VALUES (217, 1470, 4, 47);
INSERT INTO PlantedIn (bedID, plantID, percentage, staffID) VALUES (228, 935, 3, 177);
INSERT INTO PlantedIn (bedID, plantID, percentage, staffID) VALUES (52, 1382, 3, 184);
INSERT INTO PlantedIn (bedID, plantID, percentage, staffID) VALUES (125, 1023, 1, 189);
INSERT INTO PlantedIn (bedID, plantID, percentage, staffID) VALUES (329, 534, 4, 167);
INSERT INTO PlantedIn (bedID, plantID, percentage, staffID) VALUES (438, 3778, 4, 101);
INSERT INTO PlantedIn (bedID, plantID, percentage, staffID) VALUES (254, 1944, 4, 19);
INSERT INTO PlantedIn (bedID, plantID, percentage, staffID) VALUES (418, 1239, 2, 176);
INSERT INTO PlantedIn (bedID, plantID, percentage, staffID) VALUES (266, 2812, 3, 14);
INSERT INTO PlantedIn (bedID, plantID, percentage, staffID) VALUES (41, 3722, 2, 46);
INSERT INTO PlantedIn (bedID, plantID, percentage, staffID) VALUES (108, 562, 4, 117);
INSERT INTO PlantedIn (bedID, plantID, percentage, staffID) VALUES (135, 1499, 1, 182);
INSERT INTO PlantedIn (bedID, plantID, percentage, staffID) VALUES (173, 1496, 3, 1);
INSERT INTO PlantedIn (bedID, plantID, percentage, staffID) VALUES (105, 3775, 4, 188);
INSERT INTO PlantedIn (bedID, plantID, percentage, staffID) VALUES (227, 42, 2, 154);
INSERT INTO PlantedIn (bedID, plantID, percentage, staffID) VALUES (157, 2364, 4, 149);
INSERT INTO PlantedIn (bedID, plantID, percentage, staffID) VALUES (161, 3060, 2, 116);
INSERT INTO PlantedIn (bedID, plantID, percentage, staffID) VALUES (357, 3042, 4, 158);
INSERT INTO PlantedIn (bedID, plantID, percentage, staffID) VALUES (441, 1327, 1, 185);
INSERT INTO PlantedIn (bedID, plantID, percentage, staffID) VALUES (346, 3079, 1, 87);
INSERT INTO PlantedIn (bedID, plantID, percentage, staffID) VALUES (87, 1651, 2, 160);
INSERT INTO PlantedIn (bedID, plantID, percentage, staffID) VALUES (191, 2701, 4, 34);
INSERT INTO PlantedIn (bedID, plantID, percentage, staffID) VALUES (336, 3532, 1, 51);
INSERT INTO PlantedIn (bedID, plantID, percentage, staffID) VALUES (249, 3764, 4, 191);
INSERT INTO PlantedIn (bedID, plantID, percentage, staffID) VALUES (362, 1926, 3, 59);
INSERT INTO PlantedIn (bedID, plantID, percentage, staffID) VALUES (135, 239, 1, 103);
INSERT INTO PlantedIn (bedID, plantID, percentage, staffID) VALUES (192, 1570, 1, 89);
INSERT INTO PlantedIn (bedID, plantID, percentage, staffID) VALUES (96, 3312, 2, 48);
INSERT INTO PlantedIn (bedID, plantID, percentage, staffID) VALUES (135, 44, 3, 162);
INSERT INTO PlantedIn (bedID, plantID, percentage, staffID) VALUES (336, 3681, 2, 117);
INSERT INTO PlantedIn (bedID, plantID, percentage, staffID) VALUES (410, 3159, 2, 94);
INSERT INTO PlantedIn (bedID, plantID, percentage, staffID) VALUES (375, 1521, 3, 53);
INSERT INTO PlantedIn (bedID, plantID, percentage, staffID) VALUES (422, 2103, 1, 16);
INSERT INTO PlantedIn (bedID, plantID, percentage, staffID) VALUES (287, 2231, 1, 81);
INSERT INTO PlantedIn (bedID, plantID, percentage, staffID) VALUES (466, 3193, 1, 30);
INSERT INTO PlantedIn (bedID, plantID, percentage, staffID) VALUES (323, 1461, 4, 117);
INSERT INTO PlantedIn (bedID, plantID, percentage, staffID) VALUES (185, 1399, 1, 134);
INSERT INTO PlantedIn (bedID, plantID, percentage, staffID) VALUES (149, 871, 1, 106);
INSERT INTO PlantedIn (bedID, plantID, percentage, staffID) VALUES (21, 3781, 4, 117);
INSERT INTO PlantedIn (bedID, plantID, percentage, staffID) VALUES (176, 3197, 2, 80);
INSERT INTO PlantedIn (bedID, plantID, percentage, staffID) VALUES (176, 1796, 4, 90);
INSERT INTO PlantedIn (bedID, plantID, percentage, staffID) VALUES (312, 518, 2, 43);
INSERT INTO PlantedIn (bedID, plantID, percentage, staffID) VALUES (243, 3022, 4, 63);
INSERT INTO PlantedIn (bedID, plantID, percentage, staffID) VALUES (89, 2003, 1, 131);
INSERT INTO PlantedIn (bedID, plantID, percentage, staffID) VALUES (235, 811, 4, 13);
INSERT INTO PlantedIn (bedID, plantID, percentage, staffID) VALUES (18, 1747, 2, 27);
INSERT INTO PlantedIn (bedID, plantID, percentage, staffID) VALUES (434, 2202, 4, 79);
INSERT INTO PlantedIn (bedID, plantID, percentage, staffID) VALUES (240, 748, 1, 83);
INSERT INTO PlantedIn (bedID, plantID, percentage, staffID) VALUES (462, 2747, 1, 188);
INSERT INTO PlantedIn (bedID, plantID, percentage, staffID) VALUES (319, 3548, 4, 118);
INSERT INTO PlantedIn (bedID, plantID, percentage, staffID) VALUES (207, 832, 4, 19);
INSERT INTO PlantedIn (bedID, plantID, percentage, staffID) VALUES (202, 591, 2, 164);
INSERT INTO PlantedIn (bedID, plantID, percentage, staffID) VALUES (287, 3595, 3, 178);
INSERT INTO PlantedIn (bedID, plantID, percentage, staffID) VALUES (237, 983, 4, 98);
INSERT INTO PlantedIn (bedID, plantID, percentage, staffID) VALUES (311, 1413, 3, 31);
INSERT INTO PlantedIn (bedID, plantID, percentage, staffID) VALUES (36, 261, 3, 153);
INSERT INTO PlantedIn (bedID, plantID, percentage, staffID) VALUES (466, 1263, 2, 125);
INSERT INTO PlantedIn (bedID, plantID, percentage, staffID) VALUES (257, 2703, 4, 72);
INSERT INTO PlantedIn (bedID, plantID, percentage, staffID) VALUES (404, 589, 2, 88);
INSERT INTO PlantedIn (bedID, plantID, percentage, staffID) VALUES (262, 1768, 1, 99);
INSERT INTO PlantedIn (bedID, plantID, percentage, staffID) VALUES (435, 1728, 3, 64);
INSERT INTO PlantedIn (bedID, plantID, percentage, staffID) VALUES (385, 1777, 4, 42);
INSERT INTO PlantedIn (bedID, plantID, percentage, staffID) VALUES (250, 3694, 3, 131);
INSERT INTO PlantedIn (bedID, plantID, percentage, staffID) VALUES (134, 954, 4, 191);
INSERT INTO PlantedIn (bedID, plantID, percentage, staffID) VALUES (448, 1105, 4, 162);
INSERT INTO PlantedIn (bedID, plantID, percentage, staffID) VALUES (208, 849, 3, 53);
INSERT INTO PlantedIn (bedID, plantID, percentage, staffID) VALUES (245, 901, 1, 21);
INSERT INTO PlantedIn (bedID, plantID, percentage, staffID) VALUES (327, 2265, 3, 51);
INSERT INTO PlantedIn (bedID, plantID, percentage, staffID) VALUES (16, 2161, 4, 38);
INSERT INTO PlantedIn (bedID, plantID, percentage, staffID) VALUES (9, 1511, 3, 150);
INSERT INTO PlantedIn (bedID, plantID, percentage, staffID) VALUES (164, 1435, 3, 12);
INSERT INTO PlantedIn (bedID, plantID, percentage, staffID) VALUES (293, 3828, 3, 93);
INSERT INTO PlantedIn (bedID, plantID, percentage, staffID) VALUES (131, 942, 3, 74);
INSERT INTO PlantedIn (bedID, plantID, percentage, staffID) VALUES (220, 2387, 4, 48);
INSERT INTO PlantedIn (bedID, plantID, percentage, staffID) VALUES (403, 1302, 3, 11);
INSERT INTO PlantedIn (bedID, plantID, percentage, staffID) VALUES (437, 1160, 4, 31);
INSERT INTO PlantedIn (bedID, plantID, percentage, staffID) VALUES (407, 1296, 4, 164);
INSERT INTO PlantedIn (bedID, plantID, percentage, staffID) VALUES (344, 2066, 1, 87);
INSERT INTO PlantedIn (bedID, plantID, percentage, staffID) VALUES (429, 1856, 3, 143);
INSERT INTO PlantedIn (bedID, plantID, percentage, staffID) VALUES (223, 593, 3, 18);
INSERT INTO PlantedIn (bedID, plantID, percentage, staffID) VALUES (188, 1739, 4, 95);
INSERT INTO PlantedIn (bedID, plantID, percentage, staffID) VALUES (32, 2690, 4, 172);
INSERT INTO PlantedIn (bedID, plantID, percentage, staffID) VALUES (16, 3448, 4, 94);
INSERT INTO PlantedIn (bedID, plantID, percentage, staffID) VALUES (91, 2353, 1, 186);
INSERT INTO PlantedIn (bedID, plantID, percentage, staffID) VALUES (447, 2751, 3, 190);
INSERT INTO PlantedIn (bedID, plantID, percentage, staffID) VALUES (117, 1356, 1, 152);
INSERT INTO PlantedIn (bedID, plantID, percentage, staffID) VALUES (393, 1713, 2, 138);
INSERT INTO PlantedIn (bedID, plantID, percentage, staffID) VALUES (283, 2949, 4, 10);
INSERT INTO PlantedIn (bedID, plantID, percentage, staffID) VALUES (101, 1969, 2, 174);
INSERT INTO PlantedIn (bedID, plantID, percentage, staffID) VALUES (98, 2681, 1, 41);
INSERT INTO PlantedIn (bedID, plantID, percentage, staffID) VALUES (278, 2535, 4, 40);
INSERT INTO PlantedIn (bedID, plantID, percentage, staffID) VALUES (126, 403, 1, 169);
INSERT INTO PlantedIn (bedID, plantID, percentage, staffID) VALUES (386, 2924, 1, 180);
INSERT INTO PlantedIn (bedID, plantID, percentage, staffID) VALUES (51, 2401, 4, 44);
INSERT INTO PlantedIn (bedID, plantID, percentage, staffID) VALUES (31, 3439, 3, 49);
INSERT INTO PlantedIn (bedID, plantID, percentage, staffID) VALUES (309, 1111, 4, 134);
INSERT INTO PlantedIn (bedID, plantID, percentage, staffID) VALUES (377, 1957, 1, 30);
INSERT INTO PlantedIn (bedID, plantID, percentage, staffID) VALUES (95, 1325, 4, 49);
INSERT INTO PlantedIn (bedID, plantID, percentage, staffID) VALUES (473, 1673, 2, 115);
INSERT INTO PlantedIn (bedID, plantID, percentage, staffID) VALUES (254, 1513, 2, 97);
INSERT INTO PlantedIn (bedID, plantID, percentage, staffID) VALUES (70, 1355, 2, 85);
INSERT INTO PlantedIn (bedID, plantID, percentage, staffID) VALUES (460, 2432, 1, 40);
INSERT INTO PlantedIn (bedID, plantID, percentage, staffID) VALUES (246, 1671, 1, 143);
INSERT INTO PlantedIn (bedID, plantID, percentage, staffID) VALUES (341, 1352, 3, 8);
INSERT INTO PlantedIn (bedID, plantID, percentage, staffID) VALUES (405, 703, 1, 106);
INSERT INTO PlantedIn (bedID, plantID, percentage, staffID) VALUES (249, 2928, 3, 172);
INSERT INTO PlantedIn (bedID, plantID, percentage, staffID) VALUES (91, 1563, 3, 161);
INSERT INTO PlantedIn (bedID, plantID, percentage, staffID) VALUES (377, 998, 4, 17);
INSERT INTO PlantedIn (bedID, plantID, percentage, staffID) VALUES (288, 1914, 3, 41);
INSERT INTO PlantedIn (bedID, plantID, percentage, staffID) VALUES (59, 1514, 3, 126);
INSERT INTO PlantedIn (bedID, plantID, percentage, staffID) VALUES (390, 1207, 3, 167);
INSERT INTO PlantedIn (bedID, plantID, percentage, staffID) VALUES (313, 3289, 3, 13);
INSERT INTO PlantedIn (bedID, plantID, percentage, staffID) VALUES (16, 2234, 3, 117);
INSERT INTO PlantedIn (bedID, plantID, percentage, staffID) VALUES (159, 1602, 3, 17);
INSERT INTO PlantedIn (bedID, plantID, percentage, staffID) VALUES (388, 3351, 3, 52);
INSERT INTO PlantedIn (bedID, plantID, percentage, staffID) VALUES (60, 1287, 3, 114);
INSERT INTO PlantedIn (bedID, plantID, percentage, staffID) VALUES (392, 2926, 4, 65);
INSERT INTO PlantedIn (bedID, plantID, percentage, staffID) VALUES (71, 3594, 4, 122);
INSERT INTO PlantedIn (bedID, plantID, percentage, staffID) VALUES (115, 1584, 4, 106);
INSERT INTO PlantedIn (bedID, plantID, percentage, staffID) VALUES (124, 2225, 2, 86);
INSERT INTO PlantedIn (bedID, plantID, percentage, staffID) VALUES (73, 3843, 2, 174);
INSERT INTO PlantedIn (bedID, plantID, percentage, staffID) VALUES (194, 3598, 1, 3);
INSERT INTO PlantedIn (bedID, plantID, percentage, staffID) VALUES (378, 1033, 4, 172);
INSERT INTO PlantedIn (bedID, plantID, percentage, staffID) VALUES (284, 1547, 2, 134);
INSERT INTO PlantedIn (bedID, plantID, percentage, staffID) VALUES (75, 3750, 2, 78);
INSERT INTO PlantedIn (bedID, plantID, percentage, staffID) VALUES (426, 3772, 1, 57);
INSERT INTO PlantedIn (bedID, plantID, percentage, staffID) VALUES (183, 3068, 3, 10);
INSERT INTO PlantedIn (bedID, plantID, percentage, staffID) VALUES (175, 1802, 3, 192);
INSERT INTO PlantedIn (bedID, plantID, percentage, staffID) VALUES (218, 3052, 4, 3);
INSERT INTO PlantedIn (bedID, plantID, percentage, staffID) VALUES (341, 101, 3, 20);
INSERT INTO PlantedIn (bedID, plantID, percentage, staffID) VALUES (139, 3625, 4, 90);
INSERT INTO PlantedIn (bedID, plantID, percentage, staffID) VALUES (160, 376, 2, 66);
INSERT INTO PlantedIn (bedID, plantID, percentage, staffID) VALUES (32, 2714, 4, 164);
INSERT INTO PlantedIn (bedID, plantID, percentage, staffID) VALUES (321, 303, 1, 23);
INSERT INTO PlantedIn (bedID, plantID, percentage, staffID) VALUES (413, 597, 1, 145);
INSERT INTO PlantedIn (bedID, plantID, percentage, staffID) VALUES (294, 2507, 1, 156);
INSERT INTO PlantedIn (bedID, plantID, percentage, staffID) VALUES (208, 2999, 1, 194);
INSERT INTO PlantedIn (bedID, plantID, percentage, staffID) VALUES (380, 175, 1, 139);
INSERT INTO PlantedIn (bedID, plantID, percentage, staffID) VALUES (102, 1199, 2, 167);
INSERT INTO PlantedIn (bedID, plantID, percentage, staffID) VALUES (6, 2379, 3, 51);
INSERT INTO PlantedIn (bedID, plantID, percentage, staffID) VALUES (329, 1388, 3, 154);
INSERT INTO PlantedIn (bedID, plantID, percentage, staffID) VALUES (243, 1788, 1, 165);
INSERT INTO PlantedIn (bedID, plantID, percentage, staffID) VALUES (53, 2208, 3, 44);
INSERT INTO PlantedIn (bedID, plantID, percentage, staffID) VALUES (165, 633, 1, 145);
INSERT INTO PlantedIn (bedID, plantID, percentage, staffID) VALUES (99, 1487, 1, 50);
INSERT INTO PlantedIn (bedID, plantID, percentage, staffID) VALUES (238, 899, 3, 105);
INSERT INTO PlantedIn (bedID, plantID, percentage, staffID) VALUES (446, 965, 3, 50);
INSERT INTO PlantedIn (bedID, plantID, percentage, staffID) VALUES (288, 3856, 1, 42);
INSERT INTO PlantedIn (bedID, plantID, percentage, staffID) VALUES (218, 35, 3, 53);
INSERT INTO PlantedIn (bedID, plantID, percentage, staffID) VALUES (275, 1818, 4, 25);
INSERT INTO PlantedIn (bedID, plantID, percentage, staffID) VALUES (300, 3201, 4, 16);
INSERT INTO PlantedIn (bedID, plantID, percentage, staffID) VALUES (101, 1236, 3, 7);
INSERT INTO PlantedIn (bedID, plantID, percentage, staffID) VALUES (262, 2111, 1, 89);
INSERT INTO PlantedIn (bedID, plantID, percentage, staffID) VALUES (414, 1670, 4, 133);
INSERT INTO PlantedIn (bedID, plantID, percentage, staffID) VALUES (323, 3453, 2, 93);
INSERT INTO PlantedIn (bedID, plantID, percentage, staffID) VALUES (422, 2529, 2, 85);
INSERT INTO PlantedIn (bedID, plantID, percentage, staffID) VALUES (314, 2582, 1, 189);
INSERT INTO PlantedIn (bedID, plantID, percentage, staffID) VALUES (66, 166, 4, 35);
INSERT INTO PlantedIn (bedID, plantID, percentage, staffID) VALUES (412, 951, 1, 126);
INSERT INTO PlantedIn (bedID, plantID, percentage, staffID) VALUES (268, 2508, 1, 163);
INSERT INTO PlantedIn (bedID, plantID, percentage, staffID) VALUES (93, 893, 1, 44);
INSERT INTO PlantedIn (bedID, plantID, percentage, staffID) VALUES (314, 3327, 2, 181);
INSERT INTO PlantedIn (bedID, plantID, percentage, staffID) VALUES (357, 1302, 3, 130);
INSERT INTO PlantedIn (bedID, plantID, percentage, staffID) VALUES (338, 3549, 4, 184);
INSERT INTO PlantedIn (bedID, plantID, percentage, staffID) VALUES (455, 262, 4, 128);
INSERT INTO PlantedIn (bedID, plantID, percentage, staffID) VALUES (149, 924, 4, 187);
INSERT INTO PlantedIn (bedID, plantID, percentage, staffID) VALUES (448, 807, 3, 31);
INSERT INTO PlantedIn (bedID, plantID, percentage, staffID) VALUES (177, 2269, 2, 96);
INSERT INTO PlantedIn (bedID, plantID, percentage, staffID) VALUES (300, 1793, 2, 4);
INSERT INTO PlantedIn (bedID, plantID, percentage, staffID) VALUES (181, 3540, 2, 41);
INSERT INTO PlantedIn (bedID, plantID, percentage, staffID) VALUES (466, 3186, 2, 36);
INSERT INTO PlantedIn (bedID, plantID, percentage, staffID) VALUES (30, 349, 4, 36);
INSERT INTO PlantedIn (bedID, plantID, percentage, staffID) VALUES (381, 670, 3, 7);
INSERT INTO PlantedIn (bedID, plantID, percentage, staffID) VALUES (181, 717, 2, 73);
INSERT INTO PlantedIn (bedID, plantID, percentage, staffID) VALUES (105, 1199, 3, 56);
INSERT INTO PlantedIn (bedID, plantID, percentage, staffID) VALUES (98, 3772, 3, 180);
INSERT INTO PlantedIn (bedID, plantID, percentage, staffID) VALUES (422, 299, 4, 190);
INSERT INTO PlantedIn (bedID, plantID, percentage, staffID) VALUES (427, 408, 4, 36);
INSERT INTO PlantedIn (bedID, plantID, percentage, staffID) VALUES (93, 1349, 4, 187);
INSERT INTO PlantedIn (bedID, plantID, percentage, staffID) VALUES (247, 3670, 4, 153);
INSERT INTO PlantedIn (bedID, plantID, percentage, staffID) VALUES (64, 415, 2, 73);
INSERT INTO PlantedIn (bedID, plantID, percentage, staffID) VALUES (198, 2431, 2, 194);
INSERT INTO PlantedIn (bedID, plantID, percentage, staffID) VALUES (176, 3509, 3, 173);
INSERT INTO PlantedIn (bedID, plantID, percentage, staffID) VALUES (419, 2791, 4, 34);
INSERT INTO PlantedIn (bedID, plantID, percentage, staffID) VALUES (379, 370, 3, 133);
INSERT INTO PlantedIn (bedID, plantID, percentage, staffID) VALUES (96, 3181, 2, 136);
INSERT INTO PlantedIn (bedID, plantID, percentage, staffID) VALUES (82, 2244, 3, 81);
INSERT INTO PlantedIn (bedID, plantID, percentage, staffID) VALUES (251, 565, 3, 122);
INSERT INTO PlantedIn (bedID, plantID, percentage, staffID) VALUES (120, 3681, 3, 5);
INSERT INTO PlantedIn (bedID, plantID, percentage, staffID) VALUES (416, 3205, 4, 109);
INSERT INTO PlantedIn (bedID, plantID, percentage, staffID) VALUES (261, 2685, 2, 110);
INSERT INTO PlantedIn (bedID, plantID, percentage, staffID) VALUES (374, 730, 4, 11);
INSERT INTO PlantedIn (bedID, plantID, percentage, staffID) VALUES (6, 2766, 1, 80);
INSERT INTO PlantedIn (bedID, plantID, percentage, staffID) VALUES (141, 3031, 4, 180);
INSERT INTO PlantedIn (bedID, plantID, percentage, staffID) VALUES (440, 1837, 1, 101);
INSERT INTO PlantedIn (bedID, plantID, percentage, staffID) VALUES (203, 1981, 1, 175);
INSERT INTO PlantedIn (bedID, plantID, percentage, staffID) VALUES (316, 1897, 1, 26);
INSERT INTO PlantedIn (bedID, plantID, percentage, staffID) VALUES (88, 2566, 4, 116);
INSERT INTO PlantedIn (bedID, plantID, percentage, staffID) VALUES (159, 1370, 3, 10);
INSERT INTO PlantedIn (bedID, plantID, percentage, staffID) VALUES (66, 3578, 1, 94);
INSERT INTO PlantedIn (bedID, plantID, percentage, staffID) VALUES (190, 3664, 4, 52);
INSERT INTO PlantedIn (bedID, plantID, percentage, staffID) VALUES (218, 406, 4, 171);
INSERT INTO PlantedIn (bedID, plantID, percentage, staffID) VALUES (447, 3085, 3, 63);
INSERT INTO PlantedIn (bedID, plantID, percentage, staffID) VALUES (137, 1670, 2, 169);
INSERT INTO PlantedIn (bedID, plantID, percentage, staffID) VALUES (46, 1533, 4, 92);
INSERT INTO PlantedIn (bedID, plantID, percentage, staffID) VALUES (8, 1609, 2, 166);
INSERT INTO PlantedIn (bedID, plantID, percentage, staffID) VALUES (183, 882, 4, 4);
INSERT INTO PlantedIn (bedID, plantID, percentage, staffID) VALUES (158, 3294, 2, 162);
INSERT INTO PlantedIn (bedID, plantID, percentage, staffID) VALUES (308, 371, 4, 181);
INSERT INTO PlantedIn (bedID, plantID, percentage, staffID) VALUES (250, 2763, 3, 85);
INSERT INTO PlantedIn (bedID, plantID, percentage, staffID) VALUES (53, 3334, 1, 117);
INSERT INTO PlantedIn (bedID, plantID, percentage, staffID) VALUES (132, 1490, 1, 98);
INSERT INTO PlantedIn (bedID, plantID, percentage, staffID) VALUES (424, 3613, 2, 45);
INSERT INTO PlantedIn (bedID, plantID, percentage, staffID) VALUES (77, 912, 2, 26);
INSERT INTO PlantedIn (bedID, plantID, percentage, staffID) VALUES (42, 3539, 3, 158);
INSERT INTO PlantedIn (bedID, plantID, percentage, staffID) VALUES (6, 2545, 3, 139);
INSERT INTO PlantedIn (bedID, plantID, percentage, staffID) VALUES (177, 350, 2, 34);
INSERT INTO PlantedIn (bedID, plantID, percentage, staffID) VALUES (451, 2843, 1, 125);
INSERT INTO PlantedIn (bedID, plantID, percentage, staffID) VALUES (58, 341, 2, 58);
INSERT INTO PlantedIn (bedID, plantID, percentage, staffID) VALUES (259, 922, 2, 82);
INSERT INTO PlantedIn (bedID, plantID, percentage, staffID) VALUES (82, 2400, 2, 148);
INSERT INTO PlantedIn (bedID, plantID, percentage, staffID) VALUES (406, 3276, 4, 170);
INSERT INTO PlantedIn (bedID, plantID, percentage, staffID) VALUES (361, 2333, 4, 140);
INSERT INTO PlantedIn (bedID, plantID, percentage, staffID) VALUES (124, 1394, 3, 65);
INSERT INTO PlantedIn (bedID, plantID, percentage, staffID) VALUES (214, 1845, 2, 25);
INSERT INTO PlantedIn (bedID, plantID, percentage, staffID) VALUES (101, 2823, 2, 130);
INSERT INTO PlantedIn (bedID, plantID, percentage, staffID) VALUES (388, 3544, 2, 143);
INSERT INTO PlantedIn (bedID, plantID, percentage, staffID) VALUES (74, 390, 2, 165);
INSERT INTO PlantedIn (bedID, plantID, percentage, staffID) VALUES (342, 2036, 3, 136);
INSERT INTO PlantedIn (bedID, plantID, percentage, staffID) VALUES (177, 1916, 1, 107);
INSERT INTO PlantedIn (bedID, plantID, percentage, staffID) VALUES (47, 797, 2, 187);
INSERT INTO PlantedIn (bedID, plantID, percentage, staffID) VALUES (333, 443, 4, 87);
INSERT INTO PlantedIn (bedID, plantID, percentage, staffID) VALUES (400, 225, 3, 51);
INSERT INTO PlantedIn (bedID, plantID, percentage, staffID) VALUES (462, 3670, 1, 6);
INSERT INTO PlantedIn (bedID, plantID, percentage, staffID) VALUES (24, 3218, 4, 94);
INSERT INTO PlantedIn (bedID, plantID, percentage, staffID) VALUES (170, 472, 3, 72);
INSERT INTO PlantedIn (bedID, plantID, percentage, staffID) VALUES (293, 3375, 3, 178);
INSERT INTO PlantedIn (bedID, plantID, percentage, staffID) VALUES (38, 3024, 3, 16);
INSERT INTO PlantedIn (bedID, plantID, percentage, staffID) VALUES (4, 282, 3, 136);
INSERT INTO PlantedIn (bedID, plantID, percentage, staffID) VALUES (89, 333, 1, 128);
INSERT INTO PlantedIn (bedID, plantID, percentage, staffID) VALUES (69, 3385, 1, 142);
INSERT INTO PlantedIn (bedID, plantID, percentage, staffID) VALUES (391, 2793, 4, 51);
INSERT INTO PlantedIn (bedID, plantID, percentage, staffID) VALUES (263, 2732, 4, 133);
INSERT INTO PlantedIn (bedID, plantID, percentage, staffID) VALUES (393, 3855, 2, 133);
INSERT INTO PlantedIn (bedID, plantID, percentage, staffID) VALUES (412, 2001, 4, 34);
INSERT INTO PlantedIn (bedID, plantID, percentage, staffID) VALUES (142, 931, 2, 122);
INSERT INTO PlantedIn (bedID, plantID, percentage, staffID) VALUES (149, 1003, 3, 4);
INSERT INTO PlantedIn (bedID, plantID, percentage, staffID) VALUES (164, 2497, 2, 109);
INSERT INTO PlantedIn (bedID, plantID, percentage, staffID) VALUES (247, 883, 2, 125);
INSERT INTO PlantedIn (bedID, plantID, percentage, staffID) VALUES (450, 3312, 3, 46);
INSERT INTO PlantedIn (bedID, plantID, percentage, staffID) VALUES (267, 3360, 2, 86);
INSERT INTO PlantedIn (bedID, plantID, percentage, staffID) VALUES (410, 260, 3, 172);
INSERT INTO PlantedIn (bedID, plantID, percentage, staffID) VALUES (277, 9, 4, 141);
INSERT INTO PlantedIn (bedID, plantID, percentage, staffID) VALUES (115, 1090, 3, 40);
INSERT INTO PlantedIn (bedID, plantID, percentage, staffID) VALUES (257, 820, 4, 12);
INSERT INTO PlantedIn (bedID, plantID, percentage, staffID) VALUES (406, 2282, 2, 77);
INSERT INTO PlantedIn (bedID, plantID, percentage, staffID) VALUES (388, 3804, 4, 149);
INSERT INTO PlantedIn (bedID, plantID, percentage, staffID) VALUES (398, 3664, 2, 57);
INSERT INTO PlantedIn (bedID, plantID, percentage, staffID) VALUES (387, 2687, 3, 163);
INSERT INTO PlantedIn (bedID, plantID, percentage, staffID) VALUES (361, 2457, 2, 86);
INSERT INTO PlantedIn (bedID, plantID, percentage, staffID) VALUES (302, 415, 4, 48);
INSERT INTO PlantedIn (bedID, plantID, percentage, staffID) VALUES (185, 1644, 4, 90);
INSERT INTO PlantedIn (bedID, plantID, percentage, staffID) VALUES (302, 1912, 2, 167);
INSERT INTO PlantedIn (bedID, plantID, percentage, staffID) VALUES (41, 747, 4, 179);
INSERT INTO PlantedIn (bedID, plantID, percentage, staffID) VALUES (84, 2322, 1, 138);
INSERT INTO PlantedIn (bedID, plantID, percentage, staffID) VALUES (260, 3665, 2, 87);
INSERT INTO PlantedIn (bedID, plantID, percentage, staffID) VALUES (305, 848, 2, 11);
INSERT INTO PlantedIn (bedID, plantID, percentage, staffID) VALUES (405, 1820, 2, 154);
INSERT INTO PlantedIn (bedID, plantID, percentage, staffID) VALUES (274, 3809, 4, 77);
INSERT INTO PlantedIn (bedID, plantID, percentage, staffID) VALUES (195, 3133, 1, 184);
INSERT INTO PlantedIn (bedID, plantID, percentage, staffID) VALUES (145, 2763, 2, 111);
INSERT INTO PlantedIn (bedID, plantID, percentage, staffID) VALUES (430, 1616, 1, 60);
INSERT INTO PlantedIn (bedID, plantID, percentage, staffID) VALUES (9, 3734, 3, 22);
INSERT INTO PlantedIn (bedID, plantID, percentage, staffID) VALUES (433, 2032, 3, 191);
INSERT INTO PlantedIn (bedID, plantID, percentage, staffID) VALUES (215, 2769, 1, 19);
INSERT INTO PlantedIn (bedID, plantID, percentage, staffID) VALUES (58, 1019, 1, 124);
INSERT INTO PlantedIn (bedID, plantID, percentage, staffID) VALUES (109, 2737, 1, 145);
INSERT INTO PlantedIn (bedID, plantID, percentage, staffID) VALUES (111, 2479, 4, 144);
INSERT INTO PlantedIn (bedID, plantID, percentage, staffID) VALUES (296, 2569, 1, 118);
INSERT INTO PlantedIn (bedID, plantID, percentage, staffID) VALUES (181, 2590, 1, 23);
INSERT INTO PlantedIn (bedID, plantID, percentage, staffID) VALUES (65, 423, 2, 40);
INSERT INTO PlantedIn (bedID, plantID, percentage, staffID) VALUES (29, 3720, 1, 29);
INSERT INTO PlantedIn (bedID, plantID, percentage, staffID) VALUES (107, 2873, 2, 66);
INSERT INTO PlantedIn (bedID, plantID, percentage, staffID) VALUES (214, 119, 3, 123);
INSERT INTO PlantedIn (bedID, plantID, percentage, staffID) VALUES (318, 1164, 2, 136);
INSERT INTO PlantedIn (bedID, plantID, percentage, staffID) VALUES (457, 931, 2, 77);
INSERT INTO PlantedIn (bedID, plantID, percentage, staffID) VALUES (431, 1871, 1, 88);
INSERT INTO PlantedIn (bedID, plantID, percentage, staffID) VALUES (281, 2414, 3, 94);
INSERT INTO PlantedIn (bedID, plantID, percentage, staffID) VALUES (464, 1737, 1, 45);
INSERT INTO PlantedIn (bedID, plantID, percentage, staffID) VALUES (195, 1380, 3, 46);
INSERT INTO PlantedIn (bedID, plantID, percentage, staffID) VALUES (48, 2104, 3, 19);
INSERT INTO PlantedIn (bedID, plantID, percentage, staffID) VALUES (272, 2677, 1, 49);
INSERT INTO PlantedIn (bedID, plantID, percentage, staffID) VALUES (470, 3476, 4, 111);
INSERT INTO PlantedIn (bedID, plantID, percentage, staffID) VALUES (67, 3543, 1, 63);
INSERT INTO PlantedIn (bedID, plantID, percentage, staffID) VALUES (190, 2841, 4, 20);
INSERT INTO PlantedIn (bedID, plantID, percentage, staffID) VALUES (171, 2143, 2, 122);
INSERT INTO PlantedIn (bedID, plantID, percentage, staffID) VALUES (2, 3142, 2, 78);
INSERT INTO PlantedIn (bedID, plantID, percentage, staffID) VALUES (81, 2325, 2, 11);
INSERT INTO PlantedIn (bedID, plantID, percentage, staffID) VALUES (69, 563, 3, 168);
INSERT INTO PlantedIn (bedID, plantID, percentage, staffID) VALUES (453, 1971, 1, 162);
INSERT INTO PlantedIn (bedID, plantID, percentage, staffID) VALUES (202, 374, 4, 31);
INSERT INTO PlantedIn (bedID, plantID, percentage, staffID) VALUES (394, 946, 1, 168);
INSERT INTO PlantedIn (bedID, plantID, percentage, staffID) VALUES (378, 1606, 4, 109);
INSERT INTO PlantedIn (bedID, plantID, percentage, staffID) VALUES (108, 3519, 2, 45);
INSERT INTO PlantedIn (bedID, plantID, percentage, staffID) VALUES (243, 1044, 3, 137);
INSERT INTO PlantedIn (bedID, plantID, percentage, staffID) VALUES (197, 1892, 2, 78);
INSERT INTO PlantedIn (bedID, plantID, percentage, staffID) VALUES (259, 1337, 3, 18);
INSERT INTO PlantedIn (bedID, plantID, percentage, staffID) VALUES (405, 3386, 2, 123);
INSERT INTO PlantedIn (bedID, plantID, percentage, staffID) VALUES (460, 2893, 4, 23);
INSERT INTO PlantedIn (bedID, plantID, percentage, staffID) VALUES (164, 2033, 3, 122);
INSERT INTO PlantedIn (bedID, plantID, percentage, staffID) VALUES (39, 2470, 2, 124);
INSERT INTO PlantedIn (bedID, plantID, percentage, staffID) VALUES (61, 3805, 3, 154);
INSERT INTO PlantedIn (bedID, plantID, percentage, staffID) VALUES (157, 3230, 1, 37);
INSERT INTO PlantedIn (bedID, plantID, percentage, staffID) VALUES (337, 3015, 3, 96);
INSERT INTO PlantedIn (bedID, plantID, percentage, staffID) VALUES (250, 2228, 3, 100);
INSERT INTO PlantedIn (bedID, plantID, percentage, staffID) VALUES (240, 1868, 4, 64);
INSERT INTO PlantedIn (bedID, plantID, percentage, staffID) VALUES (5, 3510, 2, 87);
INSERT INTO PlantedIn (bedID, plantID, percentage, staffID) VALUES (341, 1531, 4, 81);
INSERT INTO PlantedIn (bedID, plantID, percentage, staffID) VALUES (17, 3865, 1, 62);
INSERT INTO PlantedIn (bedID, plantID, percentage, staffID) VALUES (466, 192, 2, 172);
INSERT INTO PlantedIn (bedID, plantID, percentage, staffID) VALUES (419, 69, 3, 103);
INSERT INTO PlantedIn (bedID, plantID, percentage, staffID) VALUES (378, 3740, 2, 58);
INSERT INTO PlantedIn (bedID, plantID, percentage, staffID) VALUES (258, 2972, 1, 173);
INSERT INTO PlantedIn (bedID, plantID, percentage, staffID) VALUES (120, 624, 2, 184);
INSERT INTO PlantedIn (bedID, plantID, percentage, staffID) VALUES (342, 389, 4, 121);
INSERT INTO PlantedIn (bedID, plantID, percentage, staffID) VALUES (48, 3442, 1, 188);
INSERT INTO PlantedIn (bedID, plantID, percentage, staffID) VALUES (445, 2937, 4, 82);
INSERT INTO PlantedIn (bedID, plantID, percentage, staffID) VALUES (368, 3475, 3, 87);
INSERT INTO PlantedIn (bedID, plantID, percentage, staffID) VALUES (410, 2718, 2, 184);
INSERT INTO PlantedIn (bedID, plantID, percentage, staffID) VALUES (224, 2896, 3, 95);
INSERT INTO PlantedIn (bedID, plantID, percentage, staffID) VALUES (327, 2674, 2, 157);
INSERT INTO PlantedIn (bedID, plantID, percentage, staffID) VALUES (375, 1395, 4, 35);
INSERT INTO PlantedIn (bedID, plantID, percentage, staffID) VALUES (403, 1454, 3, 4);
INSERT INTO PlantedIn (bedID, plantID, percentage, staffID) VALUES (131, 1698, 1, 42);
INSERT INTO PlantedIn (bedID, plantID, percentage, staffID) VALUES (68, 410, 3, 113);
INSERT INTO PlantedIn (bedID, plantID, percentage, staffID) VALUES (405, 51, 4, 69);
INSERT INTO PlantedIn (bedID, plantID, percentage, staffID) VALUES (178, 1249, 1, 152);
INSERT INTO PlantedIn (bedID, plantID, percentage, staffID) VALUES (7, 1989, 4, 98);
INSERT INTO PlantedIn (bedID, plantID, percentage, staffID) VALUES (414, 2507, 1, 143);
INSERT INTO PlantedIn (bedID, plantID, percentage, staffID) VALUES (351, 2616, 3, 65);
INSERT INTO PlantedIn (bedID, plantID, percentage, staffID) VALUES (366, 1645, 4, 96);
INSERT INTO PlantedIn (bedID, plantID, percentage, staffID) VALUES (252, 85, 2, 109);
INSERT INTO PlantedIn (bedID, plantID, percentage, staffID) VALUES (17, 3356, 2, 31);
INSERT INTO PlantedIn (bedID, plantID, percentage, staffID) VALUES (91, 3466, 1, 98);
INSERT INTO PlantedIn (bedID, plantID, percentage, staffID) VALUES (195, 3689, 2, 3);
INSERT INTO PlantedIn (bedID, plantID, percentage, staffID) VALUES (286, 2753, 2, 85);
INSERT INTO PlantedIn (bedID, plantID, percentage, staffID) VALUES (184, 2822, 2, 191);
INSERT INTO PlantedIn (bedID, plantID, percentage, staffID) VALUES (31, 602, 4, 157);
INSERT INTO PlantedIn (bedID, plantID, percentage, staffID) VALUES (275, 924, 1, 154);
INSERT INTO PlantedIn (bedID, plantID, percentage, staffID) VALUES (124, 1100, 2, 102);
INSERT INTO PlantedIn (bedID, plantID, percentage, staffID) VALUES (73, 2512, 2, 145);
INSERT INTO PlantedIn (bedID, plantID, percentage, staffID) VALUES (259, 708, 4, 113);
INSERT INTO PlantedIn (bedID, plantID, percentage, staffID) VALUES (65, 2173, 3, 50);
INSERT INTO PlantedIn (bedID, plantID, percentage, staffID) VALUES (130, 2533, 3, 17);
INSERT INTO PlantedIn (bedID, plantID, percentage, staffID) VALUES (183, 69, 2, 22);
INSERT INTO PlantedIn (bedID, plantID, percentage, staffID) VALUES (82, 3379, 4, 59);
INSERT INTO PlantedIn (bedID, plantID, percentage, staffID) VALUES (54, 164, 2, 177);
INSERT INTO PlantedIn (bedID, plantID, percentage, staffID) VALUES (155, 1410, 2, 137);
INSERT INTO PlantedIn (bedID, plantID, percentage, staffID) VALUES (7, 1454, 3, 168);
INSERT INTO PlantedIn (bedID, plantID, percentage, staffID) VALUES (265, 1439, 3, 106);
INSERT INTO PlantedIn (bedID, plantID, percentage, staffID) VALUES (442, 2941, 1, 90);
INSERT INTO PlantedIn (bedID, plantID, percentage, staffID) VALUES (197, 2009, 4, 178);
INSERT INTO PlantedIn (bedID, plantID, percentage, staffID) VALUES (255, 3773, 3, 52);
INSERT INTO PlantedIn (bedID, plantID, percentage, staffID) VALUES (403, 2085, 4, 95);
INSERT INTO PlantedIn (bedID, plantID, percentage, staffID) VALUES (276, 1280, 4, 69);
INSERT INTO PlantedIn (bedID, plantID, percentage, staffID) VALUES (330, 25, 3, 80);
INSERT INTO PlantedIn (bedID, plantID, percentage, staffID) VALUES (181, 815, 4, 56);
INSERT INTO PlantedIn (bedID, plantID, percentage, staffID) VALUES (276, 3047, 3, 131);
INSERT INTO PlantedIn (bedID, plantID, percentage, staffID) VALUES (260, 289, 4, 148);
INSERT INTO PlantedIn (bedID, plantID, percentage, staffID) VALUES (282, 2307, 1, 157);
INSERT INTO PlantedIn (bedID, plantID, percentage, staffID) VALUES (272, 70, 2, 172);
INSERT INTO PlantedIn (bedID, plantID, percentage, staffID) VALUES (264, 1186, 1, 79);
INSERT INTO PlantedIn (bedID, plantID, percentage, staffID) VALUES (302, 2796, 2, 10);
INSERT INTO PlantedIn (bedID, plantID, percentage, staffID) VALUES (346, 1685, 1, 9);
INSERT INTO PlantedIn (bedID, plantID, percentage, staffID) VALUES (306, 1213, 1, 11);
INSERT INTO PlantedIn (bedID, plantID, percentage, staffID) VALUES (49, 2674, 3, 153);
INSERT INTO PlantedIn (bedID, plantID, percentage, staffID) VALUES (363, 1824, 2, 126);
INSERT INTO PlantedIn (bedID, plantID, percentage, staffID) VALUES (190, 1293, 4, 14);
INSERT INTO PlantedIn (bedID, plantID, percentage, staffID) VALUES (304, 1743, 2, 20);
INSERT INTO PlantedIn (bedID, plantID, percentage, staffID) VALUES (83, 562, 4, 125);
INSERT INTO PlantedIn (bedID, plantID, percentage, staffID) VALUES (275, 2534, 1, 4);
INSERT INTO PlantedIn (bedID, plantID, percentage, staffID) VALUES (459, 270, 1, 94);
INSERT INTO PlantedIn (bedID, plantID, percentage, staffID) VALUES (361, 787, 3, 148);
INSERT INTO PlantedIn (bedID, plantID, percentage, staffID) VALUES (320, 1308, 3, 182);
INSERT INTO PlantedIn (bedID, plantID, percentage, staffID) VALUES (342, 1473, 1, 79);
INSERT INTO PlantedIn (bedID, plantID, percentage, staffID) VALUES (339, 1740, 2, 17);
INSERT INTO PlantedIn (bedID, plantID, percentage, staffID) VALUES (427, 688, 1, 130);
INSERT INTO PlantedIn (bedID, plantID, percentage, staffID) VALUES (428, 3846, 4, 28);
INSERT INTO PlantedIn (bedID, plantID, percentage, staffID) VALUES (31, 2279, 4, 193);
INSERT INTO PlantedIn (bedID, plantID, percentage, staffID) VALUES (376, 2575, 2, 73);
INSERT INTO PlantedIn (bedID, plantID, percentage, staffID) VALUES (3, 939, 3, 44);
INSERT INTO PlantedIn (bedID, plantID, percentage, staffID) VALUES (296, 2310, 2, 173);
INSERT INTO PlantedIn (bedID, plantID, percentage, staffID) VALUES (23, 3589, 4, 142);
INSERT INTO PlantedIn (bedID, plantID, percentage, staffID) VALUES (51, 1282, 2, 5);
INSERT INTO PlantedIn (bedID, plantID, percentage, staffID) VALUES (275, 12, 2, 69);
INSERT INTO PlantedIn (bedID, plantID, percentage, staffID) VALUES (473, 1805, 1, 73);
INSERT INTO PlantedIn (bedID, plantID, percentage, staffID) VALUES (27, 1160, 4, 182);
INSERT INTO PlantedIn (bedID, plantID, percentage, staffID) VALUES (457, 939, 4, 65);
INSERT INTO PlantedIn (bedID, plantID, percentage, staffID) VALUES (230, 2049, 1, 143);
INSERT INTO PlantedIn (bedID, plantID, percentage, staffID) VALUES (61, 2104, 1, 92);
INSERT INTO PlantedIn (bedID, plantID, percentage, staffID) VALUES (224, 560, 3, 26);
INSERT INTO PlantedIn (bedID, plantID, percentage, staffID) VALUES (226, 573, 1, 2);
INSERT INTO PlantedIn (bedID, plantID, percentage, staffID) VALUES (72, 1326, 1, 110);
INSERT INTO PlantedIn (bedID, plantID, percentage, staffID) VALUES (384, 3460, 4, 44);
INSERT INTO PlantedIn (bedID, plantID, percentage, staffID) VALUES (93, 389, 1, 146);
INSERT INTO PlantedIn (bedID, plantID, percentage, staffID) VALUES (163, 129, 4, 27);
INSERT INTO PlantedIn (bedID, plantID, percentage, staffID) VALUES (267, 3201, 3, 192);
INSERT INTO PlantedIn (bedID, plantID, percentage, staffID) VALUES (177, 1497, 4, 177);
INSERT INTO PlantedIn (bedID, plantID, percentage, staffID) VALUES (252, 3829, 1, 87);
INSERT INTO PlantedIn (bedID, plantID, percentage, staffID) VALUES (66, 1671, 2, 14);
INSERT INTO PlantedIn (bedID, plantID, percentage, staffID) VALUES (367, 2333, 3, 90);
INSERT INTO PlantedIn (bedID, plantID, percentage, staffID) VALUES (236, 2517, 3, 93);
INSERT INTO PlantedIn (bedID, plantID, percentage, staffID) VALUES (356, 645, 1, 175);
INSERT INTO PlantedIn (bedID, plantID, percentage, staffID) VALUES (95, 3813, 4, 189);
INSERT INTO PlantedIn (bedID, plantID, percentage, staffID) VALUES (386, 3335, 1, 93);
INSERT INTO PlantedIn (bedID, plantID, percentage, staffID) VALUES (119, 1239, 4, 7);
INSERT INTO PlantedIn (bedID, plantID, percentage, staffID) VALUES (147, 1760, 2, 162);
INSERT INTO PlantedIn (bedID, plantID, percentage, staffID) VALUES (420, 3305, 3, 151);
INSERT INTO PlantedIn (bedID, plantID, percentage, staffID) VALUES (217, 691, 4, 51);
INSERT INTO PlantedIn (bedID, plantID, percentage, staffID) VALUES (393, 2703, 3, 133);
INSERT INTO PlantedIn (bedID, plantID, percentage, staffID) VALUES (410, 1954, 1, 139);
INSERT INTO PlantedIn (bedID, plantID, percentage, staffID) VALUES (233, 2324, 2, 170);
INSERT INTO PlantedIn (bedID, plantID, percentage, staffID) VALUES (220, 1095, 3, 101);
INSERT INTO PlantedIn (bedID, plantID, percentage, staffID) VALUES (286, 2030, 4, 102);
INSERT INTO PlantedIn (bedID, plantID, percentage, staffID) VALUES (464, 1107, 4, 75);
INSERT INTO PlantedIn (bedID, plantID, percentage, staffID) VALUES (67, 399, 3, 109);
INSERT INTO PlantedIn (bedID, plantID, percentage, staffID) VALUES (134, 3012, 1, 114);
INSERT INTO PlantedIn (bedID, plantID, percentage, staffID) VALUES (227, 802, 2, 142);
INSERT INTO PlantedIn (bedID, plantID, percentage, staffID) VALUES (338, 1433, 1, 84);
INSERT INTO PlantedIn (bedID, plantID, percentage, staffID) VALUES (460, 927, 2, 105);
INSERT INTO PlantedIn (bedID, plantID, percentage, staffID) VALUES (248, 18, 1, 31);
INSERT INTO PlantedIn (bedID, plantID, percentage, staffID) VALUES (251, 2493, 3, 9);
INSERT INTO PlantedIn (bedID, plantID, percentage, staffID) VALUES (441, 1564, 1, 78);
INSERT INTO PlantedIn (bedID, plantID, percentage, staffID) VALUES (241, 3515, 4, 138);
INSERT INTO PlantedIn (bedID, plantID, percentage, staffID) VALUES (326, 885, 1, 184);
INSERT INTO PlantedIn (bedID, plantID, percentage, staffID) VALUES (207, 2302, 1, 105);
INSERT INTO PlantedIn (bedID, plantID, percentage, staffID) VALUES (457, 3565, 4, 73);
INSERT INTO PlantedIn (bedID, plantID, percentage, staffID) VALUES (77, 3342, 3, 77);
INSERT INTO PlantedIn (bedID, plantID, percentage, staffID) VALUES (412, 2018, 2, 166);
INSERT INTO PlantedIn (bedID, plantID, percentage, staffID) VALUES (79, 3294, 1, 186);
INSERT INTO PlantedIn (bedID, plantID, percentage, staffID) VALUES (122, 1109, 4, 35);
INSERT INTO PlantedIn (bedID, plantID, percentage, staffID) VALUES (93, 3256, 4, 114);
INSERT INTO PlantedIn (bedID, plantID, percentage, staffID) VALUES (34, 1762, 3, 11);
INSERT INTO PlantedIn (bedID, plantID, percentage, staffID) VALUES (414, 1267, 3, 68);
INSERT INTO PlantedIn (bedID, plantID, percentage, staffID) VALUES (402, 558, 1, 29);
INSERT INTO PlantedIn (bedID, plantID, percentage, staffID) VALUES (472, 194, 2, 24);
INSERT INTO PlantedIn (bedID, plantID, percentage, staffID) VALUES (160, 1102, 3, 4);
INSERT INTO PlantedIn (bedID, plantID, percentage, staffID) VALUES (61, 2208, 1, 86);
INSERT INTO PlantedIn (bedID, plantID, percentage, staffID) VALUES (13, 1818, 1, 144);
INSERT INTO PlantedIn (bedID, plantID, percentage, staffID) VALUES (17, 1398, 3, 20);
INSERT INTO PlantedIn (bedID, plantID, percentage, staffID) VALUES (176, 192, 1, 35);
INSERT INTO PlantedIn (bedID, plantID, percentage, staffID) VALUES (306, 498, 3, 50);
INSERT INTO PlantedIn (bedID, plantID, percentage, staffID) VALUES (85, 1386, 3, 183);
INSERT INTO PlantedIn (bedID, plantID, percentage, staffID) VALUES (305, 3525, 4, 11);
INSERT INTO PlantedIn (bedID, plantID, percentage, staffID) VALUES (444, 2608, 4, 120);
INSERT INTO PlantedIn (bedID, plantID, percentage, staffID) VALUES (18, 2638, 2, 101);
INSERT INTO PlantedIn (bedID, plantID, percentage, staffID) VALUES (347, 2552, 1, 133);
INSERT INTO PlantedIn (bedID, plantID, percentage, staffID) VALUES (77, 2469, 4, 69);
INSERT INTO PlantedIn (bedID, plantID, percentage, staffID) VALUES (364, 2243, 4, 92);
INSERT INTO PlantedIn (bedID, plantID, percentage, staffID) VALUES (444, 1329, 3, 95);
INSERT INTO PlantedIn (bedID, plantID, percentage, staffID) VALUES (121, 1977, 3, 72);
INSERT INTO PlantedIn (bedID, plantID, percentage, staffID) VALUES (464, 1244, 4, 51);
INSERT INTO PlantedIn (bedID, plantID, percentage, staffID) VALUES (472, 3229, 1, 182);
INSERT INTO PlantedIn (bedID, plantID, percentage, staffID) VALUES (245, 1470, 1, 90);
INSERT INTO PlantedIn (bedID, plantID, percentage, staffID) VALUES (20, 353, 1, 74);
INSERT INTO PlantedIn (bedID, plantID, percentage, staffID) VALUES (346, 2687, 2, 2);
INSERT INTO PlantedIn (bedID, plantID, percentage, staffID) VALUES (131, 1770, 1, 91);
INSERT INTO PlantedIn (bedID, plantID, percentage, staffID) VALUES (380, 3503, 1, 163);
INSERT INTO PlantedIn (bedID, plantID, percentage, staffID) VALUES (198, 574, 2, 163);
INSERT INTO PlantedIn (bedID, plantID, percentage, staffID) VALUES (223, 167, 2, 64);
INSERT INTO PlantedIn (bedID, plantID, percentage, staffID) VALUES (416, 780, 2, 102);
INSERT INTO PlantedIn (bedID, plantID, percentage, staffID) VALUES (276, 3630, 3, 132);
INSERT INTO PlantedIn (bedID, plantID, percentage, staffID) VALUES (15, 16, 4, 169);
INSERT INTO PlantedIn (bedID, plantID, percentage, staffID) VALUES (331, 3222, 4, 53);
INSERT INTO PlantedIn (bedID, plantID, percentage, staffID) VALUES (138, 2714, 1, 39);
INSERT INTO PlantedIn (bedID, plantID, percentage, staffID) VALUES (288, 3805, 1, 31);
INSERT INTO PlantedIn (bedID, plantID, percentage, staffID) VALUES (63, 3652, 3, 87);
INSERT INTO PlantedIn (bedID, plantID, percentage, staffID) VALUES (468, 2846, 4, 15);
INSERT INTO PlantedIn (bedID, plantID, percentage, staffID) VALUES (444, 2200, 3, 54);
INSERT INTO PlantedIn (bedID, plantID, percentage, staffID) VALUES (241, 3507, 3, 30);
INSERT INTO PlantedIn (bedID, plantID, percentage, staffID) VALUES (432, 3737, 3, 62);
INSERT INTO PlantedIn (bedID, plantID, percentage, staffID) VALUES (379, 2155, 1, 120);
INSERT INTO PlantedIn (bedID, plantID, percentage, staffID) VALUES (123, 2991, 4, 38);
INSERT INTO PlantedIn (bedID, plantID, percentage, staffID) VALUES (359, 1290, 4, 183);
INSERT INTO PlantedIn (bedID, plantID, percentage, staffID) VALUES (132, 1225, 2, 101);
INSERT INTO PlantedIn (bedID, plantID, percentage, staffID) VALUES (26, 2177, 4, 27);
INSERT INTO PlantedIn (bedID, plantID, percentage, staffID) VALUES (63, 1523, 3, 105);
INSERT INTO PlantedIn (bedID, plantID, percentage, staffID) VALUES (143, 2524, 1, 37);
INSERT INTO PlantedIn (bedID, plantID, percentage, staffID) VALUES (294, 1850, 2, 168);
INSERT INTO PlantedIn (bedID, plantID, percentage, staffID) VALUES (17, 1577, 2, 105);
INSERT INTO PlantedIn (bedID, plantID, percentage, staffID) VALUES (86, 2688, 4, 34);
INSERT INTO PlantedIn (bedID, plantID, percentage, staffID) VALUES (14, 221, 2, 170);
INSERT INTO PlantedIn (bedID, plantID, percentage, staffID) VALUES (177, 1252, 2, 117);
INSERT INTO PlantedIn (bedID, plantID, percentage, staffID) VALUES (420, 2727, 1, 86);
INSERT INTO PlantedIn (bedID, plantID, percentage, staffID) VALUES (48, 3588, 2, 135);
INSERT INTO PlantedIn (bedID, plantID, percentage, staffID) VALUES (275, 3244, 1, 126);
INSERT INTO PlantedIn (bedID, plantID, percentage, staffID) VALUES (151, 1684, 2, 127);
INSERT INTO PlantedIn (bedID, plantID, percentage, staffID) VALUES (399, 509, 1, 133);
INSERT INTO PlantedIn (bedID, plantID, percentage, staffID) VALUES (412, 3072, 1, 34);
INSERT INTO PlantedIn (bedID, plantID, percentage, staffID) VALUES (56, 2846, 1, 137);
INSERT INTO PlantedIn (bedID, plantID, percentage, staffID) VALUES (209, 339, 3, 6);
INSERT INTO PlantedIn (bedID, plantID, percentage, staffID) VALUES (8, 2646, 3, 193);
INSERT INTO PlantedIn (bedID, plantID, percentage, staffID) VALUES (248, 2144, 4, 163);
INSERT INTO PlantedIn (bedID, plantID, percentage, staffID) VALUES (469, 1616, 4, 40);
INSERT INTO PlantedIn (bedID, plantID, percentage, staffID) VALUES (260, 3263, 2, 176);
INSERT INTO PlantedIn (bedID, plantID, percentage, staffID) VALUES (311, 3181, 3, 48);
INSERT INTO PlantedIn (bedID, plantID, percentage, staffID) VALUES (293, 1525, 3, 157);
INSERT INTO PlantedIn (bedID, plantID, percentage, staffID) VALUES (62, 1696, 3, 152);
INSERT INTO PlantedIn (bedID, plantID, percentage, staffID) VALUES (249, 2960, 3, 24);
INSERT INTO PlantedIn (bedID, plantID, percentage, staffID) VALUES (213, 216, 4, 29);
INSERT INTO PlantedIn (bedID, plantID, percentage, staffID) VALUES (289, 3620, 3, 167);
INSERT INTO PlantedIn (bedID, plantID, percentage, staffID) VALUES (168, 40, 4, 89);
INSERT INTO PlantedIn (bedID, plantID, percentage, staffID) VALUES (405, 1130, 3, 58);
INSERT INTO PlantedIn (bedID, plantID, percentage, staffID) VALUES (55, 1977, 3, 8);
INSERT INTO PlantedIn (bedID, plantID, percentage, staffID) VALUES (429, 3111, 1, 96);
INSERT INTO PlantedIn (bedID, plantID, percentage, staffID) VALUES (116, 810, 4, 125);
INSERT INTO PlantedIn (bedID, plantID, percentage, staffID) VALUES (462, 2797, 2, 64);
INSERT INTO PlantedIn (bedID, plantID, percentage, staffID) VALUES (369, 1742, 2, 82);
INSERT INTO PlantedIn (bedID, plantID, percentage, staffID) VALUES (107, 1637, 1, 132);
INSERT INTO PlantedIn (bedID, plantID, percentage, staffID) VALUES (339, 3577, 4, 121);
INSERT INTO PlantedIn (bedID, plantID, percentage, staffID) VALUES (207, 2419, 2, 115);
INSERT INTO PlantedIn (bedID, plantID, percentage, staffID) VALUES (204, 122, 3, 78);
INSERT INTO PlantedIn (bedID, plantID, percentage, staffID) VALUES (114, 3825, 1, 91);
INSERT INTO PlantedIn (bedID, plantID, percentage, staffID) VALUES (338, 2920, 2, 131);
INSERT INTO PlantedIn (bedID, plantID, percentage, staffID) VALUES (98, 156, 3, 180);
INSERT INTO PlantedIn (bedID, plantID, percentage, staffID) VALUES (121, 3368, 2, 69);
INSERT INTO PlantedIn (bedID, plantID, percentage, staffID) VALUES (140, 3790, 1, 114);
INSERT INTO PlantedIn (bedID, plantID, percentage, staffID) VALUES (429, 572, 2, 172);
INSERT INTO PlantedIn (bedID, plantID, percentage, staffID) VALUES (366, 1560, 1, 140);
INSERT INTO PlantedIn (bedID, plantID, percentage, staffID) VALUES (206, 254, 3, 180);
INSERT INTO PlantedIn (bedID, plantID, percentage, staffID) VALUES (26, 1244, 4, 182);
INSERT INTO PlantedIn (bedID, plantID, percentage, staffID) VALUES (37, 2062, 2, 54);
INSERT INTO PlantedIn (bedID, plantID, percentage, staffID) VALUES (272, 549, 4, 179);
INSERT INTO PlantedIn (bedID, plantID, percentage, staffID) VALUES (7, 816, 2, 63);
INSERT INTO PlantedIn (bedID, plantID, percentage, staffID) VALUES (91, 3346, 1, 65);
INSERT INTO PlantedIn (bedID, plantID, percentage, staffID) VALUES (7, 613, 4, 90);
INSERT INTO PlantedIn (bedID, plantID, percentage, staffID) VALUES (91, 3360, 1, 138);
INSERT INTO PlantedIn (bedID, plantID, percentage, staffID) VALUES (91, 2184, 2, 3);
INSERT INTO PlantedIn (bedID, plantID, percentage, staffID) VALUES (47, 1060, 3, 113);
INSERT INTO PlantedIn (bedID, plantID, percentage, staffID) VALUES (197, 1650, 2, 102);
INSERT INTO PlantedIn (bedID, plantID, percentage, staffID) VALUES (302, 3121, 4, 151);
INSERT INTO PlantedIn (bedID, plantID, percentage, staffID) VALUES (319, 213, 3, 189);
INSERT INTO PlantedIn (bedID, plantID, percentage, staffID) VALUES (101, 1416, 4, 97);
INSERT INTO PlantedIn (bedID, plantID, percentage, staffID) VALUES (233, 1797, 3, 158);
INSERT INTO PlantedIn (bedID, plantID, percentage, staffID) VALUES (158, 1721, 3, 190);
INSERT INTO PlantedIn (bedID, plantID, percentage, staffID) VALUES (5, 3645, 1, 162);
INSERT INTO PlantedIn (bedID, plantID, percentage, staffID) VALUES (103, 1326, 3, 160);
INSERT INTO PlantedIn (bedID, plantID, percentage, staffID) VALUES (364, 1082, 2, 13);
INSERT INTO PlantedIn (bedID, plantID, percentage, staffID) VALUES (42, 3091, 4, 49);
INSERT INTO PlantedIn (bedID, plantID, percentage, staffID) VALUES (405, 629, 1, 92);
INSERT INTO PlantedIn (bedID, plantID, percentage, staffID) VALUES (251, 3558, 1, 172);
INSERT INTO PlantedIn (bedID, plantID, percentage, staffID) VALUES (183, 2379, 3, 144);
INSERT INTO PlantedIn (bedID, plantID, percentage, staffID) VALUES (29, 2446, 1, 50);
INSERT INTO PlantedIn (bedID, plantID, percentage, staffID) VALUES (273, 139, 4, 37);
INSERT INTO PlantedIn (bedID, plantID, percentage, staffID) VALUES (180, 3705, 1, 87);
INSERT INTO PlantedIn (bedID, plantID, percentage, staffID) VALUES (113, 1889, 2, 114);
INSERT INTO PlantedIn (bedID, plantID, percentage, staffID) VALUES (137, 3061, 1, 18);
INSERT INTO PlantedIn (bedID, plantID, percentage, staffID) VALUES (452, 2059, 2, 43);
INSERT INTO PlantedIn (bedID, plantID, percentage, staffID) VALUES (215, 208, 4, 103);
INSERT INTO PlantedIn (bedID, plantID, percentage, staffID) VALUES (317, 805, 3, 114);
INSERT INTO PlantedIn (bedID, plantID, percentage, staffID) VALUES (398, 3096, 2, 164);
INSERT INTO PlantedIn (bedID, plantID, percentage, staffID) VALUES (396, 3782, 1, 43);
INSERT INTO PlantedIn (bedID, plantID, percentage, staffID) VALUES (444, 2457, 1, 75);
INSERT INTO PlantedIn (bedID, plantID, percentage, staffID) VALUES (59, 3553, 2, 103);
INSERT INTO PlantedIn (bedID, plantID, percentage, staffID) VALUES (337, 2265, 3, 114);
INSERT INTO PlantedIn (bedID, plantID, percentage, staffID) VALUES (57, 2962, 3, 31);
INSERT INTO PlantedIn (bedID, plantID, percentage, staffID) VALUES (388, 2525, 2, 84);
INSERT INTO PlantedIn (bedID, plantID, percentage, staffID) VALUES (408, 3739, 3, 45);
INSERT INTO PlantedIn (bedID, plantID, percentage, staffID) VALUES (364, 70, 3, 25);
INSERT INTO PlantedIn (bedID, plantID, percentage, staffID) VALUES (472, 1270, 4, 168);
INSERT INTO PlantedIn (bedID, plantID, percentage, staffID) VALUES (456, 711, 1, 23);
INSERT INTO PlantedIn (bedID, plantID, percentage, staffID) VALUES (49, 2351, 4, 103);
INSERT INTO PlantedIn (bedID, plantID, percentage, staffID) VALUES (92, 219, 2, 98);
INSERT INTO PlantedIn (bedID, plantID, percentage, staffID) VALUES (390, 2428, 3, 181);
INSERT INTO PlantedIn (bedID, plantID, percentage, staffID) VALUES (134, 1138, 1, 27);
INSERT INTO PlantedIn (bedID, plantID, percentage, staffID) VALUES (124, 1351, 1, 173);
INSERT INTO PlantedIn (bedID, plantID, percentage, staffID) VALUES (174, 3726, 2, 130);
INSERT INTO PlantedIn (bedID, plantID, percentage, staffID) VALUES (139, 1757, 2, 61);
INSERT INTO PlantedIn (bedID, plantID, percentage, staffID) VALUES (302, 1564, 3, 71);
INSERT INTO PlantedIn (bedID, plantID, percentage, staffID) VALUES (7, 3269, 1, 114);
INSERT INTO PlantedIn (bedID, plantID, percentage, staffID) VALUES (427, 132, 3, 107);
INSERT INTO PlantedIn (bedID, plantID, percentage, staffID) VALUES (314, 1563, 4, 75);
INSERT INTO PlantedIn (bedID, plantID, percentage, staffID) VALUES (331, 1927, 4, 18);
INSERT INTO PlantedIn (bedID, plantID, percentage, staffID) VALUES (424, 2413, 1, 119);
INSERT INTO PlantedIn (bedID, plantID, percentage, staffID) VALUES (38, 3386, 3, 91);
INSERT INTO PlantedIn (bedID, plantID, percentage, staffID) VALUES (133, 3047, 2, 94);
INSERT INTO PlantedIn (bedID, plantID, percentage, staffID) VALUES (300, 50, 3, 103);
INSERT INTO PlantedIn (bedID, plantID, percentage, staffID) VALUES (23, 77, 3, 54);
INSERT INTO PlantedIn (bedID, plantID, percentage, staffID) VALUES (201, 2428, 1, 134);
INSERT INTO PlantedIn (bedID, plantID, percentage, staffID) VALUES (60, 2855, 4, 17);
INSERT INTO PlantedIn (bedID, plantID, percentage, staffID) VALUES (317, 280, 3, 39);
INSERT INTO PlantedIn (bedID, plantID, percentage, staffID) VALUES (330, 2973, 4, 154);
INSERT INTO PlantedIn (bedID, plantID, percentage, staffID) VALUES (306, 758, 4, 101);
INSERT INTO PlantedIn (bedID, plantID, percentage, staffID) VALUES (466, 3671, 3, 45);
INSERT INTO PlantedIn (bedID, plantID, percentage, staffID) VALUES (456, 2778, 1, 32);
INSERT INTO PlantedIn (bedID, plantID, percentage, staffID) VALUES (350, 1604, 1, 147);
INSERT INTO PlantedIn (bedID, plantID, percentage, staffID) VALUES (21, 1431, 1, 59);
INSERT INTO PlantedIn (bedID, plantID, percentage, staffID) VALUES (52, 1421, 4, 30);
INSERT INTO PlantedIn (bedID, plantID, percentage, staffID) VALUES (209, 1292, 1, 71);
INSERT INTO PlantedIn (bedID, plantID, percentage, staffID) VALUES (49, 373, 3, 186);
INSERT INTO PlantedIn (bedID, plantID, percentage, staffID) VALUES (139, 1558, 2, 138);
INSERT INTO PlantedIn (bedID, plantID, percentage, staffID) VALUES (167, 3449, 2, 183);
INSERT INTO PlantedIn (bedID, plantID, percentage, staffID) VALUES (289, 188, 2, 67);
INSERT INTO PlantedIn (bedID, plantID, percentage, staffID) VALUES (220, 162, 3, 105);
INSERT INTO PlantedIn (bedID, plantID, percentage, staffID) VALUES (195, 3080, 3, 138);
INSERT INTO PlantedIn (bedID, plantID, percentage, staffID) VALUES (78, 3169, 3, 62);
INSERT INTO PlantedIn (bedID, plantID, percentage, staffID) VALUES (73, 2488, 2, 152);
INSERT INTO PlantedIn (bedID, plantID, percentage, staffID) VALUES (350, 2519, 1, 2);
INSERT INTO PlantedIn (bedID, plantID, percentage, staffID) VALUES (26, 2626, 2, 63);
INSERT INTO PlantedIn (bedID, plantID, percentage, staffID) VALUES (271, 785, 1, 148);
INSERT INTO PlantedIn (bedID, plantID, percentage, staffID) VALUES (119, 177, 3, 109);
INSERT INTO PlantedIn (bedID, plantID, percentage, staffID) VALUES (42, 169, 2, 46);
INSERT INTO PlantedIn (bedID, plantID, percentage, staffID) VALUES (398, 3465, 1, 5);
INSERT INTO PlantedIn (bedID, plantID, percentage, staffID) VALUES (339, 1236, 4, 125);
INSERT INTO PlantedIn (bedID, plantID, percentage, staffID) VALUES (456, 1351, 3, 27);
INSERT INTO PlantedIn (bedID, plantID, percentage, staffID) VALUES (1, 516, 1, 150);
INSERT INTO PlantedIn (bedID, plantID, percentage, staffID) VALUES (385, 169, 2, 95);
INSERT INTO PlantedIn (bedID, plantID, percentage, staffID) VALUES (117, 711, 2, 116);
INSERT INTO PlantedIn (bedID, plantID, percentage, staffID) VALUES (109, 382, 2, 44);
INSERT INTO PlantedIn (bedID, plantID, percentage, staffID) VALUES (68, 1675, 4, 167);
INSERT INTO PlantedIn (bedID, plantID, percentage, staffID) VALUES (74, 2306, 1, 187);
INSERT INTO PlantedIn (bedID, plantID, percentage, staffID) VALUES (448, 170, 4, 168);
INSERT INTO PlantedIn (bedID, plantID, percentage, staffID) VALUES (84, 2149, 4, 1);
INSERT INTO PlantedIn (bedID, plantID, percentage, staffID) VALUES (284, 1794, 4, 77);
INSERT INTO PlantedIn (bedID, plantID, percentage, staffID) VALUES (307, 3636, 4, 71);
INSERT INTO PlantedIn (bedID, plantID, percentage, staffID) VALUES (19, 2151, 1, 40);
INSERT INTO PlantedIn (bedID, plantID, percentage, staffID) VALUES (469, 38, 2, 34);
INSERT INTO PlantedIn (bedID, plantID, percentage, staffID) VALUES (400, 588, 1, 75);
INSERT INTO PlantedIn (bedID, plantID, percentage, staffID) VALUES (355, 1090, 3, 25);
INSERT INTO PlantedIn (bedID, plantID, percentage, staffID) VALUES (154, 3633, 3, 131);
INSERT INTO PlantedIn (bedID, plantID, percentage, staffID) VALUES (235, 2487, 1, 101);
INSERT INTO PlantedIn (bedID, plantID, percentage, staffID) VALUES (51, 3349, 4, 193);
INSERT INTO PlantedIn (bedID, plantID, percentage, staffID) VALUES (382, 1103, 4, 130);
INSERT INTO PlantedIn (bedID, plantID, percentage, staffID) VALUES (399, 3195, 4, 6);
INSERT INTO PlantedIn (bedID, plantID, percentage, staffID) VALUES (396, 745, 3, 31);
INSERT INTO PlantedIn (bedID, plantID, percentage, staffID) VALUES (163, 1998, 1, 140);
INSERT INTO PlantedIn (bedID, plantID, percentage, staffID) VALUES (378, 3096, 1, 161);
INSERT INTO PlantedIn (bedID, plantID, percentage, staffID) VALUES (351, 1658, 1, 128);
INSERT INTO PlantedIn (bedID, plantID, percentage, staffID) VALUES (35, 462, 1, 68);
INSERT INTO PlantedIn (bedID, plantID, percentage, staffID) VALUES (467, 1058, 4, 191);
INSERT INTO PlantedIn (bedID, plantID, percentage, staffID) VALUES (265, 2196, 2, 131);
INSERT INTO PlantedIn (bedID, plantID, percentage, staffID) VALUES (187, 2580, 1, 48);
INSERT INTO PlantedIn (bedID, plantID, percentage, staffID) VALUES (407, 1483, 1, 187);
INSERT INTO PlantedIn (bedID, plantID, percentage, staffID) VALUES (426, 2298, 3, 61);
INSERT INTO PlantedIn (bedID, plantID, percentage, staffID) VALUES (187, 330, 1, 168);
INSERT INTO PlantedIn (bedID, plantID, percentage, staffID) VALUES (244, 1741, 3, 77);
INSERT INTO PlantedIn (bedID, plantID, percentage, staffID) VALUES (270, 2726, 3, 157);
INSERT INTO PlantedIn (bedID, plantID, percentage, staffID) VALUES (463, 2713, 3, 72);
INSERT INTO PlantedIn (bedID, plantID, percentage, staffID) VALUES (128, 3817, 3, 192);
INSERT INTO PlantedIn (bedID, plantID, percentage, staffID) VALUES (310, 658, 3, 183);
INSERT INTO PlantedIn (bedID, plantID, percentage, staffID) VALUES (262, 3122, 2, 147);
INSERT INTO PlantedIn (bedID, plantID, percentage, staffID) VALUES (191, 67, 4, 32);
INSERT INTO PlantedIn (bedID, plantID, percentage, staffID) VALUES (49, 3775, 3, 191);
INSERT INTO PlantedIn (bedID, plantID, percentage, staffID) VALUES (202, 1185, 4, 42);
INSERT INTO PlantedIn (bedID, plantID, percentage, staffID) VALUES (6, 3749, 4, 113);
INSERT INTO PlantedIn (bedID, plantID, percentage, staffID) VALUES (318, 3477, 4, 108);
INSERT INTO PlantedIn (bedID, plantID, percentage, staffID) VALUES (420, 1799, 3, 124);
INSERT INTO PlantedIn (bedID, plantID, percentage, staffID) VALUES (301, 1940, 1, 12);
INSERT INTO PlantedIn (bedID, plantID, percentage, staffID) VALUES (147, 3002, 3, 132);
INSERT INTO PlantedIn (bedID, plantID, percentage, staffID) VALUES (376, 3078, 4, 104);
INSERT INTO PlantedIn (bedID, plantID, percentage, staffID) VALUES (366, 1710, 1, 105);
INSERT INTO PlantedIn (bedID, plantID, percentage, staffID) VALUES (355, 2770, 4, 40);
INSERT INTO PlantedIn (bedID, plantID, percentage, staffID) VALUES (325, 2888, 2, 154);
INSERT INTO PlantedIn (bedID, plantID, percentage, staffID) VALUES (306, 1074, 3, 62);
INSERT INTO PlantedIn (bedID, plantID, percentage, staffID) VALUES (352, 3504, 2, 16);
INSERT INTO PlantedIn (bedID, plantID, percentage, staffID) VALUES (194, 513, 3, 116);
INSERT INTO PlantedIn (bedID, plantID, percentage, staffID) VALUES (430, 817, 3, 88);
INSERT INTO PlantedIn (bedID, plantID, percentage, staffID) VALUES (4, 3625, 4, 123);
INSERT INTO PlantedIn (bedID, plantID, percentage, staffID) VALUES (393, 680, 3, 182);
INSERT INTO PlantedIn (bedID, plantID, percentage, staffID) VALUES (437, 2471, 3, 179);
INSERT INTO PlantedIn (bedID, plantID, percentage, staffID) VALUES (434, 673, 3, 22);
INSERT INTO PlantedIn (bedID, plantID, percentage, staffID) VALUES (39, 692, 2, 8);
INSERT INTO PlantedIn (bedID, plantID, percentage, staffID) VALUES (148, 2347, 1, 43);
INSERT INTO PlantedIn (bedID, plantID, percentage, staffID) VALUES (388, 2457, 4, 189);
INSERT INTO PlantedIn (bedID, plantID, percentage, staffID) VALUES (272, 2021, 4, 124);
INSERT INTO PlantedIn (bedID, plantID, percentage, staffID) VALUES (301, 2266, 2, 17);
INSERT INTO PlantedIn (bedID, plantID, percentage, staffID) VALUES (289, 3299, 3, 52);
INSERT INTO PlantedIn (bedID, plantID, percentage, staffID) VALUES (14, 1384, 1, 39);
INSERT INTO PlantedIn (bedID, plantID, percentage, staffID) VALUES (254, 877, 4, 122);
INSERT INTO PlantedIn (bedID, plantID, percentage, staffID) VALUES (395, 3106, 3, 15);
INSERT INTO PlantedIn (bedID, plantID, percentage, staffID) VALUES (208, 3836, 1, 98);
INSERT INTO PlantedIn (bedID, plantID, percentage, staffID) VALUES (318, 190, 2, 126);
INSERT INTO PlantedIn (bedID, plantID, percentage, staffID) VALUES (10, 2295, 3, 24);
INSERT INTO PlantedIn (bedID, plantID, percentage, staffID) VALUES (346, 1338, 2, 119);
INSERT INTO PlantedIn (bedID, plantID, percentage, staffID) VALUES (271, 696, 2, 24);
INSERT INTO PlantedIn (bedID, plantID, percentage, staffID) VALUES (466, 712, 2, 13);
INSERT INTO PlantedIn (bedID, plantID, percentage, staffID) VALUES (84, 2076, 3, 89);
INSERT INTO PlantedIn (bedID, plantID, percentage, staffID) VALUES (294, 1554, 2, 172);
INSERT INTO PlantedIn (bedID, plantID, percentage, staffID) VALUES (214, 1762, 2, 148);
INSERT INTO PlantedIn (bedID, plantID, percentage, staffID) VALUES (24, 3255, 2, 21);
INSERT INTO PlantedIn (bedID, plantID, percentage, staffID) VALUES (287, 2144, 1, 43);
INSERT INTO PlantedIn (bedID, plantID, percentage, staffID) VALUES (348, 1260, 3, 120);
INSERT INTO PlantedIn (bedID, plantID, percentage, staffID) VALUES (242, 2492, 3, 29);
INSERT INTO PlantedIn (bedID, plantID, percentage, staffID) VALUES (86, 2228, 4, 78);
INSERT INTO PlantedIn (bedID, plantID, percentage, staffID) VALUES (463, 848, 2, 20);
INSERT INTO PlantedIn (bedID, plantID, percentage, staffID) VALUES (320, 3168, 3, 184);
INSERT INTO PlantedIn (bedID, plantID, percentage, staffID) VALUES (313, 9, 4, 46);
INSERT INTO PlantedIn (bedID, plantID, percentage, staffID) VALUES (125, 745, 4, 168);
INSERT INTO PlantedIn (bedID, plantID, percentage, staffID) VALUES (354, 118, 2, 10);
INSERT INTO PlantedIn (bedID, plantID, percentage, staffID) VALUES (169, 2447, 4, 41);
INSERT INTO PlantedIn (bedID, plantID, percentage, staffID) VALUES (132, 1315, 2, 113);
INSERT INTO PlantedIn (bedID, plantID, percentage, staffID) VALUES (434, 3594, 4, 54);
INSERT INTO PlantedIn (bedID, plantID, percentage, staffID) VALUES (71, 1379, 4, 67);
INSERT INTO PlantedIn (bedID, plantID, percentage, staffID) VALUES (84, 867, 4, 112);
INSERT INTO PlantedIn (bedID, plantID, percentage, staffID) VALUES (108, 2975, 2, 146);
INSERT INTO PlantedIn (bedID, plantID, percentage, staffID) VALUES (456, 2061, 3, 73);
INSERT INTO PlantedIn (bedID, plantID, percentage, staffID) VALUES (267, 1565, 4, 39);
INSERT INTO PlantedIn (bedID, plantID, percentage, staffID) VALUES (18, 1510, 2, 161);
INSERT INTO PlantedIn (bedID, plantID, percentage, staffID) VALUES (346, 1307, 3, 158);
INSERT INTO PlantedIn (bedID, plantID, percentage, staffID) VALUES (127, 139, 2, 111);
INSERT INTO PlantedIn (bedID, plantID, percentage, staffID) VALUES (186, 3345, 3, 50);
INSERT INTO PlantedIn (bedID, plantID, percentage, staffID) VALUES (43, 3051, 2, 83);
INSERT INTO PlantedIn (bedID, plantID, percentage, staffID) VALUES (265, 462, 3, 165);
INSERT INTO PlantedIn (bedID, plantID, percentage, staffID) VALUES (309, 627, 1, 48);
INSERT INTO PlantedIn (bedID, plantID, percentage, staffID) VALUES (269, 1630, 3, 28);
INSERT INTO PlantedIn (bedID, plantID, percentage, staffID) VALUES (385, 3562, 3, 188);
INSERT INTO PlantedIn (bedID, plantID, percentage, staffID) VALUES (123, 2681, 3, 39);
INSERT INTO PlantedIn (bedID, plantID, percentage, staffID) VALUES (346, 2827, 1, 193);
INSERT INTO PlantedIn (bedID, plantID, percentage, staffID) VALUES (283, 715, 3, 141);
INSERT INTO PlantedIn (bedID, plantID, percentage, staffID) VALUES (461, 374, 3, 1);
INSERT INTO PlantedIn (bedID, plantID, percentage, staffID) VALUES (103, 3119, 4, 12);
INSERT INTO PlantedIn (bedID, plantID, percentage, staffID) VALUES (459, 1102, 3, 18);
INSERT INTO PlantedIn (bedID, plantID, percentage, staffID) VALUES (335, 852, 3, 29);
INSERT INTO PlantedIn (bedID, plantID, percentage, staffID) VALUES (68, 232, 2, 13);
INSERT INTO PlantedIn (bedID, plantID, percentage, staffID) VALUES (357, 972, 2, 190);
INSERT INTO PlantedIn (bedID, plantID, percentage, staffID) VALUES (465, 3372, 3, 124);
INSERT INTO PlantedIn (bedID, plantID, percentage, staffID) VALUES (28, 1143, 1, 55);
INSERT INTO PlantedIn (bedID, plantID, percentage, staffID) VALUES (186, 1034, 3, 116);
INSERT INTO PlantedIn (bedID, plantID, percentage, staffID) VALUES (36, 2392, 1, 98);
INSERT INTO PlantedIn (bedID, plantID, percentage, staffID) VALUES (428, 2171, 3, 119);
INSERT INTO PlantedIn (bedID, plantID, percentage, staffID) VALUES (370, 2781, 4, 27);
INSERT INTO PlantedIn (bedID, plantID, percentage, staffID) VALUES (369, 738, 3, 67);
INSERT INTO PlantedIn (bedID, plantID, percentage, staffID) VALUES (210, 978, 2, 4);
INSERT INTO PlantedIn (bedID, plantID, percentage, staffID) VALUES (60, 2401, 1, 1);
INSERT INTO PlantedIn (bedID, plantID, percentage, staffID) VALUES (434, 1041, 2, 44);
INSERT INTO PlantedIn (bedID, plantID, percentage, staffID) VALUES (254, 3007, 3, 188);
INSERT INTO PlantedIn (bedID, plantID, percentage, staffID) VALUES (188, 1525, 2, 134);
INSERT INTO PlantedIn (bedID, plantID, percentage, staffID) VALUES (453, 901, 3, 186);
INSERT INTO PlantedIn (bedID, plantID, percentage, staffID) VALUES (451, 155, 3, 135);
INSERT INTO PlantedIn (bedID, plantID, percentage, staffID) VALUES (110, 3810, 3, 55);
INSERT INTO PlantedIn (bedID, plantID, percentage, staffID) VALUES (113, 1086, 2, 20);
INSERT INTO PlantedIn (bedID, plantID, percentage, staffID) VALUES (427, 393, 4, 112);
INSERT INTO PlantedIn (bedID, plantID, percentage, staffID) VALUES (176, 2937, 4, 27);
INSERT INTO PlantedIn (bedID, plantID, percentage, staffID) VALUES (255, 176, 4, 106);
INSERT INTO PlantedIn (bedID, plantID, percentage, staffID) VALUES (208, 665, 2, 48);
INSERT INTO PlantedIn (bedID, plantID, percentage, staffID) VALUES (192, 562, 2, 28);
INSERT INTO PlantedIn (bedID, plantID, percentage, staffID) VALUES (88, 3070, 2, 19);
INSERT INTO PlantedIn (bedID, plantID, percentage, staffID) VALUES (369, 1370, 1, 19);
INSERT INTO PlantedIn (bedID, plantID, percentage, staffID) VALUES (301, 721, 3, 78);
INSERT INTO PlantedIn (bedID, plantID, percentage, staffID) VALUES (137, 3587, 3, 73);
INSERT INTO PlantedIn (bedID, plantID, percentage, staffID) VALUES (326, 1872, 1, 116);
INSERT INTO PlantedIn (bedID, plantID, percentage, staffID) VALUES (122, 1524, 3, 75);
INSERT INTO PlantedIn (bedID, plantID, percentage, staffID) VALUES (256, 1925, 3, 4);
INSERT INTO PlantedIn (bedID, plantID, percentage, staffID) VALUES (139, 419, 1, 29);
INSERT INTO PlantedIn (bedID, plantID, percentage, staffID) VALUES (219, 887, 1, 19);
INSERT INTO PlantedIn (bedID, plantID, percentage, staffID) VALUES (197, 1825, 3, 130);
INSERT INTO PlantedIn (bedID, plantID, percentage, staffID) VALUES (190, 3834, 1, 74);
INSERT INTO PlantedIn (bedID, plantID, percentage, staffID) VALUES (226, 3587, 1, 64);
INSERT INTO PlantedIn (bedID, plantID, percentage, staffID) VALUES (410, 1314, 2, 190);
INSERT INTO PlantedIn (bedID, plantID, percentage, staffID) VALUES (397, 3662, 1, 27);
INSERT INTO PlantedIn (bedID, plantID, percentage, staffID) VALUES (27, 1047, 3, 42);
INSERT INTO PlantedIn (bedID, plantID, percentage, staffID) VALUES (237, 1128, 4, 126);
INSERT INTO PlantedIn (bedID, plantID, percentage, staffID) VALUES (362, 973, 1, 127);
INSERT INTO PlantedIn (bedID, plantID, percentage, staffID) VALUES (116, 3793, 3, 52);
INSERT INTO PlantedIn (bedID, plantID, percentage, staffID) VALUES (430, 2179, 4, 148);
INSERT INTO PlantedIn (bedID, plantID, percentage, staffID) VALUES (17, 2707, 4, 39);
INSERT INTO PlantedIn (bedID, plantID, percentage, staffID) VALUES (19, 453, 4, 63);
INSERT INTO PlantedIn (bedID, plantID, percentage, staffID) VALUES (31, 1693, 1, 2);
INSERT INTO PlantedIn (bedID, plantID, percentage, staffID) VALUES (336, 809, 1, 131);
INSERT INTO PlantedIn (bedID, plantID, percentage, staffID) VALUES (238, 983, 2, 26);
INSERT INTO PlantedIn (bedID, plantID, percentage, staffID) VALUES (240, 2873, 3, 88);
INSERT INTO PlantedIn (bedID, plantID, percentage, staffID) VALUES (343, 2626, 3, 96);
INSERT INTO PlantedIn (bedID, plantID, percentage, staffID) VALUES (116, 752, 2, 114);
INSERT INTO PlantedIn (bedID, plantID, percentage, staffID) VALUES (424, 2870, 4, 37);
INSERT INTO PlantedIn (bedID, plantID, percentage, staffID) VALUES (407, 1890, 4, 166);
INSERT INTO PlantedIn (bedID, plantID, percentage, staffID) VALUES (439, 3169, 3, 9);
INSERT INTO PlantedIn (bedID, plantID, percentage, staffID) VALUES (14, 2635, 3, 173);
INSERT INTO PlantedIn (bedID, plantID, percentage, staffID) VALUES (443, 3743, 2, 163);
INSERT INTO PlantedIn (bedID, plantID, percentage, staffID) VALUES (337, 864, 2, 39);
INSERT INTO PlantedIn (bedID, plantID, percentage, staffID) VALUES (428, 2552, 1, 15);
INSERT INTO PlantedIn (bedID, plantID, percentage, staffID) VALUES (405, 2410, 3, 87);
INSERT INTO PlantedIn (bedID, plantID, percentage, staffID) VALUES (174, 2344, 1, 140);
INSERT INTO PlantedIn (bedID, plantID, percentage, staffID) VALUES (45, 1919, 1, 31);
INSERT INTO PlantedIn (bedID, plantID, percentage, staffID) VALUES (150, 745, 2, 135);
INSERT INTO PlantedIn (bedID, plantID, percentage, staffID) VALUES (414, 1938, 4, 179);
INSERT INTO PlantedIn (bedID, plantID, percentage, staffID) VALUES (223, 2592, 1, 52);
INSERT INTO PlantedIn (bedID, plantID, percentage, staffID) VALUES (423, 1710, 4, 126);
INSERT INTO PlantedIn (bedID, plantID, percentage, staffID) VALUES (49, 2653, 4, 193);
INSERT INTO PlantedIn (bedID, plantID, percentage, staffID) VALUES (147, 1422, 3, 145);
INSERT INTO PlantedIn (bedID, plantID, percentage, staffID) VALUES (461, 1508, 1, 184);
INSERT INTO PlantedIn (bedID, plantID, percentage, staffID) VALUES (420, 193, 1, 19);
INSERT INTO PlantedIn (bedID, plantID, percentage, staffID) VALUES (115, 2893, 1, 112);
INSERT INTO PlantedIn (bedID, plantID, percentage, staffID) VALUES (119, 1638, 3, 189);
INSERT INTO PlantedIn (bedID, plantID, percentage, staffID) VALUES (45, 685, 4, 184);
INSERT INTO PlantedIn (bedID, plantID, percentage, staffID) VALUES (293, 2000, 3, 161);
INSERT INTO PlantedIn (bedID, plantID, percentage, staffID) VALUES (97, 2814, 3, 139);
INSERT INTO PlantedIn (bedID, plantID, percentage, staffID) VALUES (46, 1488, 1, 39);
INSERT INTO PlantedIn (bedID, plantID, percentage, staffID) VALUES (367, 346, 3, 29);
INSERT INTO PlantedIn (bedID, plantID, percentage, staffID) VALUES (66, 889, 2, 177);
INSERT INTO PlantedIn (bedID, plantID, percentage, staffID) VALUES (463, 1593, 1, 102);
INSERT INTO PlantedIn (bedID, plantID, percentage, staffID) VALUES (396, 1638, 4, 194);
INSERT INTO PlantedIn (bedID, plantID, percentage, staffID) VALUES (285, 3279, 1, 188);
INSERT INTO PlantedIn (bedID, plantID, percentage, staffID) VALUES (173, 2719, 3, 193);
INSERT INTO PlantedIn (bedID, plantID, percentage, staffID) VALUES (204, 2398, 3, 17);
INSERT INTO PlantedIn (bedID, plantID, percentage, staffID) VALUES (3, 1048, 4, 122);
INSERT INTO PlantedIn (bedID, plantID, percentage, staffID) VALUES (171, 2842, 2, 91);
INSERT INTO PlantedIn (bedID, plantID, percentage, staffID) VALUES (457, 1181, 4, 180);
INSERT INTO PlantedIn (bedID, plantID, percentage, staffID) VALUES (340, 1463, 3, 36);
INSERT INTO PlantedIn (bedID, plantID, percentage, staffID) VALUES (380, 464, 2, 99);
INSERT INTO PlantedIn (bedID, plantID, percentage, staffID) VALUES (458, 1551, 2, 128);
INSERT INTO PlantedIn (bedID, plantID, percentage, staffID) VALUES (50, 2183, 3, 185);
INSERT INTO PlantedIn (bedID, plantID, percentage, staffID) VALUES (88, 3807, 1, 13);
INSERT INTO PlantedIn (bedID, plantID, percentage, staffID) VALUES (187, 1593, 2, 24);
INSERT INTO PlantedIn (bedID, plantID, percentage, staffID) VALUES (340, 3851, 2, 62);
INSERT INTO PlantedIn (bedID, plantID, percentage, staffID) VALUES (282, 1822, 3, 119);
INSERT INTO PlantedIn (bedID, plantID, percentage, staffID) VALUES (413, 782, 4, 183);
INSERT INTO PlantedIn (bedID, plantID, percentage, staffID) VALUES (363, 3089, 4, 105);
INSERT INTO PlantedIn (bedID, plantID, percentage, staffID) VALUES (371, 2224, 1, 30);
INSERT INTO PlantedIn (bedID, plantID, percentage, staffID) VALUES (111, 438, 3, 134);
INSERT INTO PlantedIn (bedID, plantID, percentage, staffID) VALUES (363, 1124, 1, 139);
INSERT INTO PlantedIn (bedID, plantID, percentage, staffID) VALUES (363, 2575, 2, 65);
INSERT INTO PlantedIn (bedID, plantID, percentage, staffID) VALUES (66, 3470, 1, 189);
INSERT INTO PlantedIn (bedID, plantID, percentage, staffID) VALUES (294, 1934, 2, 168);
INSERT INTO PlantedIn (bedID, plantID, percentage, staffID) VALUES (36, 3718, 2, 91);
INSERT INTO PlantedIn (bedID, plantID, percentage, staffID) VALUES (36, 384, 3, 192);
INSERT INTO PlantedIn (bedID, plantID, percentage, staffID) VALUES (412, 3576, 3, 173);
INSERT INTO PlantedIn (bedID, plantID, percentage, staffID) VALUES (103, 2016, 4, 159);
INSERT INTO PlantedIn (bedID, plantID, percentage, staffID) VALUES (89, 376, 2, 71);
INSERT INTO PlantedIn (bedID, plantID, percentage, staffID) VALUES (471, 1035, 1, 69);
INSERT INTO PlantedIn (bedID, plantID, percentage, staffID) VALUES (390, 3018, 4, 23);
INSERT INTO PlantedIn (bedID, plantID, percentage, staffID) VALUES (352, 2149, 4, 43);
INSERT INTO PlantedIn (bedID, plantID, percentage, staffID) VALUES (310, 561, 3, 86);
INSERT INTO PlantedIn (bedID, plantID, percentage, staffID) VALUES (34, 1013, 2, 34);
INSERT INTO PlantedIn (bedID, plantID, percentage, staffID) VALUES (371, 3638, 4, 55);
INSERT INTO PlantedIn (bedID, plantID, percentage, staffID) VALUES (19, 2363, 1, 61);
INSERT INTO PlantedIn (bedID, plantID, percentage, staffID) VALUES (416, 2440, 4, 27);
INSERT INTO PlantedIn (bedID, plantID, percentage, staffID) VALUES (452, 345, 4, 138);
INSERT INTO PlantedIn (bedID, plantID, percentage, staffID) VALUES (412, 3047, 3, 138);
INSERT INTO PlantedIn (bedID, plantID, percentage, staffID) VALUES (163, 3412, 4, 88);
INSERT INTO PlantedIn (bedID, plantID, percentage, staffID) VALUES (14, 3281, 1, 107);
INSERT INTO PlantedIn (bedID, plantID, percentage, staffID) VALUES (53, 2654, 4, 79);
INSERT INTO PlantedIn (bedID, plantID, percentage, staffID) VALUES (297, 2522, 3, 177);
INSERT INTO PlantedIn (bedID, plantID, percentage, staffID) VALUES (125, 623, 1, 143);
INSERT INTO PlantedIn (bedID, plantID, percentage, staffID) VALUES (375, 3198, 3, 23);
INSERT INTO PlantedIn (bedID, plantID, percentage, staffID) VALUES (434, 3037, 4, 107);
INSERT INTO PlantedIn (bedID, plantID, percentage, staffID) VALUES (272, 767, 4, 82);
INSERT INTO PlantedIn (bedID, plantID, percentage, staffID) VALUES (39, 3205, 1, 188);
INSERT INTO PlantedIn (bedID, plantID, percentage, staffID) VALUES (321, 1706, 4, 43);
INSERT INTO PlantedIn (bedID, plantID, percentage, staffID) VALUES (61, 2285, 4, 140);
INSERT INTO PlantedIn (bedID, plantID, percentage, staffID) VALUES (116, 2118, 3, 87);
INSERT INTO PlantedIn (bedID, plantID, percentage, staffID) VALUES (336, 468, 3, 133);
INSERT INTO PlantedIn (bedID, plantID, percentage, staffID) VALUES (449, 2936, 4, 51);
INSERT INTO PlantedIn (bedID, plantID, percentage, staffID) VALUES (258, 2979, 1, 133);
INSERT INTO PlantedIn (bedID, plantID, percentage, staffID) VALUES (459, 192, 1, 8);
INSERT INTO PlantedIn (bedID, plantID, percentage, staffID) VALUES (188, 1413, 3, 71);
INSERT INTO PlantedIn (bedID, plantID, percentage, staffID) VALUES (453, 110, 1, 57);
INSERT INTO PlantedIn (bedID, plantID, percentage, staffID) VALUES (273, 2708, 2, 145);
INSERT INTO PlantedIn (bedID, plantID, percentage, staffID) VALUES (389, 1379, 4, 161);
INSERT INTO PlantedIn (bedID, plantID, percentage, staffID) VALUES (55, 131, 3, 130);
INSERT INTO PlantedIn (bedID, plantID, percentage, staffID) VALUES (381, 1103, 4, 160);
INSERT INTO PlantedIn (bedID, plantID, percentage, staffID) VALUES (159, 3162, 1, 168);
INSERT INTO PlantedIn (bedID, plantID, percentage, staffID) VALUES (366, 3794, 1, 158);
INSERT INTO PlantedIn (bedID, plantID, percentage, staffID) VALUES (165, 448, 2, 142);
INSERT INTO PlantedIn (bedID, plantID, percentage, staffID) VALUES (69, 3752, 3, 103);
INSERT INTO PlantedIn (bedID, plantID, percentage, staffID) VALUES (318, 814, 2, 2);
INSERT INTO PlantedIn (bedID, plantID, percentage, staffID) VALUES (269, 3060, 3, 54);
INSERT INTO PlantedIn (bedID, plantID, percentage, staffID) VALUES (391, 3468, 3, 71);
INSERT INTO PlantedIn (bedID, plantID, percentage, staffID) VALUES (87, 485, 3, 83);
INSERT INTO PlantedIn (bedID, plantID, percentage, staffID) VALUES (447, 872, 3, 150);
INSERT INTO PlantedIn (bedID, plantID, percentage, staffID) VALUES (98, 1937, 3, 181);
INSERT INTO PlantedIn (bedID, plantID, percentage, staffID) VALUES (292, 2227, 4, 176);
INSERT INTO PlantedIn (bedID, plantID, percentage, staffID) VALUES (259, 1398, 1, 99);
INSERT INTO PlantedIn (bedID, plantID, percentage, staffID) VALUES (271, 1880, 1, 146);
INSERT INTO PlantedIn (bedID, plantID, percentage, staffID) VALUES (132, 3765, 1, 168);
INSERT INTO PlantedIn (bedID, plantID, percentage, staffID) VALUES (413, 647, 1, 150);
INSERT INTO PlantedIn (bedID, plantID, percentage, staffID) VALUES (139, 523, 1, 117);
INSERT INTO PlantedIn (bedID, plantID, percentage, staffID) VALUES (380, 3234, 2, 25);
INSERT INTO PlantedIn (bedID, plantID, percentage, staffID) VALUES (196, 3789, 4, 37);
INSERT INTO PlantedIn (bedID, plantID, percentage, staffID) VALUES (162, 2557, 4, 37);
INSERT INTO PlantedIn (bedID, plantID, percentage, staffID) VALUES (70, 3437, 2, 11);
INSERT INTO PlantedIn (bedID, plantID, percentage, staffID) VALUES (409, 3384, 3, 108);
INSERT INTO PlantedIn (bedID, plantID, percentage, staffID) VALUES (21, 1012, 2, 161);
INSERT INTO PlantedIn (bedID, plantID, percentage, staffID) VALUES (188, 1385, 4, 117);
INSERT INTO PlantedIn (bedID, plantID, percentage, staffID) VALUES (313, 2023, 2, 67);
INSERT INTO PlantedIn (bedID, plantID, percentage, staffID) VALUES (171, 1731, 4, 180);
INSERT INTO PlantedIn (bedID, plantID, percentage, staffID) VALUES (203, 243, 4, 150);
INSERT INTO PlantedIn (bedID, plantID, percentage, staffID) VALUES (343, 3518, 4, 140);
INSERT INTO PlantedIn (bedID, plantID, percentage, staffID) VALUES (379, 2845, 3, 61);
INSERT INTO PlantedIn (bedID, plantID, percentage, staffID) VALUES (290, 3197, 3, 81);
INSERT INTO PlantedIn (bedID, plantID, percentage, staffID) VALUES (257, 2167, 1, 50);
INSERT INTO PlantedIn (bedID, plantID, percentage, staffID) VALUES (40, 2199, 2, 136);
INSERT INTO PlantedIn (bedID, plantID, percentage, staffID) VALUES (8, 2113, 2, 45);
INSERT INTO PlantedIn (bedID, plantID, percentage, staffID) VALUES (289, 3667, 2, 44);
INSERT INTO PlantedIn (bedID, plantID, percentage, staffID) VALUES (407, 3466, 3, 42);
INSERT INTO PlantedIn (bedID, plantID, percentage, staffID) VALUES (300, 1947, 1, 66);
INSERT INTO PlantedIn (bedID, plantID, percentage, staffID) VALUES (157, 2769, 2, 184);
INSERT INTO PlantedIn (bedID, plantID, percentage, staffID) VALUES (426, 3431, 2, 185);
INSERT INTO PlantedIn (bedID, plantID, percentage, staffID) VALUES (212, 575, 3, 132);
INSERT INTO PlantedIn (bedID, plantID, percentage, staffID) VALUES (405, 743, 2, 37);
INSERT INTO PlantedIn (bedID, plantID, percentage, staffID) VALUES (67, 1514, 4, 163);
INSERT INTO PlantedIn (bedID, plantID, percentage, staffID) VALUES (137, 11, 4, 135);
INSERT INTO PlantedIn (bedID, plantID, percentage, staffID) VALUES (240, 3778, 4, 34);
INSERT INTO PlantedIn (bedID, plantID, percentage, staffID) VALUES (329, 246, 3, 53);
INSERT INTO PlantedIn (bedID, plantID, percentage, staffID) VALUES (450, 628, 2, 8);
INSERT INTO PlantedIn (bedID, plantID, percentage, staffID) VALUES (148, 2624, 1, 190);
INSERT INTO PlantedIn (bedID, plantID, percentage, staffID) VALUES (467, 3506, 4, 156);
INSERT INTO PlantedIn (bedID, plantID, percentage, staffID) VALUES (47, 3635, 1, 63);
INSERT INTO PlantedIn (bedID, plantID, percentage, staffID) VALUES (158, 395, 3, 49);
INSERT INTO PlantedIn (bedID, plantID, percentage, staffID) VALUES (50, 3467, 3, 111);
INSERT INTO PlantedIn (bedID, plantID, percentage, staffID) VALUES (414, 2730, 3, 92);
INSERT INTO PlantedIn (bedID, plantID, percentage, staffID) VALUES (411, 761, 1, 25);
INSERT INTO PlantedIn (bedID, plantID, percentage, staffID) VALUES (415, 198, 4, 43);
INSERT INTO PlantedIn (bedID, plantID, percentage, staffID) VALUES (454, 3748, 1, 144);
INSERT INTO PlantedIn (bedID, plantID, percentage, staffID) VALUES (431, 33, 1, 61);
INSERT INTO PlantedIn (bedID, plantID, percentage, staffID) VALUES (53, 2075, 1, 176);
INSERT INTO PlantedIn (bedID, plantID, percentage, staffID) VALUES (206, 1560, 2, 169);
INSERT INTO PlantedIn (bedID, plantID, percentage, staffID) VALUES (52, 1062, 4, 179);
INSERT INTO PlantedIn (bedID, plantID, percentage, staffID) VALUES (464, 146, 4, 123);
INSERT INTO PlantedIn (bedID, plantID, percentage, staffID) VALUES (111, 2783, 1, 6);
INSERT INTO PlantedIn (bedID, plantID, percentage, staffID) VALUES (97, 2613, 1, 161);
INSERT INTO PlantedIn (bedID, plantID, percentage, staffID) VALUES (324, 323, 4, 73);
INSERT INTO PlantedIn (bedID, plantID, percentage, staffID) VALUES (294, 846, 1, 3);
INSERT INTO PlantedIn (bedID, plantID, percentage, staffID) VALUES (295, 3232, 3, 74);
INSERT INTO PlantedIn (bedID, plantID, percentage, staffID) VALUES (53, 921, 1, 125);
INSERT INTO PlantedIn (bedID, plantID, percentage, staffID) VALUES (131, 816, 3, 192);
INSERT INTO PlantedIn (bedID, plantID, percentage, staffID) VALUES (441, 3735, 3, 127);
INSERT INTO PlantedIn (bedID, plantID, percentage, staffID) VALUES (95, 2291, 2, 88);
INSERT INTO PlantedIn (bedID, plantID, percentage, staffID) VALUES (128, 838, 4, 106);
INSERT INTO PlantedIn (bedID, plantID, percentage, staffID) VALUES (143, 3382, 4, 153);
INSERT INTO PlantedIn (bedID, plantID, percentage, staffID) VALUES (281, 1302, 3, 92);
INSERT INTO PlantedIn (bedID, plantID, percentage, staffID) VALUES (272, 226, 4, 163);
INSERT INTO PlantedIn (bedID, plantID, percentage, staffID) VALUES (128, 2842, 1, 74);
INSERT INTO PlantedIn (bedID, plantID, percentage, staffID) VALUES (332, 3793, 4, 184);
INSERT INTO PlantedIn (bedID, plantID, percentage, staffID) VALUES (272, 1284, 4, 63);
INSERT INTO PlantedIn (bedID, plantID, percentage, staffID) VALUES (260, 3188, 4, 163);
INSERT INTO PlantedIn (bedID, plantID, percentage, staffID) VALUES (331, 2099, 4, 158);
INSERT INTO PlantedIn (bedID, plantID, percentage, staffID) VALUES (143, 2877, 4, 104);
INSERT INTO PlantedIn (bedID, plantID, percentage, staffID) VALUES (39, 3696, 3, 123);
INSERT INTO PlantedIn (bedID, plantID, percentage, staffID) VALUES (7, 1528, 2, 104);
INSERT INTO PlantedIn (bedID, plantID, percentage, staffID) VALUES (62, 3355, 4, 99);
INSERT INTO PlantedIn (bedID, plantID, percentage, staffID) VALUES (402, 1488, 2, 150);
INSERT INTO PlantedIn (bedID, plantID, percentage, staffID) VALUES (340, 153, 2, 55);
INSERT INTO PlantedIn (bedID, plantID, percentage, staffID) VALUES (409, 236, 3, 24);
INSERT INTO PlantedIn (bedID, plantID, percentage, staffID) VALUES (286, 3419, 4, 73);
INSERT INTO PlantedIn (bedID, plantID, percentage, staffID) VALUES (298, 3346, 3, 164);
INSERT INTO PlantedIn (bedID, plantID, percentage, staffID) VALUES (389, 1540, 4, 75);
INSERT INTO PlantedIn (bedID, plantID, percentage, staffID) VALUES (376, 3374, 4, 25);
INSERT INTO PlantedIn (bedID, plantID, percentage, staffID) VALUES (351, 2331, 3, 155);
INSERT INTO PlantedIn (bedID, plantID, percentage, staffID) VALUES (468, 1888, 3, 3);
INSERT INTO PlantedIn (bedID, plantID, percentage, staffID) VALUES (459, 1208, 3, 173);
INSERT INTO PlantedIn (bedID, plantID, percentage, staffID) VALUES (85, 2501, 4, 64);
INSERT INTO PlantedIn (bedID, plantID, percentage, staffID) VALUES (22, 2608, 4, 171);
INSERT INTO PlantedIn (bedID, plantID, percentage, staffID) VALUES (259, 3694, 2, 156);
INSERT INTO PlantedIn (bedID, plantID, percentage, staffID) VALUES (265, 2002, 3, 180);
INSERT INTO PlantedIn (bedID, plantID, percentage, staffID) VALUES (3, 3445, 3, 52);
INSERT INTO PlantedIn (bedID, plantID, percentage, staffID) VALUES (81, 859, 3, 189);
INSERT INTO PlantedIn (bedID, plantID, percentage, staffID) VALUES (146, 3406, 2, 93);
INSERT INTO PlantedIn (bedID, plantID, percentage, staffID) VALUES (92, 1163, 2, 179);
INSERT INTO PlantedIn (bedID, plantID, percentage, staffID) VALUES (449, 719, 4, 76);
INSERT INTO PlantedIn (bedID, plantID, percentage, staffID) VALUES (408, 802, 2, 170);
INSERT INTO PlantedIn (bedID, plantID, percentage, staffID) VALUES (78, 2298, 3, 143);
INSERT INTO PlantedIn (bedID, plantID, percentage, staffID) VALUES (54, 2221, 1, 55);
INSERT INTO PlantedIn (bedID, plantID, percentage, staffID) VALUES (221, 2009, 3, 134);
INSERT INTO PlantedIn (bedID, plantID, percentage, staffID) VALUES (351, 2234, 1, 30);
INSERT INTO PlantedIn (bedID, plantID, percentage, staffID) VALUES (218, 2312, 3, 67);
INSERT INTO PlantedIn (bedID, plantID, percentage, staffID) VALUES (426, 789, 4, 5);
INSERT INTO PlantedIn (bedID, plantID, percentage, staffID) VALUES (185, 1531, 2, 172);
INSERT INTO PlantedIn (bedID, plantID, percentage, staffID) VALUES (286, 2596, 4, 135);
INSERT INTO PlantedIn (bedID, plantID, percentage, staffID) VALUES (126, 1373, 2, 100);
INSERT INTO PlantedIn (bedID, plantID, percentage, staffID) VALUES (440, 2924, 2, 102);
INSERT INTO PlantedIn (bedID, plantID, percentage, staffID) VALUES (131, 575, 1, 7);
INSERT INTO PlantedIn (bedID, plantID, percentage, staffID) VALUES (344, 682, 1, 14);
INSERT INTO PlantedIn (bedID, plantID, percentage, staffID) VALUES (367, 1523, 3, 172);
INSERT INTO PlantedIn (bedID, plantID, percentage, staffID) VALUES (283, 3335, 4, 106);
INSERT INTO PlantedIn (bedID, plantID, percentage, staffID) VALUES (123, 1387, 4, 49);
INSERT INTO PlantedIn (bedID, plantID, percentage, staffID) VALUES (15, 3469, 2, 129);
INSERT INTO PlantedIn (bedID, plantID, percentage, staffID) VALUES (120, 452, 1, 138);
INSERT INTO PlantedIn (bedID, plantID, percentage, staffID) VALUES (413, 660, 1, 118);
INSERT INTO PlantedIn (bedID, plantID, percentage, staffID) VALUES (152, 2352, 1, 34);
INSERT INTO PlantedIn (bedID, plantID, percentage, staffID) VALUES (372, 903, 3, 48);
INSERT INTO PlantedIn (bedID, plantID, percentage, staffID) VALUES (297, 272, 1, 48);
INSERT INTO PlantedIn (bedID, plantID, percentage, staffID) VALUES (442, 2904, 1, 44);
INSERT INTO PlantedIn (bedID, plantID, percentage, staffID) VALUES (53, 1749, 1, 11);
INSERT INTO PlantedIn (bedID, plantID, percentage, staffID) VALUES (166, 2638, 3, 90);
INSERT INTO PlantedIn (bedID, plantID, percentage, staffID) VALUES (378, 429, 3, 160);
INSERT INTO PlantedIn (bedID, plantID, percentage, staffID) VALUES (134, 1396, 3, 168);
INSERT INTO PlantedIn (bedID, plantID, percentage, staffID) VALUES (459, 3819, 4, 132);
INSERT INTO PlantedIn (bedID, plantID, percentage, staffID) VALUES (105, 3396, 4, 64);
INSERT INTO PlantedIn (bedID, plantID, percentage, staffID) VALUES (449, 2107, 4, 16);
INSERT INTO PlantedIn (bedID, plantID, percentage, staffID) VALUES (141, 1114, 2, 15);
INSERT INTO PlantedIn (bedID, plantID, percentage, staffID) VALUES (351, 491, 1, 112);
INSERT INTO PlantedIn (bedID, plantID, percentage, staffID) VALUES (383, 3802, 3, 142);
INSERT INTO PlantedIn (bedID, plantID, percentage, staffID) VALUES (45, 1839, 2, 58);
INSERT INTO PlantedIn (bedID, plantID, percentage, staffID) VALUES (43, 2411, 2, 115);
INSERT INTO PlantedIn (bedID, plantID, percentage, staffID) VALUES (198, 905, 3, 68);
INSERT INTO PlantedIn (bedID, plantID, percentage, staffID) VALUES (247, 1567, 2, 25);
INSERT INTO PlantedIn (bedID, plantID, percentage, staffID) VALUES (252, 2582, 2, 72);
INSERT INTO PlantedIn (bedID, plantID, percentage, staffID) VALUES (309, 171, 3, 194);
INSERT INTO PlantedIn (bedID, plantID, percentage, staffID) VALUES (246, 891, 2, 25);
INSERT INTO PlantedIn (bedID, plantID, percentage, staffID) VALUES (158, 383, 2, 34);
INSERT INTO PlantedIn (bedID, plantID, percentage, staffID) VALUES (342, 2794, 1, 150);
INSERT INTO PlantedIn (bedID, plantID, percentage, staffID) VALUES (282, 3448, 1, 138);
INSERT INTO PlantedIn (bedID, plantID, percentage, staffID) VALUES (60, 29, 3, 149);
INSERT INTO PlantedIn (bedID, plantID, percentage, staffID) VALUES (196, 3285, 4, 186);
INSERT INTO PlantedIn (bedID, plantID, percentage, staffID) VALUES (245, 1016, 1, 59);
INSERT INTO PlantedIn (bedID, plantID, percentage, staffID) VALUES (146, 916, 4, 187);
INSERT INTO PlantedIn (bedID, plantID, percentage, staffID) VALUES (222, 145, 4, 38);
INSERT INTO PlantedIn (bedID, plantID, percentage, staffID) VALUES (65, 1339, 4, 46);
INSERT INTO PlantedIn (bedID, plantID, percentage, staffID) VALUES (400, 2933, 4, 139);
INSERT INTO PlantedIn (bedID, plantID, percentage, staffID) VALUES (363, 1577, 1, 127);
INSERT INTO PlantedIn (bedID, plantID, percentage, staffID) VALUES (122, 2050, 4, 26);
INSERT INTO PlantedIn (bedID, plantID, percentage, staffID) VALUES (376, 1590, 1, 193);
INSERT INTO PlantedIn (bedID, plantID, percentage, staffID) VALUES (307, 3325, 1, 190);
INSERT INTO PlantedIn (bedID, plantID, percentage, staffID) VALUES (425, 427, 1, 187);
INSERT INTO PlantedIn (bedID, plantID, percentage, staffID) VALUES (217, 527, 3, 183);
INSERT INTO PlantedIn (bedID, plantID, percentage, staffID) VALUES (43, 3774, 4, 39);
INSERT INTO PlantedIn (bedID, plantID, percentage, staffID) VALUES (348, 3364, 3, 186);
INSERT INTO PlantedIn (bedID, plantID, percentage, staffID) VALUES (132, 2037, 3, 139);
INSERT INTO PlantedIn (bedID, plantID, percentage, staffID) VALUES (27, 3112, 4, 64);
INSERT INTO PlantedIn (bedID, plantID, percentage, staffID) VALUES (103, 990, 4, 194);
INSERT INTO PlantedIn (bedID, plantID, percentage, staffID) VALUES (468, 3461, 2, 10);
INSERT INTO PlantedIn (bedID, plantID, percentage, staffID) VALUES (434, 623, 3, 12);
INSERT INTO PlantedIn (bedID, plantID, percentage, staffID) VALUES (15, 3725, 2, 32);
INSERT INTO PlantedIn (bedID, plantID, percentage, staffID) VALUES (232, 3224, 3, 173);
INSERT INTO PlantedIn (bedID, plantID, percentage, staffID) VALUES (303, 607, 4, 82);
INSERT INTO PlantedIn (bedID, plantID, percentage, staffID) VALUES (196, 1344, 3, 147);
INSERT INTO PlantedIn (bedID, plantID, percentage, staffID) VALUES (107, 2706, 1, 111);
INSERT INTO PlantedIn (bedID, plantID, percentage, staffID) VALUES (282, 2281, 3, 134);
INSERT INTO PlantedIn (bedID, plantID, percentage, staffID) VALUES (251, 2421, 2, 153);
INSERT INTO PlantedIn (bedID, plantID, percentage, staffID) VALUES (373, 3110, 4, 21);
INSERT INTO PlantedIn (bedID, plantID, percentage, staffID) VALUES (364, 978, 2, 27);
INSERT INTO PlantedIn (bedID, plantID, percentage, staffID) VALUES (42, 3763, 3, 165);
INSERT INTO PlantedIn (bedID, plantID, percentage, staffID) VALUES (62, 786, 3, 119);
INSERT INTO PlantedIn (bedID, plantID, percentage, staffID) VALUES (261, 1165, 4, 15);
INSERT INTO PlantedIn (bedID, plantID, percentage, staffID) VALUES (97, 2487, 3, 46);
INSERT INTO PlantedIn (bedID, plantID, percentage, staffID) VALUES (128, 3754, 1, 38);
INSERT INTO PlantedIn (bedID, plantID, percentage, staffID) VALUES (367, 1089, 3, 179);
INSERT INTO PlantedIn (bedID, plantID, percentage, staffID) VALUES (253, 13, 3, 164);
INSERT INTO PlantedIn (bedID, plantID, percentage, staffID) VALUES (462, 2348, 1, 72);
INSERT INTO PlantedIn (bedID, plantID, percentage, staffID) VALUES (384, 3593, 2, 133);
INSERT INTO PlantedIn (bedID, plantID, percentage, staffID) VALUES (110, 2790, 1, 28);
INSERT INTO PlantedIn (bedID, plantID, percentage, staffID) VALUES (160, 479, 3, 170);
INSERT INTO PlantedIn (bedID, plantID, percentage, staffID) VALUES (363, 200, 1, 57);
INSERT INTO PlantedIn (bedID, plantID, percentage, staffID) VALUES (11, 1771, 4, 20);
INSERT INTO PlantedIn (bedID, plantID, percentage, staffID) VALUES (350, 3745, 2, 70);
INSERT INTO PlantedIn (bedID, plantID, percentage, staffID) VALUES (460, 554, 4, 183);
INSERT INTO PlantedIn (bedID, plantID, percentage, staffID) VALUES (356, 945, 3, 12);
INSERT INTO PlantedIn (bedID, plantID, percentage, staffID) VALUES (83, 2725, 2, 189);
INSERT INTO PlantedIn (bedID, plantID, percentage, staffID) VALUES (202, 229, 4, 130);
INSERT INTO PlantedIn (bedID, plantID, percentage, staffID) VALUES (87, 1799, 4, 62);
INSERT INTO PlantedIn (bedID, plantID, percentage, staffID) VALUES (18, 311, 4, 69);
INSERT INTO PlantedIn (bedID, plantID, percentage, staffID) VALUES (24, 2626, 1, 11);
INSERT INTO PlantedIn (bedID, plantID, percentage, staffID) VALUES (91, 95, 2, 28);
INSERT INTO PlantedIn (bedID, plantID, percentage, staffID) VALUES (345, 221, 1, 158);
INSERT INTO PlantedIn (bedID, plantID, percentage, staffID) VALUES (55, 1578, 2, 188);
INSERT INTO PlantedIn (bedID, plantID, percentage, staffID) VALUES (414, 858, 2, 51);
INSERT INTO PlantedIn (bedID, plantID, percentage, staffID) VALUES (379, 912, 4, 190);
INSERT INTO PlantedIn (bedID, plantID, percentage, staffID) VALUES (150, 1036, 2, 126);
INSERT INTO PlantedIn (bedID, plantID, percentage, staffID) VALUES (449, 2575, 4, 79);
INSERT INTO PlantedIn (bedID, plantID, percentage, staffID) VALUES (291, 1374, 4, 70);
INSERT INTO PlantedIn (bedID, plantID, percentage, staffID) VALUES (180, 1845, 1, 36);
INSERT INTO PlantedIn (bedID, plantID, percentage, staffID) VALUES (253, 3647, 3, 55);
INSERT INTO PlantedIn (bedID, plantID, percentage, staffID) VALUES (167, 709, 1, 194);
INSERT INTO PlantedIn (bedID, plantID, percentage, staffID) VALUES (192, 766, 1, 126);
INSERT INTO PlantedIn (bedID, plantID, percentage, staffID) VALUES (206, 2110, 3, 9);
INSERT INTO PlantedIn (bedID, plantID, percentage, staffID) VALUES (385, 2547, 4, 24);
INSERT INTO PlantedIn (bedID, plantID, percentage, staffID) VALUES (154, 1938, 4, 109);
INSERT INTO PlantedIn (bedID, plantID, percentage, staffID) VALUES (406, 3376, 1, 153);
INSERT INTO PlantedIn (bedID, plantID, percentage, staffID) VALUES (166, 3547, 4, 71);
INSERT INTO PlantedIn (bedID, plantID, percentage, staffID) VALUES (408, 2360, 1, 110);
INSERT INTO PlantedIn (bedID, plantID, percentage, staffID) VALUES (376, 1872, 1, 90);
INSERT INTO PlantedIn (bedID, plantID, percentage, staffID) VALUES (323, 207, 1, 83);
INSERT INTO PlantedIn (bedID, plantID, percentage, staffID) VALUES (284, 1736, 2, 177);
INSERT INTO PlantedIn (bedID, plantID, percentage, staffID) VALUES (52, 3792, 2, 36);
INSERT INTO PlantedIn (bedID, plantID, percentage, staffID) VALUES (229, 2724, 2, 76);
INSERT INTO PlantedIn (bedID, plantID, percentage, staffID) VALUES (274, 454, 4, 118);
INSERT INTO PlantedIn (bedID, plantID, percentage, staffID) VALUES (17, 3562, 4, 166);
INSERT INTO PlantedIn (bedID, plantID, percentage, staffID) VALUES (252, 1348, 2, 23);
INSERT INTO PlantedIn (bedID, plantID, percentage, staffID) VALUES (394, 2113, 3, 108);
INSERT INTO PlantedIn (bedID, plantID, percentage, staffID) VALUES (284, 3594, 1, 129);
INSERT INTO PlantedIn (bedID, plantID, percentage, staffID) VALUES (180, 1919, 2, 125);
INSERT INTO PlantedIn (bedID, plantID, percentage, staffID) VALUES (226, 3040, 4, 188);
INSERT INTO PlantedIn (bedID, plantID, percentage, staffID) VALUES (233, 1129, 1, 61);
INSERT INTO PlantedIn (bedID, plantID, percentage, staffID) VALUES (377, 3135, 2, 70);
INSERT INTO PlantedIn (bedID, plantID, percentage, staffID) VALUES (76, 1737, 4, 134);
INSERT INTO PlantedIn (bedID, plantID, percentage, staffID) VALUES (472, 692, 3, 104);
INSERT INTO PlantedIn (bedID, plantID, percentage, staffID) VALUES (52, 533, 2, 163);
INSERT INTO PlantedIn (bedID, plantID, percentage, staffID) VALUES (92, 3456, 3, 15);
INSERT INTO PlantedIn (bedID, plantID, percentage, staffID) VALUES (88, 1431, 3, 154);
INSERT INTO PlantedIn (bedID, plantID, percentage, staffID) VALUES (116, 2908, 1, 9);
INSERT INTO PlantedIn (bedID, plantID, percentage, staffID) VALUES (267, 1468, 3, 76);
INSERT INTO PlantedIn (bedID, plantID, percentage, staffID) VALUES (393, 87, 4, 146);
INSERT INTO PlantedIn (bedID, plantID, percentage, staffID) VALUES (96, 860, 2, 86);
INSERT INTO PlantedIn (bedID, plantID, percentage, staffID) VALUES (171, 836, 4, 163);
INSERT INTO PlantedIn (bedID, plantID, percentage, staffID) VALUES (296, 2984, 4, 22);
INSERT INTO PlantedIn (bedID, plantID, percentage, staffID) VALUES (316, 686, 4, 103);
INSERT INTO PlantedIn (bedID, plantID, percentage, staffID) VALUES (259, 1000, 4, 92);
INSERT INTO PlantedIn (bedID, plantID, percentage, staffID) VALUES (6, 1881, 3, 170);
INSERT INTO PlantedIn (bedID, plantID, percentage, staffID) VALUES (410, 777, 3, 61);
INSERT INTO PlantedIn (bedID, plantID, percentage, staffID) VALUES (106, 48, 2, 107);
INSERT INTO PlantedIn (bedID, plantID, percentage, staffID) VALUES (111, 3636, 3, 150);
INSERT INTO PlantedIn (bedID, plantID, percentage, staffID) VALUES (75, 2059, 4, 121);
INSERT INTO PlantedIn (bedID, plantID, percentage, staffID) VALUES (145, 2688, 4, 123);
INSERT INTO PlantedIn (bedID, plantID, percentage, staffID) VALUES (413, 399, 2, 168);
INSERT INTO PlantedIn (bedID, plantID, percentage, staffID) VALUES (172, 1042, 2, 44);
INSERT INTO PlantedIn (bedID, plantID, percentage, staffID) VALUES (358, 173, 3, 194);
INSERT INTO PlantedIn (bedID, plantID, percentage, staffID) VALUES (117, 943, 2, 65);
INSERT INTO PlantedIn (bedID, plantID, percentage, staffID) VALUES (122, 3237, 2, 183);
INSERT INTO PlantedIn (bedID, plantID, percentage, staffID) VALUES (369, 2430, 4, 18);
INSERT INTO PlantedIn (bedID, plantID, percentage, staffID) VALUES (77, 2608, 2, 146);
INSERT INTO PlantedIn (bedID, plantID, percentage, staffID) VALUES (175, 1217, 1, 89);
INSERT INTO PlantedIn (bedID, plantID, percentage, staffID) VALUES (198, 1000, 4, 136);
INSERT INTO PlantedIn (bedID, plantID, percentage, staffID) VALUES (250, 3383, 2, 32);
INSERT INTO PlantedIn (bedID, plantID, percentage, staffID) VALUES (435, 384, 1, 185);
INSERT INTO PlantedIn (bedID, plantID, percentage, staffID) VALUES (163, 868, 3, 130);
INSERT INTO PlantedIn (bedID, plantID, percentage, staffID) VALUES (30, 2040, 4, 19);
INSERT INTO PlantedIn (bedID, plantID, percentage, staffID) VALUES (74, 678, 2, 159);
INSERT INTO PlantedIn (bedID, plantID, percentage, staffID) VALUES (403, 1895, 1, 160);
INSERT INTO PlantedIn (bedID, plantID, percentage, staffID) VALUES (381, 848, 1, 95);
INSERT INTO PlantedIn (bedID, plantID, percentage, staffID) VALUES (227, 485, 1, 1);
INSERT INTO PlantedIn (bedID, plantID, percentage, staffID) VALUES (1, 598, 4, 60);
INSERT INTO PlantedIn (bedID, plantID, percentage, staffID) VALUES (121, 763, 3, 18);
INSERT INTO PlantedIn (bedID, plantID, percentage, staffID) VALUES (200, 2780, 2, 40);
INSERT INTO PlantedIn (bedID, plantID, percentage, staffID) VALUES (117, 1105, 2, 66);
INSERT INTO PlantedIn (bedID, plantID, percentage, staffID) VALUES (219, 379, 2, 147);
INSERT INTO PlantedIn (bedID, plantID, percentage, staffID) VALUES (279, 1947, 2, 109);
INSERT INTO PlantedIn (bedID, plantID, percentage, staffID) VALUES (342, 3840, 1, 126);
INSERT INTO PlantedIn (bedID, plantID, percentage, staffID) VALUES (57, 2387, 1, 43);
INSERT INTO PlantedIn (bedID, plantID, percentage, staffID) VALUES (366, 1925, 1, 9);
INSERT INTO PlantedIn (bedID, plantID, percentage, staffID) VALUES (329, 482, 1, 127);
INSERT INTO PlantedIn (bedID, plantID, percentage, staffID) VALUES (400, 3163, 1, 123);
INSERT INTO PlantedIn (bedID, plantID, percentage, staffID) VALUES (50, 3571, 3, 101);
INSERT INTO PlantedIn (bedID, plantID, percentage, staffID) VALUES (11, 828, 3, 179);
INSERT INTO PlantedIn (bedID, plantID, percentage, staffID) VALUES (340, 1573, 2, 1);
INSERT INTO PlantedIn (bedID, plantID, percentage, staffID) VALUES (190, 2388, 3, 131);
INSERT INTO PlantedIn (bedID, plantID, percentage, staffID) VALUES (112, 3282, 1, 131);
INSERT INTO PlantedIn (bedID, plantID, percentage, staffID) VALUES (165, 2620, 1, 7);
INSERT INTO PlantedIn (bedID, plantID, percentage, staffID) VALUES (225, 2936, 3, 151);
INSERT INTO PlantedIn (bedID, plantID, percentage, staffID) VALUES (324, 890, 3, 30);
INSERT INTO PlantedIn (bedID, plantID, percentage, staffID) VALUES (211, 73, 1, 65);
INSERT INTO PlantedIn (bedID, plantID, percentage, staffID) VALUES (202, 1227, 4, 123);
INSERT INTO PlantedIn (bedID, plantID, percentage, staffID) VALUES (443, 946, 1, 71);
INSERT INTO PlantedIn (bedID, plantID, percentage, staffID) VALUES (45, 3801, 2, 37);
INSERT INTO PlantedIn (bedID, plantID, percentage, staffID) VALUES (313, 815, 2, 99);
INSERT INTO PlantedIn (bedID, plantID, percentage, staffID) VALUES (410, 2479, 2, 23);
INSERT INTO PlantedIn (bedID, plantID, percentage, staffID) VALUES (190, 3268, 1, 188);
INSERT INTO PlantedIn (bedID, plantID, percentage, staffID) VALUES (36, 232, 3, 161);
INSERT INTO PlantedIn (bedID, plantID, percentage, staffID) VALUES (38, 403, 3, 140);
INSERT INTO PlantedIn (bedID, plantID, percentage, staffID) VALUES (200, 1101, 2, 68);
INSERT INTO PlantedIn (bedID, plantID, percentage, staffID) VALUES (251, 2610, 3, 108);
INSERT INTO PlantedIn (bedID, plantID, percentage, staffID) VALUES (312, 2724, 2, 13);
INSERT INTO PlantedIn (bedID, plantID, percentage, staffID) VALUES (433, 2110, 4, 160);
INSERT INTO PlantedIn (bedID, plantID, percentage, staffID) VALUES (89, 3445, 3, 25);
INSERT INTO PlantedIn (bedID, plantID, percentage, staffID) VALUES (349, 149, 4, 138);
INSERT INTO PlantedIn (bedID, plantID, percentage, staffID) VALUES (47, 1783, 1, 68);
INSERT INTO PlantedIn (bedID, plantID, percentage, staffID) VALUES (268, 53, 4, 139);
INSERT INTO PlantedIn (bedID, plantID, percentage, staffID) VALUES (142, 45, 4, 71);
INSERT INTO PlantedIn (bedID, plantID, percentage, staffID) VALUES (325, 3364, 2, 93);
INSERT INTO PlantedIn (bedID, plantID, percentage, staffID) VALUES (272, 1989, 2, 136);
INSERT INTO PlantedIn (bedID, plantID, percentage, staffID) VALUES (29, 1727, 1, 56);
INSERT INTO PlantedIn (bedID, plantID, percentage, staffID) VALUES (160, 1518, 1, 171);
INSERT INTO PlantedIn (bedID, plantID, percentage, staffID) VALUES (204, 1962, 3, 181);
INSERT INTO PlantedIn (bedID, plantID, percentage, staffID) VALUES (459, 844, 3, 145);
INSERT INTO PlantedIn (bedID, plantID, percentage, staffID) VALUES (110, 1499, 3, 107);
INSERT INTO PlantedIn (bedID, plantID, percentage, staffID) VALUES (189, 3337, 1, 74);
INSERT INTO PlantedIn (bedID, plantID, percentage, staffID) VALUES (347, 3130, 2, 88);
INSERT INTO PlantedIn (bedID, plantID, percentage, staffID) VALUES (154, 370, 2, 163);
INSERT INTO PlantedIn (bedID, plantID, percentage, staffID) VALUES (257, 273, 4, 129);
INSERT INTO PlantedIn (bedID, plantID, percentage, staffID) VALUES (462, 3252, 4, 87);
INSERT INTO PlantedIn (bedID, plantID, percentage, staffID) VALUES (29, 504, 2, 98);
INSERT INTO PlantedIn (bedID, plantID, percentage, staffID) VALUES (245, 3854, 4, 168);
INSERT INTO PlantedIn (bedID, plantID, percentage, staffID) VALUES (407, 699, 3, 1);
INSERT INTO PlantedIn (bedID, plantID, percentage, staffID) VALUES (469, 1679, 2, 185);
INSERT INTO PlantedIn (bedID, plantID, percentage, staffID) VALUES (251, 2711, 1, 143);
INSERT INTO PlantedIn (bedID, plantID, percentage, staffID) VALUES (378, 3506, 4, 27);
INSERT INTO PlantedIn (bedID, plantID, percentage, staffID) VALUES (354, 2139, 4, 147);
INSERT INTO PlantedIn (bedID, plantID, percentage, staffID) VALUES (324, 747, 1, 21);
INSERT INTO PlantedIn (bedID, plantID, percentage, staffID) VALUES (90, 3563, 1, 25);
INSERT INTO PlantedIn (bedID, plantID, percentage, staffID) VALUES (49, 472, 1, 132);
INSERT INTO PlantedIn (bedID, plantID, percentage, staffID) VALUES (264, 2113, 1, 84);
INSERT INTO PlantedIn (bedID, plantID, percentage, staffID) VALUES (207, 427, 1, 52);
INSERT INTO PlantedIn (bedID, plantID, percentage, staffID) VALUES (9, 1486, 4, 2);
INSERT INTO PlantedIn (bedID, plantID, percentage, staffID) VALUES (444, 2801, 3, 118);
INSERT INTO PlantedIn (bedID, plantID, percentage, staffID) VALUES (435, 2602, 1, 168);
INSERT INTO PlantedIn (bedID, plantID, percentage, staffID) VALUES (31, 3100, 3, 162);
INSERT INTO PlantedIn (bedID, plantID, percentage, staffID) VALUES (165, 764, 3, 144);
INSERT INTO PlantedIn (bedID, plantID, percentage, staffID) VALUES (144, 3340, 3, 126);
INSERT INTO PlantedIn (bedID, plantID, percentage, staffID) VALUES (121, 3805, 1, 155);
INSERT INTO PlantedIn (bedID, plantID, percentage, staffID) VALUES (336, 1281, 3, 167);
INSERT INTO PlantedIn (bedID, plantID, percentage, staffID) VALUES (3, 2463, 3, 150);
INSERT INTO PlantedIn (bedID, plantID, percentage, staffID) VALUES (274, 3448, 3, 61);
INSERT INTO PlantedIn (bedID, plantID, percentage, staffID) VALUES (329, 338, 1, 54);
INSERT INTO PlantedIn (bedID, plantID, percentage, staffID) VALUES (135, 3740, 3, 131);
INSERT INTO PlantedIn (bedID, plantID, percentage, staffID) VALUES (394, 986, 4, 68);
INSERT INTO PlantedIn (bedID, plantID, percentage, staffID) VALUES (60, 1182, 2, 163);
INSERT INTO PlantedIn (bedID, plantID, percentage, staffID) VALUES (138, 2149, 4, 118);
INSERT INTO PlantedIn (bedID, plantID, percentage, staffID) VALUES (420, 1503, 4, 128);
INSERT INTO PlantedIn (bedID, plantID, percentage, staffID) VALUES (13, 1391, 3, 101);
INSERT INTO PlantedIn (bedID, plantID, percentage, staffID) VALUES (120, 3047, 4, 51);
INSERT INTO PlantedIn (bedID, plantID, percentage, staffID) VALUES (225, 2425, 2, 153);
INSERT INTO PlantedIn (bedID, plantID, percentage, staffID) VALUES (418, 304, 1, 24);
INSERT INTO PlantedIn (bedID, plantID, percentage, staffID) VALUES (182, 3523, 3, 80);
INSERT INTO PlantedIn (bedID, plantID, percentage, staffID) VALUES (222, 3727, 2, 138);
INSERT INTO PlantedIn (bedID, plantID, percentage, staffID) VALUES (167, 1156, 2, 51);
INSERT INTO PlantedIn (bedID, plantID, percentage, staffID) VALUES (249, 887, 2, 175);
INSERT INTO PlantedIn (bedID, plantID, percentage, staffID) VALUES (349, 3264, 1, 115);
INSERT INTO PlantedIn (bedID, plantID, percentage, staffID) VALUES (224, 1201, 2, 107);
INSERT INTO PlantedIn (bedID, plantID, percentage, staffID) VALUES (185, 2448, 4, 74);
INSERT INTO PlantedIn (bedID, plantID, percentage, staffID) VALUES (258, 2907, 1, 92);
INSERT INTO PlantedIn (bedID, plantID, percentage, staffID) VALUES (339, 468, 1, 75);
INSERT INTO PlantedIn (bedID, plantID, percentage, staffID) VALUES (199, 2370, 1, 92);
INSERT INTO PlantedIn (bedID, plantID, percentage, staffID) VALUES (313, 3267, 2, 57);
INSERT INTO PlantedIn (bedID, plantID, percentage, staffID) VALUES (327, 3248, 1, 125);
INSERT INTO PlantedIn (bedID, plantID, percentage, staffID) VALUES (72, 506, 3, 106);
INSERT INTO PlantedIn (bedID, plantID, percentage, staffID) VALUES (362, 3393, 2, 64);
INSERT INTO PlantedIn (bedID, plantID, percentage, staffID) VALUES (298, 2941, 2, 66);
INSERT INTO PlantedIn (bedID, plantID, percentage, staffID) VALUES (418, 2655, 2, 85);
INSERT INTO PlantedIn (bedID, plantID, percentage, staffID) VALUES (142, 3338, 3, 78);
INSERT INTO PlantedIn (bedID, plantID, percentage, staffID) VALUES (140, 1429, 4, 108);
INSERT INTO PlantedIn (bedID, plantID, percentage, staffID) VALUES (102, 3116, 4, 73);
INSERT INTO PlantedIn (bedID, plantID, percentage, staffID) VALUES (306, 3728, 4, 14);
INSERT INTO PlantedIn (bedID, plantID, percentage, staffID) VALUES (45, 2246, 4, 69);
INSERT INTO PlantedIn (bedID, plantID, percentage, staffID) VALUES (217, 2513, 1, 35);
INSERT INTO PlantedIn (bedID, plantID, percentage, staffID) VALUES (195, 1886, 2, 89);
INSERT INTO PlantedIn (bedID, plantID, percentage, staffID) VALUES (83, 3285, 2, 122);
INSERT INTO PlantedIn (bedID, plantID, percentage, staffID) VALUES (338, 3768, 1, 26);
INSERT INTO PlantedIn (bedID, plantID, percentage, staffID) VALUES (218, 1227, 1, 95);
INSERT INTO PlantedIn (bedID, plantID, percentage, staffID) VALUES (134, 2046, 2, 184);
INSERT INTO PlantedIn (bedID, plantID, percentage, staffID) VALUES (53, 923, 3, 49);
INSERT INTO PlantedIn (bedID, plantID, percentage, staffID) VALUES (421, 1559, 2, 135);
INSERT INTO PlantedIn (bedID, plantID, percentage, staffID) VALUES (422, 356, 1, 121);
INSERT INTO PlantedIn (bedID, plantID, percentage, staffID) VALUES (446, 720, 3, 111);
INSERT INTO PlantedIn (bedID, plantID, percentage, staffID) VALUES (77, 2574, 3, 136);
INSERT INTO PlantedIn (bedID, plantID, percentage, staffID) VALUES (151, 2424, 4, 14);
INSERT INTO PlantedIn (bedID, plantID, percentage, staffID) VALUES (447, 2040, 1, 181);
INSERT INTO PlantedIn (bedID, plantID, percentage, staffID) VALUES (27, 3033, 1, 123);
INSERT INTO PlantedIn (bedID, plantID, percentage, staffID) VALUES (12, 3241, 4, 151);
INSERT INTO PlantedIn (bedID, plantID, percentage, staffID) VALUES (115, 1521, 1, 44);
INSERT INTO PlantedIn (bedID, plantID, percentage, staffID) VALUES (230, 3106, 2, 41);
INSERT INTO PlantedIn (bedID, plantID, percentage, staffID) VALUES (469, 2856, 1, 17);
INSERT INTO PlantedIn (bedID, plantID, percentage, staffID) VALUES (192, 2883, 3, 134);
INSERT INTO PlantedIn (bedID, plantID, percentage, staffID) VALUES (177, 2782, 2, 103);
INSERT INTO PlantedIn (bedID, plantID, percentage, staffID) VALUES (117, 1482, 2, 111);
INSERT INTO PlantedIn (bedID, plantID, percentage, staffID) VALUES (80, 565, 1, 97);
INSERT INTO PlantedIn (bedID, plantID, percentage, staffID) VALUES (466, 801, 1, 22);
INSERT INTO PlantedIn (bedID, plantID, percentage, staffID) VALUES (285, 1218, 1, 74);
INSERT INTO PlantedIn (bedID, plantID, percentage, staffID) VALUES (56, 2155, 1, 105);
INSERT INTO PlantedIn (bedID, plantID, percentage, staffID) VALUES (141, 2302, 3, 53);
INSERT INTO PlantedIn (bedID, plantID, percentage, staffID) VALUES (162, 3532, 3, 87);
INSERT INTO PlantedIn (bedID, plantID, percentage, staffID) VALUES (300, 3574, 4, 7);
INSERT INTO PlantedIn (bedID, plantID, percentage, staffID) VALUES (146, 2223, 2, 38);
INSERT INTO PlantedIn (bedID, plantID, percentage, staffID) VALUES (342, 2534, 3, 137);
INSERT INTO PlantedIn (bedID, plantID, percentage, staffID) VALUES (409, 2980, 2, 191);
INSERT INTO PlantedIn (bedID, plantID, percentage, staffID) VALUES (41, 1126, 1, 113);
INSERT INTO PlantedIn (bedID, plantID, percentage, staffID) VALUES (402, 242, 1, 64);
INSERT INTO PlantedIn (bedID, plantID, percentage, staffID) VALUES (312, 2204, 4, 173);
INSERT INTO PlantedIn (bedID, plantID, percentage, staffID) VALUES (229, 1042, 1, 146);
INSERT INTO PlantedIn (bedID, plantID, percentage, staffID) VALUES (397, 2496, 3, 153);
INSERT INTO PlantedIn (bedID, plantID, percentage, staffID) VALUES (197, 2628, 3, 34);
INSERT INTO PlantedIn (bedID, plantID, percentage, staffID) VALUES (460, 2754, 4, 145);
INSERT INTO PlantedIn (bedID, plantID, percentage, staffID) VALUES (279, 3132, 1, 89);
INSERT INTO PlantedIn (bedID, plantID, percentage, staffID) VALUES (38, 565, 2, 39);
INSERT INTO PlantedIn (bedID, plantID, percentage, staffID) VALUES (422, 722, 1, 159);
INSERT INTO PlantedIn (bedID, plantID, percentage, staffID) VALUES (175, 2913, 1, 52);
INSERT INTO PlantedIn (bedID, plantID, percentage, staffID) VALUES (189, 4, 4, 185);
INSERT INTO PlantedIn (bedID, plantID, percentage, staffID) VALUES (322, 267, 3, 65);
INSERT INTO PlantedIn (bedID, plantID, percentage, staffID) VALUES (370, 93, 3, 97);
INSERT INTO PlantedIn (bedID, plantID, percentage, staffID) VALUES (117, 1630, 2, 144);
INSERT INTO PlantedIn (bedID, plantID, percentage, staffID) VALUES (269, 3449, 2, 123);
INSERT INTO PlantedIn (bedID, plantID, percentage, staffID) VALUES (38, 1448, 2, 137);
INSERT INTO PlantedIn (bedID, plantID, percentage, staffID) VALUES (61, 3572, 3, 134);
INSERT INTO PlantedIn (bedID, plantID, percentage, staffID) VALUES (438, 2161, 3, 70);
INSERT INTO PlantedIn (bedID, plantID, percentage, staffID) VALUES (298, 2555, 2, 53);
INSERT INTO PlantedIn (bedID, plantID, percentage, staffID) VALUES (78, 3693, 2, 73);
INSERT INTO PlantedIn (bedID, plantID, percentage, staffID) VALUES (179, 235, 4, 151);
INSERT INTO PlantedIn (bedID, plantID, percentage, staffID) VALUES (451, 1298, 1, 83);
INSERT INTO PlantedIn (bedID, plantID, percentage, staffID) VALUES (337, 289, 4, 98);
INSERT INTO PlantedIn (bedID, plantID, percentage, staffID) VALUES (473, 513, 4, 75);
INSERT INTO PlantedIn (bedID, plantID, percentage, staffID) VALUES (328, 2742, 2, 108);
INSERT INTO PlantedIn (bedID, plantID, percentage, staffID) VALUES (176, 3041, 1, 149);
INSERT INTO PlantedIn (bedID, plantID, percentage, staffID) VALUES (244, 2688, 3, 160);
INSERT INTO PlantedIn (bedID, plantID, percentage, staffID) VALUES (308, 540, 1, 19);
INSERT INTO PlantedIn (bedID, plantID, percentage, staffID) VALUES (78, 1455, 4, 38);
INSERT INTO PlantedIn (bedID, plantID, percentage, staffID) VALUES (214, 2567, 2, 146);
INSERT INTO PlantedIn (bedID, plantID, percentage, staffID) VALUES (377, 307, 2, 77);
INSERT INTO PlantedIn (bedID, plantID, percentage, staffID) VALUES (373, 3490, 1, 165);
INSERT INTO PlantedIn (bedID, plantID, percentage, staffID) VALUES (327, 2077, 1, 44);
INSERT INTO PlantedIn (bedID, plantID, percentage, staffID) VALUES (111, 3848, 4, 181);
INSERT INTO PlantedIn (bedID, plantID, percentage, staffID) VALUES (64, 3777, 2, 186);
INSERT INTO PlantedIn (bedID, plantID, percentage, staffID) VALUES (381, 3417, 4, 100);
INSERT INTO PlantedIn (bedID, plantID, percentage, staffID) VALUES (124, 2603, 3, 173);
INSERT INTO PlantedIn (bedID, plantID, percentage, staffID) VALUES (301, 2067, 2, 127);
INSERT INTO PlantedIn (bedID, plantID, percentage, staffID) VALUES (207, 1663, 1, 120);
INSERT INTO PlantedIn (bedID, plantID, percentage, staffID) VALUES (458, 3081, 1, 68);
INSERT INTO PlantedIn (bedID, plantID, percentage, staffID) VALUES (375, 843, 4, 18);
INSERT INTO PlantedIn (bedID, plantID, percentage, staffID) VALUES (93, 3847, 1, 54);
INSERT INTO PlantedIn (bedID, plantID, percentage, staffID) VALUES (202, 3146, 4, 174);
INSERT INTO PlantedIn (bedID, plantID, percentage, staffID) VALUES (176, 49, 1, 183);
INSERT INTO PlantedIn (bedID, plantID, percentage, staffID) VALUES (259, 2007, 4, 89);
INSERT INTO PlantedIn (bedID, plantID, percentage, staffID) VALUES (450, 61, 4, 23);
INSERT INTO PlantedIn (bedID, plantID, percentage, staffID) VALUES (385, 1718, 3, 24);
INSERT INTO PlantedIn (bedID, plantID, percentage, staffID) VALUES (314, 777, 4, 109);
INSERT INTO PlantedIn (bedID, plantID, percentage, staffID) VALUES (93, 3078, 1, 176);
INSERT INTO PlantedIn (bedID, plantID, percentage, staffID) VALUES (260, 3202, 4, 44);
INSERT INTO PlantedIn (bedID, plantID, percentage, staffID) VALUES (304, 256, 1, 151);
INSERT INTO PlantedIn (bedID, plantID, percentage, staffID) VALUES (38, 2447, 3, 5);
INSERT INTO PlantedIn (bedID, plantID, percentage, staffID) VALUES (72, 1748, 1, 125);
INSERT INTO PlantedIn (bedID, plantID, percentage, staffID) VALUES (222, 2794, 2, 4);
INSERT INTO PlantedIn (bedID, plantID, percentage, staffID) VALUES (80, 524, 4, 181);
INSERT INTO PlantedIn (bedID, plantID, percentage, staffID) VALUES (160, 1618, 3, 141);
INSERT INTO PlantedIn (bedID, plantID, percentage, staffID) VALUES (102, 2110, 4, 124);
INSERT INTO PlantedIn (bedID, plantID, percentage, staffID) VALUES (177, 3179, 1, 151);
INSERT INTO PlantedIn (bedID, plantID, percentage, staffID) VALUES (421, 1827, 4, 6);
INSERT INTO PlantedIn (bedID, plantID, percentage, staffID) VALUES (50, 191, 2, 122);
INSERT INTO PlantedIn (bedID, plantID, percentage, staffID) VALUES (238, 789, 4, 74);
INSERT INTO PlantedIn (bedID, plantID, percentage, staffID) VALUES (439, 1461, 1, 51);
INSERT INTO PlantedIn (bedID, plantID, percentage, staffID) VALUES (243, 521, 4, 189);
INSERT INTO PlantedIn (bedID, plantID, percentage, staffID) VALUES (262, 2364, 4, 78);
INSERT INTO PlantedIn (bedID, plantID, percentage, staffID) VALUES (75, 3824, 3, 109);
INSERT INTO PlantedIn (bedID, plantID, percentage, staffID) VALUES (384, 1034, 3, 112);
INSERT INTO PlantedIn (bedID, plantID, percentage, staffID) VALUES (351, 2231, 4, 137);
INSERT INTO PlantedIn (bedID, plantID, percentage, staffID) VALUES (297, 1008, 1, 22);
INSERT INTO PlantedIn (bedID, plantID, percentage, staffID) VALUES (220, 1789, 2, 20);
INSERT INTO PlantedIn (bedID, plantID, percentage, staffID) VALUES (398, 1337, 2, 100);
INSERT INTO PlantedIn (bedID, plantID, percentage, staffID) VALUES (228, 1584, 1, 42);
INSERT INTO PlantedIn (bedID, plantID, percentage, staffID) VALUES (11, 2263, 1, 164);
INSERT INTO PlantedIn (bedID, plantID, percentage, staffID) VALUES (272, 1288, 2, 145);
INSERT INTO PlantedIn (bedID, plantID, percentage, staffID) VALUES (285, 997, 2, 18);
INSERT INTO PlantedIn (bedID, plantID, percentage, staffID) VALUES (395, 2916, 2, 38);
INSERT INTO PlantedIn (bedID, plantID, percentage, staffID) VALUES (8, 1120, 2, 121);
INSERT INTO PlantedIn (bedID, plantID, percentage, staffID) VALUES (356, 2648, 3, 178);
INSERT INTO PlantedIn (bedID, plantID, percentage, staffID) VALUES (15, 1380, 3, 194);
INSERT INTO PlantedIn (bedID, plantID, percentage, staffID) VALUES (363, 581, 4, 112);
INSERT INTO PlantedIn (bedID, plantID, percentage, staffID) VALUES (322, 2615, 2, 143);
INSERT INTO PlantedIn (bedID, plantID, percentage, staffID) VALUES (442, 3027, 4, 127);
INSERT INTO PlantedIn (bedID, plantID, percentage, staffID) VALUES (255, 3122, 3, 47);
INSERT INTO PlantedIn (bedID, plantID, percentage, staffID) VALUES (46, 3164, 4, 7);
INSERT INTO PlantedIn (bedID, plantID, percentage, staffID) VALUES (239, 3492, 3, 91);
INSERT INTO PlantedIn (bedID, plantID, percentage, staffID) VALUES (124, 1504, 1, 10);
INSERT INTO PlantedIn (bedID, plantID, percentage, staffID) VALUES (256, 2285, 2, 167);
INSERT INTO PlantedIn (bedID, plantID, percentage, staffID) VALUES (444, 3020, 3, 120);
INSERT INTO PlantedIn (bedID, plantID, percentage, staffID) VALUES (217, 1088, 2, 184);
INSERT INTO PlantedIn (bedID, plantID, percentage, staffID) VALUES (156, 1511, 2, 32);
INSERT INTO PlantedIn (bedID, plantID, percentage, staffID) VALUES (100, 721, 3, 57);
INSERT INTO PlantedIn (bedID, plantID, percentage, staffID) VALUES (43, 2775, 2, 51);
INSERT INTO PlantedIn (bedID, plantID, percentage, staffID) VALUES (51, 1134, 3, 77);
INSERT INTO PlantedIn (bedID, plantID, percentage, staffID) VALUES (419, 743, 4, 188);
INSERT INTO PlantedIn (bedID, plantID, percentage, staffID) VALUES (461, 1956, 2, 91);
INSERT INTO PlantedIn (bedID, plantID, percentage, staffID) VALUES (373, 1319, 4, 168);
INSERT INTO PlantedIn (bedID, plantID, percentage, staffID) VALUES (408, 3803, 1, 93);
INSERT INTO PlantedIn (bedID, plantID, percentage, staffID) VALUES (178, 2351, 3, 126);
INSERT INTO PlantedIn (bedID, plantID, percentage, staffID) VALUES (376, 3453, 4, 61);
INSERT INTO PlantedIn (bedID, plantID, percentage, staffID) VALUES (290, 2106, 3, 48);
INSERT INTO PlantedIn (bedID, plantID, percentage, staffID) VALUES (397, 2364, 3, 75);
INSERT INTO PlantedIn (bedID, plantID, percentage, staffID) VALUES (381, 1104, 4, 112);
INSERT INTO PlantedIn (bedID, plantID, percentage, staffID) VALUES (375, 3813, 3, 43);
INSERT INTO PlantedIn (bedID, plantID, percentage, staffID) VALUES (155, 121, 1, 88);
INSERT INTO PlantedIn (bedID, plantID, percentage, staffID) VALUES (8, 3418, 2, 78);
INSERT INTO PlantedIn (bedID, plantID, percentage, staffID) VALUES (423, 1048, 3, 35);
INSERT INTO PlantedIn (bedID, plantID, percentage, staffID) VALUES (386, 1567, 3, 46);
INSERT INTO PlantedIn (bedID, plantID, percentage, staffID) VALUES (8, 2266, 4, 77);
INSERT INTO PlantedIn (bedID, plantID, percentage, staffID) VALUES (413, 3560, 3, 122);
INSERT INTO PlantedIn (bedID, plantID, percentage, staffID) VALUES (430, 3115, 1, 50);
INSERT INTO PlantedIn (bedID, plantID, percentage, staffID) VALUES (396, 2599, 4, 87);
INSERT INTO PlantedIn (bedID, plantID, percentage, staffID) VALUES (264, 3118, 1, 50);
INSERT INTO PlantedIn (bedID, plantID, percentage, staffID) VALUES (382, 834, 3, 69);
INSERT INTO PlantedIn (bedID, plantID, percentage, staffID) VALUES (231, 1958, 2, 42);
INSERT INTO PlantedIn (bedID, plantID, percentage, staffID) VALUES (5, 1285, 4, 153);
INSERT INTO PlantedIn (bedID, plantID, percentage, staffID) VALUES (120, 1340, 1, 112);
INSERT INTO PlantedIn (bedID, plantID, percentage, staffID) VALUES (73, 3040, 4, 81);
INSERT INTO PlantedIn (bedID, plantID, percentage, staffID) VALUES (217, 3174, 1, 172);
INSERT INTO PlantedIn (bedID, plantID, percentage, staffID) VALUES (297, 323, 2, 14);
INSERT INTO PlantedIn (bedID, plantID, percentage, staffID) VALUES (142, 1546, 4, 27);
INSERT INTO PlantedIn (bedID, plantID, percentage, staffID) VALUES (429, 1290, 4, 19);
INSERT INTO PlantedIn (bedID, plantID, percentage, staffID) VALUES (359, 173, 4, 153);
INSERT INTO PlantedIn (bedID, plantID, percentage, staffID) VALUES (179, 1914, 3, 133);
INSERT INTO PlantedIn (bedID, plantID, percentage, staffID) VALUES (398, 746, 4, 162);
INSERT INTO PlantedIn (bedID, plantID, percentage, staffID) VALUES (4, 3189, 3, 93);
INSERT INTO PlantedIn (bedID, plantID, percentage, staffID) VALUES (430, 2001, 1, 15);
INSERT INTO PlantedIn (bedID, plantID, percentage, staffID) VALUES (253, 317, 2, 131);
INSERT INTO PlantedIn (bedID, plantID, percentage, staffID) VALUES (60, 1499, 3, 12);
INSERT INTO PlantedIn (bedID, plantID, percentage, staffID) VALUES (418, 2732, 3, 28);
INSERT INTO PlantedIn (bedID, plantID, percentage, staffID) VALUES (426, 3577, 4, 147);
INSERT INTO PlantedIn (bedID, plantID, percentage, staffID) VALUES (54, 2710, 1, 65);
INSERT INTO PlantedIn (bedID, plantID, percentage, staffID) VALUES (249, 2980, 2, 155);
INSERT INTO PlantedIn (bedID, plantID, percentage, staffID) VALUES (137, 3192, 1, 131);
INSERT INTO PlantedIn (bedID, plantID, percentage, staffID) VALUES (13, 2456, 3, 7);
INSERT INTO PlantedIn (bedID, plantID, percentage, staffID) VALUES (340, 2594, 4, 175);
INSERT INTO PlantedIn (bedID, plantID, percentage, staffID) VALUES (28, 3523, 4, 71);
INSERT INTO PlantedIn (bedID, plantID, percentage, staffID) VALUES (293, 1860, 3, 136);
INSERT INTO PlantedIn (bedID, plantID, percentage, staffID) VALUES (193, 1481, 3, 81);
INSERT INTO PlantedIn (bedID, plantID, percentage, staffID) VALUES (40, 2761, 3, 131);
INSERT INTO PlantedIn (bedID, plantID, percentage, staffID) VALUES (230, 1531, 4, 10);
INSERT INTO PlantedIn (bedID, plantID, percentage, staffID) VALUES (153, 35, 1, 166);
INSERT INTO PlantedIn (bedID, plantID, percentage, staffID) VALUES (322, 2562, 3, 180);
INSERT INTO PlantedIn (bedID, plantID, percentage, staffID) VALUES (272, 886, 1, 139);
INSERT INTO PlantedIn (bedID, plantID, percentage, staffID) VALUES (336, 1334, 1, 145);
INSERT INTO PlantedIn (bedID, plantID, percentage, staffID) VALUES (345, 414, 4, 130);
INSERT INTO PlantedIn (bedID, plantID, percentage, staffID) VALUES (389, 1065, 2, 87);
INSERT INTO PlantedIn (bedID, plantID, percentage, staffID) VALUES (318, 1805, 4, 17);
INSERT INTO PlantedIn (bedID, plantID, percentage, staffID) VALUES (73, 229, 2, 29);
INSERT INTO PlantedIn (bedID, plantID, percentage, staffID) VALUES (291, 1528, 1, 100);
INSERT INTO PlantedIn (bedID, plantID, percentage, staffID) VALUES (296, 643, 2, 78);
INSERT INTO PlantedIn (bedID, plantID, percentage, staffID) VALUES (242, 348, 1, 93);
INSERT INTO PlantedIn (bedID, plantID, percentage, staffID) VALUES (94, 339, 1, 11);
INSERT INTO PlantedIn (bedID, plantID, percentage, staffID) VALUES (172, 1831, 1, 67);
INSERT INTO PlantedIn (bedID, plantID, percentage, staffID) VALUES (445, 1561, 1, 190);
INSERT INTO PlantedIn (bedID, plantID, percentage, staffID) VALUES (219, 265, 3, 116);
INSERT INTO PlantedIn (bedID, plantID, percentage, staffID) VALUES (10, 315, 3, 57);
INSERT INTO PlantedIn (bedID, plantID, percentage, staffID) VALUES (226, 2957, 1, 168);
INSERT INTO PlantedIn (bedID, plantID, percentage, staffID) VALUES (441, 775, 2, 89);
INSERT INTO PlantedIn (bedID, plantID, percentage, staffID) VALUES (138, 3430, 2, 140);
INSERT INTO PlantedIn (bedID, plantID, percentage, staffID) VALUES (462, 2833, 2, 104);
INSERT INTO PlantedIn (bedID, plantID, percentage, staffID) VALUES (98, 3205, 1, 76);
INSERT INTO PlantedIn (bedID, plantID, percentage, staffID) VALUES (111, 1156, 3, 50);
INSERT INTO PlantedIn (bedID, plantID, percentage, staffID) VALUES (174, 3125, 2, 47);
INSERT INTO PlantedIn (bedID, plantID, percentage, staffID) VALUES (421, 1952, 2, 4);
INSERT INTO PlantedIn (bedID, plantID, percentage, staffID) VALUES (128, 3248, 1, 96);
INSERT INTO PlantedIn (bedID, plantID, percentage, staffID) VALUES (20, 3491, 2, 132);
INSERT INTO PlantedIn (bedID, plantID, percentage, staffID) VALUES (374, 1257, 4, 167);
INSERT INTO PlantedIn (bedID, plantID, percentage, staffID) VALUES (28, 1248, 2, 22);
INSERT INTO PlantedIn (bedID, plantID, percentage, staffID) VALUES (72, 1836, 2, 84);
INSERT INTO PlantedIn (bedID, plantID, percentage, staffID) VALUES (367, 2519, 1, 17);
INSERT INTO PlantedIn (bedID, plantID, percentage, staffID) VALUES (218, 1186, 2, 108);
INSERT INTO PlantedIn (bedID, plantID, percentage, staffID) VALUES (384, 2117, 1, 147);
INSERT INTO PlantedIn (bedID, plantID, percentage, staffID) VALUES (184, 711, 2, 58);
INSERT INTO PlantedIn (bedID, plantID, percentage, staffID) VALUES (42, 3581, 4, 155);
INSERT INTO PlantedIn (bedID, plantID, percentage, staffID) VALUES (119, 2230, 2, 132);
INSERT INTO PlantedIn (bedID, plantID, percentage, staffID) VALUES (426, 2883, 1, 118);
INSERT INTO PlantedIn (bedID, plantID, percentage, staffID) VALUES (105, 3808, 4, 89);
INSERT INTO PlantedIn (bedID, plantID, percentage, staffID) VALUES (302, 1996, 1, 28);
INSERT INTO PlantedIn (bedID, plantID, percentage, staffID) VALUES (390, 2567, 3, 92);
INSERT INTO PlantedIn (bedID, plantID, percentage, staffID) VALUES (101, 633, 3, 147);
INSERT INTO PlantedIn (bedID, plantID, percentage, staffID) VALUES (165, 3864, 2, 6);
INSERT INTO PlantedIn (bedID, plantID, percentage, staffID) VALUES (439, 3039, 1, 64);
INSERT INTO PlantedIn (bedID, plantID, percentage, staffID) VALUES (172, 3688, 2, 100);
INSERT INTO PlantedIn (bedID, plantID, percentage, staffID) VALUES (332, 236, 4, 65);
INSERT INTO PlantedIn (bedID, plantID, percentage, staffID) VALUES (22, 2898, 3, 187);
INSERT INTO PlantedIn (bedID, plantID, percentage, staffID) VALUES (126, 200, 1, 160);
INSERT INTO PlantedIn (bedID, plantID, percentage, staffID) VALUES (339, 878, 4, 148);
INSERT INTO PlantedIn (bedID, plantID, percentage, staffID) VALUES (185, 1704, 3, 108);
INSERT INTO PlantedIn (bedID, plantID, percentage, staffID) VALUES (209, 2139, 2, 36);
INSERT INTO PlantedIn (bedID, plantID, percentage, staffID) VALUES (161, 1869, 3, 111);
INSERT INTO PlantedIn (bedID, plantID, percentage, staffID) VALUES (44, 1077, 1, 12);
INSERT INTO PlantedIn (bedID, plantID, percentage, staffID) VALUES (14, 3765, 2, 168);
INSERT INTO PlantedIn (bedID, plantID, percentage, staffID) VALUES (13, 2322, 3, 79);
INSERT INTO PlantedIn (bedID, plantID, percentage, staffID) VALUES (392, 418, 1, 137);
INSERT INTO PlantedIn (bedID, plantID, percentage, staffID) VALUES (354, 497, 1, 73);
INSERT INTO PlantedIn (bedID, plantID, percentage, staffID) VALUES (290, 3478, 1, 162);
INSERT INTO PlantedIn (bedID, plantID, percentage, staffID) VALUES (441, 2916, 1, 39);
INSERT INTO PlantedIn (bedID, plantID, percentage, staffID) VALUES (104, 3793, 1, 73);
INSERT INTO PlantedIn (bedID, plantID, percentage, staffID) VALUES (402, 2528, 2, 129);
INSERT INTO PlantedIn (bedID, plantID, percentage, staffID) VALUES (402, 2259, 3, 79);
INSERT INTO PlantedIn (bedID, plantID, percentage, staffID) VALUES (338, 2868, 2, 140);
INSERT INTO PlantedIn (bedID, plantID, percentage, staffID) VALUES (304, 1826, 3, 77);
INSERT INTO PlantedIn (bedID, plantID, percentage, staffID) VALUES (108, 2171, 2, 122);
INSERT INTO PlantedIn (bedID, plantID, percentage, staffID) VALUES (382, 2922, 1, 66);
INSERT INTO PlantedIn (bedID, plantID, percentage, staffID) VALUES (349, 2615, 2, 56);
INSERT INTO PlantedIn (bedID, plantID, percentage, staffID) VALUES (197, 996, 2, 149);
INSERT INTO PlantedIn (bedID, plantID, percentage, staffID) VALUES (432, 1379, 4, 135);
INSERT INTO PlantedIn (bedID, plantID, percentage, staffID) VALUES (446, 183, 3, 73);
INSERT INTO PlantedIn (bedID, plantID, percentage, staffID) VALUES (242, 1365, 3, 1);
INSERT INTO PlantedIn (bedID, plantID, percentage, staffID) VALUES (168, 1226, 1, 153);
INSERT INTO PlantedIn (bedID, plantID, percentage, staffID) VALUES (470, 76, 2, 84);
INSERT INTO PlantedIn (bedID, plantID, percentage, staffID) VALUES (132, 539, 1, 138);
INSERT INTO PlantedIn (bedID, plantID, percentage, staffID) VALUES (235, 1296, 2, 194);
INSERT INTO PlantedIn (bedID, plantID, percentage, staffID) VALUES (181, 1175, 1, 19);
INSERT INTO PlantedIn (bedID, plantID, percentage, staffID) VALUES (162, 269, 4, 123);
INSERT INTO PlantedIn (bedID, plantID, percentage, staffID) VALUES (200, 2342, 2, 121);
INSERT INTO PlantedIn (bedID, plantID, percentage, staffID) VALUES (97, 2263, 3, 12);
INSERT INTO PlantedIn (bedID, plantID, percentage, staffID) VALUES (427, 3117, 4, 133);
INSERT INTO PlantedIn (bedID, plantID, percentage, staffID) VALUES (391, 236, 1, 63);
INSERT INTO PlantedIn (bedID, plantID, percentage, staffID) VALUES (95, 3789, 3, 60);
INSERT INTO PlantedIn (bedID, plantID, percentage, staffID) VALUES (150, 929, 3, 28);
INSERT INTO PlantedIn (bedID, plantID, percentage, staffID) VALUES (258, 866, 4, 178);
INSERT INTO PlantedIn (bedID, plantID, percentage, staffID) VALUES (139, 1824, 3, 151);
INSERT INTO PlantedIn (bedID, plantID, percentage, staffID) VALUES (37, 1266, 2, 11);
INSERT INTO PlantedIn (bedID, plantID, percentage, staffID) VALUES (432, 429, 4, 172);
INSERT INTO PlantedIn (bedID, plantID, percentage, staffID) VALUES (434, 1897, 3, 146);
INSERT INTO PlantedIn (bedID, plantID, percentage, staffID) VALUES (261, 68, 4, 173);
INSERT INTO PlantedIn (bedID, plantID, percentage, staffID) VALUES (472, 534, 2, 92);
INSERT INTO PlantedIn (bedID, plantID, percentage, staffID) VALUES (179, 2246, 4, 3);
INSERT INTO PlantedIn (bedID, plantID, percentage, staffID) VALUES (381, 3402, 1, 165);
INSERT INTO PlantedIn (bedID, plantID, percentage, staffID) VALUES (167, 2114, 2, 167);
INSERT INTO PlantedIn (bedID, plantID, percentage, staffID) VALUES (414, 3349, 4, 146);
INSERT INTO PlantedIn (bedID, plantID, percentage, staffID) VALUES (463, 2132, 4, 123);
INSERT INTO PlantedIn (bedID, plantID, percentage, staffID) VALUES (20, 1214, 3, 131);
INSERT INTO PlantedIn (bedID, plantID, percentage, staffID) VALUES (157, 1871, 2, 71);
INSERT INTO PlantedIn (bedID, plantID, percentage, staffID) VALUES (295, 3066, 1, 131);
INSERT INTO PlantedIn (bedID, plantID, percentage, staffID) VALUES (178, 2524, 1, 189);
INSERT INTO PlantedIn (bedID, plantID, percentage, staffID) VALUES (253, 2826, 4, 57);
INSERT INTO PlantedIn (bedID, plantID, percentage, staffID) VALUES (132, 354, 1, 65);
INSERT INTO PlantedIn (bedID, plantID, percentage, staffID) VALUES (454, 98, 4, 192);
INSERT INTO PlantedIn (bedID, plantID, percentage, staffID) VALUES (273, 2094, 3, 170);
INSERT INTO PlantedIn (bedID, plantID, percentage, staffID) VALUES (405, 1806, 1, 44);
INSERT INTO PlantedIn (bedID, plantID, percentage, staffID) VALUES (450, 2156, 3, 106);
INSERT INTO PlantedIn (bedID, plantID, percentage, staffID) VALUES (166, 612, 3, 118);
INSERT INTO PlantedIn (bedID, plantID, percentage, staffID) VALUES (384, 1919, 2, 185);
INSERT INTO PlantedIn (bedID, plantID, percentage, staffID) VALUES (108, 703, 3, 47);
INSERT INTO PlantedIn (bedID, plantID, percentage, staffID) VALUES (130, 2099, 1, 135);
INSERT INTO PlantedIn (bedID, plantID, percentage, staffID) VALUES (269, 2306, 1, 34);
INSERT INTO PlantedIn (bedID, plantID, percentage, staffID) VALUES (66, 3850, 4, 156);
INSERT INTO PlantedIn (bedID, plantID, percentage, staffID) VALUES (220, 3771, 2, 37);
INSERT INTO PlantedIn (bedID, plantID, percentage, staffID) VALUES (405, 2171, 3, 125);
INSERT INTO PlantedIn (bedID, plantID, percentage, staffID) VALUES (28, 1986, 2, 3);
INSERT INTO PlantedIn (bedID, plantID, percentage, staffID) VALUES (330, 927, 4, 162);
INSERT INTO PlantedIn (bedID, plantID, percentage, staffID) VALUES (371, 1732, 2, 41);
INSERT INTO PlantedIn (bedID, plantID, percentage, staffID) VALUES (22, 1418, 1, 102);
INSERT INTO PlantedIn (bedID, plantID, percentage, staffID) VALUES (172, 1001, 4, 36);
INSERT INTO PlantedIn (bedID, plantID, percentage, staffID) VALUES (111, 1381, 4, 50);
INSERT INTO PlantedIn (bedID, plantID, percentage, staffID) VALUES (26, 883, 4, 133);
INSERT INTO PlantedIn (bedID, plantID, percentage, staffID) VALUES (374, 1011, 4, 118);
INSERT INTO PlantedIn (bedID, plantID, percentage, staffID) VALUES (367, 2271, 2, 28);
INSERT INTO PlantedIn (bedID, plantID, percentage, staffID) VALUES (392, 3570, 3, 90);
INSERT INTO PlantedIn (bedID, plantID, percentage, staffID) VALUES (4, 1764, 2, 123);
INSERT INTO PlantedIn (bedID, plantID, percentage, staffID) VALUES (339, 2995, 4, 40);
INSERT INTO PlantedIn (bedID, plantID, percentage, staffID) VALUES (63, 1685, 1, 147);
INSERT INTO PlantedIn (bedID, plantID, percentage, staffID) VALUES (315, 1427, 2, 20);
INSERT INTO PlantedIn (bedID, plantID, percentage, staffID) VALUES (299, 2602, 2, 62);
INSERT INTO PlantedIn (bedID, plantID, percentage, staffID) VALUES (124, 1680, 1, 179);
INSERT INTO PlantedIn (bedID, plantID, percentage, staffID) VALUES (170, 1222, 3, 143);
INSERT INTO PlantedIn (bedID, plantID, percentage, staffID) VALUES (453, 2544, 4, 30);
INSERT INTO PlantedIn (bedID, plantID, percentage, staffID) VALUES (54, 2876, 4, 68);
INSERT INTO PlantedIn (bedID, plantID, percentage, staffID) VALUES (246, 2039, 3, 159);
INSERT INTO PlantedIn (bedID, plantID, percentage, staffID) VALUES (456, 1916, 3, 171);
INSERT INTO PlantedIn (bedID, plantID, percentage, staffID) VALUES (410, 3610, 2, 17);
INSERT INTO PlantedIn (bedID, plantID, percentage, staffID) VALUES (288, 1480, 4, 184);
INSERT INTO PlantedIn (bedID, plantID, percentage, staffID) VALUES (44, 2522, 1, 185);
INSERT INTO PlantedIn (bedID, plantID, percentage, staffID) VALUES (147, 195, 2, 3);
INSERT INTO PlantedIn (bedID, plantID, percentage, staffID) VALUES (376, 1330, 2, 52);
INSERT INTO PlantedIn (bedID, plantID, percentage, staffID) VALUES (250, 3097, 2, 95);
INSERT INTO PlantedIn (bedID, plantID, percentage, staffID) VALUES (348, 2100, 2, 182);
INSERT INTO PlantedIn (bedID, plantID, percentage, staffID) VALUES (439, 3047, 3, 43);
INSERT INTO PlantedIn (bedID, plantID, percentage, staffID) VALUES (268, 636, 3, 188);
INSERT INTO PlantedIn (bedID, plantID, percentage, staffID) VALUES (387, 3183, 1, 145);
INSERT INTO PlantedIn (bedID, plantID, percentage, staffID) VALUES (414, 2779, 3, 113);
INSERT INTO PlantedIn (bedID, plantID, percentage, staffID) VALUES (397, 3651, 2, 157);
INSERT INTO PlantedIn (bedID, plantID, percentage, staffID) VALUES (353, 891, 2, 155);
INSERT INTO PlantedIn (bedID, plantID, percentage, staffID) VALUES (367, 2495, 3, 168);
INSERT INTO PlantedIn (bedID, plantID, percentage, staffID) VALUES (206, 125, 4, 91);
INSERT INTO PlantedIn (bedID, plantID, percentage, staffID) VALUES (94, 1399, 1, 134);
INSERT INTO PlantedIn (bedID, plantID, percentage, staffID) VALUES (88, 1407, 1, 29);
INSERT INTO PlantedIn (bedID, plantID, percentage, staffID) VALUES (40, 2677, 1, 149);
INSERT INTO PlantedIn (bedID, plantID, percentage, staffID) VALUES (236, 2733, 2, 17);
INSERT INTO PlantedIn (bedID, plantID, percentage, staffID) VALUES (309, 3278, 2, 143);
INSERT INTO PlantedIn (bedID, plantID, percentage, staffID) VALUES (38, 1771, 4, 180);
INSERT INTO PlantedIn (bedID, plantID, percentage, staffID) VALUES (49, 2708, 3, 113);
INSERT INTO PlantedIn (bedID, plantID, percentage, staffID) VALUES (347, 3848, 4, 110);
INSERT INTO PlantedIn (bedID, plantID, percentage, staffID) VALUES (169, 745, 3, 193);
INSERT INTO PlantedIn (bedID, plantID, percentage, staffID) VALUES (264, 324, 3, 123);
INSERT INTO PlantedIn (bedID, plantID, percentage, staffID) VALUES (368, 1267, 2, 161);
INSERT INTO PlantedIn (bedID, plantID, percentage, staffID) VALUES (17, 3339, 3, 125);
INSERT INTO PlantedIn (bedID, plantID, percentage, staffID) VALUES (337, 1197, 4, 18);
INSERT INTO PlantedIn (bedID, plantID, percentage, staffID) VALUES (364, 3716, 4, 132);
INSERT INTO PlantedIn (bedID, plantID, percentage, staffID) VALUES (314, 752, 2, 84);
INSERT INTO PlantedIn (bedID, plantID, percentage, staffID) VALUES (90, 3650, 3, 67);
INSERT INTO PlantedIn (bedID, plantID, percentage, staffID) VALUES (65, 1033, 3, 19);
INSERT INTO PlantedIn (bedID, plantID, percentage, staffID) VALUES (166, 2670, 1, 68);
INSERT INTO PlantedIn (bedID, plantID, percentage, staffID) VALUES (9, 453, 1, 82);
INSERT INTO PlantedIn (bedID, plantID, percentage, staffID) VALUES (464, 38, 3, 151);
INSERT INTO PlantedIn (bedID, plantID, percentage, staffID) VALUES (152, 3181, 1, 99);
INSERT INTO PlantedIn (bedID, plantID, percentage, staffID) VALUES (152, 1417, 3, 172);
INSERT INTO PlantedIn (bedID, plantID, percentage, staffID) VALUES (148, 638, 2, 12);
INSERT INTO PlantedIn (bedID, plantID, percentage, staffID) VALUES (205, 563, 4, 29);
INSERT INTO PlantedIn (bedID, plantID, percentage, staffID) VALUES (396, 1833, 4, 186);
INSERT INTO PlantedIn (bedID, plantID, percentage, staffID) VALUES (280, 1200, 3, 186);
INSERT INTO PlantedIn (bedID, plantID, percentage, staffID) VALUES (152, 2500, 3, 55);
INSERT INTO PlantedIn (bedID, plantID, percentage, staffID) VALUES (223, 2890, 2, 149);
INSERT INTO PlantedIn (bedID, plantID, percentage, staffID) VALUES (413, 2646, 1, 143);
INSERT INTO PlantedIn (bedID, plantID, percentage, staffID) VALUES (334, 2928, 1, 166);
INSERT INTO PlantedIn (bedID, plantID, percentage, staffID) VALUES (428, 3678, 3, 188);
INSERT INTO PlantedIn (bedID, plantID, percentage, staffID) VALUES (202, 3210, 1, 122);
INSERT INTO PlantedIn (bedID, plantID, percentage, staffID) VALUES (67, 1938, 2, 121);
INSERT INTO PlantedIn (bedID, plantID, percentage, staffID) VALUES (71, 3301, 3, 21);
INSERT INTO PlantedIn (bedID, plantID, percentage, staffID) VALUES (285, 3197, 2, 178);
INSERT INTO PlantedIn (bedID, plantID, percentage, staffID) VALUES (242, 2208, 3, 136);
INSERT INTO PlantedIn (bedID, plantID, percentage, staffID) VALUES (54, 1422, 4, 189);
INSERT INTO PlantedIn (bedID, plantID, percentage, staffID) VALUES (325, 3390, 1, 157);
INSERT INTO PlantedIn (bedID, plantID, percentage, staffID) VALUES (335, 1398, 4, 27);
INSERT INTO PlantedIn (bedID, plantID, percentage, staffID) VALUES (409, 2777, 1, 64);
INSERT INTO PlantedIn (bedID, plantID, percentage, staffID) VALUES (271, 1585, 1, 129);
INSERT INTO PlantedIn (bedID, plantID, percentage, staffID) VALUES (113, 1933, 3, 133);
INSERT INTO PlantedIn (bedID, plantID, percentage, staffID) VALUES (34, 1218, 1, 64);
INSERT INTO PlantedIn (bedID, plantID, percentage, staffID) VALUES (323, 914, 4, 1);
INSERT INTO PlantedIn (bedID, plantID, percentage, staffID) VALUES (460, 3702, 3, 171);
INSERT INTO PlantedIn (bedID, plantID, percentage, staffID) VALUES (395, 2334, 3, 158);
INSERT INTO PlantedIn (bedID, plantID, percentage, staffID) VALUES (457, 3476, 4, 80);
INSERT INTO PlantedIn (bedID, plantID, percentage, staffID) VALUES (293, 2707, 1, 172);
INSERT INTO PlantedIn (bedID, plantID, percentage, staffID) VALUES (53, 1809, 2, 75);
INSERT INTO PlantedIn (bedID, plantID, percentage, staffID) VALUES (458, 48, 1, 20);
INSERT INTO PlantedIn (bedID, plantID, percentage, staffID) VALUES (155, 1576, 1, 46);
INSERT INTO PlantedIn (bedID, plantID, percentage, staffID) VALUES (305, 867, 3, 167);
INSERT INTO PlantedIn (bedID, plantID, percentage, staffID) VALUES (87, 2526, 1, 56);
INSERT INTO PlantedIn (bedID, plantID, percentage, staffID) VALUES (122, 168, 1, 114);
INSERT INTO PlantedIn (bedID, plantID, percentage, staffID) VALUES (446, 3670, 3, 11);
INSERT INTO PlantedIn (bedID, plantID, percentage, staffID) VALUES (308, 3440, 4, 153);
INSERT INTO PlantedIn (bedID, plantID, percentage, staffID) VALUES (170, 439, 2, 22);
INSERT INTO PlantedIn (bedID, plantID, percentage, staffID) VALUES (60, 786, 2, 75);
INSERT INTO PlantedIn (bedID, plantID, percentage, staffID) VALUES (289, 2271, 2, 95);
INSERT INTO PlantedIn (bedID, plantID, percentage, staffID) VALUES (384, 1082, 4, 178);
INSERT INTO PlantedIn (bedID, plantID, percentage, staffID) VALUES (442, 555, 1, 3);
INSERT INTO PlantedIn (bedID, plantID, percentage, staffID) VALUES (89, 2199, 1, 85);
INSERT INTO PlantedIn (bedID, plantID, percentage, staffID) VALUES (246, 1792, 1, 141);
INSERT INTO PlantedIn (bedID, plantID, percentage, staffID) VALUES (168, 1697, 3, 190);
INSERT INTO PlantedIn (bedID, plantID, percentage, staffID) VALUES (262, 135, 3, 8);
INSERT INTO PlantedIn (bedID, plantID, percentage, staffID) VALUES (113, 1551, 4, 27);
INSERT INTO PlantedIn (bedID, plantID, percentage, staffID) VALUES (468, 2293, 4, 22);
INSERT INTO PlantedIn (bedID, plantID, percentage, staffID) VALUES (413, 3763, 4, 162);
INSERT INTO PlantedIn (bedID, plantID, percentage, staffID) VALUES (177, 1583, 4, 89);
INSERT INTO PlantedIn (bedID, plantID, percentage, staffID) VALUES (413, 473, 1, 12);
INSERT INTO PlantedIn (bedID, plantID, percentage, staffID) VALUES (266, 3811, 1, 192);
INSERT INTO PlantedIn (bedID, plantID, percentage, staffID) VALUES (10, 3764, 2, 162);
INSERT INTO PlantedIn (bedID, plantID, percentage, staffID) VALUES (178, 3565, 2, 22);
INSERT INTO PlantedIn (bedID, plantID, percentage, staffID) VALUES (244, 815, 2, 34);
INSERT INTO PlantedIn (bedID, plantID, percentage, staffID) VALUES (88, 3698, 2, 40);
INSERT INTO PlantedIn (bedID, plantID, percentage, staffID) VALUES (360, 738, 1, 124);
INSERT INTO PlantedIn (bedID, plantID, percentage, staffID) VALUES (285, 146, 2, 5);
INSERT INTO PlantedIn (bedID, plantID, percentage, staffID) VALUES (76, 313, 3, 143);
INSERT INTO PlantedIn (bedID, plantID, percentage, staffID) VALUES (32, 2463, 1, 171);
INSERT INTO PlantedIn (bedID, plantID, percentage, staffID) VALUES (289, 2420, 4, 71);
INSERT INTO PlantedIn (bedID, plantID, percentage, staffID) VALUES (260, 1753, 1, 72);
INSERT INTO PlantedIn (bedID, plantID, percentage, staffID) VALUES (315, 1980, 4, 93);
INSERT INTO PlantedIn (bedID, plantID, percentage, staffID) VALUES (222, 2496, 1, 31);
INSERT INTO PlantedIn (bedID, plantID, percentage, staffID) VALUES (396, 2916, 2, 74);
INSERT INTO PlantedIn (bedID, plantID, percentage, staffID) VALUES (375, 1485, 4, 186);
INSERT INTO PlantedIn (bedID, plantID, percentage, staffID) VALUES (220, 2360, 3, 138);
INSERT INTO PlantedIn (bedID, plantID, percentage, staffID) VALUES (118, 1961, 4, 127);
INSERT INTO PlantedIn (bedID, plantID, percentage, staffID) VALUES (64, 3732, 3, 173);
INSERT INTO PlantedIn (bedID, plantID, percentage, staffID) VALUES (199, 745, 1, 152);
INSERT INTO PlantedIn (bedID, plantID, percentage, staffID) VALUES (334, 759, 1, 191);
INSERT INTO PlantedIn (bedID, plantID, percentage, staffID) VALUES (399, 313, 3, 83);
INSERT INTO PlantedIn (bedID, plantID, percentage, staffID) VALUES (396, 2954, 3, 24);
INSERT INTO PlantedIn (bedID, plantID, percentage, staffID) VALUES (71, 103, 3, 119);
INSERT INTO PlantedIn (bedID, plantID, percentage, staffID) VALUES (302, 974, 4, 30);
INSERT INTO PlantedIn (bedID, plantID, percentage, staffID) VALUES (360, 2955, 4, 152);
INSERT INTO PlantedIn (bedID, plantID, percentage, staffID) VALUES (346, 2267, 1, 118);
INSERT INTO PlantedIn (bedID, plantID, percentage, staffID) VALUES (369, 1231, 2, 48);
INSERT INTO PlantedIn (bedID, plantID, percentage, staffID) VALUES (244, 631, 2, 135);
INSERT INTO PlantedIn (bedID, plantID, percentage, staffID) VALUES (116, 234, 1, 8);
INSERT INTO PlantedIn (bedID, plantID, percentage, staffID) VALUES (391, 584, 4, 145);
INSERT INTO PlantedIn (bedID, plantID, percentage, staffID) VALUES (84, 1104, 4, 120);
INSERT INTO PlantedIn (bedID, plantID, percentage, staffID) VALUES (255, 2826, 2, 143);
INSERT INTO PlantedIn (bedID, plantID, percentage, staffID) VALUES (235, 1708, 1, 39);
INSERT INTO PlantedIn (bedID, plantID, percentage, staffID) VALUES (14, 2950, 4, 77);
INSERT INTO PlantedIn (bedID, plantID, percentage, staffID) VALUES (39, 2340, 3, 60);
INSERT INTO PlantedIn (bedID, plantID, percentage, staffID) VALUES (5, 3819, 4, 19);
INSERT INTO PlantedIn (bedID, plantID, percentage, staffID) VALUES (66, 3085, 2, 165);
INSERT INTO PlantedIn (bedID, plantID, percentage, staffID) VALUES (40, 1518, 3, 27);
INSERT INTO PlantedIn (bedID, plantID, percentage, staffID) VALUES (59, 3208, 3, 188);
INSERT INTO PlantedIn (bedID, plantID, percentage, staffID) VALUES (129, 414, 2, 173);
INSERT INTO PlantedIn (bedID, plantID, percentage, staffID) VALUES (412, 843, 4, 22);
INSERT INTO PlantedIn (bedID, plantID, percentage, staffID) VALUES (390, 1543, 3, 112);
INSERT INTO PlantedIn (bedID, plantID, percentage, staffID) VALUES (165, 1935, 2, 124);
INSERT INTO PlantedIn (bedID, plantID, percentage, staffID) VALUES (232, 2691, 3, 40);
INSERT INTO PlantedIn (bedID, plantID, percentage, staffID) VALUES (234, 3858, 3, 193);
INSERT INTO PlantedIn (bedID, plantID, percentage, staffID) VALUES (185, 288, 3, 41);
INSERT INTO PlantedIn (bedID, plantID, percentage, staffID) VALUES (428, 450, 1, 28);
INSERT INTO PlantedIn (bedID, plantID, percentage, staffID) VALUES (106, 3780, 1, 98);
INSERT INTO PlantedIn (bedID, plantID, percentage, staffID) VALUES (93, 2257, 1, 10);
INSERT INTO PlantedIn (bedID, plantID, percentage, staffID) VALUES (465, 2292, 2, 125);
INSERT INTO PlantedIn (bedID, plantID, percentage, staffID) VALUES (45, 834, 3, 141);
INSERT INTO PlantedIn (bedID, plantID, percentage, staffID) VALUES (432, 3401, 2, 43);
INSERT INTO PlantedIn (bedID, plantID, percentage, staffID) VALUES (108, 704, 1, 160);
INSERT INTO PlantedIn (bedID, plantID, percentage, staffID) VALUES (142, 3543, 3, 63);
INSERT INTO PlantedIn (bedID, plantID, percentage, staffID) VALUES (424, 3032, 1, 126);
INSERT INTO PlantedIn (bedID, plantID, percentage, staffID) VALUES (175, 2553, 2, 23);
INSERT INTO PlantedIn (bedID, plantID, percentage, staffID) VALUES (120, 2787, 2, 140);
INSERT INTO PlantedIn (bedID, plantID, percentage, staffID) VALUES (444, 1433, 4, 190);
INSERT INTO PlantedIn (bedID, plantID, percentage, staffID) VALUES (119, 535, 1, 52);
INSERT INTO PlantedIn (bedID, plantID, percentage, staffID) VALUES (138, 919, 3, 81);
INSERT INTO PlantedIn (bedID, plantID, percentage, staffID) VALUES (199, 696, 3, 133);
INSERT INTO PlantedIn (bedID, plantID, percentage, staffID) VALUES (46, 3704, 4, 49);
INSERT INTO PlantedIn (bedID, plantID, percentage, staffID) VALUES (352, 3306, 1, 17);
INSERT INTO PlantedIn (bedID, plantID, percentage, staffID) VALUES (244, 737, 4, 95);
INSERT INTO PlantedIn (bedID, plantID, percentage, staffID) VALUES (432, 558, 4, 24);
INSERT INTO PlantedIn (bedID, plantID, percentage, staffID) VALUES (244, 174, 4, 143);
INSERT INTO PlantedIn (bedID, plantID, percentage, staffID) VALUES (87, 3677, 2, 183);
INSERT INTO PlantedIn (bedID, plantID, percentage, staffID) VALUES (223, 2488, 3, 67);
INSERT INTO PlantedIn (bedID, plantID, percentage, staffID) VALUES (285, 2191, 2, 114);
INSERT INTO PlantedIn (bedID, plantID, percentage, staffID) VALUES (200, 2467, 4, 93);
INSERT INTO PlantedIn (bedID, plantID, percentage, staffID) VALUES (393, 3545, 3, 145);
INSERT INTO PlantedIn (bedID, plantID, percentage, staffID) VALUES (29, 3179, 3, 121);
INSERT INTO PlantedIn (bedID, plantID, percentage, staffID) VALUES (411, 1105, 1, 70);
INSERT INTO PlantedIn (bedID, plantID, percentage, staffID) VALUES (113, 907, 2, 108);
INSERT INTO PlantedIn (bedID, plantID, percentage, staffID) VALUES (249, 2003, 4, 8);
INSERT INTO PlantedIn (bedID, plantID, percentage, staffID) VALUES (77, 1399, 4, 115);
INSERT INTO PlantedIn (bedID, plantID, percentage, staffID) VALUES (440, 461, 2, 23);
INSERT INTO PlantedIn (bedID, plantID, percentage, staffID) VALUES (359, 2177, 3, 59);
INSERT INTO PlantedIn (bedID, plantID, percentage, staffID) VALUES (228, 3841, 3, 67);
INSERT INTO PlantedIn (bedID, plantID, percentage, staffID) VALUES (386, 3540, 3, 25);
INSERT INTO PlantedIn (bedID, plantID, percentage, staffID) VALUES (96, 1774, 2, 150);
INSERT INTO PlantedIn (bedID, plantID, percentage, staffID) VALUES (329, 1002, 1, 177);
INSERT INTO PlantedIn (bedID, plantID, percentage, staffID) VALUES (368, 3479, 4, 44);
INSERT INTO PlantedIn (bedID, plantID, percentage, staffID) VALUES (124, 2998, 1, 144);
INSERT INTO PlantedIn (bedID, plantID, percentage, staffID) VALUES (424, 3134, 3, 111);
INSERT INTO PlantedIn (bedID, plantID, percentage, staffID) VALUES (177, 3199, 4, 49);
INSERT INTO PlantedIn (bedID, plantID, percentage, staffID) VALUES (389, 2185, 3, 81);
INSERT INTO PlantedIn (bedID, plantID, percentage, staffID) VALUES (228, 1986, 3, 66);
INSERT INTO PlantedIn (bedID, plantID, percentage, staffID) VALUES (461, 212, 3, 25);
INSERT INTO PlantedIn (bedID, plantID, percentage, staffID) VALUES (149, 3812, 1, 181);
INSERT INTO PlantedIn (bedID, plantID, percentage, staffID) VALUES (420, 381, 1, 7);
INSERT INTO PlantedIn (bedID, plantID, percentage, staffID) VALUES (414, 2833, 4, 69);
INSERT INTO PlantedIn (bedID, plantID, percentage, staffID) VALUES (258, 3393, 4, 86);
INSERT INTO PlantedIn (bedID, plantID, percentage, staffID) VALUES (334, 2548, 3, 158);
INSERT INTO PlantedIn (bedID, plantID, percentage, staffID) VALUES (107, 648, 3, 34);
INSERT INTO PlantedIn (bedID, plantID, percentage, staffID) VALUES (323, 1875, 3, 80);
INSERT INTO PlantedIn (bedID, plantID, percentage, staffID) VALUES (256, 1967, 4, 66);
INSERT INTO PlantedIn (bedID, plantID, percentage, staffID) VALUES (235, 790, 2, 193);
INSERT INTO PlantedIn (bedID, plantID, percentage, staffID) VALUES (144, 3770, 1, 108);
INSERT INTO PlantedIn (bedID, plantID, percentage, staffID) VALUES (335, 3349, 2, 193);
INSERT INTO PlantedIn (bedID, plantID, percentage, staffID) VALUES (352, 1415, 2, 35);
INSERT INTO PlantedIn (bedID, plantID, percentage, staffID) VALUES (296, 1324, 1, 91);
INSERT INTO PlantedIn (bedID, plantID, percentage, staffID) VALUES (403, 2948, 2, 4);
INSERT INTO PlantedIn (bedID, plantID, percentage, staffID) VALUES (458, 3727, 2, 149);
INSERT INTO PlantedIn (bedID, plantID, percentage, staffID) VALUES (445, 991, 3, 92);
INSERT INTO PlantedIn (bedID, plantID, percentage, staffID) VALUES (58, 1514, 4, 184);
INSERT INTO PlantedIn (bedID, plantID, percentage, staffID) VALUES (359, 265, 4, 65);
INSERT INTO PlantedIn (bedID, plantID, percentage, staffID) VALUES (5, 1131, 1, 7);
INSERT INTO PlantedIn (bedID, plantID, percentage, staffID) VALUES (205, 3816, 1, 185);
INSERT INTO PlantedIn (bedID, plantID, percentage, staffID) VALUES (156, 1351, 1, 46);
INSERT INTO PlantedIn (bedID, plantID, percentage, staffID) VALUES (53, 942, 1, 108);
INSERT INTO PlantedIn (bedID, plantID, percentage, staffID) VALUES (99, 987, 1, 72);
INSERT INTO PlantedIn (bedID, plantID, percentage, staffID) VALUES (242, 3073, 3, 163);
INSERT INTO PlantedIn (bedID, plantID, percentage, staffID) VALUES (89, 2684, 4, 103);
INSERT INTO PlantedIn (bedID, plantID, percentage, staffID) VALUES (361, 3157, 4, 149);
INSERT INTO PlantedIn (bedID, plantID, percentage, staffID) VALUES (52, 2935, 3, 182);
INSERT INTO PlantedIn (bedID, plantID, percentage, staffID) VALUES (353, 3076, 1, 123);
INSERT INTO PlantedIn (bedID, plantID, percentage, staffID) VALUES (69, 3192, 2, 53);
INSERT INTO PlantedIn (bedID, plantID, percentage, staffID) VALUES (19, 2647, 3, 87);
INSERT INTO PlantedIn (bedID, plantID, percentage, staffID) VALUES (227, 849, 3, 38);
INSERT INTO PlantedIn (bedID, plantID, percentage, staffID) VALUES (433, 2650, 3, 125);
INSERT INTO PlantedIn (bedID, plantID, percentage, staffID) VALUES (238, 1306, 3, 92);
INSERT INTO PlantedIn (bedID, plantID, percentage, staffID) VALUES (46, 1307, 4, 32);
INSERT INTO PlantedIn (bedID, plantID, percentage, staffID) VALUES (64, 2920, 2, 188);
INSERT INTO PlantedIn (bedID, plantID, percentage, staffID) VALUES (275, 681, 3, 110);
INSERT INTO PlantedIn (bedID, plantID, percentage, staffID) VALUES (455, 3372, 1, 190);
INSERT INTO PlantedIn (bedID, plantID, percentage, staffID) VALUES (264, 1362, 1, 113);
INSERT INTO PlantedIn (bedID, plantID, percentage, staffID) VALUES (271, 2847, 2, 144);
INSERT INTO PlantedIn (bedID, plantID, percentage, staffID) VALUES (200, 1215, 4, 34);
INSERT INTO PlantedIn (bedID, plantID, percentage, staffID) VALUES (309, 2364, 3, 110);
INSERT INTO PlantedIn (bedID, plantID, percentage, staffID) VALUES (450, 2666, 1, 121);
INSERT INTO PlantedIn (bedID, plantID, percentage, staffID) VALUES (211, 1976, 1, 74);
INSERT INTO PlantedIn (bedID, plantID, percentage, staffID) VALUES (326, 3475, 3, 139);
INSERT INTO PlantedIn (bedID, plantID, percentage, staffID) VALUES (365, 2336, 2, 133);
INSERT INTO PlantedIn (bedID, plantID, percentage, staffID) VALUES (453, 772, 3, 75);
INSERT INTO PlantedIn (bedID, plantID, percentage, staffID) VALUES (443, 268, 2, 3);
INSERT INTO PlantedIn (bedID, plantID, percentage, staffID) VALUES (182, 685, 1, 58);
INSERT INTO PlantedIn (bedID, plantID, percentage, staffID) VALUES (373, 3160, 3, 161);
INSERT INTO PlantedIn (bedID, plantID, percentage, staffID) VALUES (240, 1455, 4, 168);
INSERT INTO PlantedIn (bedID, plantID, percentage, staffID) VALUES (40, 2531, 4, 46);
INSERT INTO PlantedIn (bedID, plantID, percentage, staffID) VALUES (123, 3365, 1, 38);
INSERT INTO PlantedIn (bedID, plantID, percentage, staffID) VALUES (34, 2122, 1, 152);
INSERT INTO PlantedIn (bedID, plantID, percentage, staffID) VALUES (293, 2932, 1, 75);
INSERT INTO PlantedIn (bedID, plantID, percentage, staffID) VALUES (443, 2497, 3, 8);
INSERT INTO PlantedIn (bedID, plantID, percentage, staffID) VALUES (220, 3175, 4, 95);
INSERT INTO PlantedIn (bedID, plantID, percentage, staffID) VALUES (94, 1099, 1, 189);
INSERT INTO PlantedIn (bedID, plantID, percentage, staffID) VALUES (222, 3483, 3, 135);
INSERT INTO PlantedIn (bedID, plantID, percentage, staffID) VALUES (263, 3411, 4, 84);
INSERT INTO PlantedIn (bedID, plantID, percentage, staffID) VALUES (357, 2284, 4, 7);
INSERT INTO PlantedIn (bedID, plantID, percentage, staffID) VALUES (67, 2996, 4, 170);
INSERT INTO PlantedIn (bedID, plantID, percentage, staffID) VALUES (253, 748, 2, 155);
INSERT INTO PlantedIn (bedID, plantID, percentage, staffID) VALUES (397, 3077, 2, 40);
INSERT INTO PlantedIn (bedID, plantID, percentage, staffID) VALUES (293, 2532, 4, 56);
INSERT INTO PlantedIn (bedID, plantID, percentage, staffID) VALUES (445, 759, 2, 184);
INSERT INTO PlantedIn (bedID, plantID, percentage, staffID) VALUES (210, 1423, 1, 96);
INSERT INTO PlantedIn (bedID, plantID, percentage, staffID) VALUES (454, 1931, 1, 4);
INSERT INTO PlantedIn (bedID, plantID, percentage, staffID) VALUES (130, 3277, 4, 175);
INSERT INTO PlantedIn (bedID, plantID, percentage, staffID) VALUES (20, 2380, 4, 57);
INSERT INTO PlantedIn (bedID, plantID, percentage, staffID) VALUES (195, 1814, 1, 38);
INSERT INTO PlantedIn (bedID, plantID, percentage, staffID) VALUES (59, 1765, 1, 173);
INSERT INTO PlantedIn (bedID, plantID, percentage, staffID) VALUES (309, 2878, 4, 97);
INSERT INTO PlantedIn (bedID, plantID, percentage, staffID) VALUES (145, 1670, 3, 83);
INSERT INTO PlantedIn (bedID, plantID, percentage, staffID) VALUES (379, 3374, 4, 193);
INSERT INTO PlantedIn (bedID, plantID, percentage, staffID) VALUES (177, 3716, 3, 175);
INSERT INTO PlantedIn (bedID, plantID, percentage, staffID) VALUES (383, 2759, 4, 93);
INSERT INTO PlantedIn (bedID, plantID, percentage, staffID) VALUES (156, 2826, 3, 150);
INSERT INTO PlantedIn (bedID, plantID, percentage, staffID) VALUES (95, 3532, 2, 158);
INSERT INTO PlantedIn (bedID, plantID, percentage, staffID) VALUES (176, 2375, 1, 80);
INSERT INTO PlantedIn (bedID, plantID, percentage, staffID) VALUES (170, 3322, 3, 158);
INSERT INTO PlantedIn (bedID, plantID, percentage, staffID) VALUES (138, 689, 1, 84);
INSERT INTO PlantedIn (bedID, plantID, percentage, staffID) VALUES (149, 2732, 1, 15);
INSERT INTO PlantedIn (bedID, plantID, percentage, staffID) VALUES (121, 2725, 2, 101);
INSERT INTO PlantedIn (bedID, plantID, percentage, staffID) VALUES (293, 1009, 4, 160);
INSERT INTO PlantedIn (bedID, plantID, percentage, staffID) VALUES (415, 652, 1, 3);
INSERT INTO PlantedIn (bedID, plantID, percentage, staffID) VALUES (14, 3040, 2, 184);
INSERT INTO PlantedIn (bedID, plantID, percentage, staffID) VALUES (457, 1194, 1, 84);
INSERT INTO PlantedIn (bedID, plantID, percentage, staffID) VALUES (314, 1003, 4, 90);
INSERT INTO PlantedIn (bedID, plantID, percentage, staffID) VALUES (457, 1967, 2, 21);
INSERT INTO PlantedIn (bedID, plantID, percentage, staffID) VALUES (16, 293, 2, 28);
INSERT INTO PlantedIn (bedID, plantID, percentage, staffID) VALUES (370, 2425, 2, 152);
INSERT INTO PlantedIn (bedID, plantID, percentage, staffID) VALUES (421, 2032, 4, 80);
INSERT INTO PlantedIn (bedID, plantID, percentage, staffID) VALUES (89, 3461, 1, 9);
INSERT INTO PlantedIn (bedID, plantID, percentage, staffID) VALUES (97, 1741, 4, 35);
INSERT INTO PlantedIn (bedID, plantID, percentage, staffID) VALUES (336, 2345, 3, 173);
INSERT INTO PlantedIn (bedID, plantID, percentage, staffID) VALUES (55, 3654, 1, 13);
INSERT INTO PlantedIn (bedID, plantID, percentage, staffID) VALUES (10, 769, 4, 90);
INSERT INTO PlantedIn (bedID, plantID, percentage, staffID) VALUES (391, 706, 3, 41);
INSERT INTO PlantedIn (bedID, plantID, percentage, staffID) VALUES (335, 2278, 2, 98);
INSERT INTO PlantedIn (bedID, plantID, percentage, staffID) VALUES (469, 1837, 1, 26);
INSERT INTO PlantedIn (bedID, plantID, percentage, staffID) VALUES (176, 637, 3, 68);
INSERT INTO PlantedIn (bedID, plantID, percentage, staffID) VALUES (291, 1922, 2, 91);
INSERT INTO PlantedIn (bedID, plantID, percentage, staffID) VALUES (49, 1102, 1, 1);
INSERT INTO PlantedIn (bedID, plantID, percentage, staffID) VALUES (109, 246, 2, 75);
INSERT INTO PlantedIn (bedID, plantID, percentage, staffID) VALUES (125, 3112, 1, 11);
INSERT INTO PlantedIn (bedID, plantID, percentage, staffID) VALUES (468, 982, 3, 164);
INSERT INTO PlantedIn (bedID, plantID, percentage, staffID) VALUES (399, 1084, 4, 21);
INSERT INTO PlantedIn (bedID, plantID, percentage, staffID) VALUES (358, 859, 1, 3);
INSERT INTO PlantedIn (bedID, plantID, percentage, staffID) VALUES (184, 1315, 1, 144);
INSERT INTO PlantedIn (bedID, plantID, percentage, staffID) VALUES (397, 551, 4, 67);
INSERT INTO PlantedIn (bedID, plantID, percentage, staffID) VALUES (186, 2038, 3, 186);
INSERT INTO PlantedIn (bedID, plantID, percentage, staffID) VALUES (158, 3719, 2, 152);
INSERT INTO PlantedIn (bedID, plantID, percentage, staffID) VALUES (103, 2107, 1, 4);
INSERT INTO PlantedIn (bedID, plantID, percentage, staffID) VALUES (391, 443, 3, 183);
INSERT INTO PlantedIn (bedID, plantID, percentage, staffID) VALUES (160, 3491, 3, 145);
INSERT INTO PlantedIn (bedID, plantID, percentage, staffID) VALUES (116, 1581, 1, 149);
INSERT INTO PlantedIn (bedID, plantID, percentage, staffID) VALUES (261, 203, 4, 5);
INSERT INTO PlantedIn (bedID, plantID, percentage, staffID) VALUES (180, 700, 4, 130);
INSERT INTO PlantedIn (bedID, plantID, percentage, staffID) VALUES (336, 2111, 1, 87);
INSERT INTO PlantedIn (bedID, plantID, percentage, staffID) VALUES (241, 648, 3, 74);
INSERT INTO PlantedIn (bedID, plantID, percentage, staffID) VALUES (338, 1458, 3, 160);
INSERT INTO PlantedIn (bedID, plantID, percentage, staffID) VALUES (233, 2613, 4, 25);
INSERT INTO PlantedIn (bedID, plantID, percentage, staffID) VALUES (274, 3196, 4, 113);
INSERT INTO PlantedIn (bedID, plantID, percentage, staffID) VALUES (112, 1072, 4, 185);
INSERT INTO PlantedIn (bedID, plantID, percentage, staffID) VALUES (156, 3572, 3, 157);
INSERT INTO PlantedIn (bedID, plantID, percentage, staffID) VALUES (50, 1556, 4, 99);
INSERT INTO PlantedIn (bedID, plantID, percentage, staffID) VALUES (449, 3506, 2, 175);
INSERT INTO PlantedIn (bedID, plantID, percentage, staffID) VALUES (36, 830, 4, 37);
INSERT INTO PlantedIn (bedID, plantID, percentage, staffID) VALUES (280, 3729, 1, 67);
INSERT INTO PlantedIn (bedID, plantID, percentage, staffID) VALUES (303, 1717, 1, 186);
INSERT INTO PlantedIn (bedID, plantID, percentage, staffID) VALUES (129, 1790, 3, 9);
INSERT INTO PlantedIn (bedID, plantID, percentage, staffID) VALUES (351, 3651, 1, 60);
INSERT INTO PlantedIn (bedID, plantID, percentage, staffID) VALUES (411, 229, 4, 160);
INSERT INTO PlantedIn (bedID, plantID, percentage, staffID) VALUES (219, 1012, 2, 161);
INSERT INTO PlantedIn (bedID, plantID, percentage, staffID) VALUES (80, 2475, 1, 177);
INSERT INTO PlantedIn (bedID, plantID, percentage, staffID) VALUES (405, 186, 2, 7);
INSERT INTO PlantedIn (bedID, plantID, percentage, staffID) VALUES (6, 1372, 3, 109);
INSERT INTO PlantedIn (bedID, plantID, percentage, staffID) VALUES (378, 1706, 1, 179);
INSERT INTO PlantedIn (bedID, plantID, percentage, staffID) VALUES (428, 3536, 3, 118);
INSERT INTO PlantedIn (bedID, plantID, percentage, staffID) VALUES (407, 3363, 3, 146);
INSERT INTO PlantedIn (bedID, plantID, percentage, staffID) VALUES (440, 1912, 2, 143);
INSERT INTO PlantedIn (bedID, plantID, percentage, staffID) VALUES (358, 1884, 4, 164);
INSERT INTO PlantedIn (bedID, plantID, percentage, staffID) VALUES (61, 2583, 4, 35);
INSERT INTO PlantedIn (bedID, plantID, percentage, staffID) VALUES (339, 765, 3, 88);
INSERT INTO PlantedIn (bedID, plantID, percentage, staffID) VALUES (262, 3710, 2, 78);
INSERT INTO PlantedIn (bedID, plantID, percentage, staffID) VALUES (190, 986, 2, 87);
INSERT INTO PlantedIn (bedID, plantID, percentage, staffID) VALUES (81, 3859, 1, 194);
INSERT INTO PlantedIn (bedID, plantID, percentage, staffID) VALUES (411, 2569, 4, 155);
INSERT INTO PlantedIn (bedID, plantID, percentage, staffID) VALUES (76, 1767, 4, 39);
INSERT INTO PlantedIn (bedID, plantID, percentage, staffID) VALUES (447, 3827, 1, 172);
INSERT INTO PlantedIn (bedID, plantID, percentage, staffID) VALUES (312, 30, 2, 12);
INSERT INTO PlantedIn (bedID, plantID, percentage, staffID) VALUES (98, 1872, 4, 22);
INSERT INTO PlantedIn (bedID, plantID, percentage, staffID) VALUES (211, 1875, 4, 23);
INSERT INTO PlantedIn (bedID, plantID, percentage, staffID) VALUES (350, 2056, 4, 31);
INSERT INTO PlantedIn (bedID, plantID, percentage, staffID) VALUES (251, 389, 2, 192);
INSERT INTO PlantedIn (bedID, plantID, percentage, staffID) VALUES (362, 2684, 4, 41);
INSERT INTO PlantedIn (bedID, plantID, percentage, staffID) VALUES (72, 1490, 1, 172);
INSERT INTO PlantedIn (bedID, plantID, percentage, staffID) VALUES (178, 2624, 1, 35);
INSERT INTO PlantedIn (bedID, plantID, percentage, staffID) VALUES (325, 859, 4, 84);
INSERT INTO PlantedIn (bedID, plantID, percentage, staffID) VALUES (335, 1973, 1, 133);
INSERT INTO PlantedIn (bedID, plantID, percentage, staffID) VALUES (139, 565, 4, 132);
INSERT INTO PlantedIn (bedID, plantID, percentage, staffID) VALUES (117, 2253, 1, 46);
INSERT INTO PlantedIn (bedID, plantID, percentage, staffID) VALUES (132, 1613, 2, 191);
INSERT INTO PlantedIn (bedID, plantID, percentage, staffID) VALUES (380, 2993, 1, 107);
INSERT INTO PlantedIn (bedID, plantID, percentage, staffID) VALUES (215, 2672, 1, 44);
INSERT INTO PlantedIn (bedID, plantID, percentage, staffID) VALUES (432, 2390, 3, 7);
INSERT INTO PlantedIn (bedID, plantID, percentage, staffID) VALUES (61, 2635, 1, 158);
INSERT INTO PlantedIn (bedID, plantID, percentage, staffID) VALUES (209, 2961, 3, 176);
INSERT INTO PlantedIn (bedID, plantID, percentage, staffID) VALUES (432, 1949, 1, 114);
INSERT INTO PlantedIn (bedID, plantID, percentage, staffID) VALUES (42, 3002, 2, 35);
INSERT INTO PlantedIn (bedID, plantID, percentage, staffID) VALUES (92, 407, 4, 162);
INSERT INTO PlantedIn (bedID, plantID, percentage, staffID) VALUES (416, 1220, 2, 36);
INSERT INTO PlantedIn (bedID, plantID, percentage, staffID) VALUES (4, 1489, 4, 97);
INSERT INTO PlantedIn (bedID, plantID, percentage, staffID) VALUES (2, 1946, 1, 111);
INSERT INTO PlantedIn (bedID, plantID, percentage, staffID) VALUES (88, 1200, 3, 53);
INSERT INTO PlantedIn (bedID, plantID, percentage, staffID) VALUES (37, 447, 4, 74);
INSERT INTO PlantedIn (bedID, plantID, percentage, staffID) VALUES (294, 3542, 3, 30);
INSERT INTO PlantedIn (bedID, plantID, percentage, staffID) VALUES (328, 1225, 4, 15);
INSERT INTO PlantedIn (bedID, plantID, percentage, staffID) VALUES (200, 3333, 2, 181);
INSERT INTO PlantedIn (bedID, plantID, percentage, staffID) VALUES (85, 222, 1, 130);
INSERT INTO PlantedIn (bedID, plantID, percentage, staffID) VALUES (210, 408, 2, 22);
INSERT INTO PlantedIn (bedID, plantID, percentage, staffID) VALUES (288, 2491, 4, 118);
INSERT INTO PlantedIn (bedID, plantID, percentage, staffID) VALUES (452, 3224, 1, 86);
INSERT INTO PlantedIn (bedID, plantID, percentage, staffID) VALUES (450, 3021, 3, 4);
INSERT INTO PlantedIn (bedID, plantID, percentage, staffID) VALUES (331, 643, 2, 57);
INSERT INTO PlantedIn (bedID, plantID, percentage, staffID) VALUES (229, 1337, 4, 57);
INSERT INTO PlantedIn (bedID, plantID, percentage, staffID) VALUES (99, 622, 2, 43);
INSERT INTO PlantedIn (bedID, plantID, percentage, staffID) VALUES (104, 3245, 3, 117);
INSERT INTO PlantedIn (bedID, plantID, percentage, staffID) VALUES (447, 2609, 3, 22);
INSERT INTO PlantedIn (bedID, plantID, percentage, staffID) VALUES (152, 2644, 2, 71);
INSERT INTO PlantedIn (bedID, plantID, percentage, staffID) VALUES (246, 2971, 2, 63);
INSERT INTO PlantedIn (bedID, plantID, percentage, staffID) VALUES (261, 1254, 1, 8);
INSERT INTO PlantedIn (bedID, plantID, percentage, staffID) VALUES (233, 1208, 4, 131);
INSERT INTO PlantedIn (bedID, plantID, percentage, staffID) VALUES (312, 3543, 4, 180);
INSERT INTO PlantedIn (bedID, plantID, percentage, staffID) VALUES (37, 327, 2, 52);
INSERT INTO PlantedIn (bedID, plantID, percentage, staffID) VALUES (236, 239, 4, 87);
INSERT INTO PlantedIn (bedID, plantID, percentage, staffID) VALUES (353, 2977, 2, 19);
INSERT INTO PlantedIn (bedID, plantID, percentage, staffID) VALUES (255, 1529, 1, 150);
INSERT INTO PlantedIn (bedID, plantID, percentage, staffID) VALUES (341, 2970, 1, 69);
INSERT INTO PlantedIn (bedID, plantID, percentage, staffID) VALUES (39, 3773, 3, 38);
INSERT INTO PlantedIn (bedID, plantID, percentage, staffID) VALUES (423, 241, 4, 124);
INSERT INTO PlantedIn (bedID, plantID, percentage, staffID) VALUES (70, 3315, 1, 55);
INSERT INTO PlantedIn (bedID, plantID, percentage, staffID) VALUES (322, 854, 1, 192);
INSERT INTO PlantedIn (bedID, plantID, percentage, staffID) VALUES (63, 329, 3, 60);
INSERT INTO PlantedIn (bedID, plantID, percentage, staffID) VALUES (228, 92, 1, 155);
INSERT INTO PlantedIn (bedID, plantID, percentage, staffID) VALUES (375, 375, 4, 84);
INSERT INTO PlantedIn (bedID, plantID, percentage, staffID) VALUES (35, 2298, 4, 125);
INSERT INTO PlantedIn (bedID, plantID, percentage, staffID) VALUES (311, 842, 4, 191);
INSERT INTO PlantedIn (bedID, plantID, percentage, staffID) VALUES (36, 774, 4, 179);
INSERT INTO PlantedIn (bedID, plantID, percentage, staffID) VALUES (200, 3144, 3, 191);
INSERT INTO PlantedIn (bedID, plantID, percentage, staffID) VALUES (83, 3585, 2, 150);
INSERT INTO PlantedIn (bedID, plantID, percentage, staffID) VALUES (23, 2853, 4, 142);
INSERT INTO PlantedIn (bedID, plantID, percentage, staffID) VALUES (395, 401, 4, 146);
INSERT INTO PlantedIn (bedID, plantID, percentage, staffID) VALUES (331, 1256, 2, 179);
INSERT INTO PlantedIn (bedID, plantID, percentage, staffID) VALUES (4, 123, 2, 77);
INSERT INTO PlantedIn (bedID, plantID, percentage, staffID) VALUES (400, 1185, 1, 27);
INSERT INTO PlantedIn (bedID, plantID, percentage, staffID) VALUES (111, 3338, 1, 67);
INSERT INTO PlantedIn (bedID, plantID, percentage, staffID) VALUES (420, 1182, 4, 151);
INSERT INTO PlantedIn (bedID, plantID, percentage, staffID) VALUES (21, 1671, 4, 158);
INSERT INTO PlantedIn (bedID, plantID, percentage, staffID) VALUES (254, 1883, 1, 161);
INSERT INTO PlantedIn (bedID, plantID, percentage, staffID) VALUES (384, 2546, 2, 120);
INSERT INTO PlantedIn (bedID, plantID, percentage, staffID) VALUES (368, 1334, 3, 185);
INSERT INTO PlantedIn (bedID, plantID, percentage, staffID) VALUES (309, 135, 4, 132);
INSERT INTO PlantedIn (bedID, plantID, percentage, staffID) VALUES (425, 3750, 4, 27);
INSERT INTO PlantedIn (bedID, plantID, percentage, staffID) VALUES (131, 3367, 2, 147);
INSERT INTO PlantedIn (bedID, plantID, percentage, staffID) VALUES (144, 1914, 4, 41);
INSERT INTO PlantedIn (bedID, plantID, percentage, staffID) VALUES (465, 3803, 4, 15);
INSERT INTO PlantedIn (bedID, plantID, percentage, staffID) VALUES (304, 2554, 1, 31);
INSERT INTO PlantedIn (bedID, plantID, percentage, staffID) VALUES (193, 463, 1, 119);
INSERT INTO PlantedIn (bedID, plantID, percentage, staffID) VALUES (220, 1878, 1, 165);
INSERT INTO PlantedIn (bedID, plantID, percentage, staffID) VALUES (247, 1734, 2, 1);
INSERT INTO PlantedIn (bedID, plantID, percentage, staffID) VALUES (198, 518, 3, 42);
INSERT INTO PlantedIn (bedID, plantID, percentage, staffID) VALUES (3, 3577, 2, 3);
INSERT INTO PlantedIn (bedID, plantID, percentage, staffID) VALUES (199, 819, 2, 31);
INSERT INTO PlantedIn (bedID, plantID, percentage, staffID) VALUES (93, 852, 4, 41);
INSERT INTO PlantedIn (bedID, plantID, percentage, staffID) VALUES (417, 1330, 2, 194);
INSERT INTO PlantedIn (bedID, plantID, percentage, staffID) VALUES (220, 2047, 4, 97);
INSERT INTO PlantedIn (bedID, plantID, percentage, staffID) VALUES (8, 1071, 3, 10);
INSERT INTO PlantedIn (bedID, plantID, percentage, staffID) VALUES (86, 617, 1, 172);
INSERT INTO PlantedIn (bedID, plantID, percentage, staffID) VALUES (41, 3295, 3, 101);
INSERT INTO PlantedIn (bedID, plantID, percentage, staffID) VALUES (31, 2480, 2, 186);
INSERT INTO PlantedIn (bedID, plantID, percentage, staffID) VALUES (408, 400, 3, 20);
INSERT INTO PlantedIn (bedID, plantID, percentage, staffID) VALUES (212, 173, 4, 7);
INSERT INTO PlantedIn (bedID, plantID, percentage, staffID) VALUES (272, 1939, 3, 172);
INSERT INTO PlantedIn (bedID, plantID, percentage, staffID) VALUES (369, 3419, 3, 26);
INSERT INTO PlantedIn (bedID, plantID, percentage, staffID) VALUES (441, 310, 1, 133);
INSERT INTO PlantedIn (bedID, plantID, percentage, staffID) VALUES (114, 1881, 2, 61);
INSERT INTO PlantedIn (bedID, plantID, percentage, staffID) VALUES (161, 3062, 2, 170);
INSERT INTO PlantedIn (bedID, plantID, percentage, staffID) VALUES (206, 2846, 2, 136);
INSERT INTO PlantedIn (bedID, plantID, percentage, staffID) VALUES (398, 2940, 2, 8);
INSERT INTO PlantedIn (bedID, plantID, percentage, staffID) VALUES (381, 267, 2, 41);
INSERT INTO PlantedIn (bedID, plantID, percentage, staffID) VALUES (437, 363, 4, 175);
INSERT INTO PlantedIn (bedID, plantID, percentage, staffID) VALUES (468, 1020, 2, 151);
INSERT INTO PlantedIn (bedID, plantID, percentage, staffID) VALUES (27, 2190, 2, 149);
INSERT INTO PlantedIn (bedID, plantID, percentage, staffID) VALUES (144, 1514, 1, 161);
INSERT INTO PlantedIn (bedID, plantID, percentage, staffID) VALUES (72, 3185, 4, 88);
INSERT INTO PlantedIn (bedID, plantID, percentage, staffID) VALUES (423, 2424, 2, 69);
INSERT INTO PlantedIn (bedID, plantID, percentage, staffID) VALUES (315, 1179, 3, 166);
INSERT INTO PlantedIn (bedID, plantID, percentage, staffID) VALUES (189, 2571, 3, 90);
INSERT INTO PlantedIn (bedID, plantID, percentage, staffID) VALUES (317, 2798, 3, 98);
INSERT INTO PlantedIn (bedID, plantID, percentage, staffID) VALUES (138, 807, 3, 44);
INSERT INTO PlantedIn (bedID, plantID, percentage, staffID) VALUES (285, 3, 4, 151);
INSERT INTO PlantedIn (bedID, plantID, percentage, staffID) VALUES (390, 636, 3, 145);
INSERT INTO PlantedIn (bedID, plantID, percentage, staffID) VALUES (375, 178, 2, 37);
INSERT INTO PlantedIn (bedID, plantID, percentage, staffID) VALUES (167, 3836, 3, 9);
INSERT INTO PlantedIn (bedID, plantID, percentage, staffID) VALUES (311, 1867, 4, 66);
INSERT INTO PlantedIn (bedID, plantID, percentage, staffID) VALUES (16, 1765, 2, 58);
INSERT INTO PlantedIn (bedID, plantID, percentage, staffID) VALUES (315, 1930, 2, 187);
INSERT INTO PlantedIn (bedID, plantID, percentage, staffID) VALUES (237, 2517, 2, 4);
INSERT INTO PlantedIn (bedID, plantID, percentage, staffID) VALUES (386, 2815, 3, 9);
INSERT INTO PlantedIn (bedID, plantID, percentage, staffID) VALUES (367, 857, 1, 13);
INSERT INTO PlantedIn (bedID, plantID, percentage, staffID) VALUES (102, 410, 4, 179);
INSERT INTO PlantedIn (bedID, plantID, percentage, staffID) VALUES (279, 764, 2, 142);
INSERT INTO PlantedIn (bedID, plantID, percentage, staffID) VALUES (240, 2597, 3, 8);
INSERT INTO PlantedIn (bedID, plantID, percentage, staffID) VALUES (61, 1237, 4, 176);
INSERT INTO PlantedIn (bedID, plantID, percentage, staffID) VALUES (388, 3005, 2, 13);
INSERT INTO PlantedIn (bedID, plantID, percentage, staffID) VALUES (203, 301, 1, 132);
INSERT INTO PlantedIn (bedID, plantID, percentage, staffID) VALUES (382, 2646, 3, 174);
INSERT INTO PlantedIn (bedID, plantID, percentage, staffID) VALUES (429, 3536, 1, 144);
INSERT INTO PlantedIn (bedID, plantID, percentage, staffID) VALUES (368, 2654, 2, 18);
INSERT INTO PlantedIn (bedID, plantID, percentage, staffID) VALUES (170, 478, 2, 168);
INSERT INTO PlantedIn (bedID, plantID, percentage, staffID) VALUES (210, 2646, 2, 58);
INSERT INTO PlantedIn (bedID, plantID, percentage, staffID) VALUES (219, 1313, 4, 119);
INSERT INTO PlantedIn (bedID, plantID, percentage, staffID) VALUES (198, 868, 1, 28);
INSERT INTO PlantedIn (bedID, plantID, percentage, staffID) VALUES (430, 3811, 4, 164);
INSERT INTO PlantedIn (bedID, plantID, percentage, staffID) VALUES (427, 1966, 4, 191);
INSERT INTO PlantedIn (bedID, plantID, percentage, staffID) VALUES (42, 3584, 4, 109);
INSERT INTO PlantedIn (bedID, plantID, percentage, staffID) VALUES (291, 2393, 4, 31);
INSERT INTO PlantedIn (bedID, plantID, percentage, staffID) VALUES (352, 3762, 1, 94);
INSERT INTO PlantedIn (bedID, plantID, percentage, staffID) VALUES (312, 2856, 1, 92);
INSERT INTO PlantedIn (bedID, plantID, percentage, staffID) VALUES (38, 116, 2, 2);
INSERT INTO PlantedIn (bedID, plantID, percentage, staffID) VALUES (121, 557, 1, 147);
INSERT INTO PlantedIn (bedID, plantID, percentage, staffID) VALUES (49, 529, 4, 88);
INSERT INTO PlantedIn (bedID, plantID, percentage, staffID) VALUES (52, 3421, 4, 7);
INSERT INTO PlantedIn (bedID, plantID, percentage, staffID) VALUES (296, 1854, 3, 181);
INSERT INTO PlantedIn (bedID, plantID, percentage, staffID) VALUES (242, 3465, 4, 41);
INSERT INTO PlantedIn (bedID, plantID, percentage, staffID) VALUES (20, 3545, 1, 190);
INSERT INTO PlantedIn (bedID, plantID, percentage, staffID) VALUES (389, 594, 3, 121);
INSERT INTO PlantedIn (bedID, plantID, percentage, staffID) VALUES (302, 2232, 3, 24);
INSERT INTO PlantedIn (bedID, plantID, percentage, staffID) VALUES (338, 2098, 4, 120);
INSERT INTO PlantedIn (bedID, plantID, percentage, staffID) VALUES (203, 2386, 1, 121);
INSERT INTO PlantedIn (bedID, plantID, percentage, staffID) VALUES (46, 1848, 3, 154);
INSERT INTO PlantedIn (bedID, plantID, percentage, staffID) VALUES (178, 3679, 2, 76);
INSERT INTO PlantedIn (bedID, plantID, percentage, staffID) VALUES (411, 1153, 2, 120);
INSERT INTO PlantedIn (bedID, plantID, percentage, staffID) VALUES (97, 3038, 1, 160);
INSERT INTO PlantedIn (bedID, plantID, percentage, staffID) VALUES (445, 1433, 3, 140);
INSERT INTO PlantedIn (bedID, plantID, percentage, staffID) VALUES (449, 3101, 3, 65);
INSERT INTO PlantedIn (bedID, plantID, percentage, staffID) VALUES (164, 3494, 4, 100);
INSERT INTO PlantedIn (bedID, plantID, percentage, staffID) VALUES (247, 299, 3, 169);
INSERT INTO PlantedIn (bedID, plantID, percentage, staffID) VALUES (263, 2233, 4, 46);
INSERT INTO PlantedIn (bedID, plantID, percentage, staffID) VALUES (251, 2298, 2, 71);
INSERT INTO PlantedIn (bedID, plantID, percentage, staffID) VALUES (423, 3590, 1, 145);
INSERT INTO PlantedIn (bedID, plantID, percentage, staffID) VALUES (339, 1881, 3, 25);
INSERT INTO PlantedIn (bedID, plantID, percentage, staffID) VALUES (406, 3125, 4, 48);
INSERT INTO PlantedIn (bedID, plantID, percentage, staffID) VALUES (289, 2125, 4, 96);
INSERT INTO PlantedIn (bedID, plantID, percentage, staffID) VALUES (215, 3683, 4, 149);
INSERT INTO PlantedIn (bedID, plantID, percentage, staffID) VALUES (15, 2133, 3, 121);
INSERT INTO PlantedIn (bedID, plantID, percentage, staffID) VALUES (62, 3155, 3, 106);
INSERT INTO PlantedIn (bedID, plantID, percentage, staffID) VALUES (195, 3319, 2, 12);
INSERT INTO PlantedIn (bedID, plantID, percentage, staffID) VALUES (373, 2953, 3, 82);
INSERT INTO PlantedIn (bedID, plantID, percentage, staffID) VALUES (119, 2022, 1, 32);
INSERT INTO PlantedIn (bedID, plantID, percentage, staffID) VALUES (157, 1501, 4, 187);
INSERT INTO PlantedIn (bedID, plantID, percentage, staffID) VALUES (444, 1467, 2, 184);
INSERT INTO PlantedIn (bedID, plantID, percentage, staffID) VALUES (158, 2417, 2, 75);
INSERT INTO PlantedIn (bedID, plantID, percentage, staffID) VALUES (84, 3704, 2, 194);
INSERT INTO PlantedIn (bedID, plantID, percentage, staffID) VALUES (152, 88, 1, 100);
INSERT INTO PlantedIn (bedID, plantID, percentage, staffID) VALUES (373, 3439, 1, 125);
INSERT INTO PlantedIn (bedID, plantID, percentage, staffID) VALUES (196, 2966, 3, 30);
INSERT INTO PlantedIn (bedID, plantID, percentage, staffID) VALUES (74, 221, 1, 141);
INSERT INTO PlantedIn (bedID, plantID, percentage, staffID) VALUES (207, 2257, 4, 99);
INSERT INTO PlantedIn (bedID, plantID, percentage, staffID) VALUES (99, 3288, 2, 27);
INSERT INTO PlantedIn (bedID, plantID, percentage, staffID) VALUES (383, 304, 3, 142);
INSERT INTO PlantedIn (bedID, plantID, percentage, staffID) VALUES (256, 2545, 4, 157);
INSERT INTO PlantedIn (bedID, plantID, percentage, staffID) VALUES (70, 2246, 3, 104);
INSERT INTO PlantedIn (bedID, plantID, percentage, staffID) VALUES (165, 2512, 3, 62);
INSERT INTO PlantedIn (bedID, plantID, percentage, staffID) VALUES (335, 3827, 1, 122);
INSERT INTO PlantedIn (bedID, plantID, percentage, staffID) VALUES (272, 316, 4, 187);
INSERT INTO PlantedIn (bedID, plantID, percentage, staffID) VALUES (441, 166, 3, 35);
INSERT INTO PlantedIn (bedID, plantID, percentage, staffID) VALUES (58, 3332, 3, 67);
INSERT INTO PlantedIn (bedID, plantID, percentage, staffID) VALUES (247, 357, 1, 107);
INSERT INTO PlantedIn (bedID, plantID, percentage, staffID) VALUES (166, 1912, 2, 137);
INSERT INTO PlantedIn (bedID, plantID, percentage, staffID) VALUES (36, 674, 2, 12);
INSERT INTO PlantedIn (bedID, plantID, percentage, staffID) VALUES (390, 1387, 3, 190);
INSERT INTO PlantedIn (bedID, plantID, percentage, staffID) VALUES (165, 2027, 4, 138);
INSERT INTO PlantedIn (bedID, plantID, percentage, staffID) VALUES (287, 2266, 3, 144);
INSERT INTO PlantedIn (bedID, plantID, percentage, staffID) VALUES (298, 3381, 4, 58);
INSERT INTO PlantedIn (bedID, plantID, percentage, staffID) VALUES (349, 2333, 2, 85);
INSERT INTO PlantedIn (bedID, plantID, percentage, staffID) VALUES (330, 3622, 1, 94);
INSERT INTO PlantedIn (bedID, plantID, percentage, staffID) VALUES (205, 493, 3, 111);
INSERT INTO PlantedIn (bedID, plantID, percentage, staffID) VALUES (143, 2303, 1, 190);
INSERT INTO PlantedIn (bedID, plantID, percentage, staffID) VALUES (452, 3317, 2, 135);
INSERT INTO PlantedIn (bedID, plantID, percentage, staffID) VALUES (181, 1280, 4, 47);
INSERT INTO PlantedIn (bedID, plantID, percentage, staffID) VALUES (434, 3600, 3, 108);
INSERT INTO PlantedIn (bedID, plantID, percentage, staffID) VALUES (382, 3119, 3, 61);
INSERT INTO PlantedIn (bedID, plantID, percentage, staffID) VALUES (195, 2744, 1, 164);
INSERT INTO PlantedIn (bedID, plantID, percentage, staffID) VALUES (306, 996, 1, 31);
INSERT INTO PlantedIn (bedID, plantID, percentage, staffID) VALUES (183, 2673, 3, 120);
INSERT INTO PlantedIn (bedID, plantID, percentage, staffID) VALUES (136, 1996, 1, 166);
INSERT INTO PlantedIn (bedID, plantID, percentage, staffID) VALUES (178, 1815, 4, 112);
INSERT INTO PlantedIn (bedID, plantID, percentage, staffID) VALUES (379, 2979, 3, 153);
INSERT INTO PlantedIn (bedID, plantID, percentage, staffID) VALUES (333, 1057, 3, 54);
INSERT INTO PlantedIn (bedID, plantID, percentage, staffID) VALUES (38, 2169, 2, 11);
INSERT INTO PlantedIn (bedID, plantID, percentage, staffID) VALUES (129, 3286, 4, 122);
INSERT INTO PlantedIn (bedID, plantID, percentage, staffID) VALUES (208, 2248, 3, 37);
INSERT INTO PlantedIn (bedID, plantID, percentage, staffID) VALUES (219, 1982, 2, 47);
INSERT INTO PlantedIn (bedID, plantID, percentage, staffID) VALUES (118, 944, 2, 101);
INSERT INTO PlantedIn (bedID, plantID, percentage, staffID) VALUES (381, 2105, 1, 168);
INSERT INTO PlantedIn (bedID, plantID, percentage, staffID) VALUES (271, 672, 3, 67);
INSERT INTO PlantedIn (bedID, plantID, percentage, staffID) VALUES (79, 1145, 3, 29);
INSERT INTO PlantedIn (bedID, plantID, percentage, staffID) VALUES (383, 1436, 1, 182);
INSERT INTO PlantedIn (bedID, plantID, percentage, staffID) VALUES (165, 3356, 3, 16);
INSERT INTO PlantedIn (bedID, plantID, percentage, staffID) VALUES (54, 2208, 4, 189);
INSERT INTO PlantedIn (bedID, plantID, percentage, staffID) VALUES (76, 3815, 2, 3);
INSERT INTO PlantedIn (bedID, plantID, percentage, staffID) VALUES (462, 28, 3, 189);
INSERT INTO PlantedIn (bedID, plantID, percentage, staffID) VALUES (86, 983, 2, 45);
INSERT INTO PlantedIn (bedID, plantID, percentage, staffID) VALUES (346, 3330, 1, 93);
INSERT INTO PlantedIn (bedID, plantID, percentage, staffID) VALUES (346, 2044, 4, 138);
INSERT INTO PlantedIn (bedID, plantID, percentage, staffID) VALUES (48, 2314, 1, 155);
INSERT INTO PlantedIn (bedID, plantID, percentage, staffID) VALUES (163, 2908, 3, 149);
INSERT INTO PlantedIn (bedID, plantID, percentage, staffID) VALUES (350, 2853, 3, 169);
INSERT INTO PlantedIn (bedID, plantID, percentage, staffID) VALUES (353, 2912, 4, 54);
INSERT INTO PlantedIn (bedID, plantID, percentage, staffID) VALUES (4, 1857, 3, 56);
INSERT INTO PlantedIn (bedID, plantID, percentage, staffID) VALUES (397, 948, 3, 188);
INSERT INTO PlantedIn (bedID, plantID, percentage, staffID) VALUES (51, 1422, 4, 132);
INSERT INTO PlantedIn (bedID, plantID, percentage, staffID) VALUES (425, 1235, 4, 139);
INSERT INTO PlantedIn (bedID, plantID, percentage, staffID) VALUES (435, 1690, 2, 44);
INSERT INTO PlantedIn (bedID, plantID, percentage, staffID) VALUES (90, 3625, 4, 156);
INSERT INTO PlantedIn (bedID, plantID, percentage, staffID) VALUES (320, 2289, 2, 132);
INSERT INTO PlantedIn (bedID, plantID, percentage, staffID) VALUES (164, 3507, 2, 71);
INSERT INTO PlantedIn (bedID, plantID, percentage, staffID) VALUES (184, 2394, 1, 186);
INSERT INTO PlantedIn (bedID, plantID, percentage, staffID) VALUES (409, 3198, 4, 163);
INSERT INTO PlantedIn (bedID, plantID, percentage, staffID) VALUES (93, 1706, 1, 165);
INSERT INTO PlantedIn (bedID, plantID, percentage, staffID) VALUES (360, 1877, 3, 18);
INSERT INTO PlantedIn (bedID, plantID, percentage, staffID) VALUES (113, 2721, 4, 9);
INSERT INTO PlantedIn (bedID, plantID, percentage, staffID) VALUES (140, 2645, 3, 69);
INSERT INTO PlantedIn (bedID, plantID, percentage, staffID) VALUES (143, 3497, 1, 42);
INSERT INTO PlantedIn (bedID, plantID, percentage, staffID) VALUES (347, 3, 4, 28);
INSERT INTO PlantedIn (bedID, plantID, percentage, staffID) VALUES (210, 3648, 1, 4);
INSERT INTO PlantedIn (bedID, plantID, percentage, staffID) VALUES (204, 413, 2, 180);
INSERT INTO PlantedIn (bedID, plantID, percentage, staffID) VALUES (193, 3170, 3, 95);
INSERT INTO PlantedIn (bedID, plantID, percentage, staffID) VALUES (248, 1946, 4, 114);
INSERT INTO PlantedIn (bedID, plantID, percentage, staffID) VALUES (89, 3454, 4, 95);
INSERT INTO PlantedIn (bedID, plantID, percentage, staffID) VALUES (273, 1760, 4, 155);
INSERT INTO PlantedIn (bedID, plantID, percentage, staffID) VALUES (171, 3724, 1, 9);
INSERT INTO PlantedIn (bedID, plantID, percentage, staffID) VALUES (456, 689, 2, 4);
INSERT INTO PlantedIn (bedID, plantID, percentage, staffID) VALUES (58, 145, 3, 125);
INSERT INTO PlantedIn (bedID, plantID, percentage, staffID) VALUES (69, 1891, 3, 185);
INSERT INTO PlantedIn (bedID, plantID, percentage, staffID) VALUES (147, 1417, 4, 40);
INSERT INTO PlantedIn (bedID, plantID, percentage, staffID) VALUES (412, 2914, 1, 134);
INSERT INTO PlantedIn (bedID, plantID, percentage, staffID) VALUES (307, 441, 1, 171);
INSERT INTO PlantedIn (bedID, plantID, percentage, staffID) VALUES (270, 2298, 4, 21);
INSERT INTO PlantedIn (bedID, plantID, percentage, staffID) VALUES (264, 544, 3, 5);
INSERT INTO PlantedIn (bedID, plantID, percentage, staffID) VALUES (151, 153, 2, 190);
INSERT INTO PlantedIn (bedID, plantID, percentage, staffID) VALUES (12, 3460, 2, 158);
INSERT INTO PlantedIn (bedID, plantID, percentage, staffID) VALUES (124, 3736, 1, 35);
INSERT INTO PlantedIn (bedID, plantID, percentage, staffID) VALUES (341, 3171, 2, 39);
INSERT INTO PlantedIn (bedID, plantID, percentage, staffID) VALUES (442, 98, 3, 121);
INSERT INTO PlantedIn (bedID, plantID, percentage, staffID) VALUES (294, 2663, 1, 89);
INSERT INTO PlantedIn (bedID, plantID, percentage, staffID) VALUES (393, 1751, 1, 143);
INSERT INTO PlantedIn (bedID, plantID, percentage, staffID) VALUES (233, 2424, 3, 121);
INSERT INTO PlantedIn (bedID, plantID, percentage, staffID) VALUES (78, 2247, 1, 162);
INSERT INTO PlantedIn (bedID, plantID, percentage, staffID) VALUES (226, 2168, 3, 107);
INSERT INTO PlantedIn (bedID, plantID, percentage, staffID) VALUES (250, 2667, 1, 178);
INSERT INTO PlantedIn (bedID, plantID, percentage, staffID) VALUES (242, 226, 2, 126);
INSERT INTO PlantedIn (bedID, plantID, percentage, staffID) VALUES (40, 793, 3, 194);
INSERT INTO PlantedIn (bedID, plantID, percentage, staffID) VALUES (423, 1469, 3, 180);
INSERT INTO PlantedIn (bedID, plantID, percentage, staffID) VALUES (394, 2243, 2, 178);
INSERT INTO PlantedIn (bedID, plantID, percentage, staffID) VALUES (99, 1780, 2, 183);
INSERT INTO PlantedIn (bedID, plantID, percentage, staffID) VALUES (20, 2643, 3, 114);
INSERT INTO PlantedIn (bedID, plantID, percentage, staffID) VALUES (116, 315, 4, 53);
INSERT INTO PlantedIn (bedID, plantID, percentage, staffID) VALUES (365, 486, 2, 4);
INSERT INTO PlantedIn (bedID, plantID, percentage, staffID) VALUES (87, 2452, 2, 149);
INSERT INTO PlantedIn (bedID, plantID, percentage, staffID) VALUES (26, 3292, 4, 94);
INSERT INTO PlantedIn (bedID, plantID, percentage, staffID) VALUES (205, 1266, 3, 44);
INSERT INTO PlantedIn (bedID, plantID, percentage, staffID) VALUES (373, 406, 4, 2);
INSERT INTO PlantedIn (bedID, plantID, percentage, staffID) VALUES (374, 2197, 1, 71);
INSERT INTO PlantedIn (bedID, plantID, percentage, staffID) VALUES (308, 2334, 2, 165);
INSERT INTO PlantedIn (bedID, plantID, percentage, staffID) VALUES (345, 3185, 4, 144);
INSERT INTO PlantedIn (bedID, plantID, percentage, staffID) VALUES (217, 1656, 2, 37);
INSERT INTO PlantedIn (bedID, plantID, percentage, staffID) VALUES (49, 586, 1, 7);
INSERT INTO PlantedIn (bedID, plantID, percentage, staffID) VALUES (2, 1880, 2, 9);
INSERT INTO PlantedIn (bedID, plantID, percentage, staffID) VALUES (385, 973, 3, 16);
INSERT INTO PlantedIn (bedID, plantID, percentage, staffID) VALUES (169, 324, 1, 88);
INSERT INTO PlantedIn (bedID, plantID, percentage, staffID) VALUES (309, 3009, 2, 37);
INSERT INTO PlantedIn (bedID, plantID, percentage, staffID) VALUES (181, 3800, 1, 148);
INSERT INTO PlantedIn (bedID, plantID, percentage, staffID) VALUES (382, 1646, 2, 5);
INSERT INTO PlantedIn (bedID, plantID, percentage, staffID) VALUES (405, 794, 4, 115);
INSERT INTO PlantedIn (bedID, plantID, percentage, staffID) VALUES (169, 2292, 2, 23);
INSERT INTO PlantedIn (bedID, plantID, percentage, staffID) VALUES (38, 586, 4, 163);
INSERT INTO PlantedIn (bedID, plantID, percentage, staffID) VALUES (191, 3360, 4, 101);
INSERT INTO PlantedIn (bedID, plantID, percentage, staffID) VALUES (451, 3576, 3, 185);
INSERT INTO PlantedIn (bedID, plantID, percentage, staffID) VALUES (333, 323, 1, 186);
INSERT INTO PlantedIn (bedID, plantID, percentage, staffID) VALUES (32, 2437, 4, 41);
INSERT INTO PlantedIn (bedID, plantID, percentage, staffID) VALUES (27, 856, 4, 29);
INSERT INTO PlantedIn (bedID, plantID, percentage, staffID) VALUES (202, 2712, 4, 177);
INSERT INTO PlantedIn (bedID, plantID, percentage, staffID) VALUES (140, 3776, 2, 30);
INSERT INTO PlantedIn (bedID, plantID, percentage, staffID) VALUES (61, 3627, 3, 55);
INSERT INTO PlantedIn (bedID, plantID, percentage, staffID) VALUES (382, 2939, 4, 60);
INSERT INTO PlantedIn (bedID, plantID, percentage, staffID) VALUES (325, 760, 2, 75);
INSERT INTO PlantedIn (bedID, plantID, percentage, staffID) VALUES (133, 1054, 2, 97);
INSERT INTO PlantedIn (bedID, plantID, percentage, staffID) VALUES (428, 2594, 4, 45);
INSERT INTO PlantedIn (bedID, plantID, percentage, staffID) VALUES (423, 1388, 2, 178);
INSERT INTO PlantedIn (bedID, plantID, percentage, staffID) VALUES (29, 2844, 2, 21);
INSERT INTO PlantedIn (bedID, plantID, percentage, staffID) VALUES (338, 950, 4, 149);
INSERT INTO PlantedIn (bedID, plantID, percentage, staffID) VALUES (87, 3843, 4, 76);
INSERT INTO PlantedIn (bedID, plantID, percentage, staffID) VALUES (357, 2566, 2, 154);
INSERT INTO PlantedIn (bedID, plantID, percentage, staffID) VALUES (407, 455, 1, 170);
INSERT INTO PlantedIn (bedID, plantID, percentage, staffID) VALUES (185, 1171, 2, 100);
INSERT INTO PlantedIn (bedID, plantID, percentage, staffID) VALUES (461, 2732, 4, 52);
INSERT INTO PlantedIn (bedID, plantID, percentage, staffID) VALUES (32, 472, 1, 38);
INSERT INTO PlantedIn (bedID, plantID, percentage, staffID) VALUES (406, 1111, 3, 99);
INSERT INTO PlantedIn (bedID, plantID, percentage, staffID) VALUES (253, 810, 3, 84);
INSERT INTO PlantedIn (bedID, plantID, percentage, staffID) VALUES (97, 3029, 4, 145);
INSERT INTO PlantedIn (bedID, plantID, percentage, staffID) VALUES (212, 1779, 2, 82);
INSERT INTO PlantedIn (bedID, plantID, percentage, staffID) VALUES (274, 876, 4, 92);
INSERT INTO PlantedIn (bedID, plantID, percentage, staffID) VALUES (251, 3610, 3, 54);
INSERT INTO PlantedIn (bedID, plantID, percentage, staffID) VALUES (304, 1985, 3, 76);
INSERT INTO PlantedIn (bedID, plantID, percentage, staffID) VALUES (301, 2144, 2, 170);
INSERT INTO PlantedIn (bedID, plantID, percentage, staffID) VALUES (399, 1214, 2, 13);
INSERT INTO PlantedIn (bedID, plantID, percentage, staffID) VALUES (248, 1834, 3, 19);
INSERT INTO PlantedIn (bedID, plantID, percentage, staffID) VALUES (123, 3093, 3, 140);
INSERT INTO PlantedIn (bedID, plantID, percentage, staffID) VALUES (124, 321, 4, 3);
INSERT INTO PlantedIn (bedID, plantID, percentage, staffID) VALUES (147, 1780, 4, 165);
INSERT INTO PlantedIn (bedID, plantID, percentage, staffID) VALUES (187, 259, 1, 70);
INSERT INTO PlantedIn (bedID, plantID, percentage, staffID) VALUES (275, 2751, 1, 152);
INSERT INTO PlantedIn (bedID, plantID, percentage, staffID) VALUES (126, 2219, 1, 145);
INSERT INTO PlantedIn (bedID, plantID, percentage, staffID) VALUES (420, 2982, 2, 99);
INSERT INTO PlantedIn (bedID, plantID, percentage, staffID) VALUES (117, 2223, 3, 29);
INSERT INTO PlantedIn (bedID, plantID, percentage, staffID) VALUES (178, 3182, 3, 43);
INSERT INTO PlantedIn (bedID, plantID, percentage, staffID) VALUES (429, 859, 1, 97);
INSERT INTO PlantedIn (bedID, plantID, percentage, staffID) VALUES (323, 1079, 1, 12);
INSERT INTO PlantedIn (bedID, plantID, percentage, staffID) VALUES (164, 1533, 4, 23);
INSERT INTO PlantedIn (bedID, plantID, percentage, staffID) VALUES (52, 3297, 2, 29);
INSERT INTO PlantedIn (bedID, plantID, percentage, staffID) VALUES (202, 3285, 2, 99);
INSERT INTO PlantedIn (bedID, plantID, percentage, staffID) VALUES (294, 3733, 4, 149);
INSERT INTO PlantedIn (bedID, plantID, percentage, staffID) VALUES (256, 3340, 4, 76);
INSERT INTO PlantedIn (bedID, plantID, percentage, staffID) VALUES (325, 2242, 3, 113);
INSERT INTO PlantedIn (bedID, plantID, percentage, staffID) VALUES (380, 96, 2, 166);
INSERT INTO PlantedIn (bedID, plantID, percentage, staffID) VALUES (144, 3337, 3, 115);
INSERT INTO PlantedIn (bedID, plantID, percentage, staffID) VALUES (123, 2602, 2, 118);
INSERT INTO PlantedIn (bedID, plantID, percentage, staffID) VALUES (249, 2772, 4, 152);
INSERT INTO PlantedIn (bedID, plantID, percentage, staffID) VALUES (269, 871, 1, 55);
INSERT INTO PlantedIn (bedID, plantID, percentage, staffID) VALUES (91, 3841, 3, 12);
INSERT INTO PlantedIn (bedID, plantID, percentage, staffID) VALUES (406, 1646, 3, 133);
INSERT INTO PlantedIn (bedID, plantID, percentage, staffID) VALUES (3, 771, 4, 29);
INSERT INTO PlantedIn (bedID, plantID, percentage, staffID) VALUES (106, 3660, 3, 60);
INSERT INTO PlantedIn (bedID, plantID, percentage, staffID) VALUES (384, 3301, 1, 37);
INSERT INTO PlantedIn (bedID, plantID, percentage, staffID) VALUES (250, 2911, 1, 90);
INSERT INTO PlantedIn (bedID, plantID, percentage, staffID) VALUES (223, 699, 1, 2);
INSERT INTO PlantedIn (bedID, plantID, percentage, staffID) VALUES (193, 1058, 3, 46);
INSERT INTO PlantedIn (bedID, plantID, percentage, staffID) VALUES (127, 1082, 1, 68);
INSERT INTO PlantedIn (bedID, plantID, percentage, staffID) VALUES (334, 3776, 3, 137);
INSERT INTO PlantedIn (bedID, plantID, percentage, staffID) VALUES (84, 3123, 2, 106);
INSERT INTO PlantedIn (bedID, plantID, percentage, staffID) VALUES (358, 3140, 3, 190);
INSERT INTO PlantedIn (bedID, plantID, percentage, staffID) VALUES (316, 407, 1, 130);
INSERT INTO PlantedIn (bedID, plantID, percentage, staffID) VALUES (406, 285, 2, 51);
INSERT INTO PlantedIn (bedID, plantID, percentage, staffID) VALUES (121, 973, 3, 75);
INSERT INTO PlantedIn (bedID, plantID, percentage, staffID) VALUES (249, 2279, 4, 53);
INSERT INTO PlantedIn (bedID, plantID, percentage, staffID) VALUES (412, 2266, 3, 188);
INSERT INTO PlantedIn (bedID, plantID, percentage, staffID) VALUES (267, 2272, 3, 59);
INSERT INTO PlantedIn (bedID, plantID, percentage, staffID) VALUES (188, 3116, 1, 29);
INSERT INTO PlantedIn (bedID, plantID, percentage, staffID) VALUES (293, 257, 2, 147);
INSERT INTO PlantedIn (bedID, plantID, percentage, staffID) VALUES (82, 1357, 1, 98);
INSERT INTO PlantedIn (bedID, plantID, percentage, staffID) VALUES (201, 2796, 3, 73);
INSERT INTO PlantedIn (bedID, plantID, percentage, staffID) VALUES (462, 2792, 3, 70);
INSERT INTO PlantedIn (bedID, plantID, percentage, staffID) VALUES (148, 2306, 1, 60);
INSERT INTO PlantedIn (bedID, plantID, percentage, staffID) VALUES (87, 814, 3, 155);
INSERT INTO PlantedIn (bedID, plantID, percentage, staffID) VALUES (378, 166, 1, 99);
INSERT INTO PlantedIn (bedID, plantID, percentage, staffID) VALUES (402, 2409, 2, 71);
INSERT INTO PlantedIn (bedID, plantID, percentage, staffID) VALUES (327, 233, 4, 154);
INSERT INTO PlantedIn (bedID, plantID, percentage, staffID) VALUES (195, 886, 4, 182);
INSERT INTO PlantedIn (bedID, plantID, percentage, staffID) VALUES (451, 960, 4, 105);
INSERT INTO PlantedIn (bedID, plantID, percentage, staffID) VALUES (460, 3300, 2, 88);
INSERT INTO PlantedIn (bedID, plantID, percentage, staffID) VALUES (213, 2783, 3, 95);
INSERT INTO PlantedIn (bedID, plantID, percentage, staffID) VALUES (441, 850, 3, 78);
INSERT INTO PlantedIn (bedID, plantID, percentage, staffID) VALUES (125, 3334, 1, 189);
INSERT INTO PlantedIn (bedID, plantID, percentage, staffID) VALUES (230, 1033, 1, 119);
INSERT INTO PlantedIn (bedID, plantID, percentage, staffID) VALUES (155, 1279, 3, 8);
INSERT INTO PlantedIn (bedID, plantID, percentage, staffID) VALUES (265, 3583, 3, 118);
INSERT INTO PlantedIn (bedID, plantID, percentage, staffID) VALUES (83, 343, 1, 90);
INSERT INTO PlantedIn (bedID, plantID, percentage, staffID) VALUES (446, 3348, 2, 88);
INSERT INTO PlantedIn (bedID, plantID, percentage, staffID) VALUES (278, 3447, 3, 6);
INSERT INTO PlantedIn (bedID, plantID, percentage, staffID) VALUES (53, 1559, 2, 51);
INSERT INTO PlantedIn (bedID, plantID, percentage, staffID) VALUES (126, 649, 4, 100);
INSERT INTO PlantedIn (bedID, plantID, percentage, staffID) VALUES (206, 252, 4, 190);
INSERT INTO PlantedIn (bedID, plantID, percentage, staffID) VALUES (188, 3722, 4, 103);
INSERT INTO PlantedIn (bedID, plantID, percentage, staffID) VALUES (421, 290, 1, 96);
INSERT INTO PlantedIn (bedID, plantID, percentage, staffID) VALUES (78, 3504, 1, 43);
INSERT INTO PlantedIn (bedID, plantID, percentage, staffID) VALUES (366, 2470, 2, 102);
INSERT INTO PlantedIn (bedID, plantID, percentage, staffID) VALUES (251, 2023, 3, 179);
INSERT INTO PlantedIn (bedID, plantID, percentage, staffID) VALUES (439, 465, 1, 4);
INSERT INTO PlantedIn (bedID, plantID, percentage, staffID) VALUES (137, 1943, 3, 193);
INSERT INTO PlantedIn (bedID, plantID, percentage, staffID) VALUES (269, 3365, 4, 99);
INSERT INTO PlantedIn (bedID, plantID, percentage, staffID) VALUES (395, 3810, 3, 188);
INSERT INTO PlantedIn (bedID, plantID, percentage, staffID) VALUES (29, 1493, 1, 161);
INSERT INTO PlantedIn (bedID, plantID, percentage, staffID) VALUES (139, 3862, 1, 68);
INSERT INTO PlantedIn (bedID, plantID, percentage, staffID) VALUES (302, 3200, 1, 87);
INSERT INTO PlantedIn (bedID, plantID, percentage, staffID) VALUES (167, 1155, 2, 166);
INSERT INTO PlantedIn (bedID, plantID, percentage, staffID) VALUES (199, 3198, 3, 96);
INSERT INTO PlantedIn (bedID, plantID, percentage, staffID) VALUES (157, 1601, 4, 88);
INSERT INTO PlantedIn (bedID, plantID, percentage, staffID) VALUES (135, 3535, 1, 176);
INSERT INTO PlantedIn (bedID, plantID, percentage, staffID) VALUES (426, 3013, 4, 172);
INSERT INTO PlantedIn (bedID, plantID, percentage, staffID) VALUES (79, 2434, 2, 38);
INSERT INTO PlantedIn (bedID, plantID, percentage, staffID) VALUES (298, 1988, 2, 107);
INSERT INTO PlantedIn (bedID, plantID, percentage, staffID) VALUES (162, 3660, 3, 89);
INSERT INTO PlantedIn (bedID, plantID, percentage, staffID) VALUES (35, 1706, 2, 76);
INSERT INTO PlantedIn (bedID, plantID, percentage, staffID) VALUES (405, 3097, 1, 62);
INSERT INTO PlantedIn (bedID, plantID, percentage, staffID) VALUES (339, 622, 3, 53);
INSERT INTO PlantedIn (bedID, plantID, percentage, staffID) VALUES (445, 386, 1, 118);
INSERT INTO PlantedIn (bedID, plantID, percentage, staffID) VALUES (345, 2942, 2, 115);
INSERT INTO PlantedIn (bedID, plantID, percentage, staffID) VALUES (131, 336, 3, 128);
INSERT INTO PlantedIn (bedID, plantID, percentage, staffID) VALUES (16, 232, 2, 64);
INSERT INTO PlantedIn (bedID, plantID, percentage, staffID) VALUES (145, 1090, 2, 193);
INSERT INTO PlantedIn (bedID, plantID, percentage, staffID) VALUES (343, 1219, 3, 160);
INSERT INTO PlantedIn (bedID, plantID, percentage, staffID) VALUES (56, 316, 4, 147);
INSERT INTO PlantedIn (bedID, plantID, percentage, staffID) VALUES (115, 3776, 1, 92);
INSERT INTO PlantedIn (bedID, plantID, percentage, staffID) VALUES (37, 96, 4, 59);
INSERT INTO PlantedIn (bedID, plantID, percentage, staffID) VALUES (372, 3294, 1, 34);
INSERT INTO PlantedIn (bedID, plantID, percentage, staffID) VALUES (445, 3049, 4, 139);
INSERT INTO PlantedIn (bedID, plantID, percentage, staffID) VALUES (402, 3824, 1, 52);
INSERT INTO PlantedIn (bedID, plantID, percentage, staffID) VALUES (129, 754, 4, 109);
INSERT INTO PlantedIn (bedID, plantID, percentage, staffID) VALUES (242, 1215, 3, 117);
INSERT INTO PlantedIn (bedID, plantID, percentage, staffID) VALUES (188, 1127, 3, 94);
INSERT INTO PlantedIn (bedID, plantID, percentage, staffID) VALUES (127, 3508, 2, 168);
INSERT INTO PlantedIn (bedID, plantID, percentage, staffID) VALUES (441, 424, 3, 31);
INSERT INTO PlantedIn (bedID, plantID, percentage, staffID) VALUES (455, 1218, 4, 159);
INSERT INTO PlantedIn (bedID, plantID, percentage, staffID) VALUES (50, 1770, 4, 178);
INSERT INTO PlantedIn (bedID, plantID, percentage, staffID) VALUES (212, 479, 3, 22);
INSERT INTO PlantedIn (bedID, plantID, percentage, staffID) VALUES (151, 2471, 4, 146);
INSERT INTO PlantedIn (bedID, plantID, percentage, staffID) VALUES (451, 1102, 2, 94);
INSERT INTO PlantedIn (bedID, plantID, percentage, staffID) VALUES (390, 3125, 4, 39);
INSERT INTO PlantedIn (bedID, plantID, percentage, staffID) VALUES (435, 1318, 4, 97);
INSERT INTO PlantedIn (bedID, plantID, percentage, staffID) VALUES (311, 976, 4, 160);
INSERT INTO PlantedIn (bedID, plantID, percentage, staffID) VALUES (336, 2521, 1, 146);
INSERT INTO PlantedIn (bedID, plantID, percentage, staffID) VALUES (367, 3163, 1, 179);
INSERT INTO PlantedIn (bedID, plantID, percentage, staffID) VALUES (217, 2270, 2, 189);
INSERT INTO PlantedIn (bedID, plantID, percentage, staffID) VALUES (413, 1470, 2, 155);
INSERT INTO PlantedIn (bedID, plantID, percentage, staffID) VALUES (140, 2887, 1, 60);
INSERT INTO PlantedIn (bedID, plantID, percentage, staffID) VALUES (263, 1869, 2, 179);
INSERT INTO PlantedIn (bedID, plantID, percentage, staffID) VALUES (390, 1339, 2, 72);
INSERT INTO PlantedIn (bedID, plantID, percentage, staffID) VALUES (284, 511, 2, 49);
INSERT INTO PlantedIn (bedID, plantID, percentage, staffID) VALUES (371, 3677, 3, 95);
INSERT INTO PlantedIn (bedID, plantID, percentage, staffID) VALUES (364, 1317, 1, 134);
INSERT INTO PlantedIn (bedID, plantID, percentage, staffID) VALUES (439, 2237, 4, 131);
INSERT INTO PlantedIn (bedID, plantID, percentage, staffID) VALUES (454, 1535, 2, 51);
INSERT INTO PlantedIn (bedID, plantID, percentage, staffID) VALUES (69, 2097, 3, 76);
INSERT INTO PlantedIn (bedID, plantID, percentage, staffID) VALUES (13, 950, 4, 36);
INSERT INTO PlantedIn (bedID, plantID, percentage, staffID) VALUES (281, 2028, 1, 68);
INSERT INTO PlantedIn (bedID, plantID, percentage, staffID) VALUES (311, 2203, 2, 102);
INSERT INTO PlantedIn (bedID, plantID, percentage, staffID) VALUES (247, 3730, 2, 1);
INSERT INTO PlantedIn (bedID, plantID, percentage, staffID) VALUES (145, 2532, 1, 106);
INSERT INTO PlantedIn (bedID, plantID, percentage, staffID) VALUES (111, 598, 1, 7);
INSERT INTO PlantedIn (bedID, plantID, percentage, staffID) VALUES (261, 1093, 3, 92);
INSERT INTO PlantedIn (bedID, plantID, percentage, staffID) VALUES (391, 3167, 4, 81);
INSERT INTO PlantedIn (bedID, plantID, percentage, staffID) VALUES (31, 2192, 3, 144);
INSERT INTO PlantedIn (bedID, plantID, percentage, staffID) VALUES (44, 125, 3, 173);
INSERT INTO PlantedIn (bedID, plantID, percentage, staffID) VALUES (285, 1342, 1, 39);
INSERT INTO PlantedIn (bedID, plantID, percentage, staffID) VALUES (148, 733, 3, 85);
INSERT INTO PlantedIn (bedID, plantID, percentage, staffID) VALUES (400, 3599, 1, 174);
INSERT INTO PlantedIn (bedID, plantID, percentage, staffID) VALUES (41, 3421, 3, 56);
INSERT INTO PlantedIn (bedID, plantID, percentage, staffID) VALUES (80, 2773, 4, 68);
INSERT INTO PlantedIn (bedID, plantID, percentage, staffID) VALUES (254, 2812, 3, 173);
INSERT INTO PlantedIn (bedID, plantID, percentage, staffID) VALUES (140, 2111, 2, 53);
INSERT INTO PlantedIn (bedID, plantID, percentage, staffID) VALUES (274, 411, 1, 28);
INSERT INTO PlantedIn (bedID, plantID, percentage, staffID) VALUES (215, 1251, 4, 62);
INSERT INTO PlantedIn (bedID, plantID, percentage, staffID) VALUES (243, 2773, 2, 79);
INSERT INTO PlantedIn (bedID, plantID, percentage, staffID) VALUES (307, 906, 3, 89);
INSERT INTO PlantedIn (bedID, plantID, percentage, staffID) VALUES (57, 2732, 2, 76);
INSERT INTO PlantedIn (bedID, plantID, percentage, staffID) VALUES (201, 2722, 4, 58);
INSERT INTO PlantedIn (bedID, plantID, percentage, staffID) VALUES (205, 481, 3, 115);
INSERT INTO PlantedIn (bedID, plantID, percentage, staffID) VALUES (318, 3174, 1, 23);
INSERT INTO PlantedIn (bedID, plantID, percentage, staffID) VALUES (439, 955, 2, 88);
INSERT INTO PlantedIn (bedID, plantID, percentage, staffID) VALUES (270, 2830, 1, 30);
INSERT INTO PlantedIn (bedID, plantID, percentage, staffID) VALUES (213, 2044, 1, 90);
INSERT INTO PlantedIn (bedID, plantID, percentage, staffID) VALUES (361, 3390, 4, 170);
INSERT INTO PlantedIn (bedID, plantID, percentage, staffID) VALUES (277, 785, 1, 35);
INSERT INTO PlantedIn (bedID, plantID, percentage, staffID) VALUES (272, 2053, 1, 14);
INSERT INTO PlantedIn (bedID, plantID, percentage, staffID) VALUES (167, 687, 2, 101);
INSERT INTO PlantedIn (bedID, plantID, percentage, staffID) VALUES (201, 3559, 4, 135);
INSERT INTO PlantedIn (bedID, plantID, percentage, staffID) VALUES (309, 3114, 1, 16);
INSERT INTO PlantedIn (bedID, plantID, percentage, staffID) VALUES (159, 2008, 1, 41);
INSERT INTO PlantedIn (bedID, plantID, percentage, staffID) VALUES (284, 3697, 1, 98);
INSERT INTO PlantedIn (bedID, plantID, percentage, staffID) VALUES (231, 2107, 4, 85);
INSERT INTO PlantedIn (bedID, plantID, percentage, staffID) VALUES (342, 3511, 1, 25);
INSERT INTO PlantedIn (bedID, plantID, percentage, staffID) VALUES (393, 3008, 2, 29);
INSERT INTO PlantedIn (bedID, plantID, percentage, staffID) VALUES (277, 852, 4, 120);
INSERT INTO PlantedIn (bedID, plantID, percentage, staffID) VALUES (350, 3028, 1, 4);
INSERT INTO PlantedIn (bedID, plantID, percentage, staffID) VALUES (386, 3845, 1, 24);
INSERT INTO PlantedIn (bedID, plantID, percentage, staffID) VALUES (68, 404, 3, 39);
INSERT INTO PlantedIn (bedID, plantID, percentage, staffID) VALUES (29, 2587, 3, 187);
INSERT INTO PlantedIn (bedID, plantID, percentage, staffID) VALUES (102, 1276, 4, 80);
INSERT INTO PlantedIn (bedID, plantID, percentage, staffID) VALUES (113, 1956, 1, 18);
INSERT INTO PlantedIn (bedID, plantID, percentage, staffID) VALUES (135, 872, 4, 113);
INSERT INTO PlantedIn (bedID, plantID, percentage, staffID) VALUES (211, 514, 1, 161);
INSERT INTO PlantedIn (bedID, plantID, percentage, staffID) VALUES (434, 3097, 3, 66);
INSERT INTO PlantedIn (bedID, plantID, percentage, staffID) VALUES (377, 1694, 4, 159);
INSERT INTO PlantedIn (bedID, plantID, percentage, staffID) VALUES (257, 3744, 3, 140);
INSERT INTO PlantedIn (bedID, plantID, percentage, staffID) VALUES (302, 2303, 4, 31);
INSERT INTO PlantedIn (bedID, plantID, percentage, staffID) VALUES (438, 2083, 1, 161);
INSERT INTO PlantedIn (bedID, plantID, percentage, staffID) VALUES (22, 3373, 2, 48);
INSERT INTO PlantedIn (bedID, plantID, percentage, staffID) VALUES (47, 3016, 3, 41);
INSERT INTO PlantedIn (bedID, plantID, percentage, staffID) VALUES (432, 3800, 4, 149);
INSERT INTO PlantedIn (bedID, plantID, percentage, staffID) VALUES (371, 198, 3, 115);
INSERT INTO PlantedIn (bedID, plantID, percentage, staffID) VALUES (232, 1312, 1, 107);
INSERT INTO PlantedIn (bedID, plantID, percentage, staffID) VALUES (146, 780, 4, 130);
INSERT INTO PlantedIn (bedID, plantID, percentage, staffID) VALUES (378, 3040, 3, 163);
INSERT INTO PlantedIn (bedID, plantID, percentage, staffID) VALUES (154, 2268, 2, 181);
INSERT INTO PlantedIn (bedID, plantID, percentage, staffID) VALUES (218, 457, 3, 143);
INSERT INTO PlantedIn (bedID, plantID, percentage, staffID) VALUES (425, 3462, 4, 21);
INSERT INTO PlantedIn (bedID, plantID, percentage, staffID) VALUES (416, 3210, 3, 131);
INSERT INTO PlantedIn (bedID, plantID, percentage, staffID) VALUES (418, 777, 2, 50);
INSERT INTO PlantedIn (bedID, plantID, percentage, staffID) VALUES (256, 2949, 4, 83);
INSERT INTO PlantedIn (bedID, plantID, percentage, staffID) VALUES (457, 147, 4, 162);
INSERT INTO PlantedIn (bedID, plantID, percentage, staffID) VALUES (390, 2287, 1, 99);
INSERT INTO PlantedIn (bedID, plantID, percentage, staffID) VALUES (85, 1438, 3, 106);
INSERT INTO PlantedIn (bedID, plantID, percentage, staffID) VALUES (232, 843, 2, 40);
INSERT INTO PlantedIn (bedID, plantID, percentage, staffID) VALUES (54, 1143, 4, 41);
INSERT INTO PlantedIn (bedID, plantID, percentage, staffID) VALUES (60, 3249, 1, 134);
INSERT INTO PlantedIn (bedID, plantID, percentage, staffID) VALUES (20, 3471, 3, 78);
INSERT INTO PlantedIn (bedID, plantID, percentage, staffID) VALUES (313, 3023, 3, 88);
INSERT INTO PlantedIn (bedID, plantID, percentage, staffID) VALUES (388, 865, 3, 79);
INSERT INTO PlantedIn (bedID, plantID, percentage, staffID) VALUES (386, 3371, 4, 162);
INSERT INTO PlantedIn (bedID, plantID, percentage, staffID) VALUES (116, 1210, 3, 129);
INSERT INTO PlantedIn (bedID, plantID, percentage, staffID) VALUES (252, 3192, 3, 25);
INSERT INTO PlantedIn (bedID, plantID, percentage, staffID) VALUES (58, 1246, 1, 130);
INSERT INTO PlantedIn (bedID, plantID, percentage, staffID) VALUES (78, 1127, 1, 53);
INSERT INTO PlantedIn (bedID, plantID, percentage, staffID) VALUES (90, 2452, 4, 161);
INSERT INTO PlantedIn (bedID, plantID, percentage, staffID) VALUES (197, 834, 1, 97);
INSERT INTO PlantedIn (bedID, plantID, percentage, staffID) VALUES (208, 3333, 2, 180);
INSERT INTO PlantedIn (bedID, plantID, percentage, staffID) VALUES (348, 2606, 4, 51);
INSERT INTO PlantedIn (bedID, plantID, percentage, staffID) VALUES (467, 3399, 3, 146);
INSERT INTO PlantedIn (bedID, plantID, percentage, staffID) VALUES (334, 3227, 4, 34);
INSERT INTO PlantedIn (bedID, plantID, percentage, staffID) VALUES (75, 3088, 2, 16);
INSERT INTO PlantedIn (bedID, plantID, percentage, staffID) VALUES (43, 1272, 2, 107);
INSERT INTO PlantedIn (bedID, plantID, percentage, staffID) VALUES (456, 1199, 2, 27);
INSERT INTO PlantedIn (bedID, plantID, percentage, staffID) VALUES (249, 2339, 4, 126);
INSERT INTO PlantedIn (bedID, plantID, percentage, staffID) VALUES (222, 1917, 1, 45);
INSERT INTO PlantedIn (bedID, plantID, percentage, staffID) VALUES (81, 1808, 1, 37);
INSERT INTO PlantedIn (bedID, plantID, percentage, staffID) VALUES (165, 3449, 1, 138);
INSERT INTO PlantedIn (bedID, plantID, percentage, staffID) VALUES (344, 3235, 4, 180);
INSERT INTO PlantedIn (bedID, plantID, percentage, staffID) VALUES (301, 3678, 3, 42);
INSERT INTO PlantedIn (bedID, plantID, percentage, staffID) VALUES (133, 2816, 1, 2);
INSERT INTO PlantedIn (bedID, plantID, percentage, staffID) VALUES (19, 523, 3, 128);
INSERT INTO PlantedIn (bedID, plantID, percentage, staffID) VALUES (351, 923, 1, 108);
INSERT INTO PlantedIn (bedID, plantID, percentage, staffID) VALUES (348, 2894, 4, 84);
INSERT INTO PlantedIn (bedID, plantID, percentage, staffID) VALUES (103, 2277, 3, 13);
INSERT INTO PlantedIn (bedID, plantID, percentage, staffID) VALUES (228, 2847, 1, 126);
INSERT INTO PlantedIn (bedID, plantID, percentage, staffID) VALUES (272, 1904, 1, 19);
INSERT INTO PlantedIn (bedID, plantID, percentage, staffID) VALUES (210, 1148, 3, 191);
INSERT INTO PlantedIn (bedID, plantID, percentage, staffID) VALUES (36, 2285, 4, 129);
INSERT INTO PlantedIn (bedID, plantID, percentage, staffID) VALUES (393, 608, 3, 5);
INSERT INTO PlantedIn (bedID, plantID, percentage, staffID) VALUES (429, 1671, 1, 96);
INSERT INTO PlantedIn (bedID, plantID, percentage, staffID) VALUES (11, 2053, 3, 140);
INSERT INTO PlantedIn (bedID, plantID, percentage, staffID) VALUES (127, 1157, 4, 146);
INSERT INTO PlantedIn (bedID, plantID, percentage, staffID) VALUES (375, 3106, 1, 11);
INSERT INTO PlantedIn (bedID, plantID, percentage, staffID) VALUES (438, 3587, 1, 39);
INSERT INTO PlantedIn (bedID, plantID, percentage, staffID) VALUES (246, 3161, 2, 167);
INSERT INTO PlantedIn (bedID, plantID, percentage, staffID) VALUES (462, 3245, 4, 187);
INSERT INTO PlantedIn (bedID, plantID, percentage, staffID) VALUES (129, 1480, 2, 1);
INSERT INTO PlantedIn (bedID, plantID, percentage, staffID) VALUES (433, 2656, 1, 163);
INSERT INTO PlantedIn (bedID, plantID, percentage, staffID) VALUES (467, 1956, 4, 5);
INSERT INTO PlantedIn (bedID, plantID, percentage, staffID) VALUES (147, 279, 2, 3);
INSERT INTO PlantedIn (bedID, plantID, percentage, staffID) VALUES (27, 3763, 4, 110);
INSERT INTO PlantedIn (bedID, plantID, percentage, staffID) VALUES (258, 3090, 3, 157);
INSERT INTO PlantedIn (bedID, plantID, percentage, staffID) VALUES (303, 2639, 4, 82);
INSERT INTO PlantedIn (bedID, plantID, percentage, staffID) VALUES (32, 1552, 4, 42);
INSERT INTO PlantedIn (bedID, plantID, percentage, staffID) VALUES (239, 708, 4, 174);
INSERT INTO PlantedIn (bedID, plantID, percentage, staffID) VALUES (121, 3349, 2, 46);
INSERT INTO PlantedIn (bedID, plantID, percentage, staffID) VALUES (398, 2939, 3, 61);
INSERT INTO PlantedIn (bedID, plantID, percentage, staffID) VALUES (37, 3598, 3, 112);
INSERT INTO PlantedIn (bedID, plantID, percentage, staffID) VALUES (291, 3663, 3, 128);
INSERT INTO PlantedIn (bedID, plantID, percentage, staffID) VALUES (166, 3206, 2, 135);
INSERT INTO PlantedIn (bedID, plantID, percentage, staffID) VALUES (392, 3168, 2, 105);
INSERT INTO PlantedIn (bedID, plantID, percentage, staffID) VALUES (2, 1412, 2, 30);
INSERT INTO PlantedIn (bedID, plantID, percentage, staffID) VALUES (110, 1432, 1, 117);
INSERT INTO PlantedIn (bedID, plantID, percentage, staffID) VALUES (62, 3342, 3, 166);
INSERT INTO PlantedIn (bedID, plantID, percentage, staffID) VALUES (68, 3765, 1, 132);
INSERT INTO PlantedIn (bedID, plantID, percentage, staffID) VALUES (428, 755, 3, 191);
INSERT INTO PlantedIn (bedID, plantID, percentage, staffID) VALUES (68, 2168, 2, 41);
INSERT INTO PlantedIn (bedID, plantID, percentage, staffID) VALUES (185, 3309, 1, 190);
INSERT INTO PlantedIn (bedID, plantID, percentage, staffID) VALUES (320, 1708, 3, 113);
INSERT INTO PlantedIn (bedID, plantID, percentage, staffID) VALUES (382, 2692, 1, 191);
INSERT INTO PlantedIn (bedID, plantID, percentage, staffID) VALUES (32, 1956, 1, 23);
INSERT INTO PlantedIn (bedID, plantID, percentage, staffID) VALUES (176, 3565, 3, 167);
INSERT INTO PlantedIn (bedID, plantID, percentage, staffID) VALUES (424, 1783, 4, 150);
INSERT INTO PlantedIn (bedID, plantID, percentage, staffID) VALUES (311, 2576, 4, 66);
INSERT INTO PlantedIn (bedID, plantID, percentage, staffID) VALUES (108, 1996, 3, 60);
INSERT INTO PlantedIn (bedID, plantID, percentage, staffID) VALUES (177, 853, 1, 171);
INSERT INTO PlantedIn (bedID, plantID, percentage, staffID) VALUES (314, 1488, 2, 149);
INSERT INTO PlantedIn (bedID, plantID, percentage, staffID) VALUES (39, 2559, 1, 104);
INSERT INTO PlantedIn (bedID, plantID, percentage, staffID) VALUES (80, 2386, 3, 71);
INSERT INTO PlantedIn (bedID, plantID, percentage, staffID) VALUES (256, 618, 2, 11);
INSERT INTO PlantedIn (bedID, plantID, percentage, staffID) VALUES (294, 3027, 2, 49);
INSERT INTO PlantedIn (bedID, plantID, percentage, staffID) VALUES (213, 2147, 3, 16);
INSERT INTO PlantedIn (bedID, plantID, percentage, staffID) VALUES (34, 1420, 2, 60);
INSERT INTO PlantedIn (bedID, plantID, percentage, staffID) VALUES (278, 496, 1, 101);
INSERT INTO PlantedIn (bedID, plantID, percentage, staffID) VALUES (243, 843, 3, 147);
INSERT INTO PlantedIn (bedID, plantID, percentage, staffID) VALUES (417, 877, 1, 152);
INSERT INTO PlantedIn (bedID, plantID, percentage, staffID) VALUES (400, 339, 2, 120);
INSERT INTO PlantedIn (bedID, plantID, percentage, staffID) VALUES (117, 2466, 4, 168);
INSERT INTO PlantedIn (bedID, plantID, percentage, staffID) VALUES (200, 214, 4, 30);
INSERT INTO PlantedIn (bedID, plantID, percentage, staffID) VALUES (289, 857, 3, 112);
INSERT INTO PlantedIn (bedID, plantID, percentage, staffID) VALUES (279, 3246, 1, 26);
INSERT INTO PlantedIn (bedID, plantID, percentage, staffID) VALUES (458, 2392, 2, 87);
INSERT INTO PlantedIn (bedID, plantID, percentage, staffID) VALUES (396, 563, 3, 16);
INSERT INTO PlantedIn (bedID, plantID, percentage, staffID) VALUES (177, 3161, 1, 156);
INSERT INTO PlantedIn (bedID, plantID, percentage, staffID) VALUES (429, 1358, 1, 123);
INSERT INTO PlantedIn (bedID, plantID, percentage, staffID) VALUES (468, 1618, 2, 5);
INSERT INTO PlantedIn (bedID, plantID, percentage, staffID) VALUES (225, 642, 1, 58);
INSERT INTO PlantedIn (bedID, plantID, percentage, staffID) VALUES (184, 3194, 4, 157);
INSERT INTO PlantedIn (bedID, plantID, percentage, staffID) VALUES (316, 3455, 3, 32);
INSERT INTO PlantedIn (bedID, plantID, percentage, staffID) VALUES (243, 2240, 2, 24);
INSERT INTO PlantedIn (bedID, plantID, percentage, staffID) VALUES (343, 739, 1, 14);
INSERT INTO PlantedIn (bedID, plantID, percentage, staffID) VALUES (5, 3212, 4, 64);
INSERT INTO PlantedIn (bedID, plantID, percentage, staffID) VALUES (87, 3530, 1, 14);
INSERT INTO PlantedIn (bedID, plantID, percentage, staffID) VALUES (157, 339, 4, 119);
INSERT INTO PlantedIn (bedID, plantID, percentage, staffID) VALUES (121, 3328, 3, 182);
INSERT INTO PlantedIn (bedID, plantID, percentage, staffID) VALUES (326, 2541, 2, 127);
INSERT INTO PlantedIn (bedID, plantID, percentage, staffID) VALUES (166, 399, 1, 85);
INSERT INTO PlantedIn (bedID, plantID, percentage, staffID) VALUES (140, 1853, 2, 36);
INSERT INTO PlantedIn (bedID, plantID, percentage, staffID) VALUES (147, 1877, 2, 45);
INSERT INTO PlantedIn (bedID, plantID, percentage, staffID) VALUES (189, 1098, 3, 136);
INSERT INTO PlantedIn (bedID, plantID, percentage, staffID) VALUES (176, 944, 3, 110);
INSERT INTO PlantedIn (bedID, plantID, percentage, staffID) VALUES (50, 1649, 4, 55);
INSERT INTO PlantedIn (bedID, plantID, percentage, staffID) VALUES (40, 3418, 3, 30);
INSERT INTO PlantedIn (bedID, plantID, percentage, staffID) VALUES (310, 517, 1, 143);
INSERT INTO PlantedIn (bedID, plantID, percentage, staffID) VALUES (112, 431, 3, 17);
INSERT INTO PlantedIn (bedID, plantID, percentage, staffID) VALUES (280, 972, 4, 171);
INSERT INTO PlantedIn (bedID, plantID, percentage, staffID) VALUES (349, 197, 1, 81);
INSERT INTO PlantedIn (bedID, plantID, percentage, staffID) VALUES (159, 216, 3, 177);
INSERT INTO PlantedIn (bedID, plantID, percentage, staffID) VALUES (142, 1555, 2, 68);
INSERT INTO PlantedIn (bedID, plantID, percentage, staffID) VALUES (392, 2313, 4, 41);
INSERT INTO PlantedIn (bedID, plantID, percentage, staffID) VALUES (229, 1329, 1, 112);
INSERT INTO PlantedIn (bedID, plantID, percentage, staffID) VALUES (226, 949, 3, 30);
INSERT INTO PlantedIn (bedID, plantID, percentage, staffID) VALUES (169, 858, 4, 50);
INSERT INTO PlantedIn (bedID, plantID, percentage, staffID) VALUES (224, 304, 1, 173);
INSERT INTO PlantedIn (bedID, plantID, percentage, staffID) VALUES (62, 929, 2, 71);
INSERT INTO PlantedIn (bedID, plantID, percentage, staffID) VALUES (141, 820, 3, 35);
INSERT INTO PlantedIn (bedID, plantID, percentage, staffID) VALUES (291, 1942, 2, 1);
INSERT INTO PlantedIn (bedID, plantID, percentage, staffID) VALUES (48, 769, 3, 73);
INSERT INTO PlantedIn (bedID, plantID, percentage, staffID) VALUES (257, 3487, 1, 148);
INSERT INTO PlantedIn (bedID, plantID, percentage, staffID) VALUES (70, 3337, 3, 150);
INSERT INTO PlantedIn (bedID, plantID, percentage, staffID) VALUES (41, 3782, 3, 92);
INSERT INTO PlantedIn (bedID, plantID, percentage, staffID) VALUES (27, 1154, 1, 157);
INSERT INTO PlantedIn (bedID, plantID, percentage, staffID) VALUES (255, 444, 4, 133);
INSERT INTO PlantedIn (bedID, plantID, percentage, staffID) VALUES (155, 3175, 4, 88);
INSERT INTO PlantedIn (bedID, plantID, percentage, staffID) VALUES (154, 1670, 2, 79);
INSERT INTO PlantedIn (bedID, plantID, percentage, staffID) VALUES (299, 2855, 1, 2);
INSERT INTO PlantedIn (bedID, plantID, percentage, staffID) VALUES (304, 2817, 4, 40);
INSERT INTO PlantedIn (bedID, plantID, percentage, staffID) VALUES (281, 3583, 3, 60);
INSERT INTO PlantedIn (bedID, plantID, percentage, staffID) VALUES (429, 2872, 4, 49);
INSERT INTO PlantedIn (bedID, plantID, percentage, staffID) VALUES (20, 19, 3, 31);
INSERT INTO PlantedIn (bedID, plantID, percentage, staffID) VALUES (57, 3091, 2, 85);
INSERT INTO PlantedIn (bedID, plantID, percentage, staffID) VALUES (294, 3268, 4, 79);
INSERT INTO PlantedIn (bedID, plantID, percentage, staffID) VALUES (132, 2977, 4, 76);
INSERT INTO PlantedIn (bedID, plantID, percentage, staffID) VALUES (241, 1455, 1, 17);
INSERT INTO PlantedIn (bedID, plantID, percentage, staffID) VALUES (50, 1063, 3, 192);
INSERT INTO PlantedIn (bedID, plantID, percentage, staffID) VALUES (96, 887, 1, 77);
INSERT INTO PlantedIn (bedID, plantID, percentage, staffID) VALUES (460, 2359, 1, 15);
INSERT INTO PlantedIn (bedID, plantID, percentage, staffID) VALUES (291, 844, 3, 122);
INSERT INTO PlantedIn (bedID, plantID, percentage, staffID) VALUES (9, 32, 3, 37);
INSERT INTO PlantedIn (bedID, plantID, percentage, staffID) VALUES (404, 2192, 1, 119);
INSERT INTO PlantedIn (bedID, plantID, percentage, staffID) VALUES (160, 3679, 4, 9);
INSERT INTO PlantedIn (bedID, plantID, percentage, staffID) VALUES (188, 3606, 3, 27);
INSERT INTO PlantedIn (bedID, plantID, percentage, staffID) VALUES (77, 1951, 1, 144);
INSERT INTO PlantedIn (bedID, plantID, percentage, staffID) VALUES (55, 2994, 3, 31);
INSERT INTO PlantedIn (bedID, plantID, percentage, staffID) VALUES (470, 2865, 1, 95);
INSERT INTO PlantedIn (bedID, plantID, percentage, staffID) VALUES (355, 2491, 3, 133);
INSERT INTO PlantedIn (bedID, plantID, percentage, staffID) VALUES (100, 900, 3, 150);
INSERT INTO PlantedIn (bedID, plantID, percentage, staffID) VALUES (88, 2991, 3, 81);
INSERT INTO PlantedIn (bedID, plantID, percentage, staffID) VALUES (424, 1507, 2, 193);
INSERT INTO PlantedIn (bedID, plantID, percentage, staffID) VALUES (153, 295, 2, 182);
INSERT INTO PlantedIn (bedID, plantID, percentage, staffID) VALUES (275, 2296, 3, 127);
INSERT INTO PlantedIn (bedID, plantID, percentage, staffID) VALUES (175, 2964, 2, 87);
INSERT INTO PlantedIn (bedID, plantID, percentage, staffID) VALUES (241, 3438, 2, 76);
INSERT INTO PlantedIn (bedID, plantID, percentage, staffID) VALUES (253, 83, 3, 176);
INSERT INTO PlantedIn (bedID, plantID, percentage, staffID) VALUES (121, 2299, 2, 60);
INSERT INTO PlantedIn (bedID, plantID, percentage, staffID) VALUES (37, 3468, 2, 114);
INSERT INTO PlantedIn (bedID, plantID, percentage, staffID) VALUES (461, 1715, 3, 181);
INSERT INTO PlantedIn (bedID, plantID, percentage, staffID) VALUES (18, 1949, 2, 51);
INSERT INTO PlantedIn (bedID, plantID, percentage, staffID) VALUES (129, 2609, 4, 157);
INSERT INTO PlantedIn (bedID, plantID, percentage, staffID) VALUES (267, 539, 1, 8);
INSERT INTO PlantedIn (bedID, plantID, percentage, staffID) VALUES (77, 3467, 2, 172);
INSERT INTO PlantedIn (bedID, plantID, percentage, staffID) VALUES (233, 526, 4, 175);
INSERT INTO PlantedIn (bedID, plantID, percentage, staffID) VALUES (390, 3111, 4, 26);
INSERT INTO PlantedIn (bedID, plantID, percentage, staffID) VALUES (333, 2620, 3, 62);
INSERT INTO PlantedIn (bedID, plantID, percentage, staffID) VALUES (58, 722, 1, 47);
INSERT INTO PlantedIn (bedID, plantID, percentage, staffID) VALUES (327, 1852, 4, 116);
INSERT INTO PlantedIn (bedID, plantID, percentage, staffID) VALUES (73, 1284, 3, 152);
INSERT INTO PlantedIn (bedID, plantID, percentage, staffID) VALUES (223, 3006, 3, 167);
INSERT INTO PlantedIn (bedID, plantID, percentage, staffID) VALUES (320, 2546, 1, 10);
INSERT INTO PlantedIn (bedID, plantID, percentage, staffID) VALUES (376, 3481, 3, 6);
INSERT INTO PlantedIn (bedID, plantID, percentage, staffID) VALUES (334, 577, 2, 106);
INSERT INTO PlantedIn (bedID, plantID, percentage, staffID) VALUES (392, 3173, 4, 17);
INSERT INTO PlantedIn (bedID, plantID, percentage, staffID) VALUES (4, 1207, 3, 22);
INSERT INTO PlantedIn (bedID, plantID, percentage, staffID) VALUES (375, 2596, 4, 135);
INSERT INTO PlantedIn (bedID, plantID, percentage, staffID) VALUES (2, 1553, 2, 136);
INSERT INTO PlantedIn (bedID, plantID, percentage, staffID) VALUES (85, 1855, 4, 22);
INSERT INTO PlantedIn (bedID, plantID, percentage, staffID) VALUES (66, 595, 4, 5);
INSERT INTO PlantedIn (bedID, plantID, percentage, staffID) VALUES (26, 179, 4, 113);
INSERT INTO PlantedIn (bedID, plantID, percentage, staffID) VALUES (93, 273, 1, 35);
INSERT INTO PlantedIn (bedID, plantID, percentage, staffID) VALUES (266, 299, 2, 122);
INSERT INTO PlantedIn (bedID, plantID, percentage, staffID) VALUES (355, 998, 4, 61);
INSERT INTO PlantedIn (bedID, plantID, percentage, staffID) VALUES (313, 3720, 4, 47);
INSERT INTO PlantedIn (bedID, plantID, percentage, staffID) VALUES (210, 1293, 3, 142);
INSERT INTO PlantedIn (bedID, plantID, percentage, staffID) VALUES (232, 2758, 3, 105);
INSERT INTO PlantedIn (bedID, plantID, percentage, staffID) VALUES (360, 250, 4, 62);
INSERT INTO PlantedIn (bedID, plantID, percentage, staffID) VALUES (341, 3665, 2, 189);
INSERT INTO PlantedIn (bedID, plantID, percentage, staffID) VALUES (13, 2021, 4, 130);
INSERT INTO PlantedIn (bedID, plantID, percentage, staffID) VALUES (370, 3606, 2, 108);
INSERT INTO PlantedIn (bedID, plantID, percentage, staffID) VALUES (424, 2916, 2, 58);
INSERT INTO PlantedIn (bedID, plantID, percentage, staffID) VALUES (42, 3762, 3, 188);
INSERT INTO PlantedIn (bedID, plantID, percentage, staffID) VALUES (325, 1666, 2, 25);
INSERT INTO PlantedIn (bedID, plantID, percentage, staffID) VALUES (235, 1633, 3, 82);
INSERT INTO PlantedIn (bedID, plantID, percentage, staffID) VALUES (422, 1466, 3, 134);
INSERT INTO PlantedIn (bedID, plantID, percentage, staffID) VALUES (155, 2249, 2, 183);
INSERT INTO PlantedIn (bedID, plantID, percentage, staffID) VALUES (50, 2036, 4, 26);
INSERT INTO PlantedIn (bedID, plantID, percentage, staffID) VALUES (218, 2527, 2, 67);
INSERT INTO PlantedIn (bedID, plantID, percentage, staffID) VALUES (193, 2345, 2, 142);
INSERT INTO PlantedIn (bedID, plantID, percentage, staffID) VALUES (275, 2356, 2, 16);
INSERT INTO PlantedIn (bedID, plantID, percentage, staffID) VALUES (20, 750, 3, 146);
INSERT INTO PlantedIn (bedID, plantID, percentage, staffID) VALUES (292, 443, 3, 34);
INSERT INTO PlantedIn (bedID, plantID, percentage, staffID) VALUES (234, 3181, 4, 25);
INSERT INTO PlantedIn (bedID, plantID, percentage, staffID) VALUES (192, 46, 3, 36);
INSERT INTO PlantedIn (bedID, plantID, percentage, staffID) VALUES (255, 1161, 4, 81);
INSERT INTO PlantedIn (bedID, plantID, percentage, staffID) VALUES (452, 2790, 2, 72);
INSERT INTO PlantedIn (bedID, plantID, percentage, staffID) VALUES (156, 174, 4, 176);
INSERT INTO PlantedIn (bedID, plantID, percentage, staffID) VALUES (310, 3604, 3, 36);
INSERT INTO PlantedIn (bedID, plantID, percentage, staffID) VALUES (60, 3434, 3, 48);
INSERT INTO PlantedIn (bedID, plantID, percentage, staffID) VALUES (2, 1536, 2, 52);
INSERT INTO PlantedIn (bedID, plantID, percentage, staffID) VALUES (105, 1432, 3, 65);
INSERT INTO PlantedIn (bedID, plantID, percentage, staffID) VALUES (181, 1897, 4, 28);
INSERT INTO PlantedIn (bedID, plantID, percentage, staffID) VALUES (375, 2048, 3, 188);
INSERT INTO PlantedIn (bedID, plantID, percentage, staffID) VALUES (120, 1051, 3, 22);
INSERT INTO PlantedIn (bedID, plantID, percentage, staffID) VALUES (150, 3732, 4, 100);
INSERT INTO PlantedIn (bedID, plantID, percentage, staffID) VALUES (425, 2566, 1, 136);
INSERT INTO PlantedIn (bedID, plantID, percentage, staffID) VALUES (262, 3466, 3, 157);
INSERT INTO PlantedIn (bedID, plantID, percentage, staffID) VALUES (139, 68, 3, 11);
INSERT INTO PlantedIn (bedID, plantID, percentage, staffID) VALUES (184, 1426, 4, 29);
INSERT INTO PlantedIn (bedID, plantID, percentage, staffID) VALUES (407, 1058, 3, 141);
INSERT INTO PlantedIn (bedID, plantID, percentage, staffID) VALUES (380, 2355, 1, 81);
INSERT INTO PlantedIn (bedID, plantID, percentage, staffID) VALUES (417, 1943, 1, 130);
INSERT INTO PlantedIn (bedID, plantID, percentage, staffID) VALUES (222, 478, 2, 35);
INSERT INTO PlantedIn (bedID, plantID, percentage, staffID) VALUES (373, 3225, 2, 80);
INSERT INTO PlantedIn (bedID, plantID, percentage, staffID) VALUES (346, 606, 1, 183);
INSERT INTO PlantedIn (bedID, plantID, percentage, staffID) VALUES (83, 3658, 3, 110);
INSERT INTO PlantedIn (bedID, plantID, percentage, staffID) VALUES (150, 2620, 1, 68);
INSERT INTO PlantedIn (bedID, plantID, percentage, staffID) VALUES (450, 85, 4, 169);
INSERT INTO PlantedIn (bedID, plantID, percentage, staffID) VALUES (299, 855, 3, 166);
INSERT INTO PlantedIn (bedID, plantID, percentage, staffID) VALUES (343, 1719, 1, 145);
INSERT INTO PlantedIn (bedID, plantID, percentage, staffID) VALUES (269, 3396, 2, 114);
INSERT INTO PlantedIn (bedID, plantID, percentage, staffID) VALUES (338, 3664, 2, 142);
INSERT INTO PlantedIn (bedID, plantID, percentage, staffID) VALUES (50, 2282, 2, 96);
INSERT INTO PlantedIn (bedID, plantID, percentage, staffID) VALUES (254, 29, 4, 172);
INSERT INTO PlantedIn (bedID, plantID, percentage, staffID) VALUES (325, 665, 3, 6);
INSERT INTO PlantedIn (bedID, plantID, percentage, staffID) VALUES (92, 3293, 4, 80);
INSERT INTO PlantedIn (bedID, plantID, percentage, staffID) VALUES (35, 775, 4, 69);
INSERT INTO PlantedIn (bedID, plantID, percentage, staffID) VALUES (438, 2111, 3, 117);
INSERT INTO PlantedIn (bedID, plantID, percentage, staffID) VALUES (234, 1023, 3, 17);
INSERT INTO PlantedIn (bedID, plantID, percentage, staffID) VALUES (405, 2129, 2, 179);
INSERT INTO PlantedIn (bedID, plantID, percentage, staffID) VALUES (264, 2773, 1, 50);
INSERT INTO PlantedIn (bedID, plantID, percentage, staffID) VALUES (421, 1042, 1, 180);
INSERT INTO PlantedIn (bedID, plantID, percentage, staffID) VALUES (58, 1044, 1, 186);
INSERT INTO PlantedIn (bedID, plantID, percentage, staffID) VALUES (139, 3784, 1, 68);
INSERT INTO PlantedIn (bedID, plantID, percentage, staffID) VALUES (249, 3469, 1, 175);
INSERT INTO PlantedIn (bedID, plantID, percentage, staffID) VALUES (77, 3628, 1, 126);
INSERT INTO PlantedIn (bedID, plantID, percentage, staffID) VALUES (232, 1911, 1, 84);
INSERT INTO PlantedIn (bedID, plantID, percentage, staffID) VALUES (101, 2517, 1, 60);
INSERT INTO PlantedIn (bedID, plantID, percentage, staffID) VALUES (436, 654, 1, 38);
INSERT INTO PlantedIn (bedID, plantID, percentage, staffID) VALUES (208, 357, 4, 49);
INSERT INTO PlantedIn (bedID, plantID, percentage, staffID) VALUES (160, 877, 3, 6);
INSERT INTO PlantedIn (bedID, plantID, percentage, staffID) VALUES (98, 1368, 3, 174);
INSERT INTO PlantedIn (bedID, plantID, percentage, staffID) VALUES (119, 2724, 2, 153);
INSERT INTO PlantedIn (bedID, plantID, percentage, staffID) VALUES (305, 1419, 1, 88);
INSERT INTO PlantedIn (bedID, plantID, percentage, staffID) VALUES (408, 3239, 1, 37);
INSERT INTO PlantedIn (bedID, plantID, percentage, staffID) VALUES (232, 1815, 2, 36);
INSERT INTO PlantedIn (bedID, plantID, percentage, staffID) VALUES (303, 1384, 1, 93);
INSERT INTO PlantedIn (bedID, plantID, percentage, staffID) VALUES (433, 50, 1, 86);
INSERT INTO PlantedIn (bedID, plantID, percentage, staffID) VALUES (174, 1031, 3, 174);
INSERT INTO PlantedIn (bedID, plantID, percentage, staffID) VALUES (460, 2321, 3, 7);
INSERT INTO PlantedIn (bedID, plantID, percentage, staffID) VALUES (458, 1782, 4, 153);
INSERT INTO PlantedIn (bedID, plantID, percentage, staffID) VALUES (142, 3581, 4, 184);
INSERT INTO PlantedIn (bedID, plantID, percentage, staffID) VALUES (188, 292, 1, 41);
INSERT INTO PlantedIn (bedID, plantID, percentage, staffID) VALUES (205, 2505, 4, 23);
INSERT INTO PlantedIn (bedID, plantID, percentage, staffID) VALUES (159, 387, 1, 138);
INSERT INTO PlantedIn (bedID, plantID, percentage, staffID) VALUES (54, 348, 2, 76);
INSERT INTO PlantedIn (bedID, plantID, percentage, staffID) VALUES (169, 849, 2, 20);
INSERT INTO PlantedIn (bedID, plantID, percentage, staffID) VALUES (388, 496, 4, 193);
INSERT INTO PlantedIn (bedID, plantID, percentage, staffID) VALUES (279, 2667, 4, 126);
INSERT INTO PlantedIn (bedID, plantID, percentage, staffID) VALUES (292, 1999, 1, 138);
INSERT INTO PlantedIn (bedID, plantID, percentage, staffID) VALUES (281, 3373, 1, 10);
INSERT INTO PlantedIn (bedID, plantID, percentage, staffID) VALUES (247, 616, 4, 186);
INSERT INTO PlantedIn (bedID, plantID, percentage, staffID) VALUES (123, 2246, 2, 22);
INSERT INTO PlantedIn (bedID, plantID, percentage, staffID) VALUES (318, 1832, 1, 174);
INSERT INTO PlantedIn (bedID, plantID, percentage, staffID) VALUES (328, 3667, 3, 73);
INSERT INTO PlantedIn (bedID, plantID, percentage, staffID) VALUES (37, 1155, 3, 62);
INSERT INTO PlantedIn (bedID, plantID, percentage, staffID) VALUES (468, 3541, 3, 114);
INSERT INTO PlantedIn (bedID, plantID, percentage, staffID) VALUES (205, 888, 1, 126);
INSERT INTO PlantedIn (bedID, plantID, percentage, staffID) VALUES (49, 2569, 3, 11);
INSERT INTO PlantedIn (bedID, plantID, percentage, staffID) VALUES (390, 3714, 1, 98);
INSERT INTO PlantedIn (bedID, plantID, percentage, staffID) VALUES (257, 2256, 1, 93);
INSERT INTO PlantedIn (bedID, plantID, percentage, staffID) VALUES (28, 1187, 4, 49);
INSERT INTO PlantedIn (bedID, plantID, percentage, staffID) VALUES (121, 2303, 2, 54);
INSERT INTO PlantedIn (bedID, plantID, percentage, staffID) VALUES (228, 2136, 4, 100);
INSERT INTO PlantedIn (bedID, plantID, percentage, staffID) VALUES (370, 410, 4, 192);
INSERT INTO PlantedIn (bedID, plantID, percentage, staffID) VALUES (365, 3831, 3, 104);
INSERT INTO PlantedIn (bedID, plantID, percentage, staffID) VALUES (451, 3809, 2, 139);
INSERT INTO PlantedIn (bedID, plantID, percentage, staffID) VALUES (270, 514, 3, 145);
INSERT INTO PlantedIn (bedID, plantID, percentage, staffID) VALUES (209, 3657, 3, 77);
INSERT INTO PlantedIn (bedID, plantID, percentage, staffID) VALUES (257, 2479, 2, 6);
INSERT INTO PlantedIn (bedID, plantID, percentage, staffID) VALUES (98, 105, 3, 66);
INSERT INTO PlantedIn (bedID, plantID, percentage, staffID) VALUES (275, 3123, 2, 123);
INSERT INTO PlantedIn (bedID, plantID, percentage, staffID) VALUES (433, 2088, 3, 51);
INSERT INTO PlantedIn (bedID, plantID, percentage, staffID) VALUES (252, 2910, 2, 57);
INSERT INTO PlantedIn (bedID, plantID, percentage, staffID) VALUES (42, 2638, 3, 191);
INSERT INTO PlantedIn (bedID, plantID, percentage, staffID) VALUES (298, 1202, 1, 46);
INSERT INTO PlantedIn (bedID, plantID, percentage, staffID) VALUES (451, 977, 1, 124);
INSERT INTO PlantedIn (bedID, plantID, percentage, staffID) VALUES (133, 3580, 4, 173);
INSERT INTO PlantedIn (bedID, plantID, percentage, staffID) VALUES (348, 1719, 3, 46);
INSERT INTO PlantedIn (bedID, plantID, percentage, staffID) VALUES (466, 1804, 3, 68);
INSERT INTO PlantedIn (bedID, plantID, percentage, staffID) VALUES (268, 3771, 3, 55);
INSERT INTO PlantedIn (bedID, plantID, percentage, staffID) VALUES (312, 768, 2, 38);
INSERT INTO PlantedIn (bedID, plantID, percentage, staffID) VALUES (241, 1577, 2, 94);
INSERT INTO PlantedIn (bedID, plantID, percentage, staffID) VALUES (313, 244, 4, 127);
INSERT INTO PlantedIn (bedID, plantID, percentage, staffID) VALUES (468, 1794, 3, 164);
INSERT INTO PlantedIn (bedID, plantID, percentage, staffID) VALUES (430, 79, 4, 76);
INSERT INTO PlantedIn (bedID, plantID, percentage, staffID) VALUES (231, 2718, 3, 84);
INSERT INTO PlantedIn (bedID, plantID, percentage, staffID) VALUES (149, 1580, 4, 136);
INSERT INTO PlantedIn (bedID, plantID, percentage, staffID) VALUES (182, 3591, 1, 110);
INSERT INTO PlantedIn (bedID, plantID, percentage, staffID) VALUES (61, 2778, 3, 67);
INSERT INTO PlantedIn (bedID, plantID, percentage, staffID) VALUES (60, 3034, 4, 21);
INSERT INTO PlantedIn (bedID, plantID, percentage, staffID) VALUES (402, 2777, 4, 149);
INSERT INTO PlantedIn (bedID, plantID, percentage, staffID) VALUES (87, 2037, 1, 115);
INSERT INTO PlantedIn (bedID, plantID, percentage, staffID) VALUES (300, 1525, 4, 151);
INSERT INTO PlantedIn (bedID, plantID, percentage, staffID) VALUES (380, 1563, 1, 169);
INSERT INTO PlantedIn (bedID, plantID, percentage, staffID) VALUES (158, 1401, 2, 47);
INSERT INTO PlantedIn (bedID, plantID, percentage, staffID) VALUES (39, 2155, 1, 20);
INSERT INTO PlantedIn (bedID, plantID, percentage, staffID) VALUES (433, 2792, 1, 6);
INSERT INTO PlantedIn (bedID, plantID, percentage, staffID) VALUES (118, 2269, 4, 39);
INSERT INTO PlantedIn (bedID, plantID, percentage, staffID) VALUES (245, 672, 1, 170);
INSERT INTO PlantedIn (bedID, plantID, percentage, staffID) VALUES (269, 2204, 2, 21);
INSERT INTO PlantedIn (bedID, plantID, percentage, staffID) VALUES (461, 3582, 2, 114);
INSERT INTO PlantedIn (bedID, plantID, percentage, staffID) VALUES (137, 3046, 2, 157);
INSERT INTO PlantedIn (bedID, plantID, percentage, staffID) VALUES (164, 3347, 3, 118);
INSERT INTO PlantedIn (bedID, plantID, percentage, staffID) VALUES (30, 2215, 4, 180);
INSERT INTO PlantedIn (bedID, plantID, percentage, staffID) VALUES (140, 3498, 3, 16);
INSERT INTO PlantedIn (bedID, plantID, percentage, staffID) VALUES (233, 1019, 1, 70);
INSERT INTO PlantedIn (bedID, plantID, percentage, staffID) VALUES (351, 1009, 3, 77);
INSERT INTO PlantedIn (bedID, plantID, percentage, staffID) VALUES (89, 3617, 2, 5);
INSERT INTO PlantedIn (bedID, plantID, percentage, staffID) VALUES (343, 3055, 1, 173);
INSERT INTO PlantedIn (bedID, plantID, percentage, staffID) VALUES (311, 1644, 3, 155);
INSERT INTO PlantedIn (bedID, plantID, percentage, staffID) VALUES (473, 2454, 2, 142);
INSERT INTO PlantedIn (bedID, plantID, percentage, staffID) VALUES (256, 2976, 1, 171);
INSERT INTO PlantedIn (bedID, plantID, percentage, staffID) VALUES (16, 691, 2, 9);
INSERT INTO PlantedIn (bedID, plantID, percentage, staffID) VALUES (166, 786, 1, 98);
INSERT INTO PlantedIn (bedID, plantID, percentage, staffID) VALUES (220, 3297, 3, 165);
INSERT INTO PlantedIn (bedID, plantID, percentage, staffID) VALUES (374, 3196, 3, 27);
INSERT INTO PlantedIn (bedID, plantID, percentage, staffID) VALUES (292, 3770, 2, 119);
INSERT INTO PlantedIn (bedID, plantID, percentage, staffID) VALUES (461, 2652, 3, 142);
INSERT INTO PlantedIn (bedID, plantID, percentage, staffID) VALUES (216, 2049, 2, 112);
INSERT INTO PlantedIn (bedID, plantID, percentage, staffID) VALUES (374, 1684, 2, 31);
INSERT INTO PlantedIn (bedID, plantID, percentage, staffID) VALUES (137, 3679, 1, 185);
INSERT INTO PlantedIn (bedID, plantID, percentage, staffID) VALUES (369, 128, 2, 121);
INSERT INTO PlantedIn (bedID, plantID, percentage, staffID) VALUES (4, 661, 2, 137);
INSERT INTO PlantedIn (bedID, plantID, percentage, staffID) VALUES (241, 2547, 2, 165);
INSERT INTO PlantedIn (bedID, plantID, percentage, staffID) VALUES (14, 2085, 3, 60);
INSERT INTO PlantedIn (bedID, plantID, percentage, staffID) VALUES (60, 965, 4, 163);
INSERT INTO PlantedIn (bedID, plantID, percentage, staffID) VALUES (325, 3644, 4, 35);
INSERT INTO PlantedIn (bedID, plantID, percentage, staffID) VALUES (424, 281, 3, 11);
INSERT INTO PlantedIn (bedID, plantID, percentage, staffID) VALUES (50, 2477, 1, 14);
INSERT INTO PlantedIn (bedID, plantID, percentage, staffID) VALUES (384, 2844, 2, 107);
INSERT INTO PlantedIn (bedID, plantID, percentage, staffID) VALUES (187, 1276, 3, 164);
INSERT INTO PlantedIn (bedID, plantID, percentage, staffID) VALUES (393, 3084, 4, 111);
INSERT INTO PlantedIn (bedID, plantID, percentage, staffID) VALUES (160, 3210, 2, 122);
INSERT INTO PlantedIn (bedID, plantID, percentage, staffID) VALUES (38, 1515, 4, 77);
INSERT INTO PlantedIn (bedID, plantID, percentage, staffID) VALUES (159, 2108, 1, 151);
INSERT INTO PlantedIn (bedID, plantID, percentage, staffID) VALUES (293, 3054, 3, 184);
INSERT INTO PlantedIn (bedID, plantID, percentage, staffID) VALUES (204, 3746, 1, 171);
INSERT INTO PlantedIn (bedID, plantID, percentage, staffID) VALUES (334, 1392, 1, 115);
INSERT INTO PlantedIn (bedID, plantID, percentage, staffID) VALUES (327, 1417, 3, 172);
INSERT INTO PlantedIn (bedID, plantID, percentage, staffID) VALUES (78, 1467, 3, 78);
INSERT INTO PlantedIn (bedID, plantID, percentage, staffID) VALUES (174, 1321, 3, 12);
INSERT INTO PlantedIn (bedID, plantID, percentage, staffID) VALUES (420, 3069, 3, 190);
INSERT INTO PlantedIn (bedID, plantID, percentage, staffID) VALUES (277, 3209, 1, 47);
INSERT INTO PlantedIn (bedID, plantID, percentage, staffID) VALUES (379, 255, 3, 53);
INSERT INTO PlantedIn (bedID, plantID, percentage, staffID) VALUES (202, 3173, 1, 124);
INSERT INTO PlantedIn (bedID, plantID, percentage, staffID) VALUES (89, 1713, 2, 130);
INSERT INTO PlantedIn (bedID, plantID, percentage, staffID) VALUES (390, 51, 1, 175);
INSERT INTO PlantedIn (bedID, plantID, percentage, staffID) VALUES (467, 3162, 2, 66);
INSERT INTO PlantedIn (bedID, plantID, percentage, staffID) VALUES (76, 1459, 1, 11);
INSERT INTO PlantedIn (bedID, plantID, percentage, staffID) VALUES (82, 3797, 4, 113);
INSERT INTO PlantedIn (bedID, plantID, percentage, staffID) VALUES (385, 3015, 3, 158);
INSERT INTO PlantedIn (bedID, plantID, percentage, staffID) VALUES (401, 108, 2, 24);
INSERT INTO PlantedIn (bedID, plantID, percentage, staffID) VALUES (402, 2784, 1, 80);
INSERT INTO PlantedIn (bedID, plantID, percentage, staffID) VALUES (78, 91, 4, 80);
INSERT INTO PlantedIn (bedID, plantID, percentage, staffID) VALUES (18, 934, 1, 4);
INSERT INTO PlantedIn (bedID, plantID, percentage, staffID) VALUES (29, 1318, 1, 77);
INSERT INTO PlantedIn (bedID, plantID, percentage, staffID) VALUES (340, 1664, 4, 55);
INSERT INTO PlantedIn (bedID, plantID, percentage, staffID) VALUES (196, 3158, 1, 132);
INSERT INTO PlantedIn (bedID, plantID, percentage, staffID) VALUES (283, 1605, 2, 171);
INSERT INTO PlantedIn (bedID, plantID, percentage, staffID) VALUES (210, 3683, 2, 146);
INSERT INTO PlantedIn (bedID, plantID, percentage, staffID) VALUES (319, 397, 4, 67);
INSERT INTO PlantedIn (bedID, plantID, percentage, staffID) VALUES (60, 2766, 1, 168);
INSERT INTO PlantedIn (bedID, plantID, percentage, staffID) VALUES (453, 3251, 1, 39);
INSERT INTO PlantedIn (bedID, plantID, percentage, staffID) VALUES (87, 2178, 4, 49);
INSERT INTO PlantedIn (bedID, plantID, percentage, staffID) VALUES (471, 1937, 2, 162);
INSERT INTO PlantedIn (bedID, plantID, percentage, staffID) VALUES (151, 1680, 4, 129);
INSERT INTO PlantedIn (bedID, plantID, percentage, staffID) VALUES (402, 1808, 2, 73);
INSERT INTO PlantedIn (bedID, plantID, percentage, staffID) VALUES (199, 278, 1, 120);
INSERT INTO PlantedIn (bedID, plantID, percentage, staffID) VALUES (83, 3524, 2, 190);
INSERT INTO PlantedIn (bedID, plantID, percentage, staffID) VALUES (297, 2910, 3, 95);
INSERT INTO PlantedIn (bedID, plantID, percentage, staffID) VALUES (281, 2512, 4, 123);
INSERT INTO PlantedIn (bedID, plantID, percentage, staffID) VALUES (101, 3234, 1, 138);
INSERT INTO PlantedIn (bedID, plantID, percentage, staffID) VALUES (160, 1800, 3, 126);
INSERT INTO PlantedIn (bedID, plantID, percentage, staffID) VALUES (426, 945, 3, 117);
INSERT INTO PlantedIn (bedID, plantID, percentage, staffID) VALUES (337, 3585, 1, 9);
INSERT INTO PlantedIn (bedID, plantID, percentage, staffID) VALUES (473, 2421, 1, 47);
INSERT INTO PlantedIn (bedID, plantID, percentage, staffID) VALUES (255, 606, 1, 97);
INSERT INTO PlantedIn (bedID, plantID, percentage, staffID) VALUES (431, 3625, 3, 153);
INSERT INTO PlantedIn (bedID, plantID, percentage, staffID) VALUES (278, 1356, 4, 57);
INSERT INTO PlantedIn (bedID, plantID, percentage, staffID) VALUES (89, 3693, 3, 2);
INSERT INTO PlantedIn (bedID, plantID, percentage, staffID) VALUES (200, 2402, 2, 37);
INSERT INTO PlantedIn (bedID, plantID, percentage, staffID) VALUES (410, 2902, 3, 15);
INSERT INTO PlantedIn (bedID, plantID, percentage, staffID) VALUES (321, 437, 3, 145);
INSERT INTO PlantedIn (bedID, plantID, percentage, staffID) VALUES (350, 3622, 2, 174);
INSERT INTO PlantedIn (bedID, plantID, percentage, staffID) VALUES (45, 1260, 1, 91);
INSERT INTO PlantedIn (bedID, plantID, percentage, staffID) VALUES (125, 743, 4, 104);
INSERT INTO PlantedIn (bedID, plantID, percentage, staffID) VALUES (257, 3038, 3, 134);
INSERT INTO PlantedIn (bedID, plantID, percentage, staffID) VALUES (351, 2554, 1, 53);
INSERT INTO PlantedIn (bedID, plantID, percentage, staffID) VALUES (134, 1686, 1, 99);
INSERT INTO PlantedIn (bedID, plantID, percentage, staffID) VALUES (89, 2140, 4, 148);
INSERT INTO PlantedIn (bedID, plantID, percentage, staffID) VALUES (316, 1686, 2, 111);
INSERT INTO PlantedIn (bedID, plantID, percentage, staffID) VALUES (177, 1523, 2, 140);
INSERT INTO PlantedIn (bedID, plantID, percentage, staffID) VALUES (341, 484, 4, 96);
INSERT INTO PlantedIn (bedID, plantID, percentage, staffID) VALUES (151, 3776, 4, 171);
INSERT INTO PlantedIn (bedID, plantID, percentage, staffID) VALUES (361, 1886, 3, 121);
INSERT INTO PlantedIn (bedID, plantID, percentage, staffID) VALUES (71, 3270, 2, 136);
INSERT INTO PlantedIn (bedID, plantID, percentage, staffID) VALUES (134, 575, 2, 118);
INSERT INTO PlantedIn (bedID, plantID, percentage, staffID) VALUES (333, 1173, 2, 69);
INSERT INTO PlantedIn (bedID, plantID, percentage, staffID) VALUES (350, 3387, 1, 159);
INSERT INTO PlantedIn (bedID, plantID, percentage, staffID) VALUES (128, 1768, 4, 119);
INSERT INTO PlantedIn (bedID, plantID, percentage, staffID) VALUES (13, 3128, 4, 155);
INSERT INTO PlantedIn (bedID, plantID, percentage, staffID) VALUES (141, 1353, 2, 60);
INSERT INTO PlantedIn (bedID, plantID, percentage, staffID) VALUES (93, 3704, 2, 179);
INSERT INTO PlantedIn (bedID, plantID, percentage, staffID) VALUES (51, 1753, 4, 194);
INSERT INTO PlantedIn (bedID, plantID, percentage, staffID) VALUES (359, 1083, 2, 37);
INSERT INTO PlantedIn (bedID, plantID, percentage, staffID) VALUES (75, 3682, 2, 125);
INSERT INTO PlantedIn (bedID, plantID, percentage, staffID) VALUES (194, 728, 4, 86);
INSERT INTO PlantedIn (bedID, plantID, percentage, staffID) VALUES (113, 1511, 2, 182);
INSERT INTO PlantedIn (bedID, plantID, percentage, staffID) VALUES (95, 2519, 2, 11);
INSERT INTO PlantedIn (bedID, plantID, percentage, staffID) VALUES (1, 1337, 1, 193);
INSERT INTO PlantedIn (bedID, plantID, percentage, staffID) VALUES (144, 3160, 2, 138);
INSERT INTO PlantedIn (bedID, plantID, percentage, staffID) VALUES (129, 2403, 1, 45);
INSERT INTO PlantedIn (bedID, plantID, percentage, staffID) VALUES (427, 1540, 1, 107);
INSERT INTO PlantedIn (bedID, plantID, percentage, staffID) VALUES (166, 515, 4, 99);
INSERT INTO PlantedIn (bedID, plantID, percentage, staffID) VALUES (153, 3486, 3, 154);
INSERT INTO PlantedIn (bedID, plantID, percentage, staffID) VALUES (139, 2494, 2, 168);
INSERT INTO PlantedIn (bedID, plantID, percentage, staffID) VALUES (106, 3598, 3, 102);
INSERT INTO PlantedIn (bedID, plantID, percentage, staffID) VALUES (355, 660, 1, 192);
INSERT INTO PlantedIn (bedID, plantID, percentage, staffID) VALUES (375, 610, 3, 10);
INSERT INTO PlantedIn (bedID, plantID, percentage, staffID) VALUES (263, 2211, 4, 154);
INSERT INTO PlantedIn (bedID, plantID, percentage, staffID) VALUES (334, 918, 1, 137);
INSERT INTO PlantedIn (bedID, plantID, percentage, staffID) VALUES (66, 1627, 2, 120);
INSERT INTO PlantedIn (bedID, plantID, percentage, staffID) VALUES (32, 1582, 2, 189);
INSERT INTO PlantedIn (bedID, plantID, percentage, staffID) VALUES (136, 3530, 3, 135);
INSERT INTO PlantedIn (bedID, plantID, percentage, staffID) VALUES (400, 606, 3, 8);
INSERT INTO PlantedIn (bedID, plantID, percentage, staffID) VALUES (155, 3757, 1, 125);
INSERT INTO PlantedIn (bedID, plantID, percentage, staffID) VALUES (62, 2549, 3, 166);
INSERT INTO PlantedIn (bedID, plantID, percentage, staffID) VALUES (110, 2187, 4, 121);
INSERT INTO PlantedIn (bedID, plantID, percentage, staffID) VALUES (323, 2120, 3, 77);
INSERT INTO PlantedIn (bedID, plantID, percentage, staffID) VALUES (454, 1152, 1, 23);
INSERT INTO PlantedIn (bedID, plantID, percentage, staffID) VALUES (100, 2979, 1, 154);
INSERT INTO PlantedIn (bedID, plantID, percentage, staffID) VALUES (439, 3040, 2, 133);
INSERT INTO PlantedIn (bedID, plantID, percentage, staffID) VALUES (359, 1003, 4, 77);
INSERT INTO PlantedIn (bedID, plantID, percentage, staffID) VALUES (435, 726, 1, 117);
INSERT INTO PlantedIn (bedID, plantID, percentage, staffID) VALUES (357, 641, 3, 18);
INSERT INTO PlantedIn (bedID, plantID, percentage, staffID) VALUES (202, 189, 1, 102);
INSERT INTO PlantedIn (bedID, plantID, percentage, staffID) VALUES (283, 3374, 3, 175);
INSERT INTO PlantedIn (bedID, plantID, percentage, staffID) VALUES (81, 3723, 2, 163);
INSERT INTO PlantedIn (bedID, plantID, percentage, staffID) VALUES (348, 2129, 3, 90);
INSERT INTO PlantedIn (bedID, plantID, percentage, staffID) VALUES (160, 327, 1, 187);
INSERT INTO PlantedIn (bedID, plantID, percentage, staffID) VALUES (226, 2154, 1, 85);
INSERT INTO PlantedIn (bedID, plantID, percentage, staffID) VALUES (342, 1928, 1, 161);
INSERT INTO PlantedIn (bedID, plantID, percentage, staffID) VALUES (259, 1106, 1, 53);
INSERT INTO PlantedIn (bedID, plantID, percentage, staffID) VALUES (76, 419, 2, 143);
INSERT INTO PlantedIn (bedID, plantID, percentage, staffID) VALUES (34, 1927, 4, 146);
INSERT INTO PlantedIn (bedID, plantID, percentage, staffID) VALUES (24, 574, 2, 96);
INSERT INTO PlantedIn (bedID, plantID, percentage, staffID) VALUES (111, 1475, 3, 99);
INSERT INTO PlantedIn (bedID, plantID, percentage, staffID) VALUES (318, 1800, 1, 172);
INSERT INTO PlantedIn (bedID, plantID, percentage, staffID) VALUES (11, 975, 3, 78);
INSERT INTO PlantedIn (bedID, plantID, percentage, staffID) VALUES (356, 642, 2, 183);
INSERT INTO PlantedIn (bedID, plantID, percentage, staffID) VALUES (214, 577, 3, 91);
INSERT INTO PlantedIn (bedID, plantID, percentage, staffID) VALUES (122, 553, 2, 192);
INSERT INTO PlantedIn (bedID, plantID, percentage, staffID) VALUES (304, 2518, 3, 28);
INSERT INTO PlantedIn (bedID, plantID, percentage, staffID) VALUES (379, 2320, 1, 16);
INSERT INTO PlantedIn (bedID, plantID, percentage, staffID) VALUES (465, 2162, 3, 125);
INSERT INTO PlantedIn (bedID, plantID, percentage, staffID) VALUES (12, 1738, 1, 164);
INSERT INTO PlantedIn (bedID, plantID, percentage, staffID) VALUES (332, 694, 2, 162);
INSERT INTO PlantedIn (bedID, plantID, percentage, staffID) VALUES (164, 2658, 4, 154);
INSERT INTO PlantedIn (bedID, plantID, percentage, staffID) VALUES (396, 752, 1, 84);
INSERT INTO PlantedIn (bedID, plantID, percentage, staffID) VALUES (160, 1343, 4, 87);
INSERT INTO PlantedIn (bedID, plantID, percentage, staffID) VALUES (473, 2154, 4, 137);
INSERT INTO PlantedIn (bedID, plantID, percentage, staffID) VALUES (75, 2887, 1, 170);
INSERT INTO PlantedIn (bedID, plantID, percentage, staffID) VALUES (145, 1705, 2, 162);
INSERT INTO PlantedIn (bedID, plantID, percentage, staffID) VALUES (422, 2288, 3, 78);
INSERT INTO PlantedIn (bedID, plantID, percentage, staffID) VALUES (365, 667, 1, 10);
INSERT INTO PlantedIn (bedID, plantID, percentage, staffID) VALUES (407, 3077, 3, 187);
INSERT INTO PlantedIn (bedID, plantID, percentage, staffID) VALUES (469, 1241, 2, 162);
INSERT INTO PlantedIn (bedID, plantID, percentage, staffID) VALUES (317, 828, 3, 63);
INSERT INTO PlantedIn (bedID, plantID, percentage, staffID) VALUES (365, 3773, 4, 95);
INSERT INTO PlantedIn (bedID, plantID, percentage, staffID) VALUES (342, 1147, 1, 14);
INSERT INTO PlantedIn (bedID, plantID, percentage, staffID) VALUES (349, 3319, 3, 74);
INSERT INTO PlantedIn (bedID, plantID, percentage, staffID) VALUES (214, 2857, 1, 45);
INSERT INTO PlantedIn (bedID, plantID, percentage, staffID) VALUES (432, 1025, 4, 70);
INSERT INTO PlantedIn (bedID, plantID, percentage, staffID) VALUES (29, 974, 1, 96);
INSERT INTO PlantedIn (bedID, plantID, percentage, staffID) VALUES (271, 1002, 1, 78);
INSERT INTO PlantedIn (bedID, plantID, percentage, staffID) VALUES (224, 2649, 1, 186);
INSERT INTO PlantedIn (bedID, plantID, percentage, staffID) VALUES (313, 1444, 2, 36);
INSERT INTO PlantedIn (bedID, plantID, percentage, staffID) VALUES (317, 930, 2, 85);
INSERT INTO PlantedIn (bedID, plantID, percentage, staffID) VALUES (47, 2991, 3, 8);
INSERT INTO PlantedIn (bedID, plantID, percentage, staffID) VALUES (243, 992, 2, 158);
INSERT INTO PlantedIn (bedID, plantID, percentage, staffID) VALUES (247, 424, 3, 41);
INSERT INTO PlantedIn (bedID, plantID, percentage, staffID) VALUES (171, 2568, 4, 130);
INSERT INTO PlantedIn (bedID, plantID, percentage, staffID) VALUES (437, 50, 2, 36);
INSERT INTO PlantedIn (bedID, plantID, percentage, staffID) VALUES (331, 322, 2, 131);
INSERT INTO PlantedIn (bedID, plantID, percentage, staffID) VALUES (216, 3150, 1, 152);
INSERT INTO PlantedIn (bedID, plantID, percentage, staffID) VALUES (27, 609, 1, 110);
INSERT INTO PlantedIn (bedID, plantID, percentage, staffID) VALUES (441, 2206, 2, 144);
INSERT INTO PlantedIn (bedID, plantID, percentage, staffID) VALUES (392, 1836, 2, 178);
INSERT INTO PlantedIn (bedID, plantID, percentage, staffID) VALUES (277, 252, 4, 191);
INSERT INTO PlantedIn (bedID, plantID, percentage, staffID) VALUES (345, 2186, 3, 180);
INSERT INTO PlantedIn (bedID, plantID, percentage, staffID) VALUES (274, 212, 2, 11);
INSERT INTO PlantedIn (bedID, plantID, percentage, staffID) VALUES (66, 2673, 3, 130);
INSERT INTO PlantedIn (bedID, plantID, percentage, staffID) VALUES (240, 1466, 3, 148);
INSERT INTO PlantedIn (bedID, plantID, percentage, staffID) VALUES (254, 990, 2, 147);
INSERT INTO PlantedIn (bedID, plantID, percentage, staffID) VALUES (392, 1622, 3, 187);
INSERT INTO PlantedIn (bedID, plantID, percentage, staffID) VALUES (424, 3020, 2, 1);
INSERT INTO PlantedIn (bedID, plantID, percentage, staffID) VALUES (401, 3611, 3, 87);
INSERT INTO PlantedIn (bedID, plantID, percentage, staffID) VALUES (237, 1177, 1, 47);
INSERT INTO PlantedIn (bedID, plantID, percentage, staffID) VALUES (170, 1076, 2, 73);
INSERT INTO PlantedIn (bedID, plantID, percentage, staffID) VALUES (459, 3823, 2, 19);
INSERT INTO PlantedIn (bedID, plantID, percentage, staffID) VALUES (175, 3143, 4, 8);
INSERT INTO PlantedIn (bedID, plantID, percentage, staffID) VALUES (82, 1104, 1, 113);
INSERT INTO PlantedIn (bedID, plantID, percentage, staffID) VALUES (32, 2136, 4, 112);
INSERT INTO PlantedIn (bedID, plantID, percentage, staffID) VALUES (231, 3754, 4, 100);
INSERT INTO PlantedIn (bedID, plantID, percentage, staffID) VALUES (131, 2770, 3, 13);
INSERT INTO PlantedIn (bedID, plantID, percentage, staffID) VALUES (471, 1613, 4, 27);
INSERT INTO PlantedIn (bedID, plantID, percentage, staffID) VALUES (193, 865, 4, 90);
INSERT INTO PlantedIn (bedID, plantID, percentage, staffID) VALUES (18, 1848, 1, 139);
INSERT INTO PlantedIn (bedID, plantID, percentage, staffID) VALUES (110, 206, 2, 1);
INSERT INTO PlantedIn (bedID, plantID, percentage, staffID) VALUES (161, 2131, 2, 97);
INSERT INTO PlantedIn (bedID, plantID, percentage, staffID) VALUES (50, 73, 3, 65);
INSERT INTO PlantedIn (bedID, plantID, percentage, staffID) VALUES (469, 3116, 2, 118);
INSERT INTO PlantedIn (bedID, plantID, percentage, staffID) VALUES (248, 2474, 3, 184);
INSERT INTO PlantedIn (bedID, plantID, percentage, staffID) VALUES (28, 124, 2, 99);
INSERT INTO PlantedIn (bedID, plantID, percentage, staffID) VALUES (121, 3566, 2, 49);
INSERT INTO PlantedIn (bedID, plantID, percentage, staffID) VALUES (190, 3551, 3, 82);
INSERT INTO PlantedIn (bedID, plantID, percentage, staffID) VALUES (460, 1547, 2, 8);
INSERT INTO PlantedIn (bedID, plantID, percentage, staffID) VALUES (450, 1967, 1, 146);
INSERT INTO PlantedIn (bedID, plantID, percentage, staffID) VALUES (250, 130, 3, 132);
INSERT INTO PlantedIn (bedID, plantID, percentage, staffID) VALUES (398, 857, 2, 160);
INSERT INTO PlantedIn (bedID, plantID, percentage, staffID) VALUES (408, 2640, 4, 180);
INSERT INTO PlantedIn (bedID, plantID, percentage, staffID) VALUES (339, 1400, 4, 79);
INSERT INTO PlantedIn (bedID, plantID, percentage, staffID) VALUES (135, 2404, 3, 54);
INSERT INTO PlantedIn (bedID, plantID, percentage, staffID) VALUES (256, 2558, 3, 65);
INSERT INTO PlantedIn (bedID, plantID, percentage, staffID) VALUES (30, 1368, 1, 168);
INSERT INTO PlantedIn (bedID, plantID, percentage, staffID) VALUES (409, 2081, 2, 14);
INSERT INTO PlantedIn (bedID, plantID, percentage, staffID) VALUES (271, 2758, 2, 186);
INSERT INTO PlantedIn (bedID, plantID, percentage, staffID) VALUES (443, 2669, 4, 158);
INSERT INTO PlantedIn (bedID, plantID, percentage, staffID) VALUES (177, 2530, 1, 147);
INSERT INTO PlantedIn (bedID, plantID, percentage, staffID) VALUES (8, 384, 2, 13);
INSERT INTO PlantedIn (bedID, plantID, percentage, staffID) VALUES (466, 1171, 1, 158);
INSERT INTO PlantedIn (bedID, plantID, percentage, staffID) VALUES (311, 2306, 3, 13);
INSERT INTO PlantedIn (bedID, plantID, percentage, staffID) VALUES (64, 492, 3, 186);
INSERT INTO PlantedIn (bedID, plantID, percentage, staffID) VALUES (398, 3159, 4, 25);
INSERT INTO PlantedIn (bedID, plantID, percentage, staffID) VALUES (241, 3452, 4, 117);
INSERT INTO PlantedIn (bedID, plantID, percentage, staffID) VALUES (184, 110, 1, 177);
INSERT INTO PlantedIn (bedID, plantID, percentage, staffID) VALUES (166, 3288, 2, 76);
INSERT INTO PlantedIn (bedID, plantID, percentage, staffID) VALUES (73, 557, 4, 78);
INSERT INTO PlantedIn (bedID, plantID, percentage, staffID) VALUES (351, 1702, 4, 68);
INSERT INTO PlantedIn (bedID, plantID, percentage, staffID) VALUES (269, 924, 2, 119);
INSERT INTO PlantedIn (bedID, plantID, percentage, staffID) VALUES (27, 2710, 3, 38);
INSERT INTO PlantedIn (bedID, plantID, percentage, staffID) VALUES (281, 2924, 1, 91);
INSERT INTO PlantedIn (bedID, plantID, percentage, staffID) VALUES (22, 1599, 2, 144);
INSERT INTO PlantedIn (bedID, plantID, percentage, staffID) VALUES (209, 2202, 4, 111);
INSERT INTO PlantedIn (bedID, plantID, percentage, staffID) VALUES (199, 3526, 3, 27);
INSERT INTO PlantedIn (bedID, plantID, percentage, staffID) VALUES (27, 1967, 4, 79);
INSERT INTO PlantedIn (bedID, plantID, percentage, staffID) VALUES (449, 2759, 3, 138);
INSERT INTO PlantedIn (bedID, plantID, percentage, staffID) VALUES (451, 984, 1, 189);
INSERT INTO PlantedIn (bedID, plantID, percentage, staffID) VALUES (452, 421, 3, 117);
INSERT INTO PlantedIn (bedID, plantID, percentage, staffID) VALUES (410, 65, 4, 141);
INSERT INTO PlantedIn (bedID, plantID, percentage, staffID) VALUES (204, 1530, 4, 71);
INSERT INTO PlantedIn (bedID, plantID, percentage, staffID) VALUES (457, 3422, 2, 136);
INSERT INTO PlantedIn (bedID, plantID, percentage, staffID) VALUES (143, 1328, 2, 133);
INSERT INTO PlantedIn (bedID, plantID, percentage, staffID) VALUES (274, 2675, 3, 4);
INSERT INTO PlantedIn (bedID, plantID, percentage, staffID) VALUES (379, 2285, 3, 17);
INSERT INTO PlantedIn (bedID, plantID, percentage, staffID) VALUES (288, 2989, 1, 118);
INSERT INTO PlantedIn (bedID, plantID, percentage, staffID) VALUES (80, 3555, 1, 186);
INSERT INTO PlantedIn (bedID, plantID, percentage, staffID) VALUES (381, 2223, 3, 107);
INSERT INTO PlantedIn (bedID, plantID, percentage, staffID) VALUES (174, 1853, 3, 94);
INSERT INTO PlantedIn (bedID, plantID, percentage, staffID) VALUES (390, 412, 4, 188);
INSERT INTO PlantedIn (bedID, plantID, percentage, staffID) VALUES (204, 2654, 1, 182);
INSERT INTO PlantedIn (bedID, plantID, percentage, staffID) VALUES (180, 3511, 1, 111);
INSERT INTO PlantedIn (bedID, plantID, percentage, staffID) VALUES (237, 2404, 1, 173);
INSERT INTO PlantedIn (bedID, plantID, percentage, staffID) VALUES (187, 1627, 3, 30);
INSERT INTO PlantedIn (bedID, plantID, percentage, staffID) VALUES (162, 215, 1, 143);
INSERT INTO PlantedIn (bedID, plantID, percentage, staffID) VALUES (299, 842, 4, 153);
INSERT INTO PlantedIn (bedID, plantID, percentage, staffID) VALUES (330, 788, 3, 137);
INSERT INTO PlantedIn (bedID, plantID, percentage, staffID) VALUES (147, 2267, 3, 82);
INSERT INTO PlantedIn (bedID, plantID, percentage, staffID) VALUES (130, 1121, 3, 153);
INSERT INTO PlantedIn (bedID, plantID, percentage, staffID) VALUES (94, 1105, 3, 170);
INSERT INTO PlantedIn (bedID, plantID, percentage, staffID) VALUES (430, 2610, 2, 165);
INSERT INTO PlantedIn (bedID, plantID, percentage, staffID) VALUES (46, 3671, 2, 177);
INSERT INTO PlantedIn (bedID, plantID, percentage, staffID) VALUES (3, 2181, 3, 119);
INSERT INTO PlantedIn (bedID, plantID, percentage, staffID) VALUES (370, 1275, 2, 130);
INSERT INTO PlantedIn (bedID, plantID, percentage, staffID) VALUES (420, 1544, 1, 120);
INSERT INTO PlantedIn (bedID, plantID, percentage, staffID) VALUES (326, 1276, 4, 166);
INSERT INTO PlantedIn (bedID, plantID, percentage, staffID) VALUES (292, 2481, 3, 120);
INSERT INTO PlantedIn (bedID, plantID, percentage, staffID) VALUES (150, 1505, 2, 169);
INSERT INTO PlantedIn (bedID, plantID, percentage, staffID) VALUES (161, 2675, 2, 174);
INSERT INTO PlantedIn (bedID, plantID, percentage, staffID) VALUES (361, 2372, 2, 106);
INSERT INTO PlantedIn (bedID, plantID, percentage, staffID) VALUES (433, 1998, 4, 29);
INSERT INTO PlantedIn (bedID, plantID, percentage, staffID) VALUES (197, 298, 3, 40);
INSERT INTO PlantedIn (bedID, plantID, percentage, staffID) VALUES (221, 69, 4, 30);
INSERT INTO PlantedIn (bedID, plantID, percentage, staffID) VALUES (336, 3845, 4, 31);
INSERT INTO PlantedIn (bedID, plantID, percentage, staffID) VALUES (202, 500, 1, 1);
INSERT INTO PlantedIn (bedID, plantID, percentage, staffID) VALUES (352, 2019, 3, 99);
INSERT INTO PlantedIn (bedID, plantID, percentage, staffID) VALUES (19, 2404, 4, 94);
INSERT INTO PlantedIn (bedID, plantID, percentage, staffID) VALUES (164, 1624, 2, 115);
INSERT INTO PlantedIn (bedID, plantID, percentage, staffID) VALUES (92, 204, 3, 14);
INSERT INTO PlantedIn (bedID, plantID, percentage, staffID) VALUES (62, 998, 3, 70);
INSERT INTO PlantedIn (bedID, plantID, percentage, staffID) VALUES (131, 1873, 4, 82);
INSERT INTO PlantedIn (bedID, plantID, percentage, staffID) VALUES (322, 3698, 2, 20);
INSERT INTO PlantedIn (bedID, plantID, percentage, staffID) VALUES (227, 2227, 3, 17);
INSERT INTO PlantedIn (bedID, plantID, percentage, staffID) VALUES (94, 2081, 3, 97);
INSERT INTO PlantedIn (bedID, plantID, percentage, staffID) VALUES (454, 130, 1, 192);
INSERT INTO PlantedIn (bedID, plantID, percentage, staffID) VALUES (41, 26, 1, 155);
INSERT INTO PlantedIn (bedID, plantID, percentage, staffID) VALUES (126, 382, 3, 166);
INSERT INTO PlantedIn (bedID, plantID, percentage, staffID) VALUES (276, 823, 1, 108);
INSERT INTO PlantedIn (bedID, plantID, percentage, staffID) VALUES (206, 237, 4, 177);
INSERT INTO PlantedIn (bedID, plantID, percentage, staffID) VALUES (302, 3654, 4, 89);
INSERT INTO PlantedIn (bedID, plantID, percentage, staffID) VALUES (229, 3500, 2, 78);
INSERT INTO PlantedIn (bedID, plantID, percentage, staffID) VALUES (445, 1233, 1, 121);
INSERT INTO PlantedIn (bedID, plantID, percentage, staffID) VALUES (154, 1361, 3, 50);
INSERT INTO PlantedIn (bedID, plantID, percentage, staffID) VALUES (214, 202, 1, 27);
INSERT INTO PlantedIn (bedID, plantID, percentage, staffID) VALUES (126, 2541, 1, 20);
INSERT INTO PlantedIn (bedID, plantID, percentage, staffID) VALUES (65, 249, 3, 97);
INSERT INTO PlantedIn (bedID, plantID, percentage, staffID) VALUES (60, 1303, 4, 100);
INSERT INTO PlantedIn (bedID, plantID, percentage, staffID) VALUES (134, 3547, 4, 123);
INSERT INTO PlantedIn (bedID, plantID, percentage, staffID) VALUES (390, 3777, 4, 43);
INSERT INTO PlantedIn (bedID, plantID, percentage, staffID) VALUES (140, 3094, 3, 161);
INSERT INTO PlantedIn (bedID, plantID, percentage, staffID) VALUES (73, 107, 3, 44);
INSERT INTO PlantedIn (bedID, plantID, percentage, staffID) VALUES (38, 1323, 2, 130);
INSERT INTO PlantedIn (bedID, plantID, percentage, staffID) VALUES (473, 2834, 1, 77);
INSERT INTO PlantedIn (bedID, plantID, percentage, staffID) VALUES (378, 3264, 4, 145);
INSERT INTO PlantedIn (bedID, plantID, percentage, staffID) VALUES (86, 740, 2, 140);
INSERT INTO PlantedIn (bedID, plantID, percentage, staffID) VALUES (52, 1101, 4, 47);
INSERT INTO PlantedIn (bedID, plantID, percentage, staffID) VALUES (124, 1688, 3, 142);
INSERT INTO PlantedIn (bedID, plantID, percentage, staffID) VALUES (113, 1858, 2, 37);
INSERT INTO PlantedIn (bedID, plantID, percentage, staffID) VALUES (347, 2432, 3, 191);
INSERT INTO PlantedIn (bedID, plantID, percentage, staffID) VALUES (172, 1180, 1, 177);
INSERT INTO PlantedIn (bedID, plantID, percentage, staffID) VALUES (71, 2215, 2, 17);
INSERT INTO PlantedIn (bedID, plantID, percentage, staffID) VALUES (362, 2973, 4, 163);
INSERT INTO PlantedIn (bedID, plantID, percentage, staffID) VALUES (26, 92, 2, 165);
INSERT INTO PlantedIn (bedID, plantID, percentage, staffID) VALUES (218, 1929, 3, 179);
INSERT INTO PlantedIn (bedID, plantID, percentage, staffID) VALUES (464, 204, 2, 18);
INSERT INTO PlantedIn (bedID, plantID, percentage, staffID) VALUES (210, 304, 1, 16);
INSERT INTO PlantedIn (bedID, plantID, percentage, staffID) VALUES (335, 29, 1, 186);
INSERT INTO PlantedIn (bedID, plantID, percentage, staffID) VALUES (148, 2994, 2, 47);
INSERT INTO PlantedIn (bedID, plantID, percentage, staffID) VALUES (165, 1210, 1, 162);
INSERT INTO PlantedIn (bedID, plantID, percentage, staffID) VALUES (290, 3056, 1, 93);
INSERT INTO PlantedIn (bedID, plantID, percentage, staffID) VALUES (137, 1256, 2, 157);
INSERT INTO PlantedIn (bedID, plantID, percentage, staffID) VALUES (179, 3304, 4, 155);
INSERT INTO PlantedIn (bedID, plantID, percentage, staffID) VALUES (397, 3493, 1, 146);
INSERT INTO PlantedIn (bedID, plantID, percentage, staffID) VALUES (321, 3639, 1, 126);
INSERT INTO PlantedIn (bedID, plantID, percentage, staffID) VALUES (121, 1572, 2, 29);
INSERT INTO PlantedIn (bedID, plantID, percentage, staffID) VALUES (471, 474, 3, 97);
INSERT INTO PlantedIn (bedID, plantID, percentage, staffID) VALUES (432, 3569, 1, 138);
INSERT INTO PlantedIn (bedID, plantID, percentage, staffID) VALUES (118, 1720, 3, 97);
INSERT INTO PlantedIn (bedID, plantID, percentage, staffID) VALUES (142, 880, 1, 92);
INSERT INTO PlantedIn (bedID, plantID, percentage, staffID) VALUES (28, 1710, 4, 179);
INSERT INTO PlantedIn (bedID, plantID, percentage, staffID) VALUES (164, 2264, 1, 10);
INSERT INTO PlantedIn (bedID, plantID, percentage, staffID) VALUES (250, 2560, 4, 11);
INSERT INTO PlantedIn (bedID, plantID, percentage, staffID) VALUES (147, 2279, 1, 137);
INSERT INTO PlantedIn (bedID, plantID, percentage, staffID) VALUES (243, 1331, 4, 87);
INSERT INTO PlantedIn (bedID, plantID, percentage, staffID) VALUES (374, 3465, 1, 79);
INSERT INTO PlantedIn (bedID, plantID, percentage, staffID) VALUES (59, 3220, 1, 66);
INSERT INTO PlantedIn (bedID, plantID, percentage, staffID) VALUES (131, 757, 3, 17);
INSERT INTO PlantedIn (bedID, plantID, percentage, staffID) VALUES (370, 499, 2, 132);
INSERT INTO PlantedIn (bedID, plantID, percentage, staffID) VALUES (375, 2689, 4, 19);
INSERT INTO PlantedIn (bedID, plantID, percentage, staffID) VALUES (418, 801, 1, 189);
INSERT INTO PlantedIn (bedID, plantID, percentage, staffID) VALUES (377, 2282, 2, 85);
INSERT INTO PlantedIn (bedID, plantID, percentage, staffID) VALUES (443, 3248, 3, 15);
INSERT INTO PlantedIn (bedID, plantID, percentage, staffID) VALUES (349, 1769, 4, 166);
INSERT INTO PlantedIn (bedID, plantID, percentage, staffID) VALUES (138, 519, 3, 9);
INSERT INTO PlantedIn (bedID, plantID, percentage, staffID) VALUES (157, 478, 1, 39);
INSERT INTO PlantedIn (bedID, plantID, percentage, staffID) VALUES (120, 3222, 1, 86);
INSERT INTO PlantedIn (bedID, plantID, percentage, staffID) VALUES (251, 1968, 2, 185);
INSERT INTO PlantedIn (bedID, plantID, percentage, staffID) VALUES (339, 3195, 3, 124);
INSERT INTO PlantedIn (bedID, plantID, percentage, staffID) VALUES (198, 74, 2, 168);
INSERT INTO PlantedIn (bedID, plantID, percentage, staffID) VALUES (407, 3452, 3, 16);
INSERT INTO PlantedIn (bedID, plantID, percentage, staffID) VALUES (166, 3431, 3, 94);
INSERT INTO PlantedIn (bedID, plantID, percentage, staffID) VALUES (11, 1931, 2, 43);
INSERT INTO PlantedIn (bedID, plantID, percentage, staffID) VALUES (295, 1527, 4, 95);
INSERT INTO PlantedIn (bedID, plantID, percentage, staffID) VALUES (109, 3412, 4, 188);
INSERT INTO PlantedIn (bedID, plantID, percentage, staffID) VALUES (186, 3184, 1, 35);
INSERT INTO PlantedIn (bedID, plantID, percentage, staffID) VALUES (308, 2989, 1, 127);
INSERT INTO PlantedIn (bedID, plantID, percentage, staffID) VALUES (375, 1713, 3, 86);
INSERT INTO PlantedIn (bedID, plantID, percentage, staffID) VALUES (159, 1908, 3, 51);
INSERT INTO PlantedIn (bedID, plantID, percentage, staffID) VALUES (181, 2719, 2, 67);
INSERT INTO PlantedIn (bedID, plantID, percentage, staffID) VALUES (96, 2070, 4, 154);
INSERT INTO PlantedIn (bedID, plantID, percentage, staffID) VALUES (441, 841, 1, 144);
INSERT INTO PlantedIn (bedID, plantID, percentage, staffID) VALUES (48, 2402, 2, 187);
INSERT INTO PlantedIn (bedID, plantID, percentage, staffID) VALUES (211, 331, 1, 123);
INSERT INTO PlantedIn (bedID, plantID, percentage, staffID) VALUES (314, 2242, 4, 62);
INSERT INTO PlantedIn (bedID, plantID, percentage, staffID) VALUES (35, 2125, 2, 140);
INSERT INTO PlantedIn (bedID, plantID, percentage, staffID) VALUES (120, 55, 2, 175);
INSERT INTO PlantedIn (bedID, plantID, percentage, staffID) VALUES (260, 2364, 2, 58);
INSERT INTO PlantedIn (bedID, plantID, percentage, staffID) VALUES (393, 3800, 4, 131);
INSERT INTO PlantedIn (bedID, plantID, percentage, staffID) VALUES (286, 2147, 1, 86);
INSERT INTO PlantedIn (bedID, plantID, percentage, staffID) VALUES (304, 79, 2, 30);
INSERT INTO PlantedIn (bedID, plantID, percentage, staffID) VALUES (114, 1183, 4, 31);
INSERT INTO PlantedIn (bedID, plantID, percentage, staffID) VALUES (420, 1751, 4, 185);
INSERT INTO PlantedIn (bedID, plantID, percentage, staffID) VALUES (2, 2277, 2, 85);
INSERT INTO PlantedIn (bedID, plantID, percentage, staffID) VALUES (286, 1048, 1, 146);
INSERT INTO PlantedIn (bedID, plantID, percentage, staffID) VALUES (418, 3836, 3, 130);
INSERT INTO PlantedIn (bedID, plantID, percentage, staffID) VALUES (462, 1050, 3, 131);
INSERT INTO PlantedIn (bedID, plantID, percentage, staffID) VALUES (392, 238, 2, 129);
INSERT INTO PlantedIn (bedID, plantID, percentage, staffID) VALUES (38, 455, 4, 47);
INSERT INTO PlantedIn (bedID, plantID, percentage, staffID) VALUES (270, 500, 3, 189);
INSERT INTO PlantedIn (bedID, plantID, percentage, staffID) VALUES (340, 1310, 2, 169);
INSERT INTO PlantedIn (bedID, plantID, percentage, staffID) VALUES (289, 2084, 2, 97);
INSERT INTO PlantedIn (bedID, plantID, percentage, staffID) VALUES (252, 414, 3, 42);
INSERT INTO PlantedIn (bedID, plantID, percentage, staffID) VALUES (180, 3266, 1, 18);
INSERT INTO PlantedIn (bedID, plantID, percentage, staffID) VALUES (429, 2768, 4, 138);
INSERT INTO PlantedIn (bedID, plantID, percentage, staffID) VALUES (232, 2475, 3, 64);
INSERT INTO PlantedIn (bedID, plantID, percentage, staffID) VALUES (359, 2077, 2, 110);
INSERT INTO PlantedIn (bedID, plantID, percentage, staffID) VALUES (316, 1779, 2, 184);
INSERT INTO PlantedIn (bedID, plantID, percentage, staffID) VALUES (379, 2820, 2, 145);
INSERT INTO PlantedIn (bedID, plantID, percentage, staffID) VALUES (128, 699, 4, 184);
INSERT INTO PlantedIn (bedID, plantID, percentage, staffID) VALUES (137, 410, 3, 63);
INSERT INTO PlantedIn (bedID, plantID, percentage, staffID) VALUES (450, 1523, 4, 178);
INSERT INTO PlantedIn (bedID, plantID, percentage, staffID) VALUES (53, 2108, 3, 173);
INSERT INTO PlantedIn (bedID, plantID, percentage, staffID) VALUES (88, 607, 4, 35);
INSERT INTO PlantedIn (bedID, plantID, percentage, staffID) VALUES (329, 2723, 2, 56);
INSERT INTO PlantedIn (bedID, plantID, percentage, staffID) VALUES (78, 668, 4, 153);
INSERT INTO PlantedIn (bedID, plantID, percentage, staffID) VALUES (427, 1747, 1, 77);
INSERT INTO PlantedIn (bedID, plantID, percentage, staffID) VALUES (180, 1075, 2, 120);
INSERT INTO PlantedIn (bedID, plantID, percentage, staffID) VALUES (318, 1777, 4, 39);
INSERT INTO PlantedIn (bedID, plantID, percentage, staffID) VALUES (3, 133, 1, 78);
INSERT INTO PlantedIn (bedID, plantID, percentage, staffID) VALUES (91, 2129, 4, 28);
INSERT INTO PlantedIn (bedID, plantID, percentage, staffID) VALUES (121, 1569, 2, 51);
INSERT INTO PlantedIn (bedID, plantID, percentage, staffID) VALUES (274, 3831, 2, 79);
INSERT INTO PlantedIn (bedID, plantID, percentage, staffID) VALUES (210, 2924, 1, 133);
INSERT INTO PlantedIn (bedID, plantID, percentage, staffID) VALUES (426, 2257, 3, 152);
INSERT INTO PlantedIn (bedID, plantID, percentage, staffID) VALUES (21, 3598, 1, 73);
INSERT INTO PlantedIn (bedID, plantID, percentage, staffID) VALUES (457, 2844, 1, 49);
INSERT INTO PlantedIn (bedID, plantID, percentage, staffID) VALUES (136, 1442, 3, 9);
INSERT INTO PlantedIn (bedID, plantID, percentage, staffID) VALUES (132, 1332, 3, 171);
INSERT INTO PlantedIn (bedID, plantID, percentage, staffID) VALUES (48, 1893, 1, 163);
INSERT INTO PlantedIn (bedID, plantID, percentage, staffID) VALUES (54, 3069, 1, 111);
INSERT INTO PlantedIn (bedID, plantID, percentage, staffID) VALUES (179, 1103, 2, 120);
INSERT INTO PlantedIn (bedID, plantID, percentage, staffID) VALUES (103, 3628, 1, 96);
INSERT INTO PlantedIn (bedID, plantID, percentage, staffID) VALUES (319, 2740, 4, 69);
INSERT INTO PlantedIn (bedID, plantID, percentage, staffID) VALUES (39, 1468, 4, 103);
INSERT INTO PlantedIn (bedID, plantID, percentage, staffID) VALUES (316, 1791, 4, 45);
INSERT INTO PlantedIn (bedID, plantID, percentage, staffID) VALUES (383, 218, 4, 137);
INSERT INTO PlantedIn (bedID, plantID, percentage, staffID) VALUES (259, 1797, 3, 9);
INSERT INTO PlantedIn (bedID, plantID, percentage, staffID) VALUES (123, 2255, 3, 137);
INSERT INTO PlantedIn (bedID, plantID, percentage, staffID) VALUES (411, 987, 1, 12);
INSERT INTO PlantedIn (bedID, plantID, percentage, staffID) VALUES (92, 2040, 4, 55);
INSERT INTO PlantedIn (bedID, plantID, percentage, staffID) VALUES (112, 2336, 2, 170);
INSERT INTO PlantedIn (bedID, plantID, percentage, staffID) VALUES (466, 1279, 3, 37);
INSERT INTO PlantedIn (bedID, plantID, percentage, staffID) VALUES (376, 1534, 3, 122);
INSERT INTO PlantedIn (bedID, plantID, percentage, staffID) VALUES (215, 1021, 4, 105);
INSERT INTO PlantedIn (bedID, plantID, percentage, staffID) VALUES (345, 2129, 4, 135);
INSERT INTO PlantedIn (bedID, plantID, percentage, staffID) VALUES (64, 1267, 1, 128);
INSERT INTO PlantedIn (bedID, plantID, percentage, staffID) VALUES (276, 2639, 4, 18);
INSERT INTO PlantedIn (bedID, plantID, percentage, staffID) VALUES (100, 1368, 2, 132);
INSERT INTO PlantedIn (bedID, plantID, percentage, staffID) VALUES (454, 1830, 4, 157);
INSERT INTO PlantedIn (bedID, plantID, percentage, staffID) VALUES (381, 3649, 3, 121);
INSERT INTO PlantedIn (bedID, plantID, percentage, staffID) VALUES (162, 733, 4, 41);
INSERT INTO PlantedIn (bedID, plantID, percentage, staffID) VALUES (215, 2745, 1, 162);
INSERT INTO PlantedIn (bedID, plantID, percentage, staffID) VALUES (124, 1740, 2, 35);
INSERT INTO PlantedIn (bedID, plantID, percentage, staffID) VALUES (368, 3071, 2, 82);
INSERT INTO PlantedIn (bedID, plantID, percentage, staffID) VALUES (226, 1874, 3, 29);
INSERT INTO PlantedIn (bedID, plantID, percentage, staffID) VALUES (397, 3023, 4, 28);
INSERT INTO PlantedIn (bedID, plantID, percentage, staffID) VALUES (121, 3477, 1, 151);
INSERT INTO PlantedIn (bedID, plantID, percentage, staffID) VALUES (399, 1281, 1, 135);
INSERT INTO PlantedIn (bedID, plantID, percentage, staffID) VALUES (105, 1265, 4, 46);
INSERT INTO PlantedIn (bedID, plantID, percentage, staffID) VALUES (58, 2396, 3, 74);
INSERT INTO PlantedIn (bedID, plantID, percentage, staffID) VALUES (50, 1921, 4, 59);
INSERT INTO PlantedIn (bedID, plantID, percentage, staffID) VALUES (132, 1626, 3, 151);
INSERT INTO PlantedIn (bedID, plantID, percentage, staffID) VALUES (152, 1848, 1, 122);
INSERT INTO PlantedIn (bedID, plantID, percentage, staffID) VALUES (383, 972, 2, 71);
INSERT INTO PlantedIn (bedID, plantID, percentage, staffID) VALUES (52, 1259, 3, 63);
INSERT INTO PlantedIn (bedID, plantID, percentage, staffID) VALUES (46, 1787, 2, 103);
INSERT INTO PlantedIn (bedID, plantID, percentage, staffID) VALUES (374, 2809, 4, 65);
INSERT INTO PlantedIn (bedID, plantID, percentage, staffID) VALUES (164, 2615, 2, 105);
INSERT INTO PlantedIn (bedID, plantID, percentage, staffID) VALUES (83, 3079, 2, 81);
INSERT INTO PlantedIn (bedID, plantID, percentage, staffID) VALUES (290, 2243, 2, 143);
INSERT INTO PlantedIn (bedID, plantID, percentage, staffID) VALUES (394, 187, 4, 154);
INSERT INTO PlantedIn (bedID, plantID, percentage, staffID) VALUES (177, 220, 2, 126);
INSERT INTO PlantedIn (bedID, plantID, percentage, staffID) VALUES (246, 465, 2, 161);
INSERT INTO PlantedIn (bedID, plantID, percentage, staffID) VALUES (401, 407, 1, 45);
INSERT INTO PlantedIn (bedID, plantID, percentage, staffID) VALUES (370, 2822, 4, 132);
INSERT INTO PlantedIn (bedID, plantID, percentage, staffID) VALUES (250, 149, 3, 84);
INSERT INTO PlantedIn (bedID, plantID, percentage, staffID) VALUES (82, 1525, 4, 58);
INSERT INTO PlantedIn (bedID, plantID, percentage, staffID) VALUES (462, 3796, 4, 42);
INSERT INTO PlantedIn (bedID, plantID, percentage, staffID) VALUES (15, 3697, 2, 153);
INSERT INTO PlantedIn (bedID, plantID, percentage, staffID) VALUES (7, 1403, 3, 179);
INSERT INTO PlantedIn (bedID, plantID, percentage, staffID) VALUES (229, 2562, 2, 172);
INSERT INTO PlantedIn (bedID, plantID, percentage, staffID) VALUES (364, 235, 3, 107);
INSERT INTO PlantedIn (bedID, plantID, percentage, staffID) VALUES (375, 648, 2, 104);
INSERT INTO PlantedIn (bedID, plantID, percentage, staffID) VALUES (98, 3530, 2, 13);
INSERT INTO PlantedIn (bedID, plantID, percentage, staffID) VALUES (146, 1325, 2, 34);
INSERT INTO PlantedIn (bedID, plantID, percentage, staffID) VALUES (154, 1419, 2, 19);
INSERT INTO PlantedIn (bedID, plantID, percentage, staffID) VALUES (153, 3228, 2, 155);
INSERT INTO PlantedIn (bedID, plantID, percentage, staffID) VALUES (94, 2448, 3, 178);
INSERT INTO PlantedIn (bedID, plantID, percentage, staffID) VALUES (141, 2744, 1, 3);
INSERT INTO PlantedIn (bedID, plantID, percentage, staffID) VALUES (365, 2064, 3, 126);
INSERT INTO PlantedIn (bedID, plantID, percentage, staffID) VALUES (332, 464, 4, 180);
INSERT INTO PlantedIn (bedID, plantID, percentage, staffID) VALUES (16, 3635, 2, 59);
INSERT INTO PlantedIn (bedID, plantID, percentage, staffID) VALUES (134, 1732, 3, 128);
INSERT INTO PlantedIn (bedID, plantID, percentage, staffID) VALUES (259, 2788, 3, 97);
INSERT INTO PlantedIn (bedID, plantID, percentage, staffID) VALUES (168, 1330, 3, 87);
INSERT INTO PlantedIn (bedID, plantID, percentage, staffID) VALUES (26, 1682, 4, 146);
INSERT INTO PlantedIn (bedID, plantID, percentage, staffID) VALUES (459, 1274, 3, 79);
INSERT INTO PlantedIn (bedID, plantID, percentage, staffID) VALUES (213, 1023, 2, 118);
INSERT INTO PlantedIn (bedID, plantID, percentage, staffID) VALUES (97, 3339, 2, 168);
INSERT INTO PlantedIn (bedID, plantID, percentage, staffID) VALUES (148, 1722, 1, 20);
INSERT INTO PlantedIn (bedID, plantID, percentage, staffID) VALUES (74, 225, 3, 55);
INSERT INTO PlantedIn (bedID, plantID, percentage, staffID) VALUES (369, 2861, 1, 91);
INSERT INTO PlantedIn (bedID, plantID, percentage, staffID) VALUES (40, 3364, 1, 161);
INSERT INTO PlantedIn (bedID, plantID, percentage, staffID) VALUES (393, 1346, 2, 193);
INSERT INTO PlantedIn (bedID, plantID, percentage, staffID) VALUES (290, 2020, 4, 156);
INSERT INTO PlantedIn (bedID, plantID, percentage, staffID) VALUES (183, 2256, 3, 63);
INSERT INTO PlantedIn (bedID, plantID, percentage, staffID) VALUES (14, 1550, 1, 169);
INSERT INTO PlantedIn (bedID, plantID, percentage, staffID) VALUES (218, 349, 1, 182);
INSERT INTO PlantedIn (bedID, plantID, percentage, staffID) VALUES (393, 1288, 4, 76);
INSERT INTO PlantedIn (bedID, plantID, percentage, staffID) VALUES (97, 607, 3, 11);
INSERT INTO PlantedIn (bedID, plantID, percentage, staffID) VALUES (311, 58, 2, 160);
INSERT INTO PlantedIn (bedID, plantID, percentage, staffID) VALUES (172, 2813, 4, 156);
INSERT INTO PlantedIn (bedID, plantID, percentage, staffID) VALUES (119, 2030, 3, 162);
INSERT INTO PlantedIn (bedID, plantID, percentage, staffID) VALUES (52, 381, 1, 69);
INSERT INTO PlantedIn (bedID, plantID, percentage, staffID) VALUES (237, 619, 4, 66);
INSERT INTO PlantedIn (bedID, plantID, percentage, staffID) VALUES (119, 812, 1, 41);
INSERT INTO PlantedIn (bedID, plantID, percentage, staffID) VALUES (344, 187, 2, 53);
INSERT INTO PlantedIn (bedID, plantID, percentage, staffID) VALUES (30, 149, 2, 178);
INSERT INTO PlantedIn (bedID, plantID, percentage, staffID) VALUES (363, 2445, 1, 82);
INSERT INTO PlantedIn (bedID, plantID, percentage, staffID) VALUES (75, 753, 2, 134);
INSERT INTO PlantedIn (bedID, plantID, percentage, staffID) VALUES (139, 3819, 4, 83);
INSERT INTO PlantedIn (bedID, plantID, percentage, staffID) VALUES (70, 2808, 2, 154);
INSERT INTO PlantedIn (bedID, plantID, percentage, staffID) VALUES (443, 3663, 2, 98);
INSERT INTO PlantedIn (bedID, plantID, percentage, staffID) VALUES (245, 1834, 1, 47);
INSERT INTO PlantedIn (bedID, plantID, percentage, staffID) VALUES (248, 1860, 3, 128);
INSERT INTO PlantedIn (bedID, plantID, percentage, staffID) VALUES (246, 1904, 2, 3);
INSERT INTO PlantedIn (bedID, plantID, percentage, staffID) VALUES (60, 1598, 2, 62);
INSERT INTO PlantedIn (bedID, plantID, percentage, staffID) VALUES (288, 3691, 4, 113);
INSERT INTO PlantedIn (bedID, plantID, percentage, staffID) VALUES (446, 3684, 1, 142);
INSERT INTO PlantedIn (bedID, plantID, percentage, staffID) VALUES (322, 1719, 3, 100);
INSERT INTO PlantedIn (bedID, plantID, percentage, staffID) VALUES (186, 3742, 4, 20);
INSERT INTO PlantedIn (bedID, plantID, percentage, staffID) VALUES (210, 1241, 4, 31);
INSERT INTO PlantedIn (bedID, plantID, percentage, staffID) VALUES (380, 2995, 2, 113);
INSERT INTO PlantedIn (bedID, plantID, percentage, staffID) VALUES (127, 2175, 2, 124);
INSERT INTO PlantedIn (bedID, plantID, percentage, staffID) VALUES (462, 3514, 3, 138);
INSERT INTO PlantedIn (bedID, plantID, percentage, staffID) VALUES (409, 867, 4, 100);
INSERT INTO PlantedIn (bedID, plantID, percentage, staffID) VALUES (84, 692, 4, 184);
INSERT INTO PlantedIn (bedID, plantID, percentage, staffID) VALUES (295, 1493, 1, 97);
INSERT INTO PlantedIn (bedID, plantID, percentage, staffID) VALUES (168, 2194, 4, 189);
INSERT INTO PlantedIn (bedID, plantID, percentage, staffID) VALUES (421, 289, 3, 156);
INSERT INTO PlantedIn (bedID, plantID, percentage, staffID) VALUES (402, 1207, 1, 3);
INSERT INTO PlantedIn (bedID, plantID, percentage, staffID) VALUES (414, 2394, 4, 104);
INSERT INTO PlantedIn (bedID, plantID, percentage, staffID) VALUES (250, 713, 2, 89);
INSERT INTO PlantedIn (bedID, plantID, percentage, staffID) VALUES (194, 3557, 3, 41);
INSERT INTO PlantedIn (bedID, plantID, percentage, staffID) VALUES (47, 370, 3, 91);
INSERT INTO PlantedIn (bedID, plantID, percentage, staffID) VALUES (228, 3536, 4, 151);
INSERT INTO PlantedIn (bedID, plantID, percentage, staffID) VALUES (349, 1521, 3, 13);
INSERT INTO PlantedIn (bedID, plantID, percentage, staffID) VALUES (334, 284, 3, 144);
INSERT INTO PlantedIn (bedID, plantID, percentage, staffID) VALUES (328, 824, 1, 89);
INSERT INTO PlantedIn (bedID, plantID, percentage, staffID) VALUES (189, 3349, 4, 125);
INSERT INTO PlantedIn (bedID, plantID, percentage, staffID) VALUES (373, 3136, 4, 80);
INSERT INTO PlantedIn (bedID, plantID, percentage, staffID) VALUES (429, 3225, 2, 125);
INSERT INTO PlantedIn (bedID, plantID, percentage, staffID) VALUES (355, 1342, 1, 46);
INSERT INTO PlantedIn (bedID, plantID, percentage, staffID) VALUES (5, 3308, 3, 123);
INSERT INTO PlantedIn (bedID, plantID, percentage, staffID) VALUES (118, 2562, 4, 69);
INSERT INTO PlantedIn (bedID, plantID, percentage, staffID) VALUES (349, 146, 2, 110);
INSERT INTO PlantedIn (bedID, plantID, percentage, staffID) VALUES (119, 3738, 3, 133);
INSERT INTO PlantedIn (bedID, plantID, percentage, staffID) VALUES (395, 1014, 3, 93);
INSERT INTO PlantedIn (bedID, plantID, percentage, staffID) VALUES (35, 3272, 4, 104);
INSERT INTO PlantedIn (bedID, plantID, percentage, staffID) VALUES (322, 442, 2, 76);
INSERT INTO PlantedIn (bedID, plantID, percentage, staffID) VALUES (219, 2289, 2, 135);
INSERT INTO PlantedIn (bedID, plantID, percentage, staffID) VALUES (212, 1014, 3, 45);
INSERT INTO PlantedIn (bedID, plantID, percentage, staffID) VALUES (438, 2135, 3, 134);
INSERT INTO PlantedIn (bedID, plantID, percentage, staffID) VALUES (280, 726, 4, 19);
INSERT INTO PlantedIn (bedID, plantID, percentage, staffID) VALUES (74, 2858, 4, 100);
INSERT INTO PlantedIn (bedID, plantID, percentage, staffID) VALUES (1, 3647, 1, 125);
INSERT INTO PlantedIn (bedID, plantID, percentage, staffID) VALUES (374, 440, 2, 12);
INSERT INTO PlantedIn (bedID, plantID, percentage, staffID) VALUES (108, 1636, 3, 184);
INSERT INTO PlantedIn (bedID, plantID, percentage, staffID) VALUES (441, 3139, 3, 84);
INSERT INTO PlantedIn (bedID, plantID, percentage, staffID) VALUES (473, 1931, 1, 74);
INSERT INTO PlantedIn (bedID, plantID, percentage, staffID) VALUES (113, 3288, 1, 30);
INSERT INTO PlantedIn (bedID, plantID, percentage, staffID) VALUES (376, 2904, 3, 65);
INSERT INTO PlantedIn (bedID, plantID, percentage, staffID) VALUES (410, 1432, 1, 12);
INSERT INTO PlantedIn (bedID, plantID, percentage, staffID) VALUES (376, 3690, 4, 160);
INSERT INTO PlantedIn (bedID, plantID, percentage, staffID) VALUES (244, 3645, 2, 56);
INSERT INTO PlantedIn (bedID, plantID, percentage, staffID) VALUES (153, 1668, 2, 18);
INSERT INTO PlantedIn (bedID, plantID, percentage, staffID) VALUES (116, 1916, 1, 158);
INSERT INTO PlantedIn (bedID, plantID, percentage, staffID) VALUES (471, 522, 1, 82);
INSERT INTO PlantedIn (bedID, plantID, percentage, staffID) VALUES (467, 2094, 4, 97);
INSERT INTO PlantedIn (bedID, plantID, percentage, staffID) VALUES (139, 3052, 1, 75);
INSERT INTO PlantedIn (bedID, plantID, percentage, staffID) VALUES (76, 1617, 4, 52);
INSERT INTO PlantedIn (bedID, plantID, percentage, staffID) VALUES (177, 130, 4, 156);
INSERT INTO PlantedIn (bedID, plantID, percentage, staffID) VALUES (462, 130, 2, 47);
INSERT INTO PlantedIn (bedID, plantID, percentage, staffID) VALUES (220, 1208, 3, 113);
INSERT INTO PlantedIn (bedID, plantID, percentage, staffID) VALUES (218, 1356, 2, 8);
INSERT INTO PlantedIn (bedID, plantID, percentage, staffID) VALUES (423, 1976, 1, 46);
INSERT INTO PlantedIn (bedID, plantID, percentage, staffID) VALUES (143, 2272, 2, 70);
INSERT INTO PlantedIn (bedID, plantID, percentage, staffID) VALUES (3, 2296, 2, 85);
INSERT INTO PlantedIn (bedID, plantID, percentage, staffID) VALUES (297, 679, 3, 55);
INSERT INTO PlantedIn (bedID, plantID, percentage, staffID) VALUES (99, 1906, 3, 185);
INSERT INTO PlantedIn (bedID, plantID, percentage, staffID) VALUES (382, 1752, 3, 79);
INSERT INTO PlantedIn (bedID, plantID, percentage, staffID) VALUES (368, 1294, 1, 86);
INSERT INTO PlantedIn (bedID, plantID, percentage, staffID) VALUES (325, 1755, 3, 139);
INSERT INTO PlantedIn (bedID, plantID, percentage, staffID) VALUES (457, 3496, 2, 156);
INSERT INTO PlantedIn (bedID, plantID, percentage, staffID) VALUES (233, 408, 2, 149);
INSERT INTO PlantedIn (bedID, plantID, percentage, staffID) VALUES (331, 541, 2, 179);
INSERT INTO PlantedIn (bedID, plantID, percentage, staffID) VALUES (150, 555, 3, 190);
INSERT INTO PlantedIn (bedID, plantID, percentage, staffID) VALUES (302, 3222, 2, 41);
INSERT INTO PlantedIn (bedID, plantID, percentage, staffID) VALUES (136, 2246, 1, 12);
INSERT INTO PlantedIn (bedID, plantID, percentage, staffID) VALUES (434, 1828, 3, 62);
INSERT INTO PlantedIn (bedID, plantID, percentage, staffID) VALUES (439, 3791, 4, 37);
INSERT INTO PlantedIn (bedID, plantID, percentage, staffID) VALUES (23, 3414, 3, 179);
INSERT INTO PlantedIn (bedID, plantID, percentage, staffID) VALUES (11, 2907, 2, 15);
INSERT INTO PlantedIn (bedID, plantID, percentage, staffID) VALUES (424, 17, 3, 177);
INSERT INTO PlantedIn (bedID, plantID, percentage, staffID) VALUES (305, 118, 3, 39);
INSERT INTO PlantedIn (bedID, plantID, percentage, staffID) VALUES (222, 1309, 2, 66);
INSERT INTO PlantedIn (bedID, plantID, percentage, staffID) VALUES (133, 1852, 2, 150);
INSERT INTO PlantedIn (bedID, plantID, percentage, staffID) VALUES (172, 2344, 2, 15);
INSERT INTO PlantedIn (bedID, plantID, percentage, staffID) VALUES (170, 564, 2, 148);
INSERT INTO PlantedIn (bedID, plantID, percentage, staffID) VALUES (72, 2271, 4, 161);
INSERT INTO PlantedIn (bedID, plantID, percentage, staffID) VALUES (308, 2939, 2, 23);
INSERT INTO PlantedIn (bedID, plantID, percentage, staffID) VALUES (375, 1161, 2, 174);
INSERT INTO PlantedIn (bedID, plantID, percentage, staffID) VALUES (373, 41, 2, 148);
INSERT INTO PlantedIn (bedID, plantID, percentage, staffID) VALUES (166, 179, 3, 125);
INSERT INTO PlantedIn (bedID, plantID, percentage, staffID) VALUES (449, 108, 2, 56);
INSERT INTO PlantedIn (bedID, plantID, percentage, staffID) VALUES (83, 3854, 2, 115);
INSERT INTO PlantedIn (bedID, plantID, percentage, staffID) VALUES (277, 1342, 1, 64);
INSERT INTO PlantedIn (bedID, plantID, percentage, staffID) VALUES (51, 1638, 4, 108);
INSERT INTO PlantedIn (bedID, plantID, percentage, staffID) VALUES (343, 1455, 3, 40);
INSERT INTO PlantedIn (bedID, plantID, percentage, staffID) VALUES (183, 3544, 3, 158);
INSERT INTO PlantedIn (bedID, plantID, percentage, staffID) VALUES (456, 1473, 2, 75);
INSERT INTO PlantedIn (bedID, plantID, percentage, staffID) VALUES (343, 1236, 3, 77);
INSERT INTO PlantedIn (bedID, plantID, percentage, staffID) VALUES (306, 2092, 1, 173);
INSERT INTO PlantedIn (bedID, plantID, percentage, staffID) VALUES (421, 606, 4, 95);
INSERT INTO PlantedIn (bedID, plantID, percentage, staffID) VALUES (275, 3825, 2, 183);
INSERT INTO PlantedIn (bedID, plantID, percentage, staffID) VALUES (174, 336, 4, 167);
INSERT INTO PlantedIn (bedID, plantID, percentage, staffID) VALUES (2, 2268, 4, 100);
INSERT INTO PlantedIn (bedID, plantID, percentage, staffID) VALUES (458, 3296, 3, 93);
INSERT INTO PlantedIn (bedID, plantID, percentage, staffID) VALUES (82, 3210, 3, 75);
INSERT INTO PlantedIn (bedID, plantID, percentage, staffID) VALUES (227, 1331, 1, 9);
INSERT INTO PlantedIn (bedID, plantID, percentage, staffID) VALUES (419, 3426, 4, 73);
INSERT INTO PlantedIn (bedID, plantID, percentage, staffID) VALUES (21, 3163, 3, 158);
INSERT INTO PlantedIn (bedID, plantID, percentage, staffID) VALUES (383, 2567, 1, 190);
INSERT INTO PlantedIn (bedID, plantID, percentage, staffID) VALUES (356, 2880, 4, 189);
INSERT INTO PlantedIn (bedID, plantID, percentage, staffID) VALUES (157, 1603, 2, 148);
INSERT INTO PlantedIn (bedID, plantID, percentage, staffID) VALUES (331, 3, 3, 125);
INSERT INTO PlantedIn (bedID, plantID, percentage, staffID) VALUES (420, 3729, 4, 74);
INSERT INTO PlantedIn (bedID, plantID, percentage, staffID) VALUES (371, 496, 3, 113);
INSERT INTO PlantedIn (bedID, plantID, percentage, staffID) VALUES (375, 1862, 3, 156);
INSERT INTO PlantedIn (bedID, plantID, percentage, staffID) VALUES (108, 2671, 3, 61);
INSERT INTO PlantedIn (bedID, plantID, percentage, staffID) VALUES (50, 77, 2, 175);
INSERT INTO PlantedIn (bedID, plantID, percentage, staffID) VALUES (93, 3279, 1, 166);
INSERT INTO PlantedIn (bedID, plantID, percentage, staffID) VALUES (97, 2985, 4, 141);
INSERT INTO PlantedIn (bedID, plantID, percentage, staffID) VALUES (366, 1155, 3, 100);
INSERT INTO PlantedIn (bedID, plantID, percentage, staffID) VALUES (125, 3268, 1, 121);
INSERT INTO PlantedIn (bedID, plantID, percentage, staffID) VALUES (461, 554, 4, 131);
INSERT INTO PlantedIn (bedID, plantID, percentage, staffID) VALUES (296, 1555, 4, 64);
INSERT INTO PlantedIn (bedID, plantID, percentage, staffID) VALUES (45, 2349, 1, 84);
INSERT INTO PlantedIn (bedID, plantID, percentage, staffID) VALUES (297, 1032, 4, 117);
INSERT INTO PlantedIn (bedID, plantID, percentage, staffID) VALUES (55, 1484, 2, 6);
INSERT INTO PlantedIn (bedID, plantID, percentage, staffID) VALUES (74, 2764, 4, 46);
INSERT INTO PlantedIn (bedID, plantID, percentage, staffID) VALUES (7, 2736, 2, 121);
INSERT INTO PlantedIn (bedID, plantID, percentage, staffID) VALUES (262, 689, 3, 67);
INSERT INTO PlantedIn (bedID, plantID, percentage, staffID) VALUES (153, 3717, 4, 60);
INSERT INTO PlantedIn (bedID, plantID, percentage, staffID) VALUES (173, 2329, 2, 163);
INSERT INTO PlantedIn (bedID, plantID, percentage, staffID) VALUES (100, 801, 4, 134);
INSERT INTO PlantedIn (bedID, plantID, percentage, staffID) VALUES (225, 877, 3, 135);
INSERT INTO PlantedIn (bedID, plantID, percentage, staffID) VALUES (289, 2656, 4, 186);
INSERT INTO PlantedIn (bedID, plantID, percentage, staffID) VALUES (191, 498, 2, 142);
INSERT INTO PlantedIn (bedID, plantID, percentage, staffID) VALUES (396, 1096, 2, 142);
INSERT INTO PlantedIn (bedID, plantID, percentage, staffID) VALUES (219, 67, 4, 188);
INSERT INTO PlantedIn (bedID, plantID, percentage, staffID) VALUES (463, 811, 2, 149);
INSERT INTO PlantedIn (bedID, plantID, percentage, staffID) VALUES (385, 2036, 1, 164);
INSERT INTO PlantedIn (bedID, plantID, percentage, staffID) VALUES (348, 1760, 1, 176);
INSERT INTO PlantedIn (bedID, plantID, percentage, staffID) VALUES (323, 2011, 2, 163);
INSERT INTO PlantedIn (bedID, plantID, percentage, staffID) VALUES (99, 2726, 3, 12);
INSERT INTO PlantedIn (bedID, plantID, percentage, staffID) VALUES (395, 2913, 3, 6);
INSERT INTO PlantedIn (bedID, plantID, percentage, staffID) VALUES (18, 2777, 2, 13);
INSERT INTO PlantedIn (bedID, plantID, percentage, staffID) VALUES (348, 3775, 3, 58);
INSERT INTO PlantedIn (bedID, plantID, percentage, staffID) VALUES (89, 41, 4, 12);
INSERT INTO PlantedIn (bedID, plantID, percentage, staffID) VALUES (255, 3311, 2, 5);
INSERT INTO PlantedIn (bedID, plantID, percentage, staffID) VALUES (148, 3402, 4, 98);
INSERT INTO PlantedIn (bedID, plantID, percentage, staffID) VALUES (190, 1069, 3, 59);
INSERT INTO PlantedIn (bedID, plantID, percentage, staffID) VALUES (465, 1332, 4, 45);
INSERT INTO PlantedIn (bedID, plantID, percentage, staffID) VALUES (47, 937, 1, 100);
INSERT INTO PlantedIn (bedID, plantID, percentage, staffID) VALUES (455, 2110, 3, 130);
INSERT INTO PlantedIn (bedID, plantID, percentage, staffID) VALUES (248, 3536, 3, 84);
INSERT INTO PlantedIn (bedID, plantID, percentage, staffID) VALUES (438, 1805, 2, 145);
INSERT INTO PlantedIn (bedID, plantID, percentage, staffID) VALUES (153, 2814, 3, 150);
INSERT INTO PlantedIn (bedID, plantID, percentage, staffID) VALUES (288, 823, 1, 129);
INSERT INTO PlantedIn (bedID, plantID, percentage, staffID) VALUES (232, 3534, 2, 126);
INSERT INTO PlantedIn (bedID, plantID, percentage, staffID) VALUES (123, 3221, 2, 59);
INSERT INTO PlantedIn (bedID, plantID, percentage, staffID) VALUES (36, 2983, 1, 101);
INSERT INTO PlantedIn (bedID, plantID, percentage, staffID) VALUES (151, 487, 4, 150);
INSERT INTO PlantedIn (bedID, plantID, percentage, staffID) VALUES (20, 549, 4, 112);
INSERT INTO PlantedIn (bedID, plantID, percentage, staffID) VALUES (288, 990, 4, 88);
INSERT INTO PlantedIn (bedID, plantID, percentage, staffID) VALUES (466, 627, 3, 116);
INSERT INTO PlantedIn (bedID, plantID, percentage, staffID) VALUES (178, 756, 4, 123);
INSERT INTO PlantedIn (bedID, plantID, percentage, staffID) VALUES (52, 838, 2, 69);
INSERT INTO PlantedIn (bedID, plantID, percentage, staffID) VALUES (24, 2399, 1, 149);
INSERT INTO PlantedIn (bedID, plantID, percentage, staffID) VALUES (163, 3452, 2, 113);
INSERT INTO PlantedIn (bedID, plantID, percentage, staffID) VALUES (17, 382, 3, 72);
INSERT INTO PlantedIn (bedID, plantID, percentage, staffID) VALUES (168, 3010, 2, 118);
INSERT INTO PlantedIn (bedID, plantID, percentage, staffID) VALUES (445, 551, 2, 190);
INSERT INTO PlantedIn (bedID, plantID, percentage, staffID) VALUES (160, 2054, 2, 37);
INSERT INTO PlantedIn (bedID, plantID, percentage, staffID) VALUES (354, 1986, 4, 167);
INSERT INTO PlantedIn (bedID, plantID, percentage, staffID) VALUES (64, 2096, 3, 189);
INSERT INTO PlantedIn (bedID, plantID, percentage, staffID) VALUES (360, 326, 1, 49);
INSERT INTO PlantedIn (bedID, plantID, percentage, staffID) VALUES (463, 3040, 1, 100);
INSERT INTO PlantedIn (bedID, plantID, percentage, staffID) VALUES (419, 3241, 1, 134);
INSERT INTO PlantedIn (bedID, plantID, percentage, staffID) VALUES (292, 893, 3, 119);
INSERT INTO PlantedIn (bedID, plantID, percentage, staffID) VALUES (177, 1969, 3, 179);
INSERT INTO PlantedIn (bedID, plantID, percentage, staffID) VALUES (268, 3773, 3, 120);
INSERT INTO PlantedIn (bedID, plantID, percentage, staffID) VALUES (246, 1972, 2, 47);
INSERT INTO PlantedIn (bedID, plantID, percentage, staffID) VALUES (282, 1790, 3, 78);
INSERT INTO PlantedIn (bedID, plantID, percentage, staffID) VALUES (119, 3364, 1, 120);
INSERT INTO PlantedIn (bedID, plantID, percentage, staffID) VALUES (336, 923, 2, 77);
INSERT INTO PlantedIn (bedID, plantID, percentage, staffID) VALUES (223, 3683, 4, 181);
INSERT INTO PlantedIn (bedID, plantID, percentage, staffID) VALUES (219, 2922, 3, 114);
INSERT INTO PlantedIn (bedID, plantID, percentage, staffID) VALUES (383, 2761, 2, 60);
INSERT INTO PlantedIn (bedID, plantID, percentage, staffID) VALUES (327, 3396, 1, 16);
INSERT INTO PlantedIn (bedID, plantID, percentage, staffID) VALUES (184, 1161, 4, 100);
INSERT INTO PlantedIn (bedID, plantID, percentage, staffID) VALUES (362, 3359, 1, 114);
INSERT INTO PlantedIn (bedID, plantID, percentage, staffID) VALUES (350, 532, 2, 31);
INSERT INTO PlantedIn (bedID, plantID, percentage, staffID) VALUES (179, 2017, 4, 158);
INSERT INTO PlantedIn (bedID, plantID, percentage, staffID) VALUES (225, 2538, 4, 141);
INSERT INTO PlantedIn (bedID, plantID, percentage, staffID) VALUES (196, 945, 1, 90);
INSERT INTO PlantedIn (bedID, plantID, percentage, staffID) VALUES (454, 2827, 3, 122);
INSERT INTO PlantedIn (bedID, plantID, percentage, staffID) VALUES (289, 2581, 4, 175);
INSERT INTO PlantedIn (bedID, plantID, percentage, staffID) VALUES (101, 2070, 4, 152);
INSERT INTO PlantedIn (bedID, plantID, percentage, staffID) VALUES (319, 3445, 1, 82);
INSERT INTO PlantedIn (bedID, plantID, percentage, staffID) VALUES (196, 670, 4, 183);
INSERT INTO PlantedIn (bedID, plantID, percentage, staffID) VALUES (393, 2262, 1, 169);
INSERT INTO PlantedIn (bedID, plantID, percentage, staffID) VALUES (393, 1018, 4, 95);
INSERT INTO PlantedIn (bedID, plantID, percentage, staffID) VALUES (471, 219, 3, 90);
INSERT INTO PlantedIn (bedID, plantID, percentage, staffID) VALUES (343, 1135, 3, 123);
INSERT INTO PlantedIn (bedID, plantID, percentage, staffID) VALUES (302, 2257, 4, 87);
INSERT INTO PlantedIn (bedID, plantID, percentage, staffID) VALUES (57, 647, 4, 164);
INSERT INTO PlantedIn (bedID, plantID, percentage, staffID) VALUES (28, 781, 2, 172);
INSERT INTO PlantedIn (bedID, plantID, percentage, staffID) VALUES (178, 2851, 1, 74);
INSERT INTO PlantedIn (bedID, plantID, percentage, staffID) VALUES (153, 704, 1, 92);
INSERT INTO PlantedIn (bedID, plantID, percentage, staffID) VALUES (211, 3515, 2, 192);
INSERT INTO PlantedIn (bedID, plantID, percentage, staffID) VALUES (457, 1455, 3, 9);
INSERT INTO PlantedIn (bedID, plantID, percentage, staffID) VALUES (317, 2500, 2, 78);
INSERT INTO PlantedIn (bedID, plantID, percentage, staffID) VALUES (461, 3708, 1, 29);
INSERT INTO PlantedIn (bedID, plantID, percentage, staffID) VALUES (77, 3802, 3, 103);
INSERT INTO PlantedIn (bedID, plantID, percentage, staffID) VALUES (342, 3326, 1, 152);
INSERT INTO PlantedIn (bedID, plantID, percentage, staffID) VALUES (21, 726, 2, 40);
INSERT INTO PlantedIn (bedID, plantID, percentage, staffID) VALUES (46, 524, 1, 190);
INSERT INTO PlantedIn (bedID, plantID, percentage, staffID) VALUES (243, 3755, 1, 154);
INSERT INTO PlantedIn (bedID, plantID, percentage, staffID) VALUES (293, 522, 4, 100);
INSERT INTO PlantedIn (bedID, plantID, percentage, staffID) VALUES (445, 2496, 4, 41);
INSERT INTO PlantedIn (bedID, plantID, percentage, staffID) VALUES (287, 1313, 4, 193);
INSERT INTO PlantedIn (bedID, plantID, percentage, staffID) VALUES (153, 1724, 1, 62);
INSERT INTO PlantedIn (bedID, plantID, percentage, staffID) VALUES (145, 167, 2, 18);
INSERT INTO PlantedIn (bedID, plantID, percentage, staffID) VALUES (110, 1095, 2, 171);
INSERT INTO PlantedIn (bedID, plantID, percentage, staffID) VALUES (199, 2953, 4, 80);
INSERT INTO PlantedIn (bedID, plantID, percentage, staffID) VALUES (348, 552, 2, 23);
INSERT INTO PlantedIn (bedID, plantID, percentage, staffID) VALUES (132, 2321, 1, 42);
INSERT INTO PlantedIn (bedID, plantID, percentage, staffID) VALUES (117, 1545, 4, 27);
INSERT INTO PlantedIn (bedID, plantID, percentage, staffID) VALUES (350, 290, 1, 126);
INSERT INTO PlantedIn (bedID, plantID, percentage, staffID) VALUES (247, 3554, 4, 22);
INSERT INTO PlantedIn (bedID, plantID, percentage, staffID) VALUES (456, 752, 1, 36);
INSERT INTO PlantedIn (bedID, plantID, percentage, staffID) VALUES (226, 49, 4, 107);
INSERT INTO PlantedIn (bedID, plantID, percentage, staffID) VALUES (368, 3521, 3, 169);
INSERT INTO PlantedIn (bedID, plantID, percentage, staffID) VALUES (26, 3627, 2, 177);
INSERT INTO PlantedIn (bedID, plantID, percentage, staffID) VALUES (255, 260, 4, 113);
INSERT INTO PlantedIn (bedID, plantID, percentage, staffID) VALUES (221, 2630, 1, 130);
INSERT INTO PlantedIn (bedID, plantID, percentage, staffID) VALUES (358, 978, 2, 55);
INSERT INTO PlantedIn (bedID, plantID, percentage, staffID) VALUES (82, 1451, 1, 22);
INSERT INTO PlantedIn (bedID, plantID, percentage, staffID) VALUES (270, 1079, 1, 67);
INSERT INTO PlantedIn (bedID, plantID, percentage, staffID) VALUES (138, 3280, 1, 193);
INSERT INTO PlantedIn (bedID, plantID, percentage, staffID) VALUES (360, 2978, 4, 119);
INSERT INTO PlantedIn (bedID, plantID, percentage, staffID) VALUES (336, 1722, 1, 30);
INSERT INTO PlantedIn (bedID, plantID, percentage, staffID) VALUES (243, 2683, 4, 7);
INSERT INTO PlantedIn (bedID, plantID, percentage, staffID) VALUES (178, 2582, 1, 38);
INSERT INTO PlantedIn (bedID, plantID, percentage, staffID) VALUES (436, 1756, 1, 83);
INSERT INTO PlantedIn (bedID, plantID, percentage, staffID) VALUES (393, 1965, 2, 47);
INSERT INTO PlantedIn (bedID, plantID, percentage, staffID) VALUES (373, 2146, 1, 92);
INSERT INTO PlantedIn (bedID, plantID, percentage, staffID) VALUES (191, 1511, 1, 30);
INSERT INTO PlantedIn (bedID, plantID, percentage, staffID) VALUES (82, 467, 3, 24);
INSERT INTO PlantedIn (bedID, plantID, percentage, staffID) VALUES (386, 580, 1, 136);
INSERT INTO PlantedIn (bedID, plantID, percentage, staffID) VALUES (387, 3285, 3, 65);
INSERT INTO PlantedIn (bedID, plantID, percentage, staffID) VALUES (144, 2797, 1, 170);
INSERT INTO PlantedIn (bedID, plantID, percentage, staffID) VALUES (110, 228, 1, 109);
INSERT INTO PlantedIn (bedID, plantID, percentage, staffID) VALUES (291, 3788, 1, 20);
INSERT INTO PlantedIn (bedID, plantID, percentage, staffID) VALUES (176, 943, 3, 37);
INSERT INTO PlantedIn (bedID, plantID, percentage, staffID) VALUES (460, 604, 1, 82);
INSERT INTO PlantedIn (bedID, plantID, percentage, staffID) VALUES (131, 2008, 1, 169);
INSERT INTO PlantedIn (bedID, plantID, percentage, staffID) VALUES (317, 1900, 2, 58);
INSERT INTO PlantedIn (bedID, plantID, percentage, staffID) VALUES (162, 2314, 3, 47);
INSERT INTO PlantedIn (bedID, plantID, percentage, staffID) VALUES (153, 222, 3, 159);
INSERT INTO PlantedIn (bedID, plantID, percentage, staffID) VALUES (55, 1206, 3, 117);
INSERT INTO PlantedIn (bedID, plantID, percentage, staffID) VALUES (138, 2589, 3, 153);
INSERT INTO PlantedIn (bedID, plantID, percentage, staffID) VALUES (433, 3586, 4, 40);
INSERT INTO PlantedIn (bedID, plantID, percentage, staffID) VALUES (40, 2304, 2, 6);
INSERT INTO PlantedIn (bedID, plantID, percentage, staffID) VALUES (55, 3302, 4, 93);
INSERT INTO PlantedIn (bedID, plantID, percentage, staffID) VALUES (164, 2832, 3, 56);
INSERT INTO PlantedIn (bedID, plantID, percentage, staffID) VALUES (157, 1925, 3, 68);
INSERT INTO PlantedIn (bedID, plantID, percentage, staffID) VALUES (263, 431, 3, 43);
INSERT INTO PlantedIn (bedID, plantID, percentage, staffID) VALUES (201, 3014, 3, 82);
INSERT INTO PlantedIn (bedID, plantID, percentage, staffID) VALUES (213, 577, 2, 77);
INSERT INTO PlantedIn (bedID, plantID, percentage, staffID) VALUES (37, 2210, 1, 51);
INSERT INTO PlantedIn (bedID, plantID, percentage, staffID) VALUES (80, 1060, 2, 107);
INSERT INTO PlantedIn (bedID, plantID, percentage, staffID) VALUES (61, 3764, 2, 14);
INSERT INTO PlantedIn (bedID, plantID, percentage, staffID) VALUES (397, 1910, 2, 141);
INSERT INTO PlantedIn (bedID, plantID, percentage, staffID) VALUES (287, 3471, 1, 14);
INSERT INTO PlantedIn (bedID, plantID, percentage, staffID) VALUES (321, 1804, 1, 152);
INSERT INTO PlantedIn (bedID, plantID, percentage, staffID) VALUES (292, 469, 3, 100);
INSERT INTO PlantedIn (bedID, plantID, percentage, staffID) VALUES (328, 2850, 4, 175);
INSERT INTO PlantedIn (bedID, plantID, percentage, staffID) VALUES (6, 1450, 1, 30);
INSERT INTO PlantedIn (bedID, plantID, percentage, staffID) VALUES (165, 819, 1, 126);
INSERT INTO PlantedIn (bedID, plantID, percentage, staffID) VALUES (262, 3000, 2, 19);
INSERT INTO PlantedIn (bedID, plantID, percentage, staffID) VALUES (128, 3030, 4, 160);
INSERT INTO PlantedIn (bedID, plantID, percentage, staffID) VALUES (323, 3279, 2, 185);
INSERT INTO PlantedIn (bedID, plantID, percentage, staffID) VALUES (149, 2508, 4, 100);
INSERT INTO PlantedIn (bedID, plantID, percentage, staffID) VALUES (365, 3774, 2, 128);
INSERT INTO PlantedIn (bedID, plantID, percentage, staffID) VALUES (338, 1842, 3, 67);
INSERT INTO PlantedIn (bedID, plantID, percentage, staffID) VALUES (403, 1807, 1, 177);
INSERT INTO PlantedIn (bedID, plantID, percentage, staffID) VALUES (322, 1855, 1, 53);
INSERT INTO PlantedIn (bedID, plantID, percentage, staffID) VALUES (122, 1345, 3, 127);
INSERT INTO PlantedIn (bedID, plantID, percentage, staffID) VALUES (63, 1564, 4, 83);
INSERT INTO PlantedIn (bedID, plantID, percentage, staffID) VALUES (120, 1186, 3, 36);
INSERT INTO PlantedIn (bedID, plantID, percentage, staffID) VALUES (452, 2548, 3, 102);
INSERT INTO PlantedIn (bedID, plantID, percentage, staffID) VALUES (301, 468, 2, 39);
INSERT INTO PlantedIn (bedID, plantID, percentage, staffID) VALUES (283, 1980, 2, 16);
INSERT INTO PlantedIn (bedID, plantID, percentage, staffID) VALUES (464, 3633, 3, 133);
INSERT INTO PlantedIn (bedID, plantID, percentage, staffID) VALUES (199, 3493, 3, 182);
INSERT INTO PlantedIn (bedID, plantID, percentage, staffID) VALUES (119, 1975, 2, 42);
INSERT INTO PlantedIn (bedID, plantID, percentage, staffID) VALUES (433, 2335, 1, 41);
INSERT INTO PlantedIn (bedID, plantID, percentage, staffID) VALUES (431, 1428, 4, 151);
INSERT INTO PlantedIn (bedID, plantID, percentage, staffID) VALUES (14, 902, 3, 121);
INSERT INTO PlantedIn (bedID, plantID, percentage, staffID) VALUES (168, 3017, 4, 3);
INSERT INTO PlantedIn (bedID, plantID, percentage, staffID) VALUES (139, 338, 2, 82);
INSERT INTO PlantedIn (bedID, plantID, percentage, staffID) VALUES (13, 188, 2, 190);
INSERT INTO PlantedIn (bedID, plantID, percentage, staffID) VALUES (451, 3171, 1, 25);
INSERT INTO PlantedIn (bedID, plantID, percentage, staffID) VALUES (157, 1254, 1, 120);
INSERT INTO PlantedIn (bedID, plantID, percentage, staffID) VALUES (440, 3029, 4, 85);
INSERT INTO PlantedIn (bedID, plantID, percentage, staffID) VALUES (73, 581, 1, 144);
INSERT INTO PlantedIn (bedID, plantID, percentage, staffID) VALUES (182, 1149, 3, 173);
INSERT INTO PlantedIn (bedID, plantID, percentage, staffID) VALUES (37, 3316, 2, 141);
INSERT INTO PlantedIn (bedID, plantID, percentage, staffID) VALUES (448, 343, 4, 132);
INSERT INTO PlantedIn (bedID, plantID, percentage, staffID) VALUES (65, 2214, 1, 86);
INSERT INTO PlantedIn (bedID, plantID, percentage, staffID) VALUES (186, 2094, 3, 60);
INSERT INTO PlantedIn (bedID, plantID, percentage, staffID) VALUES (315, 1492, 4, 130);
INSERT INTO PlantedIn (bedID, plantID, percentage, staffID) VALUES (301, 3258, 3, 135);
INSERT INTO PlantedIn (bedID, plantID, percentage, staffID) VALUES (332, 1337, 3, 18);
INSERT INTO PlantedIn (bedID, plantID, percentage, staffID) VALUES (206, 2806, 3, 127);
INSERT INTO PlantedIn (bedID, plantID, percentage, staffID) VALUES (142, 144, 3, 135);
INSERT INTO PlantedIn (bedID, plantID, percentage, staffID) VALUES (274, 3690, 2, 85);
INSERT INTO PlantedIn (bedID, plantID, percentage, staffID) VALUES (395, 1499, 2, 49);
INSERT INTO PlantedIn (bedID, plantID, percentage, staffID) VALUES (366, 3373, 2, 65);
INSERT INTO PlantedIn (bedID, plantID, percentage, staffID) VALUES (100, 1212, 4, 47);
INSERT INTO PlantedIn (bedID, plantID, percentage, staffID) VALUES (74, 3426, 4, 115);
INSERT INTO PlantedIn (bedID, plantID, percentage, staffID) VALUES (110, 2492, 3, 103);
INSERT INTO PlantedIn (bedID, plantID, percentage, staffID) VALUES (176, 467, 3, 49);
INSERT INTO PlantedIn (bedID, plantID, percentage, staffID) VALUES (75, 3477, 3, 74);
INSERT INTO PlantedIn (bedID, plantID, percentage, staffID) VALUES (405, 3006, 3, 38);
INSERT INTO PlantedIn (bedID, plantID, percentage, staffID) VALUES (79, 1627, 4, 39);
INSERT INTO PlantedIn (bedID, plantID, percentage, staffID) VALUES (139, 1947, 3, 51);
INSERT INTO PlantedIn (bedID, plantID, percentage, staffID) VALUES (387, 1847, 4, 72);
INSERT INTO PlantedIn (bedID, plantID, percentage, staffID) VALUES (173, 3528, 3, 170);
INSERT INTO PlantedIn (bedID, plantID, percentage, staffID) VALUES (264, 1287, 4, 54);
INSERT INTO PlantedIn (bedID, plantID, percentage, staffID) VALUES (215, 1935, 3, 122);
INSERT INTO PlantedIn (bedID, plantID, percentage, staffID) VALUES (190, 3705, 2, 72);
INSERT INTO PlantedIn (bedID, plantID, percentage, staffID) VALUES (349, 2048, 4, 193);
INSERT INTO PlantedIn (bedID, plantID, percentage, staffID) VALUES (450, 509, 1, 172);
INSERT INTO PlantedIn (bedID, plantID, percentage, staffID) VALUES (301, 343, 2, 153);
INSERT INTO PlantedIn (bedID, plantID, percentage, staffID) VALUES (268, 388, 4, 87);
INSERT INTO PlantedIn (bedID, plantID, percentage, staffID) VALUES (7, 991, 3, 108);
INSERT INTO PlantedIn (bedID, plantID, percentage, staffID) VALUES (279, 3048, 1, 102);
INSERT INTO PlantedIn (bedID, plantID, percentage, staffID) VALUES (137, 367, 3, 134);
INSERT INTO PlantedIn (bedID, plantID, percentage, staffID) VALUES (26, 10, 4, 193);
INSERT INTO PlantedIn (bedID, plantID, percentage, staffID) VALUES (252, 3429, 2, 141);
INSERT INTO PlantedIn (bedID, plantID, percentage, staffID) VALUES (9, 2052, 3, 149);
INSERT INTO PlantedIn (bedID, plantID, percentage, staffID) VALUES (293, 1837, 1, 22);
INSERT INTO PlantedIn (bedID, plantID, percentage, staffID) VALUES (273, 2057, 3, 24);
INSERT INTO PlantedIn (bedID, plantID, percentage, staffID) VALUES (204, 2534, 3, 86);
INSERT INTO PlantedIn (bedID, plantID, percentage, staffID) VALUES (355, 289, 4, 84);
INSERT INTO PlantedIn (bedID, plantID, percentage, staffID) VALUES (37, 1363, 3, 121);
INSERT INTO PlantedIn (bedID, plantID, percentage, staffID) VALUES (114, 1097, 2, 19);
INSERT INTO PlantedIn (bedID, plantID, percentage, staffID) VALUES (386, 3167, 2, 187);
INSERT INTO PlantedIn (bedID, plantID, percentage, staffID) VALUES (140, 71, 4, 127);
INSERT INTO PlantedIn (bedID, plantID, percentage, staffID) VALUES (261, 2843, 2, 94);
INSERT INTO PlantedIn (bedID, plantID, percentage, staffID) VALUES (179, 2380, 4, 147);
INSERT INTO PlantedIn (bedID, plantID, percentage, staffID) VALUES (129, 529, 1, 108);
INSERT INTO PlantedIn (bedID, plantID, percentage, staffID) VALUES (101, 3622, 2, 169);
INSERT INTO PlantedIn (bedID, plantID, percentage, staffID) VALUES (138, 1618, 3, 184);
INSERT INTO PlantedIn (bedID, plantID, percentage, staffID) VALUES (333, 3831, 3, 161);
INSERT INTO PlantedIn (bedID, plantID, percentage, staffID) VALUES (384, 2704, 1, 194);
INSERT INTO PlantedIn (bedID, plantID, percentage, staffID) VALUES (145, 1671, 3, 124);
INSERT INTO PlantedIn (bedID, plantID, percentage, staffID) VALUES (23, 1250, 2, 101);
INSERT INTO PlantedIn (bedID, plantID, percentage, staffID) VALUES (218, 73, 3, 70);
INSERT INTO PlantedIn (bedID, plantID, percentage, staffID) VALUES (277, 3321, 2, 159);
INSERT INTO PlantedIn (bedID, plantID, percentage, staffID) VALUES (403, 2174, 3, 165);
INSERT INTO PlantedIn (bedID, plantID, percentage, staffID) VALUES (124, 2916, 4, 157);
INSERT INTO PlantedIn (bedID, plantID, percentage, staffID) VALUES (154, 2858, 3, 51);
INSERT INTO PlantedIn (bedID, plantID, percentage, staffID) VALUES (82, 3302, 1, 64);
INSERT INTO PlantedIn (bedID, plantID, percentage, staffID) VALUES (84, 3102, 3, 110);
INSERT INTO PlantedIn (bedID, plantID, percentage, staffID) VALUES (389, 3402, 4, 64);
INSERT INTO PlantedIn (bedID, plantID, percentage, staffID) VALUES (23, 1043, 3, 5);
INSERT INTO PlantedIn (bedID, plantID, percentage, staffID) VALUES (61, 3082, 4, 188);
INSERT INTO PlantedIn (bedID, plantID, percentage, staffID) VALUES (171, 2798, 3, 131);
INSERT INTO PlantedIn (bedID, plantID, percentage, staffID) VALUES (227, 1561, 4, 123);
INSERT INTO PlantedIn (bedID, plantID, percentage, staffID) VALUES (68, 3280, 2, 89);
INSERT INTO PlantedIn (bedID, plantID, percentage, staffID) VALUES (333, 2873, 4, 109);
INSERT INTO PlantedIn (bedID, plantID, percentage, staffID) VALUES (259, 282, 2, 106);
INSERT INTO PlantedIn (bedID, plantID, percentage, staffID) VALUES (451, 3195, 4, 30);
INSERT INTO PlantedIn (bedID, plantID, percentage, staffID) VALUES (46, 643, 1, 129);
INSERT INTO PlantedIn (bedID, plantID, percentage, staffID) VALUES (456, 2132, 2, 42);
INSERT INTO PlantedIn (bedID, plantID, percentage, staffID) VALUES (131, 3257, 4, 193);
INSERT INTO PlantedIn (bedID, plantID, percentage, staffID) VALUES (117, 2110, 2, 114);
INSERT INTO PlantedIn (bedID, plantID, percentage, staffID) VALUES (187, 3819, 1, 144);
INSERT INTO PlantedIn (bedID, plantID, percentage, staffID) VALUES (147, 1912, 2, 132);
INSERT INTO PlantedIn (bedID, plantID, percentage, staffID) VALUES (152, 3045, 2, 54);
INSERT INTO PlantedIn (bedID, plantID, percentage, staffID) VALUES (452, 3458, 4, 132);
INSERT INTO PlantedIn (bedID, plantID, percentage, staffID) VALUES (212, 3271, 3, 50);
INSERT INTO PlantedIn (bedID, plantID, percentage, staffID) VALUES (326, 718, 4, 98);
INSERT INTO PlantedIn (bedID, plantID, percentage, staffID) VALUES (347, 123, 1, 67);
INSERT INTO PlantedIn (bedID, plantID, percentage, staffID) VALUES (10, 110, 4, 46);
INSERT INTO PlantedIn (bedID, plantID, percentage, staffID) VALUES (126, 772, 3, 6);
INSERT INTO PlantedIn (bedID, plantID, percentage, staffID) VALUES (329, 2596, 1, 172);
INSERT INTO PlantedIn (bedID, plantID, percentage, staffID) VALUES (218, 396, 2, 89);
INSERT INTO PlantedIn (bedID, plantID, percentage, staffID) VALUES (472, 291, 2, 68);
INSERT INTO PlantedIn (bedID, plantID, percentage, staffID) VALUES (436, 2209, 3, 34);
INSERT INTO PlantedIn (bedID, plantID, percentage, staffID) VALUES (359, 2476, 2, 112);
INSERT INTO PlantedIn (bedID, plantID, percentage, staffID) VALUES (319, 3363, 3, 126);
INSERT INTO PlantedIn (bedID, plantID, percentage, staffID) VALUES (425, 3237, 1, 91);
INSERT INTO PlantedIn (bedID, plantID, percentage, staffID) VALUES (18, 1820, 3, 152);
INSERT INTO PlantedIn (bedID, plantID, percentage, staffID) VALUES (68, 2243, 3, 153);
INSERT INTO PlantedIn (bedID, plantID, percentage, staffID) VALUES (323, 692, 3, 4);
INSERT INTO PlantedIn (bedID, plantID, percentage, staffID) VALUES (121, 1336, 1, 26);
INSERT INTO PlantedIn (bedID, plantID, percentage, staffID) VALUES (434, 1113, 3, 161);
INSERT INTO PlantedIn (bedID, plantID, percentage, staffID) VALUES (440, 1280, 3, 34);
INSERT INTO PlantedIn (bedID, plantID, percentage, staffID) VALUES (96, 3006, 1, 60);
INSERT INTO PlantedIn (bedID, plantID, percentage, staffID) VALUES (291, 2845, 3, 54);
INSERT INTO PlantedIn (bedID, plantID, percentage, staffID) VALUES (98, 17, 2, 79);
INSERT INTO PlantedIn (bedID, plantID, percentage, staffID) VALUES (277, 501, 2, 194);
INSERT INTO PlantedIn (bedID, plantID, percentage, staffID) VALUES (146, 3732, 3, 194);
INSERT INTO PlantedIn (bedID, plantID, percentage, staffID) VALUES (148, 268, 1, 151);
INSERT INTO PlantedIn (bedID, plantID, percentage, staffID) VALUES (169, 2026, 2, 185);
INSERT INTO PlantedIn (bedID, plantID, percentage, staffID) VALUES (405, 252, 1, 181);
INSERT INTO PlantedIn (bedID, plantID, percentage, staffID) VALUES (399, 694, 2, 32);
INSERT INTO PlantedIn (bedID, plantID, percentage, staffID) VALUES (433, 1622, 1, 23);
INSERT INTO PlantedIn (bedID, plantID, percentage, staffID) VALUES (201, 1906, 1, 97);
INSERT INTO PlantedIn (bedID, plantID, percentage, staffID) VALUES (295, 1631, 4, 57);
INSERT INTO PlantedIn (bedID, plantID, percentage, staffID) VALUES (184, 855, 3, 101);
INSERT INTO PlantedIn (bedID, plantID, percentage, staffID) VALUES (138, 899, 3, 189);
INSERT INTO PlantedIn (bedID, plantID, percentage, staffID) VALUES (358, 3201, 3, 191);
INSERT INTO PlantedIn (bedID, plantID, percentage, staffID) VALUES (423, 3170, 3, 137);
INSERT INTO PlantedIn (bedID, plantID, percentage, staffID) VALUES (473, 3183, 4, 40);
INSERT INTO PlantedIn (bedID, plantID, percentage, staffID) VALUES (115, 1173, 3, 8);
INSERT INTO PlantedIn (bedID, plantID, percentage, staffID) VALUES (377, 1964, 2, 138);
INSERT INTO PlantedIn (bedID, plantID, percentage, staffID) VALUES (440, 3670, 2, 72);
INSERT INTO PlantedIn (bedID, plantID, percentage, staffID) VALUES (81, 3266, 2, 4);
INSERT INTO PlantedIn (bedID, plantID, percentage, staffID) VALUES (37, 3637, 4, 23);
INSERT INTO PlantedIn (bedID, plantID, percentage, staffID) VALUES (364, 164, 3, 91);
INSERT INTO PlantedIn (bedID, plantID, percentage, staffID) VALUES (408, 437, 4, 82);
INSERT INTO PlantedIn (bedID, plantID, percentage, staffID) VALUES (443, 2286, 1, 159);
INSERT INTO PlantedIn (bedID, plantID, percentage, staffID) VALUES (424, 3145, 3, 173);
INSERT INTO PlantedIn (bedID, plantID, percentage, staffID) VALUES (153, 2012, 2, 23);
INSERT INTO PlantedIn (bedID, plantID, percentage, staffID) VALUES (223, 1784, 3, 117);
INSERT INTO PlantedIn (bedID, plantID, percentage, staffID) VALUES (145, 2257, 2, 21);
INSERT INTO PlantedIn (bedID, plantID, percentage, staffID) VALUES (249, 815, 2, 45);
INSERT INTO PlantedIn (bedID, plantID, percentage, staffID) VALUES (447, 2913, 4, 182);
INSERT INTO PlantedIn (bedID, plantID, percentage, staffID) VALUES (269, 2846, 4, 109);
INSERT INTO PlantedIn (bedID, plantID, percentage, staffID) VALUES (122, 2480, 3, 29);
INSERT INTO PlantedIn (bedID, plantID, percentage, staffID) VALUES (49, 2742, 2, 75);
INSERT INTO PlantedIn (bedID, plantID, percentage, staffID) VALUES (139, 1815, 4, 162);
INSERT INTO PlantedIn (bedID, plantID, percentage, staffID) VALUES (322, 37, 4, 23);
INSERT INTO PlantedIn (bedID, plantID, percentage, staffID) VALUES (318, 261, 2, 10);
INSERT INTO PlantedIn (bedID, plantID, percentage, staffID) VALUES (369, 186, 2, 42);
INSERT INTO PlantedIn (bedID, plantID, percentage, staffID) VALUES (371, 2846, 1, 48);
INSERT INTO PlantedIn (bedID, plantID, percentage, staffID) VALUES (179, 1450, 2, 157);
INSERT INTO PlantedIn (bedID, plantID, percentage, staffID) VALUES (40, 525, 2, 182);
INSERT INTO PlantedIn (bedID, plantID, percentage, staffID) VALUES (287, 2639, 2, 40);
INSERT INTO PlantedIn (bedID, plantID, percentage, staffID) VALUES (328, 1187, 2, 45);
INSERT INTO PlantedIn (bedID, plantID, percentage, staffID) VALUES (178, 1030, 4, 166);
INSERT INTO PlantedIn (bedID, plantID, percentage, staffID) VALUES (8, 1416, 4, 85);
INSERT INTO PlantedIn (bedID, plantID, percentage, staffID) VALUES (49, 2509, 2, 172);
INSERT INTO PlantedIn (bedID, plantID, percentage, staffID) VALUES (353, 3290, 2, 100);
INSERT INTO PlantedIn (bedID, plantID, percentage, staffID) VALUES (253, 2633, 1, 130);
INSERT INTO PlantedIn (bedID, plantID, percentage, staffID) VALUES (468, 3297, 2, 121);
INSERT INTO PlantedIn (bedID, plantID, percentage, staffID) VALUES (174, 1232, 2, 98);
INSERT INTO PlantedIn (bedID, plantID, percentage, staffID) VALUES (324, 3458, 4, 38);
INSERT INTO PlantedIn (bedID, plantID, percentage, staffID) VALUES (258, 91, 3, 55);
INSERT INTO PlantedIn (bedID, plantID, percentage, staffID) VALUES (300, 884, 2, 138);
INSERT INTO PlantedIn (bedID, plantID, percentage, staffID) VALUES (38, 627, 3, 149);
INSERT INTO PlantedIn (bedID, plantID, percentage, staffID) VALUES (399, 1397, 4, 172);
INSERT INTO PlantedIn (bedID, plantID, percentage, staffID) VALUES (102, 1655, 2, 40);
INSERT INTO PlantedIn (bedID, plantID, percentage, staffID) VALUES (392, 1360, 1, 152);
INSERT INTO PlantedIn (bedID, plantID, percentage, staffID) VALUES (318, 865, 2, 118);
INSERT INTO PlantedIn (bedID, plantID, percentage, staffID) VALUES (56, 2937, 3, 30);
INSERT INTO PlantedIn (bedID, plantID, percentage, staffID) VALUES (371, 1586, 2, 47);
INSERT INTO PlantedIn (bedID, plantID, percentage, staffID) VALUES (303, 3501, 3, 162);
INSERT INTO PlantedIn (bedID, plantID, percentage, staffID) VALUES (417, 658, 1, 152);
INSERT INTO PlantedIn (bedID, plantID, percentage, staffID) VALUES (283, 3620, 2, 88);
INSERT INTO PlantedIn (bedID, plantID, percentage, staffID) VALUES (137, 667, 4, 127);
INSERT INTO PlantedIn (bedID, plantID, percentage, staffID) VALUES (188, 764, 3, 65);
INSERT INTO PlantedIn (bedID, plantID, percentage, staffID) VALUES (453, 1767, 3, 36);
INSERT INTO PlantedIn (bedID, plantID, percentage, staffID) VALUES (411, 1567, 3, 32);
INSERT INTO PlantedIn (bedID, plantID, percentage, staffID) VALUES (148, 3666, 2, 46);
INSERT INTO PlantedIn (bedID, plantID, percentage, staffID) VALUES (222, 2148, 2, 60);
INSERT INTO PlantedIn (bedID, plantID, percentage, staffID) VALUES (344, 126, 2, 91);
INSERT INTO PlantedIn (bedID, plantID, percentage, staffID) VALUES (459, 3367, 2, 153);
INSERT INTO PlantedIn (bedID, plantID, percentage, staffID) VALUES (21, 1430, 2, 45);
INSERT INTO PlantedIn (bedID, plantID, percentage, staffID) VALUES (468, 501, 4, 55);
INSERT INTO PlantedIn (bedID, plantID, percentage, staffID) VALUES (253, 1628, 4, 74);
INSERT INTO PlantedIn (bedID, plantID, percentage, staffID) VALUES (175, 2261, 4, 46);
INSERT INTO PlantedIn (bedID, plantID, percentage, staffID) VALUES (67, 1990, 4, 38);
INSERT INTO PlantedIn (bedID, plantID, percentage, staffID) VALUES (259, 2425, 3, 39);
INSERT INTO PlantedIn (bedID, plantID, percentage, staffID) VALUES (236, 3633, 3, 158);
INSERT INTO PlantedIn (bedID, plantID, percentage, staffID) VALUES (246, 3612, 3, 83);
INSERT INTO PlantedIn (bedID, plantID, percentage, staffID) VALUES (31, 2579, 3, 74);
INSERT INTO PlantedIn (bedID, plantID, percentage, staffID) VALUES (42, 2794, 2, 91);
INSERT INTO PlantedIn (bedID, plantID, percentage, staffID) VALUES (146, 2589, 2, 61);
INSERT INTO PlantedIn (bedID, plantID, percentage, staffID) VALUES (88, 1854, 3, 65);
INSERT INTO PlantedIn (bedID, plantID, percentage, staffID) VALUES (51, 1952, 3, 51);
INSERT INTO PlantedIn (bedID, plantID, percentage, staffID) VALUES (211, 84, 4, 30);
INSERT INTO PlantedIn (bedID, plantID, percentage, staffID) VALUES (6, 495, 3, 129);
INSERT INTO PlantedIn (bedID, plantID, percentage, staffID) VALUES (30, 130, 1, 8);
INSERT INTO PlantedIn (bedID, plantID, percentage, staffID) VALUES (332, 1550, 4, 148);
INSERT INTO PlantedIn (bedID, plantID, percentage, staffID) VALUES (59, 658, 2, 51);
INSERT INTO PlantedIn (bedID, plantID, percentage, staffID) VALUES (398, 2093, 1, 180);
INSERT INTO PlantedIn (bedID, plantID, percentage, staffID) VALUES (10, 753, 1, 155);
INSERT INTO PlantedIn (bedID, plantID, percentage, staffID) VALUES (331, 18, 1, 150);
INSERT INTO PlantedIn (bedID, plantID, percentage, staffID) VALUES (13, 3402, 1, 184);
INSERT INTO PlantedIn (bedID, plantID, percentage, staffID) VALUES (4, 2050, 1, 116);
INSERT INTO PlantedIn (bedID, plantID, percentage, staffID) VALUES (267, 2347, 2, 41);
INSERT INTO PlantedIn (bedID, plantID, percentage, staffID) VALUES (4, 3564, 1, 11);
INSERT INTO PlantedIn (bedID, plantID, percentage, staffID) VALUES (44, 1161, 4, 115);
INSERT INTO PlantedIn (bedID, plantID, percentage, staffID) VALUES (340, 2798, 3, 99);
INSERT INTO PlantedIn (bedID, plantID, percentage, staffID) VALUES (286, 1471, 3, 160);
INSERT INTO PlantedIn (bedID, plantID, percentage, staffID) VALUES (431, 1348, 2, 140);
INSERT INTO PlantedIn (bedID, plantID, percentage, staffID) VALUES (453, 3399, 4, 151);
INSERT INTO PlantedIn (bedID, plantID, percentage, staffID) VALUES (380, 3066, 4, 20);
INSERT INTO PlantedIn (bedID, plantID, percentage, staffID) VALUES (45, 2546, 4, 169);
INSERT INTO PlantedIn (bedID, plantID, percentage, staffID) VALUES (49, 3024, 3, 163);
INSERT INTO PlantedIn (bedID, plantID, percentage, staffID) VALUES (235, 3048, 1, 16);
INSERT INTO PlantedIn (bedID, plantID, percentage, staffID) VALUES (445, 2844, 4, 149);
INSERT INTO PlantedIn (bedID, plantID, percentage, staffID) VALUES (40, 1589, 1, 67);
INSERT INTO PlantedIn (bedID, plantID, percentage, staffID) VALUES (138, 253, 1, 1);
INSERT INTO PlantedIn (bedID, plantID, percentage, staffID) VALUES (359, 3136, 4, 181);
INSERT INTO PlantedIn (bedID, plantID, percentage, staffID) VALUES (281, 2648, 1, 123);
INSERT INTO PlantedIn (bedID, plantID, percentage, staffID) VALUES (225, 2617, 4, 62);
INSERT INTO PlantedIn (bedID, plantID, percentage, staffID) VALUES (112, 990, 1, 21);
INSERT INTO PlantedIn (bedID, plantID, percentage, staffID) VALUES (470, 3213, 1, 6);
INSERT INTO PlantedIn (bedID, plantID, percentage, staffID) VALUES (115, 1364, 3, 24);
INSERT INTO PlantedIn (bedID, plantID, percentage, staffID) VALUES (198, 466, 2, 128);
INSERT INTO PlantedIn (bedID, plantID, percentage, staffID) VALUES (104, 2359, 4, 47);
INSERT INTO PlantedIn (bedID, plantID, percentage, staffID) VALUES (200, 447, 1, 171);
INSERT INTO PlantedIn (bedID, plantID, percentage, staffID) VALUES (379, 1689, 2, 22);
INSERT INTO PlantedIn (bedID, plantID, percentage, staffID) VALUES (54, 1564, 2, 54);
INSERT INTO PlantedIn (bedID, plantID, percentage, staffID) VALUES (313, 1403, 3, 108);
INSERT INTO PlantedIn (bedID, plantID, percentage, staffID) VALUES (92, 2139, 2, 149);
INSERT INTO PlantedIn (bedID, plantID, percentage, staffID) VALUES (457, 2295, 1, 123);
INSERT INTO PlantedIn (bedID, plantID, percentage, staffID) VALUES (97, 3204, 3, 34);
INSERT INTO PlantedIn (bedID, plantID, percentage, staffID) VALUES (447, 3, 3, 131);
INSERT INTO PlantedIn (bedID, plantID, percentage, staffID) VALUES (207, 2878, 3, 4);
INSERT INTO PlantedIn (bedID, plantID, percentage, staffID) VALUES (71, 1080, 4, 184);
INSERT INTO PlantedIn (bedID, plantID, percentage, staffID) VALUES (304, 1654, 4, 95);
INSERT INTO PlantedIn (bedID, plantID, percentage, staffID) VALUES (465, 737, 4, 56);
INSERT INTO PlantedIn (bedID, plantID, percentage, staffID) VALUES (17, 933, 1, 44);
INSERT INTO PlantedIn (bedID, plantID, percentage, staffID) VALUES (395, 3139, 1, 39);
INSERT INTO PlantedIn (bedID, plantID, percentage, staffID) VALUES (304, 1353, 3, 136);
INSERT INTO PlantedIn (bedID, plantID, percentage, staffID) VALUES (166, 1180, 4, 68);
INSERT INTO PlantedIn (bedID, plantID, percentage, staffID) VALUES (24, 1352, 1, 70);
INSERT INTO PlantedIn (bedID, plantID, percentage, staffID) VALUES (298, 931, 2, 2);
INSERT INTO PlantedIn (bedID, plantID, percentage, staffID) VALUES (317, 1817, 3, 22);
INSERT INTO PlantedIn (bedID, plantID, percentage, staffID) VALUES (313, 1468, 3, 110);
INSERT INTO PlantedIn (bedID, plantID, percentage, staffID) VALUES (294, 2895, 2, 143);
INSERT INTO PlantedIn (bedID, plantID, percentage, staffID) VALUES (266, 3417, 1, 101);
INSERT INTO PlantedIn (bedID, plantID, percentage, staffID) VALUES (111, 616, 3, 161);
INSERT INTO PlantedIn (bedID, plantID, percentage, staffID) VALUES (220, 456, 3, 76);
INSERT INTO PlantedIn (bedID, plantID, percentage, staffID) VALUES (222, 2751, 1, 146);
INSERT INTO PlantedIn (bedID, plantID, percentage, staffID) VALUES (451, 2785, 3, 75);
INSERT INTO PlantedIn (bedID, plantID, percentage, staffID) VALUES (91, 1836, 4, 56);
INSERT INTO PlantedIn (bedID, plantID, percentage, staffID) VALUES (405, 3125, 2, 112);
INSERT INTO PlantedIn (bedID, plantID, percentage, staffID) VALUES (264, 945, 1, 191);
INSERT INTO PlantedIn (bedID, plantID, percentage, staffID) VALUES (61, 1650, 2, 66);
INSERT INTO PlantedIn (bedID, plantID, percentage, staffID) VALUES (278, 416, 1, 194);
INSERT INTO PlantedIn (bedID, plantID, percentage, staffID) VALUES (107, 1232, 3, 116);
INSERT INTO PlantedIn (bedID, plantID, percentage, staffID) VALUES (15, 1068, 4, 161);
INSERT INTO PlantedIn (bedID, plantID, percentage, staffID) VALUES (472, 605, 1, 124);
INSERT INTO PlantedIn (bedID, plantID, percentage, staffID) VALUES (299, 3382, 2, 8);
INSERT INTO PlantedIn (bedID, plantID, percentage, staffID) VALUES (393, 3455, 4, 74);
INSERT INTO PlantedIn (bedID, plantID, percentage, staffID) VALUES (152, 2625, 4, 66);
INSERT INTO PlantedIn (bedID, plantID, percentage, staffID) VALUES (277, 2012, 3, 144);
INSERT INTO PlantedIn (bedID, plantID, percentage, staffID) VALUES (377, 1908, 4, 122);
INSERT INTO PlantedIn (bedID, plantID, percentage, staffID) VALUES (37, 71, 4, 157);
INSERT INTO PlantedIn (bedID, plantID, percentage, staffID) VALUES (286, 2820, 2, 1);
INSERT INTO PlantedIn (bedID, plantID, percentage, staffID) VALUES (295, 1388, 4, 80);
INSERT INTO PlantedIn (bedID, plantID, percentage, staffID) VALUES (18, 2743, 4, 174);
INSERT INTO PlantedIn (bedID, plantID, percentage, staffID) VALUES (462, 3118, 3, 171);
INSERT INTO PlantedIn (bedID, plantID, percentage, staffID) VALUES (155, 2090, 1, 36);
INSERT INTO PlantedIn (bedID, plantID, percentage, staffID) VALUES (17, 2988, 3, 187);
INSERT INTO PlantedIn (bedID, plantID, percentage, staffID) VALUES (433, 2833, 3, 166);
INSERT INTO PlantedIn (bedID, plantID, percentage, staffID) VALUES (219, 3132, 1, 194);
INSERT INTO PlantedIn (bedID, plantID, percentage, staffID) VALUES (81, 1317, 1, 6);
INSERT INTO PlantedIn (bedID, plantID, percentage, staffID) VALUES (24, 3399, 1, 7);
INSERT INTO PlantedIn (bedID, plantID, percentage, staffID) VALUES (325, 3355, 1, 120);
INSERT INTO PlantedIn (bedID, plantID, percentage, staffID) VALUES (194, 2943, 2, 28);
INSERT INTO PlantedIn (bedID, plantID, percentage, staffID) VALUES (253, 205, 3, 26);
INSERT INTO PlantedIn (bedID, plantID, percentage, staffID) VALUES (450, 356, 4, 115);
INSERT INTO PlantedIn (bedID, plantID, percentage, staffID) VALUES (391, 1427, 2, 79);
INSERT INTO PlantedIn (bedID, plantID, percentage, staffID) VALUES (85, 1291, 2, 76);
INSERT INTO PlantedIn (bedID, plantID, percentage, staffID) VALUES (320, 1553, 3, 114);
INSERT INTO PlantedIn (bedID, plantID, percentage, staffID) VALUES (133, 2271, 4, 154);
INSERT INTO PlantedIn (bedID, plantID, percentage, staffID) VALUES (47, 448, 3, 63);
INSERT INTO PlantedIn (bedID, plantID, percentage, staffID) VALUES (80, 1675, 1, 29);
INSERT INTO PlantedIn (bedID, plantID, percentage, staffID) VALUES (332, 35, 2, 122);
INSERT INTO PlantedIn (bedID, plantID, percentage, staffID) VALUES (195, 587, 3, 21);
INSERT INTO PlantedIn (bedID, plantID, percentage, staffID) VALUES (350, 3284, 1, 135);
INSERT INTO PlantedIn (bedID, plantID, percentage, staffID) VALUES (89, 2466, 2, 12);
INSERT INTO PlantedIn (bedID, plantID, percentage, staffID) VALUES (357, 1412, 4, 187);
INSERT INTO PlantedIn (bedID, plantID, percentage, staffID) VALUES (378, 216, 2, 9);
INSERT INTO PlantedIn (bedID, plantID, percentage, staffID) VALUES (358, 91, 4, 138);
INSERT INTO PlantedIn (bedID, plantID, percentage, staffID) VALUES (185, 1198, 1, 15);
INSERT INTO PlantedIn (bedID, plantID, percentage, staffID) VALUES (151, 2576, 3, 95);
INSERT INTO PlantedIn (bedID, plantID, percentage, staffID) VALUES (387, 2177, 3, 86);
INSERT INTO PlantedIn (bedID, plantID, percentage, staffID) VALUES (196, 306, 3, 154);
INSERT INTO PlantedIn (bedID, plantID, percentage, staffID) VALUES (340, 3134, 2, 181);
INSERT INTO PlantedIn (bedID, plantID, percentage, staffID) VALUES (84, 3087, 4, 81);
INSERT INTO PlantedIn (bedID, plantID, percentage, staffID) VALUES (405, 1674, 3, 61);
INSERT INTO PlantedIn (bedID, plantID, percentage, staffID) VALUES (216, 3751, 4, 89);
INSERT INTO PlantedIn (bedID, plantID, percentage, staffID) VALUES (133, 1942, 3, 191);
INSERT INTO PlantedIn (bedID, plantID, percentage, staffID) VALUES (80, 1545, 4, 67);
INSERT INTO PlantedIn (bedID, plantID, percentage, staffID) VALUES (456, 2896, 2, 112);
INSERT INTO PlantedIn (bedID, plantID, percentage, staffID) VALUES (51, 3313, 2, 4);
INSERT INTO PlantedIn (bedID, plantID, percentage, staffID) VALUES (311, 1578, 3, 53);
INSERT INTO PlantedIn (bedID, plantID, percentage, staffID) VALUES (398, 2143, 2, 25);
INSERT INTO PlantedIn (bedID, plantID, percentage, staffID) VALUES (249, 2130, 4, 30);
INSERT INTO PlantedIn (bedID, plantID, percentage, staffID) VALUES (26, 309, 1, 83);
INSERT INTO PlantedIn (bedID, plantID, percentage, staffID) VALUES (227, 2830, 2, 43);
INSERT INTO PlantedIn (bedID, plantID, percentage, staffID) VALUES (228, 2910, 2, 167);
INSERT INTO PlantedIn (bedID, plantID, percentage, staffID) VALUES (24, 3060, 1, 175);
INSERT INTO PlantedIn (bedID, plantID, percentage, staffID) VALUES (307, 3362, 2, 90);
INSERT INTO PlantedIn (bedID, plantID, percentage, staffID) VALUES (132, 2692, 1, 166);
INSERT INTO PlantedIn (bedID, plantID, percentage, staffID) VALUES (119, 3605, 4, 86);
INSERT INTO PlantedIn (bedID, plantID, percentage, staffID) VALUES (229, 2168, 3, 119);
INSERT INTO PlantedIn (bedID, plantID, percentage, staffID) VALUES (303, 3805, 1, 155);
INSERT INTO PlantedIn (bedID, plantID, percentage, staffID) VALUES (339, 3738, 1, 115);
INSERT INTO PlantedIn (bedID, plantID, percentage, staffID) VALUES (341, 1467, 4, 104);
INSERT INTO PlantedIn (bedID, plantID, percentage, staffID) VALUES (81, 1396, 4, 189);
INSERT INTO PlantedIn (bedID, plantID, percentage, staffID) VALUES (110, 1408, 3, 26);
INSERT INTO PlantedIn (bedID, plantID, percentage, staffID) VALUES (29, 3622, 2, 129);
INSERT INTO PlantedIn (bedID, plantID, percentage, staffID) VALUES (412, 171, 2, 18);
INSERT INTO PlantedIn (bedID, plantID, percentage, staffID) VALUES (287, 2579, 1, 182);
INSERT INTO PlantedIn (bedID, plantID, percentage, staffID) VALUES (309, 2508, 2, 75);
INSERT INTO PlantedIn (bedID, plantID, percentage, staffID) VALUES (292, 3586, 2, 116);
INSERT INTO PlantedIn (bedID, plantID, percentage, staffID) VALUES (146, 281, 2, 22);
INSERT INTO PlantedIn (bedID, plantID, percentage, staffID) VALUES (206, 114, 3, 61);
INSERT INTO PlantedIn (bedID, plantID, percentage, staffID) VALUES (170, 3095, 1, 157);
INSERT INTO PlantedIn (bedID, plantID, percentage, staffID) VALUES (400, 3294, 2, 119);
INSERT INTO PlantedIn (bedID, plantID, percentage, staffID) VALUES (246, 1822, 1, 142);
INSERT INTO PlantedIn (bedID, plantID, percentage, staffID) VALUES (57, 235, 3, 110);
INSERT INTO PlantedIn (bedID, plantID, percentage, staffID) VALUES (468, 404, 2, 15);
INSERT INTO PlantedIn (bedID, plantID, percentage, staffID) VALUES (84, 680, 3, 158);
INSERT INTO PlantedIn (bedID, plantID, percentage, staffID) VALUES (98, 275, 3, 57);
INSERT INTO PlantedIn (bedID, plantID, percentage, staffID) VALUES (233, 1733, 4, 11);
INSERT INTO PlantedIn (bedID, plantID, percentage, staffID) VALUES (118, 3163, 1, 16);
INSERT INTO PlantedIn (bedID, plantID, percentage, staffID) VALUES (318, 2546, 1, 111);
INSERT INTO PlantedIn (bedID, plantID, percentage, staffID) VALUES (62, 924, 1, 74);
INSERT INTO PlantedIn (bedID, plantID, percentage, staffID) VALUES (2, 221, 1, 120);
INSERT INTO PlantedIn (bedID, plantID, percentage, staffID) VALUES (111, 1380, 2, 162);
INSERT INTO PlantedIn (bedID, plantID, percentage, staffID) VALUES (203, 258, 4, 8);
INSERT INTO PlantedIn (bedID, plantID, percentage, staffID) VALUES (244, 347, 4, 157);
INSERT INTO PlantedIn (bedID, plantID, percentage, staffID) VALUES (430, 3274, 3, 176);
INSERT INTO PlantedIn (bedID, plantID, percentage, staffID) VALUES (240, 1553, 3, 157);
INSERT INTO PlantedIn (bedID, plantID, percentage, staffID) VALUES (303, 495, 4, 181);
INSERT INTO PlantedIn (bedID, plantID, percentage, staffID) VALUES (13, 3367, 1, 47);
INSERT INTO PlantedIn (bedID, plantID, percentage, staffID) VALUES (439, 3139, 1, 44);
INSERT INTO PlantedIn (bedID, plantID, percentage, staffID) VALUES (80, 15, 3, 123);
INSERT INTO PlantedIn (bedID, plantID, percentage, staffID) VALUES (34, 2459, 3, 106);
INSERT INTO PlantedIn (bedID, plantID, percentage, staffID) VALUES (344, 1105, 3, 72);
INSERT INTO PlantedIn (bedID, plantID, percentage, staffID) VALUES (63, 803, 3, 44);
INSERT INTO PlantedIn (bedID, plantID, percentage, staffID) VALUES (289, 3785, 1, 56);
INSERT INTO PlantedIn (bedID, plantID, percentage, staffID) VALUES (51, 613, 1, 39);
INSERT INTO PlantedIn (bedID, plantID, percentage, staffID) VALUES (14, 1618, 4, 34);
INSERT INTO PlantedIn (bedID, plantID, percentage, staffID) VALUES (110, 1462, 2, 25);
INSERT INTO PlantedIn (bedID, plantID, percentage, staffID) VALUES (168, 1981, 1, 8);
INSERT INTO PlantedIn (bedID, plantID, percentage, staffID) VALUES (378, 1499, 4, 146);
INSERT INTO PlantedIn (bedID, plantID, percentage, staffID) VALUES (282, 3574, 1, 117);
INSERT INTO PlantedIn (bedID, plantID, percentage, staffID) VALUES (428, 3256, 1, 93);
INSERT INTO PlantedIn (bedID, plantID, percentage, staffID) VALUES (1, 2491, 1, 30);
INSERT INTO PlantedIn (bedID, plantID, percentage, staffID) VALUES (327, 412, 1, 142);
INSERT INTO PlantedIn (bedID, plantID, percentage, staffID) VALUES (390, 2664, 1, 107);
INSERT INTO PlantedIn (bedID, plantID, percentage, staffID) VALUES (96, 2172, 4, 53);
INSERT INTO PlantedIn (bedID, plantID, percentage, staffID) VALUES (450, 3752, 3, 190);
INSERT INTO PlantedIn (bedID, plantID, percentage, staffID) VALUES (424, 1929, 4, 153);
INSERT INTO PlantedIn (bedID, plantID, percentage, staffID) VALUES (162, 787, 2, 166);
INSERT INTO PlantedIn (bedID, plantID, percentage, staffID) VALUES (402, 3691, 4, 76);
INSERT INTO PlantedIn (bedID, plantID, percentage, staffID) VALUES (126, 1393, 4, 42);
INSERT INTO PlantedIn (bedID, plantID, percentage, staffID) VALUES (221, 3469, 2, 6);
INSERT INTO PlantedIn (bedID, plantID, percentage, staffID) VALUES (278, 2127, 4, 96);
INSERT INTO PlantedIn (bedID, plantID, percentage, staffID) VALUES (53, 2810, 1, 161);
INSERT INTO PlantedIn (bedID, plantID, percentage, staffID) VALUES (330, 2775, 3, 124);
INSERT INTO PlantedIn (bedID, plantID, percentage, staffID) VALUES (103, 1374, 3, 80);
INSERT INTO PlantedIn (bedID, plantID, percentage, staffID) VALUES (265, 775, 2, 184);
INSERT INTO PlantedIn (bedID, plantID, percentage, staffID) VALUES (74, 1054, 2, 65);
INSERT INTO PlantedIn (bedID, plantID, percentage, staffID) VALUES (300, 2019, 1, 77);
INSERT INTO PlantedIn (bedID, plantID, percentage, staffID) VALUES (199, 1559, 1, 80);
INSERT INTO PlantedIn (bedID, plantID, percentage, staffID) VALUES (451, 3324, 1, 163);
INSERT INTO PlantedIn (bedID, plantID, percentage, staffID) VALUES (278, 2250, 2, 26);
INSERT INTO PlantedIn (bedID, plantID, percentage, staffID) VALUES (142, 2834, 3, 179);
INSERT INTO PlantedIn (bedID, plantID, percentage, staffID) VALUES (42, 1034, 3, 16);
INSERT INTO PlantedIn (bedID, plantID, percentage, staffID) VALUES (222, 3771, 3, 11);
INSERT INTO PlantedIn (bedID, plantID, percentage, staffID) VALUES (118, 1436, 4, 9);
INSERT INTO PlantedIn (bedID, plantID, percentage, staffID) VALUES (390, 1435, 4, 66);
INSERT INTO PlantedIn (bedID, plantID, percentage, staffID) VALUES (110, 442, 4, 172);
INSERT INTO PlantedIn (bedID, plantID, percentage, staffID) VALUES (330, 3748, 4, 21);
INSERT INTO PlantedIn (bedID, plantID, percentage, staffID) VALUES (333, 3781, 4, 105);
INSERT INTO PlantedIn (bedID, plantID, percentage, staffID) VALUES (117, 2276, 3, 90);
INSERT INTO PlantedIn (bedID, plantID, percentage, staffID) VALUES (267, 1902, 4, 69);
INSERT INTO PlantedIn (bedID, plantID, percentage, staffID) VALUES (409, 1471, 4, 142);
INSERT INTO PlantedIn (bedID, plantID, percentage, staffID) VALUES (379, 2604, 3, 15);
INSERT INTO PlantedIn (bedID, plantID, percentage, staffID) VALUES (22, 1509, 2, 83);
INSERT INTO PlantedIn (bedID, plantID, percentage, staffID) VALUES (239, 947, 1, 20);
INSERT INTO PlantedIn (bedID, plantID, percentage, staffID) VALUES (102, 756, 4, 41);
INSERT INTO PlantedIn (bedID, plantID, percentage, staffID) VALUES (83, 2749, 2, 145);
INSERT INTO PlantedIn (bedID, plantID, percentage, staffID) VALUES (142, 565, 4, 28);
INSERT INTO PlantedIn (bedID, plantID, percentage, staffID) VALUES (302, 1813, 3, 139);
INSERT INTO PlantedIn (bedID, plantID, percentage, staffID) VALUES (402, 1431, 3, 53);
INSERT INTO PlantedIn (bedID, plantID, percentage, staffID) VALUES (21, 1271, 1, 57);
INSERT INTO PlantedIn (bedID, plantID, percentage, staffID) VALUES (341, 2618, 1, 75);
INSERT INTO PlantedIn (bedID, plantID, percentage, staffID) VALUES (437, 1772, 1, 87);
INSERT INTO PlantedIn (bedID, plantID, percentage, staffID) VALUES (310, 2407, 4, 11);
INSERT INTO PlantedIn (bedID, plantID, percentage, staffID) VALUES (158, 2944, 3, 51);
INSERT INTO PlantedIn (bedID, plantID, percentage, staffID) VALUES (430, 1468, 3, 102);
INSERT INTO PlantedIn (bedID, plantID, percentage, staffID) VALUES (402, 678, 3, 10);
INSERT INTO PlantedIn (bedID, plantID, percentage, staffID) VALUES (258, 1179, 3, 72);
INSERT INTO PlantedIn (bedID, plantID, percentage, staffID) VALUES (300, 2412, 2, 139);
INSERT INTO PlantedIn (bedID, plantID, percentage, staffID) VALUES (143, 165, 1, 118);
INSERT INTO PlantedIn (bedID, plantID, percentage, staffID) VALUES (237, 8, 1, 74);
INSERT INTO PlantedIn (bedID, plantID, percentage, staffID) VALUES (83, 887, 1, 121);
INSERT INTO PlantedIn (bedID, plantID, percentage, staffID) VALUES (289, 350, 2, 129);
INSERT INTO PlantedIn (bedID, plantID, percentage, staffID) VALUES (126, 2608, 4, 32);
INSERT INTO PlantedIn (bedID, plantID, percentage, staffID) VALUES (464, 1952, 3, 82);
INSERT INTO PlantedIn (bedID, plantID, percentage, staffID) VALUES (58, 2100, 3, 134);
INSERT INTO PlantedIn (bedID, plantID, percentage, staffID) VALUES (258, 51, 1, 159);
INSERT INTO PlantedIn (bedID, plantID, percentage, staffID) VALUES (202, 2934, 3, 27);
INSERT INTO PlantedIn (bedID, plantID, percentage, staffID) VALUES (468, 2783, 3, 140);
INSERT INTO PlantedIn (bedID, plantID, percentage, staffID) VALUES (384, 1208, 1, 12);
INSERT INTO PlantedIn (bedID, plantID, percentage, staffID) VALUES (467, 819, 4, 181);
INSERT INTO PlantedIn (bedID, plantID, percentage, staffID) VALUES (339, 1112, 4, 119);
INSERT INTO PlantedIn (bedID, plantID, percentage, staffID) VALUES (174, 2114, 2, 57);
INSERT INTO PlantedIn (bedID, plantID, percentage, staffID) VALUES (43, 3588, 3, 23);
INSERT INTO PlantedIn (bedID, plantID, percentage, staffID) VALUES (446, 3423, 2, 165);
INSERT INTO PlantedIn (bedID, plantID, percentage, staffID) VALUES (309, 2529, 2, 47);
INSERT INTO PlantedIn (bedID, plantID, percentage, staffID) VALUES (458, 1106, 4, 110);
INSERT INTO PlantedIn (bedID, plantID, percentage, staffID) VALUES (236, 1646, 1, 188);
INSERT INTO PlantedIn (bedID, plantID, percentage, staffID) VALUES (338, 1936, 1, 13);
INSERT INTO PlantedIn (bedID, plantID, percentage, staffID) VALUES (23, 1295, 1, 116);
INSERT INTO PlantedIn (bedID, plantID, percentage, staffID) VALUES (125, 2611, 1, 158);
INSERT INTO PlantedIn (bedID, plantID, percentage, staffID) VALUES (266, 2233, 1, 117);
INSERT INTO PlantedIn (bedID, plantID, percentage, staffID) VALUES (242, 2097, 1, 172);
INSERT INTO PlantedIn (bedID, plantID, percentage, staffID) VALUES (93, 266, 1, 128);
INSERT INTO PlantedIn (bedID, plantID, percentage, staffID) VALUES (168, 633, 4, 24);
INSERT INTO PlantedIn (bedID, plantID, percentage, staffID) VALUES (279, 144, 2, 14);
INSERT INTO PlantedIn (bedID, plantID, percentage, staffID) VALUES (255, 490, 3, 78);
INSERT INTO PlantedIn (bedID, plantID, percentage, staffID) VALUES (219, 3667, 3, 148);
INSERT INTO PlantedIn (bedID, plantID, percentage, staffID) VALUES (296, 1916, 1, 190);
INSERT INTO PlantedIn (bedID, plantID, percentage, staffID) VALUES (35, 1940, 3, 80);
INSERT INTO PlantedIn (bedID, plantID, percentage, staffID) VALUES (21, 885, 1, 153);
INSERT INTO PlantedIn (bedID, plantID, percentage, staffID) VALUES (141, 1434, 3, 83);
INSERT INTO PlantedIn (bedID, plantID, percentage, staffID) VALUES (253, 2012, 1, 103);
INSERT INTO PlantedIn (bedID, plantID, percentage, staffID) VALUES (264, 2209, 1, 88);
INSERT INTO PlantedIn (bedID, plantID, percentage, staffID) VALUES (331, 3128, 1, 139);
INSERT INTO PlantedIn (bedID, plantID, percentage, staffID) VALUES (359, 1561, 2, 181);
INSERT INTO PlantedIn (bedID, plantID, percentage, staffID) VALUES (426, 3144, 4, 116);
INSERT INTO PlantedIn (bedID, plantID, percentage, staffID) VALUES (150, 3703, 2, 114);
INSERT INTO PlantedIn (bedID, plantID, percentage, staffID) VALUES (89, 1167, 2, 123);
INSERT INTO PlantedIn (bedID, plantID, percentage, staffID) VALUES (319, 14, 1, 28);
INSERT INTO PlantedIn (bedID, plantID, percentage, staffID) VALUES (248, 2478, 1, 68);
INSERT INTO PlantedIn (bedID, plantID, percentage, staffID) VALUES (101, 2933, 4, 37);
INSERT INTO PlantedIn (bedID, plantID, percentage, staffID) VALUES (269, 3315, 2, 15);
INSERT INTO PlantedIn (bedID, plantID, percentage, staffID) VALUES (124, 3689, 1, 145);
INSERT INTO PlantedIn (bedID, plantID, percentage, staffID) VALUES (364, 1063, 1, 28);
INSERT INTO PlantedIn (bedID, plantID, percentage, staffID) VALUES (111, 2665, 2, 91);
INSERT INTO PlantedIn (bedID, plantID, percentage, staffID) VALUES (469, 162, 3, 185);
INSERT INTO PlantedIn (bedID, plantID, percentage, staffID) VALUES (22, 158, 3, 178);
INSERT INTO PlantedIn (bedID, plantID, percentage, staffID) VALUES (323, 787, 4, 133);
INSERT INTO PlantedIn (bedID, plantID, percentage, staffID) VALUES (456, 3200, 3, 165);
INSERT INTO PlantedIn (bedID, plantID, percentage, staffID) VALUES (325, 3383, 4, 175);
INSERT INTO PlantedIn (bedID, plantID, percentage, staffID) VALUES (393, 2178, 3, 22);
INSERT INTO PlantedIn (bedID, plantID, percentage, staffID) VALUES (397, 932, 1, 139);
INSERT INTO PlantedIn (bedID, plantID, percentage, staffID) VALUES (441, 470, 4, 101);
INSERT INTO PlantedIn (bedID, plantID, percentage, staffID) VALUES (78, 1528, 1, 120);
INSERT INTO PlantedIn (bedID, plantID, percentage, staffID) VALUES (207, 1770, 1, 159);
INSERT INTO PlantedIn (bedID, plantID, percentage, staffID) VALUES (313, 1659, 3, 3);
INSERT INTO PlantedIn (bedID, plantID, percentage, staffID) VALUES (122, 3159, 4, 32);
INSERT INTO PlantedIn (bedID, plantID, percentage, staffID) VALUES (328, 35, 3, 182);
INSERT INTO PlantedIn (bedID, plantID, percentage, staffID) VALUES (271, 3853, 2, 25);
INSERT INTO PlantedIn (bedID, plantID, percentage, staffID) VALUES (113, 3086, 1, 99);
INSERT INTO PlantedIn (bedID, plantID, percentage, staffID) VALUES (436, 3762, 1, 19);
INSERT INTO PlantedIn (bedID, plantID, percentage, staffID) VALUES (175, 2616, 4, 60);
INSERT INTO PlantedIn (bedID, plantID, percentage, staffID) VALUES (64, 272, 4, 189);
INSERT INTO PlantedIn (bedID, plantID, percentage, staffID) VALUES (237, 3612, 4, 86);
INSERT INTO PlantedIn (bedID, plantID, percentage, staffID) VALUES (356, 2214, 2, 143);
INSERT INTO PlantedIn (bedID, plantID, percentage, staffID) VALUES (277, 326, 4, 116);
INSERT INTO PlantedIn (bedID, plantID, percentage, staffID) VALUES (10, 316, 2, 181);
INSERT INTO PlantedIn (bedID, plantID, percentage, staffID) VALUES (359, 690, 4, 40);
INSERT INTO PlantedIn (bedID, plantID, percentage, staffID) VALUES (118, 445, 3, 141);
INSERT INTO PlantedIn (bedID, plantID, percentage, staffID) VALUES (24, 418, 4, 103);
INSERT INTO PlantedIn (bedID, plantID, percentage, staffID) VALUES (323, 786, 2, 50);
INSERT INTO PlantedIn (bedID, plantID, percentage, staffID) VALUES (375, 813, 2, 85);
INSERT INTO PlantedIn (bedID, plantID, percentage, staffID) VALUES (140, 3792, 1, 41);
INSERT INTO PlantedIn (bedID, plantID, percentage, staffID) VALUES (129, 3349, 1, 89);
INSERT INTO PlantedIn (bedID, plantID, percentage, staffID) VALUES (22, 2428, 2, 189);
INSERT INTO PlantedIn (bedID, plantID, percentage, staffID) VALUES (352, 2363, 4, 9);
INSERT INTO PlantedIn (bedID, plantID, percentage, staffID) VALUES (341, 2113, 2, 122);
INSERT INTO PlantedIn (bedID, plantID, percentage, staffID) VALUES (355, 3239, 3, 136);
INSERT INTO PlantedIn (bedID, plantID, percentage, staffID) VALUES (23, 305, 2, 188);
INSERT INTO PlantedIn (bedID, plantID, percentage, staffID) VALUES (29, 446, 1, 107);
INSERT INTO PlantedIn (bedID, plantID, percentage, staffID) VALUES (145, 1935, 3, 28);
INSERT INTO PlantedIn (bedID, plantID, percentage, staffID) VALUES (174, 2204, 2, 124);
INSERT INTO PlantedIn (bedID, plantID, percentage, staffID) VALUES (94, 2045, 4, 144);
INSERT INTO PlantedIn (bedID, plantID, percentage, staffID) VALUES (67, 2890, 4, 150);
INSERT INTO PlantedIn (bedID, plantID, percentage, staffID) VALUES (140, 1263, 1, 53);
INSERT INTO PlantedIn (bedID, plantID, percentage, staffID) VALUES (78, 3563, 1, 120);
INSERT INTO PlantedIn (bedID, plantID, percentage, staffID) VALUES (1, 1939, 1, 114);
INSERT INTO PlantedIn (bedID, plantID, percentage, staffID) VALUES (292, 293, 4, 31);
INSERT INTO PlantedIn (bedID, plantID, percentage, staffID) VALUES (273, 1092, 4, 102);
INSERT INTO PlantedIn (bedID, plantID, percentage, staffID) VALUES (404, 406, 1, 73);
INSERT INTO PlantedIn (bedID, plantID, percentage, staffID) VALUES (383, 2806, 1, 130);
INSERT INTO PlantedIn (bedID, plantID, percentage, staffID) VALUES (386, 2825, 4, 88);
INSERT INTO PlantedIn (bedID, plantID, percentage, staffID) VALUES (110, 3809, 4, 179);
INSERT INTO PlantedIn (bedID, plantID, percentage, staffID) VALUES (29, 90, 3, 158);
INSERT INTO PlantedIn (bedID, plantID, percentage, staffID) VALUES (145, 1042, 1, 119);
INSERT INTO PlantedIn (bedID, plantID, percentage, staffID) VALUES (178, 3616, 1, 43);
INSERT INTO PlantedIn (bedID, plantID, percentage, staffID) VALUES (472, 778, 4, 160);
INSERT INTO PlantedIn (bedID, plantID, percentage, staffID) VALUES (439, 1604, 4, 185);
INSERT INTO PlantedIn (bedID, plantID, percentage, staffID) VALUES (146, 202, 1, 41);
INSERT INTO PlantedIn (bedID, plantID, percentage, staffID) VALUES (371, 2422, 1, 192);
INSERT INTO PlantedIn (bedID, plantID, percentage, staffID) VALUES (290, 3139, 3, 177);
INSERT INTO PlantedIn (bedID, plantID, percentage, staffID) VALUES (395, 2456, 1, 64);
INSERT INTO PlantedIn (bedID, plantID, percentage, staffID) VALUES (428, 3446, 2, 61);
INSERT INTO PlantedIn (bedID, plantID, percentage, staffID) VALUES (392, 1963, 4, 59);
INSERT INTO PlantedIn (bedID, plantID, percentage, staffID) VALUES (336, 267, 3, 128);
INSERT INTO PlantedIn (bedID, plantID, percentage, staffID) VALUES (229, 2061, 4, 126);
INSERT INTO PlantedIn (bedID, plantID, percentage, staffID) VALUES (277, 3140, 2, 187);
INSERT INTO PlantedIn (bedID, plantID, percentage, staffID) VALUES (208, 3284, 1, 79);
INSERT INTO PlantedIn (bedID, plantID, percentage, staffID) VALUES (313, 958, 2, 148);
INSERT INTO PlantedIn (bedID, plantID, percentage, staffID) VALUES (418, 137, 4, 130);
INSERT INTO PlantedIn (bedID, plantID, percentage, staffID) VALUES (439, 3618, 4, 14);
INSERT INTO PlantedIn (bedID, plantID, percentage, staffID) VALUES (210, 1369, 1, 118);
INSERT INTO PlantedIn (bedID, plantID, percentage, staffID) VALUES (201, 787, 4, 161);
INSERT INTO PlantedIn (bedID, plantID, percentage, staffID) VALUES (349, 1563, 2, 143);
INSERT INTO PlantedIn (bedID, plantID, percentage, staffID) VALUES (103, 2363, 3, 141);
INSERT INTO PlantedIn (bedID, plantID, percentage, staffID) VALUES (218, 284, 1, 145);
INSERT INTO PlantedIn (bedID, plantID, percentage, staffID) VALUES (152, 1666, 1, 127);
INSERT INTO PlantedIn (bedID, plantID, percentage, staffID) VALUES (91, 228, 3, 30);
INSERT INTO PlantedIn (bedID, plantID, percentage, staffID) VALUES (196, 2796, 4, 161);
INSERT INTO PlantedIn (bedID, plantID, percentage, staffID) VALUES (439, 2231, 3, 152);
INSERT INTO PlantedIn (bedID, plantID, percentage, staffID) VALUES (354, 2165, 1, 130);
INSERT INTO PlantedIn (bedID, plantID, percentage, staffID) VALUES (469, 983, 2, 56);
INSERT INTO PlantedIn (bedID, plantID, percentage, staffID) VALUES (242, 1027, 3, 174);
INSERT INTO PlantedIn (bedID, plantID, percentage, staffID) VALUES (154, 3852, 3, 69);
INSERT INTO PlantedIn (bedID, plantID, percentage, staffID) VALUES (341, 490, 3, 117);
INSERT INTO PlantedIn (bedID, plantID, percentage, staffID) VALUES (333, 1220, 3, 64);
INSERT INTO PlantedIn (bedID, plantID, percentage, staffID) VALUES (358, 1141, 4, 181);
INSERT INTO PlantedIn (bedID, plantID, percentage, staffID) VALUES (459, 2849, 3, 66);
INSERT INTO PlantedIn (bedID, plantID, percentage, staffID) VALUES (141, 3696, 2, 161);
INSERT INTO PlantedIn (bedID, plantID, percentage, staffID) VALUES (100, 238, 3, 152);
INSERT INTO PlantedIn (bedID, plantID, percentage, staffID) VALUES (155, 2300, 3, 87);
INSERT INTO PlantedIn (bedID, plantID, percentage, staffID) VALUES (280, 2943, 2, 80);
INSERT INTO PlantedIn (bedID, plantID, percentage, staffID) VALUES (132, 1035, 1, 57);
INSERT INTO PlantedIn (bedID, plantID, percentage, staffID) VALUES (267, 622, 3, 172);
INSERT INTO PlantedIn (bedID, plantID, percentage, staffID) VALUES (425, 628, 1, 52);
INSERT INTO PlantedIn (bedID, plantID, percentage, staffID) VALUES (57, 151, 2, 99);
INSERT INTO PlantedIn (bedID, plantID, percentage, staffID) VALUES (48, 883, 2, 11);
INSERT INTO PlantedIn (bedID, plantID, percentage, staffID) VALUES (390, 1828, 2, 17);
INSERT INTO PlantedIn (bedID, plantID, percentage, staffID) VALUES (111, 1809, 1, 149);
INSERT INTO PlantedIn (bedID, plantID, percentage, staffID) VALUES (204, 2642, 3, 146);
INSERT INTO PlantedIn (bedID, plantID, percentage, staffID) VALUES (450, 3832, 3, 151);
INSERT INTO PlantedIn (bedID, plantID, percentage, staffID) VALUES (72, 2248, 1, 10);
INSERT INTO PlantedIn (bedID, plantID, percentage, staffID) VALUES (352, 1150, 4, 50);
INSERT INTO PlantedIn (bedID, plantID, percentage, staffID) VALUES (160, 2815, 2, 40);
INSERT INTO PlantedIn (bedID, plantID, percentage, staffID) VALUES (453, 932, 4, 177);
INSERT INTO PlantedIn (bedID, plantID, percentage, staffID) VALUES (338, 3647, 4, 40);
INSERT INTO PlantedIn (bedID, plantID, percentage, staffID) VALUES (195, 3556, 4, 15);
INSERT INTO PlantedIn (bedID, plantID, percentage, staffID) VALUES (286, 3033, 3, 112);
INSERT INTO PlantedIn (bedID, plantID, percentage, staffID) VALUES (367, 1113, 4, 14);
INSERT INTO PlantedIn (bedID, plantID, percentage, staffID) VALUES (195, 862, 3, 98);
INSERT INTO PlantedIn (bedID, plantID, percentage, staffID) VALUES (450, 2579, 4, 38);
INSERT INTO PlantedIn (bedID, plantID, percentage, staffID) VALUES (430, 193, 3, 141);
INSERT INTO PlantedIn (bedID, plantID, percentage, staffID) VALUES (470, 3406, 2, 117);
INSERT INTO PlantedIn (bedID, plantID, percentage, staffID) VALUES (379, 2475, 2, 51);
INSERT INTO PlantedIn (bedID, plantID, percentage, staffID) VALUES (39, 103, 4, 27);
INSERT INTO PlantedIn (bedID, plantID, percentage, staffID) VALUES (67, 412, 3, 116);
INSERT INTO PlantedIn (bedID, plantID, percentage, staffID) VALUES (156, 153, 2, 62);
INSERT INTO PlantedIn (bedID, plantID, percentage, staffID) VALUES (335, 1883, 3, 39);
INSERT INTO PlantedIn (bedID, plantID, percentage, staffID) VALUES (254, 3383, 3, 49);
INSERT INTO PlantedIn (bedID, plantID, percentage, staffID) VALUES (358, 3116, 3, 191);
INSERT INTO PlantedIn (bedID, plantID, percentage, staffID) VALUES (462, 3555, 1, 15);
INSERT INTO PlantedIn (bedID, plantID, percentage, staffID) VALUES (448, 773, 1, 2);
INSERT INTO PlantedIn (bedID, plantID, percentage, staffID) VALUES (145, 2205, 3, 131);
INSERT INTO PlantedIn (bedID, plantID, percentage, staffID) VALUES (289, 3643, 2, 187);
INSERT INTO PlantedIn (bedID, plantID, percentage, staffID) VALUES (204, 404, 4, 190);
INSERT INTO PlantedIn (bedID, plantID, percentage, staffID) VALUES (464, 646, 3, 102);
INSERT INTO PlantedIn (bedID, plantID, percentage, staffID) VALUES (461, 1670, 2, 60);
INSERT INTO PlantedIn (bedID, plantID, percentage, staffID) VALUES (290, 982, 3, 60);
INSERT INTO PlantedIn (bedID, plantID, percentage, staffID) VALUES (83, 1397, 1, 132);
INSERT INTO PlantedIn (bedID, plantID, percentage, staffID) VALUES (266, 2513, 4, 43);
INSERT INTO PlantedIn (bedID, plantID, percentage, staffID) VALUES (105, 3277, 4, 103);
INSERT INTO PlantedIn (bedID, plantID, percentage, staffID) VALUES (374, 1623, 1, 30);
INSERT INTO PlantedIn (bedID, plantID, percentage, staffID) VALUES (249, 300, 3, 38);
INSERT INTO PlantedIn (bedID, plantID, percentage, staffID) VALUES (116, 2640, 1, 49);
INSERT INTO PlantedIn (bedID, plantID, percentage, staffID) VALUES (55, 2058, 3, 130);
INSERT INTO PlantedIn (bedID, plantID, percentage, staffID) VALUES (372, 3583, 4, 65);
INSERT INTO PlantedIn (bedID, plantID, percentage, staffID) VALUES (137, 3705, 4, 17);
INSERT INTO PlantedIn (bedID, plantID, percentage, staffID) VALUES (288, 1109, 4, 147);
INSERT INTO PlantedIn (bedID, plantID, percentage, staffID) VALUES (64, 853, 4, 135);
INSERT INTO PlantedIn (bedID, plantID, percentage, staffID) VALUES (303, 3116, 1, 30);
INSERT INTO PlantedIn (bedID, plantID, percentage, staffID) VALUES (418, 1279, 1, 137);
INSERT INTO PlantedIn (bedID, plantID, percentage, staffID) VALUES (7, 3511, 1, 71);
INSERT INTO PlantedIn (bedID, plantID, percentage, staffID) VALUES (209, 3797, 1, 175);
INSERT INTO PlantedIn (bedID, plantID, percentage, staffID) VALUES (431, 662, 1, 39);
INSERT INTO PlantedIn (bedID, plantID, percentage, staffID) VALUES (62, 1030, 3, 10);
INSERT INTO PlantedIn (bedID, plantID, percentage, staffID) VALUES (262, 2955, 3, 116);
INSERT INTO PlantedIn (bedID, plantID, percentage, staffID) VALUES (466, 877, 3, 125);
INSERT INTO PlantedIn (bedID, plantID, percentage, staffID) VALUES (16, 2928, 4, 162);
INSERT INTO PlantedIn (bedID, plantID, percentage, staffID) VALUES (42, 1775, 1, 9);
INSERT INTO PlantedIn (bedID, plantID, percentage, staffID) VALUES (174, 1505, 4, 47);
INSERT INTO PlantedIn (bedID, plantID, percentage, staffID) VALUES (176, 334, 2, 8);
INSERT INTO PlantedIn (bedID, plantID, percentage, staffID) VALUES (122, 857, 2, 98);
INSERT INTO PlantedIn (bedID, plantID, percentage, staffID) VALUES (231, 2032, 1, 26);
INSERT INTO PlantedIn (bedID, plantID, percentage, staffID) VALUES (138, 2678, 2, 149);
INSERT INTO PlantedIn (bedID, plantID, percentage, staffID) VALUES (435, 1321, 4, 184);
INSERT INTO PlantedIn (bedID, plantID, percentage, staffID) VALUES (47, 2672, 1, 178);
INSERT INTO PlantedIn (bedID, plantID, percentage, staffID) VALUES (72, 3526, 3, 59);
INSERT INTO PlantedIn (bedID, plantID, percentage, staffID) VALUES (143, 2008, 3, 67);
INSERT INTO PlantedIn (bedID, plantID, percentage, staffID) VALUES (276, 1670, 1, 52);
INSERT INTO PlantedIn (bedID, plantID, percentage, staffID) VALUES (453, 1453, 1, 23);
INSERT INTO PlantedIn (bedID, plantID, percentage, staffID) VALUES (86, 1638, 2, 192);
INSERT INTO PlantedIn (bedID, plantID, percentage, staffID) VALUES (55, 3127, 2, 96);
INSERT INTO PlantedIn (bedID, plantID, percentage, staffID) VALUES (342, 2923, 1, 160);
INSERT INTO PlantedIn (bedID, plantID, percentage, staffID) VALUES (131, 418, 4, 142);
INSERT INTO PlantedIn (bedID, plantID, percentage, staffID) VALUES (222, 2510, 1, 152);
INSERT INTO PlantedIn (bedID, plantID, percentage, staffID) VALUES (39, 3848, 1, 25);
INSERT INTO PlantedIn (bedID, plantID, percentage, staffID) VALUES (176, 889, 2, 59);
INSERT INTO PlantedIn (bedID, plantID, percentage, staffID) VALUES (111, 1427, 2, 109);
INSERT INTO PlantedIn (bedID, plantID, percentage, staffID) VALUES (85, 3855, 4, 126);
INSERT INTO PlantedIn (bedID, plantID, percentage, staffID) VALUES (357, 1531, 1, 189);
INSERT INTO PlantedIn (bedID, plantID, percentage, staffID) VALUES (239, 2389, 4, 186);
INSERT INTO PlantedIn (bedID, plantID, percentage, staffID) VALUES (127, 2535, 2, 5);
INSERT INTO PlantedIn (bedID, plantID, percentage, staffID) VALUES (309, 548, 1, 80);
INSERT INTO PlantedIn (bedID, plantID, percentage, staffID) VALUES (176, 2606, 2, 95);
INSERT INTO PlantedIn (bedID, plantID, percentage, staffID) VALUES (229, 3445, 3, 142);
INSERT INTO PlantedIn (bedID, plantID, percentage, staffID) VALUES (124, 856, 2, 14);
INSERT INTO PlantedIn (bedID, plantID, percentage, staffID) VALUES (104, 2622, 4, 69);
INSERT INTO PlantedIn (bedID, plantID, percentage, staffID) VALUES (36, 1007, 3, 1);
INSERT INTO PlantedIn (bedID, plantID, percentage, staffID) VALUES (416, 3527, 1, 113);
INSERT INTO PlantedIn (bedID, plantID, percentage, staffID) VALUES (269, 2216, 1, 101);
INSERT INTO PlantedIn (bedID, plantID, percentage, staffID) VALUES (339, 3408, 1, 50);
INSERT INTO PlantedIn (bedID, plantID, percentage, staffID) VALUES (263, 2724, 1, 108);
INSERT INTO PlantedIn (bedID, plantID, percentage, staffID) VALUES (282, 844, 4, 155);
INSERT INTO PlantedIn (bedID, plantID, percentage, staffID) VALUES (209, 3173, 3, 61);
INSERT INTO PlantedIn (bedID, plantID, percentage, staffID) VALUES (237, 2447, 3, 129);
INSERT INTO PlantedIn (bedID, plantID, percentage, staffID) VALUES (423, 2445, 4, 32);
INSERT INTO PlantedIn (bedID, plantID, percentage, staffID) VALUES (258, 2717, 1, 188);
INSERT INTO PlantedIn (bedID, plantID, percentage, staffID) VALUES (131, 1591, 4, 68);
INSERT INTO PlantedIn (bedID, plantID, percentage, staffID) VALUES (139, 2219, 4, 16);
INSERT INTO PlantedIn (bedID, plantID, percentage, staffID) VALUES (132, 2336, 4, 182);
INSERT INTO PlantedIn (bedID, plantID, percentage, staffID) VALUES (390, 2491, 2, 150);
INSERT INTO PlantedIn (bedID, plantID, percentage, staffID) VALUES (220, 100, 4, 188);
INSERT INTO PlantedIn (bedID, plantID, percentage, staffID) VALUES (312, 2134, 3, 110);
INSERT INTO PlantedIn (bedID, plantID, percentage, staffID) VALUES (88, 2666, 3, 67);
INSERT INTO PlantedIn (bedID, plantID, percentage, staffID) VALUES (186, 933, 3, 172);
INSERT INTO PlantedIn (bedID, plantID, percentage, staffID) VALUES (309, 672, 4, 135);
INSERT INTO PlantedIn (bedID, plantID, percentage, staffID) VALUES (354, 2848, 1, 163);
INSERT INTO PlantedIn (bedID, plantID, percentage, staffID) VALUES (162, 2642, 1, 184);
INSERT INTO PlantedIn (bedID, plantID, percentage, staffID) VALUES (156, 2442, 4, 87);
INSERT INTO PlantedIn (bedID, plantID, percentage, staffID) VALUES (312, 1342, 2, 155);
INSERT INTO PlantedIn (bedID, plantID, percentage, staffID) VALUES (426, 1139, 1, 178);
INSERT INTO PlantedIn (bedID, plantID, percentage, staffID) VALUES (466, 744, 2, 166);
INSERT INTO PlantedIn (bedID, plantID, percentage, staffID) VALUES (206, 2528, 1, 10);
INSERT INTO PlantedIn (bedID, plantID, percentage, staffID) VALUES (392, 2726, 3, 7);
INSERT INTO PlantedIn (bedID, plantID, percentage, staffID) VALUES (209, 3199, 4, 123);
INSERT INTO PlantedIn (bedID, plantID, percentage, staffID) VALUES (242, 1944, 4, 194);
INSERT INTO PlantedIn (bedID, plantID, percentage, staffID) VALUES (64, 1440, 4, 129);
INSERT INTO PlantedIn (bedID, plantID, percentage, staffID) VALUES (341, 1504, 3, 23);
INSERT INTO PlantedIn (bedID, plantID, percentage, staffID) VALUES (324, 3777, 3, 144);
INSERT INTO PlantedIn (bedID, plantID, percentage, staffID) VALUES (81, 1989, 3, 10);
INSERT INTO PlantedIn (bedID, plantID, percentage, staffID) VALUES (80, 348, 4, 141);
INSERT INTO PlantedIn (bedID, plantID, percentage, staffID) VALUES (377, 2791, 1, 117);
INSERT INTO PlantedIn (bedID, plantID, percentage, staffID) VALUES (260, 672, 1, 4);
INSERT INTO PlantedIn (bedID, plantID, percentage, staffID) VALUES (320, 3734, 4, 184);
INSERT INTO PlantedIn (bedID, plantID, percentage, staffID) VALUES (161, 2056, 1, 124);
INSERT INTO PlantedIn (bedID, plantID, percentage, staffID) VALUES (436, 2751, 3, 139);
INSERT INTO PlantedIn (bedID, plantID, percentage, staffID) VALUES (326, 1467, 4, 56);
INSERT INTO PlantedIn (bedID, plantID, percentage, staffID) VALUES (423, 1223, 1, 95);
INSERT INTO PlantedIn (bedID, plantID, percentage, staffID) VALUES (193, 584, 1, 13);
INSERT INTO PlantedIn (bedID, plantID, percentage, staffID) VALUES (413, 2439, 2, 90);
INSERT INTO PlantedIn (bedID, plantID, percentage, staffID) VALUES (381, 1769, 2, 99);
INSERT INTO PlantedIn (bedID, plantID, percentage, staffID) VALUES (201, 1482, 4, 60);
INSERT INTO PlantedIn (bedID, plantID, percentage, staffID) VALUES (433, 3460, 4, 168);
INSERT INTO PlantedIn (bedID, plantID, percentage, staffID) VALUES (288, 1922, 2, 90);
INSERT INTO PlantedIn (bedID, plantID, percentage, staffID) VALUES (415, 2751, 4, 32);
INSERT INTO PlantedIn (bedID, plantID, percentage, staffID) VALUES (14, 2378, 2, 170);
INSERT INTO PlantedIn (bedID, plantID, percentage, staffID) VALUES (363, 3448, 3, 130);
INSERT INTO PlantedIn (bedID, plantID, percentage, staffID) VALUES (248, 283, 2, 13);
INSERT INTO PlantedIn (bedID, plantID, percentage, staffID) VALUES (252, 2106, 4, 165);
INSERT INTO PlantedIn (bedID, plantID, percentage, staffID) VALUES (439, 390, 4, 147);
INSERT INTO PlantedIn (bedID, plantID, percentage, staffID) VALUES (472, 2071, 3, 139);
INSERT INTO PlantedIn (bedID, plantID, percentage, staffID) VALUES (16, 458, 4, 184);
INSERT INTO PlantedIn (bedID, plantID, percentage, staffID) VALUES (393, 201, 4, 139);
INSERT INTO PlantedIn (bedID, plantID, percentage, staffID) VALUES (316, 1981, 2, 60);
INSERT INTO PlantedIn (bedID, plantID, percentage, staffID) VALUES (192, 3583, 4, 15);
INSERT INTO PlantedIn (bedID, plantID, percentage, staffID) VALUES (1, 517, 3, 52);
INSERT INTO PlantedIn (bedID, plantID, percentage, staffID) VALUES (321, 244, 3, 99);
INSERT INTO PlantedIn (bedID, plantID, percentage, staffID) VALUES (78, 776, 1, 92);
INSERT INTO PlantedIn (bedID, plantID, percentage, staffID) VALUES (349, 494, 4, 156);
INSERT INTO PlantedIn (bedID, plantID, percentage, staffID) VALUES (117, 2552, 1, 139);
INSERT INTO PlantedIn (bedID, plantID, percentage, staffID) VALUES (337, 1385, 2, 191);
INSERT INTO PlantedIn (bedID, plantID, percentage, staffID) VALUES (412, 871, 2, 166);
INSERT INTO PlantedIn (bedID, plantID, percentage, staffID) VALUES (73, 3418, 1, 42);
INSERT INTO PlantedIn (bedID, plantID, percentage, staffID) VALUES (9, 1765, 3, 140);
INSERT INTO PlantedIn (bedID, plantID, percentage, staffID) VALUES (246, 650, 3, 62);
INSERT INTO PlantedIn (bedID, plantID, percentage, staffID) VALUES (175, 2906, 1, 172);
INSERT INTO PlantedIn (bedID, plantID, percentage, staffID) VALUES (416, 2339, 1, 179);
INSERT INTO PlantedIn (bedID, plantID, percentage, staffID) VALUES (126, 2138, 4, 42);
INSERT INTO PlantedIn (bedID, plantID, percentage, staffID) VALUES (431, 522, 4, 73);
INSERT INTO PlantedIn (bedID, plantID, percentage, staffID) VALUES (171, 652, 3, 12);
INSERT INTO PlantedIn (bedID, plantID, percentage, staffID) VALUES (26, 1000, 1, 136);
INSERT INTO PlantedIn (bedID, plantID, percentage, staffID) VALUES (339, 1347, 1, 157);
INSERT INTO PlantedIn (bedID, plantID, percentage, staffID) VALUES (245, 269, 4, 188);
INSERT INTO PlantedIn (bedID, plantID, percentage, staffID) VALUES (173, 3344, 3, 169);
INSERT INTO PlantedIn (bedID, plantID, percentage, staffID) VALUES (198, 107, 2, 125);
INSERT INTO PlantedIn (bedID, plantID, percentage, staffID) VALUES (77, 3728, 3, 23);
INSERT INTO PlantedIn (bedID, plantID, percentage, staffID) VALUES (63, 648, 1, 8);
INSERT INTO PlantedIn (bedID, plantID, percentage, staffID) VALUES (202, 2707, 1, 53);
INSERT INTO PlantedIn (bedID, plantID, percentage, staffID) VALUES (24, 93, 3, 77);
INSERT INTO PlantedIn (bedID, plantID, percentage, staffID) VALUES (45, 1135, 4, 92);
INSERT INTO PlantedIn (bedID, plantID, percentage, staffID) VALUES (26, 1705, 2, 126);
INSERT INTO PlantedIn (bedID, plantID, percentage, staffID) VALUES (222, 2546, 3, 11);
INSERT INTO PlantedIn (bedID, plantID, percentage, staffID) VALUES (295, 636, 4, 32);
INSERT INTO PlantedIn (bedID, plantID, percentage, staffID) VALUES (158, 731, 4, 193);
INSERT INTO PlantedIn (bedID, plantID, percentage, staffID) VALUES (421, 770, 4, 184);
INSERT INTO PlantedIn (bedID, plantID, percentage, staffID) VALUES (106, 1063, 2, 103);
INSERT INTO PlantedIn (bedID, plantID, percentage, staffID) VALUES (269, 3686, 3, 48);
INSERT INTO PlantedIn (bedID, plantID, percentage, staffID) VALUES (187, 3269, 3, 9);
INSERT INTO PlantedIn (bedID, plantID, percentage, staffID) VALUES (136, 359, 4, 87);
INSERT INTO PlantedIn (bedID, plantID, percentage, staffID) VALUES (356, 1849, 2, 79);
INSERT INTO PlantedIn (bedID, plantID, percentage, staffID) VALUES (304, 2088, 4, 27);
INSERT INTO PlantedIn (bedID, plantID, percentage, staffID) VALUES (345, 281, 3, 150);
INSERT INTO PlantedIn (bedID, plantID, percentage, staffID) VALUES (129, 2443, 2, 114);
INSERT INTO PlantedIn (bedID, plantID, percentage, staffID) VALUES (429, 230, 2, 166);
INSERT INTO PlantedIn (bedID, plantID, percentage, staffID) VALUES (7, 162, 2, 20);
INSERT INTO PlantedIn (bedID, plantID, percentage, staffID) VALUES (420, 543, 1, 23);
INSERT INTO PlantedIn (bedID, plantID, percentage, staffID) VALUES (111, 2061, 4, 190);
INSERT INTO PlantedIn (bedID, plantID, percentage, staffID) VALUES (6, 1222, 3, 74);
INSERT INTO PlantedIn (bedID, plantID, percentage, staffID) VALUES (405, 1893, 3, 129);
INSERT INTO PlantedIn (bedID, plantID, percentage, staffID) VALUES (266, 1397, 4, 42);
INSERT INTO PlantedIn (bedID, plantID, percentage, staffID) VALUES (470, 2936, 4, 68);
INSERT INTO PlantedIn (bedID, plantID, percentage, staffID) VALUES (388, 540, 4, 77);
INSERT INTO PlantedIn (bedID, plantID, percentage, staffID) VALUES (86, 1831, 1, 49);
INSERT INTO PlantedIn (bedID, plantID, percentage, staffID) VALUES (291, 1345, 4, 50);
INSERT INTO PlantedIn (bedID, plantID, percentage, staffID) VALUES (417, 668, 4, 170);
INSERT INTO PlantedIn (bedID, plantID, percentage, staffID) VALUES (232, 739, 2, 112);
INSERT INTO PlantedIn (bedID, plantID, percentage, staffID) VALUES (322, 676, 1, 190);
INSERT INTO PlantedIn (bedID, plantID, percentage, staffID) VALUES (254, 514, 3, 16);
INSERT INTO PlantedIn (bedID, plantID, percentage, staffID) VALUES (423, 1567, 3, 88);
INSERT INTO PlantedIn (bedID, plantID, percentage, staffID) VALUES (258, 3113, 3, 111);
INSERT INTO PlantedIn (bedID, plantID, percentage, staffID) VALUES (132, 3027, 4, 163);
INSERT INTO PlantedIn (bedID, plantID, percentage, staffID) VALUES (62, 148, 1, 151);
INSERT INTO PlantedIn (bedID, plantID, percentage, staffID) VALUES (100, 2211, 3, 185);
INSERT INTO PlantedIn (bedID, plantID, percentage, staffID) VALUES (361, 1740, 2, 9);
INSERT INTO PlantedIn (bedID, plantID, percentage, staffID) VALUES (296, 3763, 1, 140);
INSERT INTO PlantedIn (bedID, plantID, percentage, staffID) VALUES (51, 2948, 4, 141);
INSERT INTO PlantedIn (bedID, plantID, percentage, staffID) VALUES (80, 465, 3, 145);
INSERT INTO PlantedIn (bedID, plantID, percentage, staffID) VALUES (438, 982, 1, 90);
INSERT INTO PlantedIn (bedID, plantID, percentage, staffID) VALUES (18, 906, 1, 20);
INSERT INTO PlantedIn (bedID, plantID, percentage, staffID) VALUES (129, 3235, 2, 37);
INSERT INTO PlantedIn (bedID, plantID, percentage, staffID) VALUES (194, 323, 1, 38);
INSERT INTO PlantedIn (bedID, plantID, percentage, staffID) VALUES (253, 874, 1, 126);
INSERT INTO PlantedIn (bedID, plantID, percentage, staffID) VALUES (95, 1164, 2, 66);
INSERT INTO PlantedIn (bedID, plantID, percentage, staffID) VALUES (31, 39, 1, 63);
INSERT INTO PlantedIn (bedID, plantID, percentage, staffID) VALUES (62, 59, 1, 193);
INSERT INTO PlantedIn (bedID, plantID, percentage, staffID) VALUES (128, 1484, 2, 54);
INSERT INTO PlantedIn (bedID, plantID, percentage, staffID) VALUES (293, 1380, 4, 97);
INSERT INTO PlantedIn (bedID, plantID, percentage, staffID) VALUES (92, 2526, 3, 77);
INSERT INTO PlantedIn (bedID, plantID, percentage, staffID) VALUES (349, 2148, 2, 158);
INSERT INTO PlantedIn (bedID, plantID, percentage, staffID) VALUES (370, 1504, 4, 88);
INSERT INTO PlantedIn (bedID, plantID, percentage, staffID) VALUES (327, 2890, 4, 59);
INSERT INTO PlantedIn (bedID, plantID, percentage, staffID) VALUES (288, 3596, 4, 193);
INSERT INTO PlantedIn (bedID, plantID, percentage, staffID) VALUES (149, 788, 4, 38);
INSERT INTO PlantedIn (bedID, plantID, percentage, staffID) VALUES (266, 2536, 4, 168);
INSERT INTO PlantedIn (bedID, plantID, percentage, staffID) VALUES (147, 759, 1, 73);
INSERT INTO PlantedIn (bedID, plantID, percentage, staffID) VALUES (356, 508, 3, 65);
INSERT INTO PlantedIn (bedID, plantID, percentage, staffID) VALUES (247, 2877, 1, 106);
INSERT INTO PlantedIn (bedID, plantID, percentage, staffID) VALUES (187, 3671, 1, 29);
INSERT INTO PlantedIn (bedID, plantID, percentage, staffID) VALUES (417, 316, 1, 179);
INSERT INTO PlantedIn (bedID, plantID, percentage, staffID) VALUES (135, 230, 4, 26);
INSERT INTO PlantedIn (bedID, plantID, percentage, staffID) VALUES (339, 3669, 1, 123);
INSERT INTO PlantedIn (bedID, plantID, percentage, staffID) VALUES (69, 3703, 4, 15);
INSERT INTO PlantedIn (bedID, plantID, percentage, staffID) VALUES (43, 1496, 3, 88);
INSERT INTO PlantedIn (bedID, plantID, percentage, staffID) VALUES (63, 3655, 3, 168);
INSERT INTO PlantedIn (bedID, plantID, percentage, staffID) VALUES (354, 3030, 1, 179);
INSERT INTO PlantedIn (bedID, plantID, percentage, staffID) VALUES (347, 42, 3, 30);
INSERT INTO PlantedIn (bedID, plantID, percentage, staffID) VALUES (44, 76, 2, 165);
INSERT INTO PlantedIn (bedID, plantID, percentage, staffID) VALUES (38, 3610, 4, 46);
INSERT INTO PlantedIn (bedID, plantID, percentage, staffID) VALUES (418, 3187, 1, 168);
INSERT INTO PlantedIn (bedID, plantID, percentage, staffID) VALUES (371, 3440, 4, 189);
INSERT INTO PlantedIn (bedID, plantID, percentage, staffID) VALUES (131, 1377, 2, 99);
INSERT INTO PlantedIn (bedID, plantID, percentage, staffID) VALUES (143, 1163, 1, 7);
INSERT INTO PlantedIn (bedID, plantID, percentage, staffID) VALUES (41, 3495, 4, 39);
INSERT INTO PlantedIn (bedID, plantID, percentage, staffID) VALUES (433, 1287, 1, 89);
INSERT INTO PlantedIn (bedID, plantID, percentage, staffID) VALUES (167, 925, 2, 79);
INSERT INTO PlantedIn (bedID, plantID, percentage, staffID) VALUES (82, 2351, 1, 47);
INSERT INTO PlantedIn (bedID, plantID, percentage, staffID) VALUES (205, 174, 1, 18);
INSERT INTO PlantedIn (bedID, plantID, percentage, staffID) VALUES (443, 38, 1, 18);
INSERT INTO PlantedIn (bedID, plantID, percentage, staffID) VALUES (174, 2193, 3, 127);
INSERT INTO PlantedIn (bedID, plantID, percentage, staffID) VALUES (411, 2514, 4, 147);
INSERT INTO PlantedIn (bedID, plantID, percentage, staffID) VALUES (263, 3505, 2, 158);
INSERT INTO PlantedIn (bedID, plantID, percentage, staffID) VALUES (114, 783, 3, 98);
INSERT INTO PlantedIn (bedID, plantID, percentage, staffID) VALUES (209, 3325, 3, 5);
INSERT INTO PlantedIn (bedID, plantID, percentage, staffID) VALUES (222, 965, 4, 137);
INSERT INTO PlantedIn (bedID, plantID, percentage, staffID) VALUES (140, 2918, 1, 24);
INSERT INTO PlantedIn (bedID, plantID, percentage, staffID) VALUES (362, 783, 1, 90);
INSERT INTO PlantedIn (bedID, plantID, percentage, staffID) VALUES (365, 230, 3, 163);
INSERT INTO PlantedIn (bedID, plantID, percentage, staffID) VALUES (336, 1987, 2, 121);
INSERT INTO PlantedIn (bedID, plantID, percentage, staffID) VALUES (200, 1396, 3, 150);
INSERT INTO PlantedIn (bedID, plantID, percentage, staffID) VALUES (267, 808, 1, 52);
INSERT INTO PlantedIn (bedID, plantID, percentage, staffID) VALUES (250, 1122, 4, 90);
INSERT INTO PlantedIn (bedID, plantID, percentage, staffID) VALUES (22, 2143, 4, 11);
INSERT INTO PlantedIn (bedID, plantID, percentage, staffID) VALUES (358, 1895, 3, 192);
INSERT INTO PlantedIn (bedID, plantID, percentage, staffID) VALUES (260, 2853, 2, 34);
INSERT INTO PlantedIn (bedID, plantID, percentage, staffID) VALUES (120, 2917, 3, 107);
INSERT INTO PlantedIn (bedID, plantID, percentage, staffID) VALUES (55, 991, 3, 69);
INSERT INTO PlantedIn (bedID, plantID, percentage, staffID) VALUES (221, 2267, 3, 140);
INSERT INTO PlantedIn (bedID, plantID, percentage, staffID) VALUES (409, 1175, 2, 15);
INSERT INTO PlantedIn (bedID, plantID, percentage, staffID) VALUES (281, 1972, 3, 43);
INSERT INTO PlantedIn (bedID, plantID, percentage, staffID) VALUES (31, 1007, 4, 92);
INSERT INTO PlantedIn (bedID, plantID, percentage, staffID) VALUES (355, 1504, 2, 71);
INSERT INTO PlantedIn (bedID, plantID, percentage, staffID) VALUES (61, 1980, 2, 115);
INSERT INTO PlantedIn (bedID, plantID, percentage, staffID) VALUES (127, 320, 2, 11);
INSERT INTO PlantedIn (bedID, plantID, percentage, staffID) VALUES (161, 1490, 4, 13);
INSERT INTO PlantedIn (bedID, plantID, percentage, staffID) VALUES (460, 2886, 4, 70);
INSERT INTO PlantedIn (bedID, plantID, percentage, staffID) VALUES (24, 1586, 3, 46);
INSERT INTO PlantedIn (bedID, plantID, percentage, staffID) VALUES (436, 1683, 4, 58);
INSERT INTO PlantedIn (bedID, plantID, percentage, staffID) VALUES (330, 2830, 2, 165);
INSERT INTO PlantedIn (bedID, plantID, percentage, staffID) VALUES (58, 597, 1, 153);
INSERT INTO PlantedIn (bedID, plantID, percentage, staffID) VALUES (316, 1182, 4, 128);
INSERT INTO PlantedIn (bedID, plantID, percentage, staffID) VALUES (184, 2626, 3, 65);
INSERT INTO PlantedIn (bedID, plantID, percentage, staffID) VALUES (31, 1463, 1, 109);
INSERT INTO PlantedIn (bedID, plantID, percentage, staffID) VALUES (60, 3365, 1, 178);
INSERT INTO PlantedIn (bedID, plantID, percentage, staffID) VALUES (133, 373, 1, 168);
INSERT INTO PlantedIn (bedID, plantID, percentage, staffID) VALUES (252, 398, 1, 39);
INSERT INTO PlantedIn (bedID, plantID, percentage, staffID) VALUES (395, 3838, 4, 138);
INSERT INTO PlantedIn (bedID, plantID, percentage, staffID) VALUES (70, 1624, 4, 42);
INSERT INTO PlantedIn (bedID, plantID, percentage, staffID) VALUES (344, 3215, 1, 153);
INSERT INTO PlantedIn (bedID, plantID, percentage, staffID) VALUES (242, 247, 3, 172);
INSERT INTO PlantedIn (bedID, plantID, percentage, staffID) VALUES (210, 1446, 3, 125);
INSERT INTO PlantedIn (bedID, plantID, percentage, staffID) VALUES (116, 1869, 3, 152);
INSERT INTO PlantedIn (bedID, plantID, percentage, staffID) VALUES (275, 2173, 1, 149);
INSERT INTO PlantedIn (bedID, plantID, percentage, staffID) VALUES (315, 3531, 2, 70);
INSERT INTO PlantedIn (bedID, plantID, percentage, staffID) VALUES (429, 49, 1, 94);
INSERT INTO PlantedIn (bedID, plantID, percentage, staffID) VALUES (205, 2552, 1, 177);
INSERT INTO PlantedIn (bedID, plantID, percentage, staffID) VALUES (233, 2377, 1, 56);
INSERT INTO PlantedIn (bedID, plantID, percentage, staffID) VALUES (231, 735, 3, 141);
INSERT INTO PlantedIn (bedID, plantID, percentage, staffID) VALUES (319, 1667, 2, 53);
INSERT INTO PlantedIn (bedID, plantID, percentage, staffID) VALUES (470, 3807, 3, 75);
INSERT INTO PlantedIn (bedID, plantID, percentage, staffID) VALUES (339, 2373, 1, 176);
INSERT INTO PlantedIn (bedID, plantID, percentage, staffID) VALUES (130, 2805, 4, 63);
INSERT INTO PlantedIn (bedID, plantID, percentage, staffID) VALUES (162, 2241, 1, 157);
INSERT INTO PlantedIn (bedID, plantID, percentage, staffID) VALUES (329, 1339, 1, 29);
INSERT INTO PlantedIn (bedID, plantID, percentage, staffID) VALUES (254, 3205, 1, 187);
INSERT INTO PlantedIn (bedID, plantID, percentage, staffID) VALUES (124, 669, 2, 95);
INSERT INTO PlantedIn (bedID, plantID, percentage, staffID) VALUES (75, 3201, 1, 186);
INSERT INTO PlantedIn (bedID, plantID, percentage, staffID) VALUES (252, 270, 1, 176);
INSERT INTO PlantedIn (bedID, plantID, percentage, staffID) VALUES (324, 2779, 4, 82);
INSERT INTO PlantedIn (bedID, plantID, percentage, staffID) VALUES (211, 2723, 4, 148);
INSERT INTO PlantedIn (bedID, plantID, percentage, staffID) VALUES (135, 1902, 4, 165);
INSERT INTO PlantedIn (bedID, plantID, percentage, staffID) VALUES (367, 290, 1, 120);
INSERT INTO PlantedIn (bedID, plantID, percentage, staffID) VALUES (118, 183, 2, 59);
INSERT INTO PlantedIn (bedID, plantID, percentage, staffID) VALUES (415, 774, 2, 95);
INSERT INTO PlantedIn (bedID, plantID, percentage, staffID) VALUES (128, 1246, 4, 134);
INSERT INTO PlantedIn (bedID, plantID, percentage, staffID) VALUES (20, 205, 2, 186);
INSERT INTO PlantedIn (bedID, plantID, percentage, staffID) VALUES (359, 2453, 1, 56);
INSERT INTO PlantedIn (bedID, plantID, percentage, staffID) VALUES (60, 292, 4, 4);
INSERT INTO PlantedIn (bedID, plantID, percentage, staffID) VALUES (10, 694, 4, 70);
INSERT INTO PlantedIn (bedID, plantID, percentage, staffID) VALUES (121, 3569, 3, 170);
INSERT INTO PlantedIn (bedID, plantID, percentage, staffID) VALUES (460, 458, 4, 186);
INSERT INTO PlantedIn (bedID, plantID, percentage, staffID) VALUES (151, 1426, 3, 52);
INSERT INTO PlantedIn (bedID, plantID, percentage, staffID) VALUES (327, 3513, 3, 111);
INSERT INTO PlantedIn (bedID, plantID, percentage, staffID) VALUES (455, 1750, 3, 45);
INSERT INTO PlantedIn (bedID, plantID, percentage, staffID) VALUES (42, 1889, 1, 156);
INSERT INTO PlantedIn (bedID, plantID, percentage, staffID) VALUES (267, 3014, 3, 37);
INSERT INTO PlantedIn (bedID, plantID, percentage, staffID) VALUES (454, 1999, 1, 78);
INSERT INTO PlantedIn (bedID, plantID, percentage, staffID) VALUES (209, 810, 2, 146);
INSERT INTO PlantedIn (bedID, plantID, percentage, staffID) VALUES (156, 2406, 3, 53);
INSERT INTO PlantedIn (bedID, plantID, percentage, staffID) VALUES (469, 1973, 3, 48);
INSERT INTO PlantedIn (bedID, plantID, percentage, staffID) VALUES (199, 3000, 2, 85);
INSERT INTO PlantedIn (bedID, plantID, percentage, staffID) VALUES (109, 2445, 2, 21);
INSERT INTO PlantedIn (bedID, plantID, percentage, staffID) VALUES (58, 3325, 3, 108);
INSERT INTO PlantedIn (bedID, plantID, percentage, staffID) VALUES (303, 2735, 3, 55);
INSERT INTO PlantedIn (bedID, plantID, percentage, staffID) VALUES (107, 2508, 3, 166);
INSERT INTO PlantedIn (bedID, plantID, percentage, staffID) VALUES (406, 2040, 1, 16);
INSERT INTO PlantedIn (bedID, plantID, percentage, staffID) VALUES (71, 1289, 1, 170);
INSERT INTO PlantedIn (bedID, plantID, percentage, staffID) VALUES (400, 258, 2, 169);
INSERT INTO PlantedIn (bedID, plantID, percentage, staffID) VALUES (399, 921, 1, 132);
INSERT INTO PlantedIn (bedID, plantID, percentage, staffID) VALUES (412, 2873, 4, 80);
INSERT INTO PlantedIn (bedID, plantID, percentage, staffID) VALUES (286, 3544, 1, 139);
INSERT INTO PlantedIn (bedID, plantID, percentage, staffID) VALUES (296, 3657, 4, 172);
INSERT INTO PlantedIn (bedID, plantID, percentage, staffID) VALUES (282, 2533, 2, 105);
INSERT INTO PlantedIn (bedID, plantID, percentage, staffID) VALUES (87, 2281, 2, 131);
INSERT INTO PlantedIn (bedID, plantID, percentage, staffID) VALUES (437, 1823, 4, 97);
INSERT INTO PlantedIn (bedID, plantID, percentage, staffID) VALUES (255, 1151, 2, 7);
INSERT INTO PlantedIn (bedID, plantID, percentage, staffID) VALUES (254, 2602, 2, 93);
INSERT INTO PlantedIn (bedID, plantID, percentage, staffID) VALUES (197, 3248, 1, 82);
INSERT INTO PlantedIn (bedID, plantID, percentage, staffID) VALUES (359, 289, 2, 54);
INSERT INTO PlantedIn (bedID, plantID, percentage, staffID) VALUES (10, 412, 3, 47);
INSERT INTO PlantedIn (bedID, plantID, percentage, staffID) VALUES (361, 2877, 4, 15);
INSERT INTO PlantedIn (bedID, plantID, percentage, staffID) VALUES (159, 2737, 2, 57);
INSERT INTO PlantedIn (bedID, plantID, percentage, staffID) VALUES (85, 2905, 3, 5);
INSERT INTO PlantedIn (bedID, plantID, percentage, staffID) VALUES (24, 209, 3, 21);
INSERT INTO PlantedIn (bedID, plantID, percentage, staffID) VALUES (186, 1506, 1, 34);
INSERT INTO PlantedIn (bedID, plantID, percentage, staffID) VALUES (220, 1651, 2, 109);
INSERT INTO PlantedIn (bedID, plantID, percentage, staffID) VALUES (253, 2938, 2, 21);
INSERT INTO PlantedIn (bedID, plantID, percentage, staffID) VALUES (239, 654, 4, 49);
INSERT INTO PlantedIn (bedID, plantID, percentage, staffID) VALUES (415, 2001, 1, 20);
INSERT INTO PlantedIn (bedID, plantID, percentage, staffID) VALUES (128, 464, 2, 158);
INSERT INTO PlantedIn (bedID, plantID, percentage, staffID) VALUES (83, 3374, 4, 185);
INSERT INTO PlantedIn (bedID, plantID, percentage, staffID) VALUES (201, 3459, 4, 10);
INSERT INTO PlantedIn (bedID, plantID, percentage, staffID) VALUES (301, 1908, 1, 48);
INSERT INTO PlantedIn (bedID, plantID, percentage, staffID) VALUES (120, 1289, 4, 95);
INSERT INTO PlantedIn (bedID, plantID, percentage, staffID) VALUES (238, 2721, 2, 122);
INSERT INTO PlantedIn (bedID, plantID, percentage, staffID) VALUES (105, 2673, 2, 90);
INSERT INTO PlantedIn (bedID, plantID, percentage, staffID) VALUES (384, 815, 4, 165);
INSERT INTO PlantedIn (bedID, plantID, percentage, staffID) VALUES (40, 2753, 3, 181);
INSERT INTO PlantedIn (bedID, plantID, percentage, staffID) VALUES (288, 3598, 4, 66);
INSERT INTO PlantedIn (bedID, plantID, percentage, staffID) VALUES (66, 1110, 4, 131);
INSERT INTO PlantedIn (bedID, plantID, percentage, staffID) VALUES (370, 3373, 1, 193);
INSERT INTO PlantedIn (bedID, plantID, percentage, staffID) VALUES (98, 1570, 3, 162);
INSERT INTO PlantedIn (bedID, plantID, percentage, staffID) VALUES (52, 1499, 2, 19);
INSERT INTO PlantedIn (bedID, plantID, percentage, staffID) VALUES (38, 2029, 4, 168);
INSERT INTO PlantedIn (bedID, plantID, percentage, staffID) VALUES (348, 2436, 4, 179);
INSERT INTO PlantedIn (bedID, plantID, percentage, staffID) VALUES (162, 2948, 4, 67);
INSERT INTO PlantedIn (bedID, plantID, percentage, staffID) VALUES (329, 2512, 4, 172);
INSERT INTO PlantedIn (bedID, plantID, percentage, staffID) VALUES (444, 1853, 3, 124);
INSERT INTO PlantedIn (bedID, plantID, percentage, staffID) VALUES (167, 2119, 3, 154);
INSERT INTO PlantedIn (bedID, plantID, percentage, staffID) VALUES (452, 2101, 1, 55);
INSERT INTO PlantedIn (bedID, plantID, percentage, staffID) VALUES (441, 1371, 1, 81);
INSERT INTO PlantedIn (bedID, plantID, percentage, staffID) VALUES (416, 838, 3, 184);
INSERT INTO PlantedIn (bedID, plantID, percentage, staffID) VALUES (401, 3005, 1, 89);
INSERT INTO PlantedIn (bedID, plantID, percentage, staffID) VALUES (256, 2939, 1, 29);
INSERT INTO PlantedIn (bedID, plantID, percentage, staffID) VALUES (195, 3782, 2, 14);
INSERT INTO PlantedIn (bedID, plantID, percentage, staffID) VALUES (217, 2596, 4, 14);
INSERT INTO PlantedIn (bedID, plantID, percentage, staffID) VALUES (104, 3157, 1, 75);
INSERT INTO PlantedIn (bedID, plantID, percentage, staffID) VALUES (171, 2449, 2, 49);
INSERT INTO PlantedIn (bedID, plantID, percentage, staffID) VALUES (468, 2447, 4, 62);
INSERT INTO PlantedIn (bedID, plantID, percentage, staffID) VALUES (402, 785, 3, 99);
INSERT INTO PlantedIn (bedID, plantID, percentage, staffID) VALUES (464, 3541, 3, 181);
INSERT INTO PlantedIn (bedID, plantID, percentage, staffID) VALUES (320, 93, 1, 154);
INSERT INTO PlantedIn (bedID, plantID, percentage, staffID) VALUES (2, 3168, 2, 89);
INSERT INTO PlantedIn (bedID, plantID, percentage, staffID) VALUES (233, 1929, 3, 55);
INSERT INTO PlantedIn (bedID, plantID, percentage, staffID) VALUES (150, 2460, 3, 181);
INSERT INTO PlantedIn (bedID, plantID, percentage, staffID) VALUES (358, 1041, 3, 26);
INSERT INTO PlantedIn (bedID, plantID, percentage, staffID) VALUES (224, 2349, 2, 62);
INSERT INTO PlantedIn (bedID, plantID, percentage, staffID) VALUES (100, 2810, 1, 59);
INSERT INTO PlantedIn (bedID, plantID, percentage, staffID) VALUES (259, 2786, 1, 138);
INSERT INTO PlantedIn (bedID, plantID, percentage, staffID) VALUES (104, 3643, 3, 153);
INSERT INTO PlantedIn (bedID, plantID, percentage, staffID) VALUES (274, 2448, 4, 44);
INSERT INTO PlantedIn (bedID, plantID, percentage, staffID) VALUES (358, 690, 3, 22);
INSERT INTO PlantedIn (bedID, plantID, percentage, staffID) VALUES (212, 897, 4, 24);
INSERT INTO PlantedIn (bedID, plantID, percentage, staffID) VALUES (398, 1614, 2, 76);
INSERT INTO PlantedIn (bedID, plantID, percentage, staffID) VALUES (286, 1336, 4, 115);
INSERT INTO PlantedIn (bedID, plantID, percentage, staffID) VALUES (35, 3284, 3, 6);
INSERT INTO PlantedIn (bedID, plantID, percentage, staffID) VALUES (270, 2714, 4, 135);
INSERT INTO PlantedIn (bedID, plantID, percentage, staffID) VALUES (305, 1568, 1, 67);
INSERT INTO PlantedIn (bedID, plantID, percentage, staffID) VALUES (19, 2072, 4, 15);
INSERT INTO PlantedIn (bedID, plantID, percentage, staffID) VALUES (338, 689, 1, 63);
INSERT INTO PlantedIn (bedID, plantID, percentage, staffID) VALUES (194, 1630, 1, 17);
INSERT INTO PlantedIn (bedID, plantID, percentage, staffID) VALUES (397, 1757, 2, 125);
INSERT INTO PlantedIn (bedID, plantID, percentage, staffID) VALUES (379, 679, 4, 53);
INSERT INTO PlantedIn (bedID, plantID, percentage, staffID) VALUES (12, 1113, 3, 101);
INSERT INTO PlantedIn (bedID, plantID, percentage, staffID) VALUES (469, 575, 3, 79);
INSERT INTO PlantedIn (bedID, plantID, percentage, staffID) VALUES (263, 2745, 3, 175);
INSERT INTO PlantedIn (bedID, plantID, percentage, staffID) VALUES (117, 3592, 4, 80);
INSERT INTO PlantedIn (bedID, plantID, percentage, staffID) VALUES (51, 2680, 3, 26);
INSERT INTO PlantedIn (bedID, plantID, percentage, staffID) VALUES (55, 792, 4, 157);
INSERT INTO PlantedIn (bedID, plantID, percentage, staffID) VALUES (312, 1466, 2, 82);
INSERT INTO PlantedIn (bedID, plantID, percentage, staffID) VALUES (263, 2538, 3, 68);
INSERT INTO PlantedIn (bedID, plantID, percentage, staffID) VALUES (447, 3184, 4, 36);
INSERT INTO PlantedIn (bedID, plantID, percentage, staffID) VALUES (460, 2166, 3, 117);
INSERT INTO PlantedIn (bedID, plantID, percentage, staffID) VALUES (128, 1648, 3, 25);
INSERT INTO PlantedIn (bedID, plantID, percentage, staffID) VALUES (169, 1959, 2, 98);
INSERT INTO PlantedIn (bedID, plantID, percentage, staffID) VALUES (381, 2886, 2, 55);
INSERT INTO PlantedIn (bedID, plantID, percentage, staffID) VALUES (60, 2575, 3, 189);
INSERT INTO PlantedIn (bedID, plantID, percentage, staffID) VALUES (153, 987, 2, 54);
INSERT INTO PlantedIn (bedID, plantID, percentage, staffID) VALUES (38, 1681, 1, 42);
INSERT INTO PlantedIn (bedID, plantID, percentage, staffID) VALUES (471, 2977, 2, 118);
INSERT INTO PlantedIn (bedID, plantID, percentage, staffID) VALUES (93, 2694, 3, 160);
INSERT INTO PlantedIn (bedID, plantID, percentage, staffID) VALUES (97, 1002, 2, 3);
INSERT INTO PlantedIn (bedID, plantID, percentage, staffID) VALUES (407, 3845, 3, 147);
INSERT INTO PlantedIn (bedID, plantID, percentage, staffID) VALUES (351, 3816, 4, 27);
INSERT INTO PlantedIn (bedID, plantID, percentage, staffID) VALUES (309, 197, 4, 112);
INSERT INTO PlantedIn (bedID, plantID, percentage, staffID) VALUES (145, 3120, 2, 50);
INSERT INTO PlantedIn (bedID, plantID, percentage, staffID) VALUES (115, 1717, 1, 90);
INSERT INTO PlantedIn (bedID, plantID, percentage, staffID) VALUES (102, 54, 2, 103);
INSERT INTO PlantedIn (bedID, plantID, percentage, staffID) VALUES (258, 3777, 2, 65);
INSERT INTO PlantedIn (bedID, plantID, percentage, staffID) VALUES (460, 143, 3, 14);
INSERT INTO PlantedIn (bedID, plantID, percentage, staffID) VALUES (12, 748, 3, 119);
INSERT INTO PlantedIn (bedID, plantID, percentage, staffID) VALUES (116, 493, 3, 134);
INSERT INTO PlantedIn (bedID, plantID, percentage, staffID) VALUES (443, 3462, 1, 191);
INSERT INTO PlantedIn (bedID, plantID, percentage, staffID) VALUES (161, 1437, 3, 85);
INSERT INTO PlantedIn (bedID, plantID, percentage, staffID) VALUES (95, 3583, 3, 3);
INSERT INTO PlantedIn (bedID, plantID, percentage, staffID) VALUES (428, 1273, 4, 30);
INSERT INTO PlantedIn (bedID, plantID, percentage, staffID) VALUES (174, 823, 2, 121);
INSERT INTO PlantedIn (bedID, plantID, percentage, staffID) VALUES (193, 654, 3, 14);
INSERT INTO PlantedIn (bedID, plantID, percentage, staffID) VALUES (141, 2783, 1, 42);
INSERT INTO PlantedIn (bedID, plantID, percentage, staffID) VALUES (292, 528, 4, 84);
INSERT INTO PlantedIn (bedID, plantID, percentage, staffID) VALUES (241, 3175, 4, 104);
INSERT INTO PlantedIn (bedID, plantID, percentage, staffID) VALUES (190, 5, 2, 140);
INSERT INTO PlantedIn (bedID, plantID, percentage, staffID) VALUES (157, 3206, 3, 37);
INSERT INTO PlantedIn (bedID, plantID, percentage, staffID) VALUES (21, 2974, 2, 18);
INSERT INTO PlantedIn (bedID, plantID, percentage, staffID) VALUES (444, 591, 1, 21);
INSERT INTO PlantedIn (bedID, plantID, percentage, staffID) VALUES (413, 1162, 2, 96);
INSERT INTO PlantedIn (bedID, plantID, percentage, staffID) VALUES (207, 3376, 4, 91);
INSERT INTO PlantedIn (bedID, plantID, percentage, staffID) VALUES (329, 3683, 2, 172);
INSERT INTO PlantedIn (bedID, plantID, percentage, staffID) VALUES (202, 3205, 4, 76);
INSERT INTO PlantedIn (bedID, plantID, percentage, staffID) VALUES (393, 205, 1, 27);
INSERT INTO PlantedIn (bedID, plantID, percentage, staffID) VALUES (418, 1206, 4, 175);
INSERT INTO PlantedIn (bedID, plantID, percentage, staffID) VALUES (39, 3642, 1, 77);
INSERT INTO PlantedIn (bedID, plantID, percentage, staffID) VALUES (46, 1829, 4, 52);
INSERT INTO PlantedIn (bedID, plantID, percentage, staffID) VALUES (366, 2785, 1, 94);
INSERT INTO PlantedIn (bedID, plantID, percentage, staffID) VALUES (281, 3478, 2, 32);
INSERT INTO PlantedIn (bedID, plantID, percentage, staffID) VALUES (404, 3846, 2, 147);
INSERT INTO PlantedIn (bedID, plantID, percentage, staffID) VALUES (390, 350, 3, 22);
INSERT INTO PlantedIn (bedID, plantID, percentage, staffID) VALUES (68, 917, 1, 167);
INSERT INTO PlantedIn (bedID, plantID, percentage, staffID) VALUES (260, 2594, 3, 194);
INSERT INTO PlantedIn (bedID, plantID, percentage, staffID) VALUES (291, 1253, 3, 133);
INSERT INTO PlantedIn (bedID, plantID, percentage, staffID) VALUES (378, 3498, 3, 138);
INSERT INTO PlantedIn (bedID, plantID, percentage, staffID) VALUES (296, 513, 1, 160);
INSERT INTO PlantedIn (bedID, plantID, percentage, staffID) VALUES (16, 3625, 4, 104);
INSERT INTO PlantedIn (bedID, plantID, percentage, staffID) VALUES (442, 879, 4, 34);
INSERT INTO PlantedIn (bedID, plantID, percentage, staffID) VALUES (151, 1041, 2, 84);
INSERT INTO PlantedIn (bedID, plantID, percentage, staffID) VALUES (240, 871, 1, 100);
INSERT INTO PlantedIn (bedID, plantID, percentage, staffID) VALUES (424, 1691, 3, 140);
INSERT INTO PlantedIn (bedID, plantID, percentage, staffID) VALUES (361, 1300, 3, 45);
INSERT INTO PlantedIn (bedID, plantID, percentage, staffID) VALUES (115, 3456, 4, 27);
INSERT INTO PlantedIn (bedID, plantID, percentage, staffID) VALUES (13, 3524, 1, 18);
INSERT INTO PlantedIn (bedID, plantID, percentage, staffID) VALUES (402, 2292, 4, 193);
INSERT INTO PlantedIn (bedID, plantID, percentage, staffID) VALUES (388, 416, 1, 110);
INSERT INTO PlantedIn (bedID, plantID, percentage, staffID) VALUES (179, 3670, 4, 123);
INSERT INTO PlantedIn (bedID, plantID, percentage, staffID) VALUES (83, 332, 1, 192);
INSERT INTO PlantedIn (bedID, plantID, percentage, staffID) VALUES (248, 2413, 2, 119);
INSERT INTO PlantedIn (bedID, plantID, percentage, staffID) VALUES (455, 3085, 1, 173);
INSERT INTO PlantedIn (bedID, plantID, percentage, staffID) VALUES (328, 3762, 3, 14);
INSERT INTO PlantedIn (bedID, plantID, percentage, staffID) VALUES (419, 595, 3, 159);
INSERT INTO PlantedIn (bedID, plantID, percentage, staffID) VALUES (354, 2790, 3, 106);
INSERT INTO PlantedIn (bedID, plantID, percentage, staffID) VALUES (393, 211, 1, 144);
INSERT INTO PlantedIn (bedID, plantID, percentage, staffID) VALUES (2, 1174, 1, 19);
INSERT INTO PlantedIn (bedID, plantID, percentage, staffID) VALUES (185, 107, 4, 51);
INSERT INTO PlantedIn (bedID, plantID, percentage, staffID) VALUES (309, 3206, 3, 41);
INSERT INTO PlantedIn (bedID, plantID, percentage, staffID) VALUES (297, 156, 2, 167);
INSERT INTO PlantedIn (bedID, plantID, percentage, staffID) VALUES (7, 3409, 4, 8);
INSERT INTO PlantedIn (bedID, plantID, percentage, staffID) VALUES (17, 3156, 4, 129);
INSERT INTO PlantedIn (bedID, plantID, percentage, staffID) VALUES (255, 573, 2, 72);
INSERT INTO PlantedIn (bedID, plantID, percentage, staffID) VALUES (96, 208, 1, 117);
INSERT INTO PlantedIn (bedID, plantID, percentage, staffID) VALUES (169, 2561, 3, 79);
INSERT INTO PlantedIn (bedID, plantID, percentage, staffID) VALUES (327, 2451, 2, 135);
INSERT INTO PlantedIn (bedID, plantID, percentage, staffID) VALUES (424, 2969, 4, 84);
INSERT INTO PlantedIn (bedID, plantID, percentage, staffID) VALUES (308, 1736, 3, 165);
INSERT INTO PlantedIn (bedID, plantID, percentage, staffID) VALUES (126, 1699, 4, 96);
INSERT INTO PlantedIn (bedID, plantID, percentage, staffID) VALUES (278, 3156, 4, 35);
INSERT INTO PlantedIn (bedID, plantID, percentage, staffID) VALUES (8, 2445, 2, 90);
INSERT INTO PlantedIn (bedID, plantID, percentage, staffID) VALUES (231, 1520, 2, 117);
INSERT INTO PlantedIn (bedID, plantID, percentage, staffID) VALUES (77, 3790, 4, 60);
INSERT INTO PlantedIn (bedID, plantID, percentage, staffID) VALUES (204, 390, 3, 102);
INSERT INTO PlantedIn (bedID, plantID, percentage, staffID) VALUES (256, 3725, 1, 102);
INSERT INTO PlantedIn (bedID, plantID, percentage, staffID) VALUES (370, 2589, 3, 188);
INSERT INTO PlantedIn (bedID, plantID, percentage, staffID) VALUES (196, 3536, 4, 180);
INSERT INTO PlantedIn (bedID, plantID, percentage, staffID) VALUES (141, 3291, 2, 188);
INSERT INTO PlantedIn (bedID, plantID, percentage, staffID) VALUES (229, 1382, 4, 162);
INSERT INTO PlantedIn (bedID, plantID, percentage, staffID) VALUES (356, 1393, 4, 73);
INSERT INTO PlantedIn (bedID, plantID, percentage, staffID) VALUES (162, 2511, 4, 148);
INSERT INTO PlantedIn (bedID, plantID, percentage, staffID) VALUES (355, 847, 2, 96);
INSERT INTO PlantedIn (bedID, plantID, percentage, staffID) VALUES (87, 3728, 4, 86);
INSERT INTO PlantedIn (bedID, plantID, percentage, staffID) VALUES (301, 1301, 1, 126);
INSERT INTO PlantedIn (bedID, plantID, percentage, staffID) VALUES (119, 1897, 3, 178);
INSERT INTO PlantedIn (bedID, plantID, percentage, staffID) VALUES (162, 3048, 4, 176);
INSERT INTO PlantedIn (bedID, plantID, percentage, staffID) VALUES (70, 2509, 4, 163);
INSERT INTO PlantedIn (bedID, plantID, percentage, staffID) VALUES (5, 596, 2, 165);
INSERT INTO PlantedIn (bedID, plantID, percentage, staffID) VALUES (381, 2053, 3, 25);
INSERT INTO PlantedIn (bedID, plantID, percentage, staffID) VALUES (355, 2268, 4, 173);
INSERT INTO PlantedIn (bedID, plantID, percentage, staffID) VALUES (261, 1017, 1, 183);
INSERT INTO PlantedIn (bedID, plantID, percentage, staffID) VALUES (284, 1968, 4, 48);
INSERT INTO PlantedIn (bedID, plantID, percentage, staffID) VALUES (473, 404, 2, 82);
INSERT INTO PlantedIn (bedID, plantID, percentage, staffID) VALUES (423, 991, 1, 35);
INSERT INTO PlantedIn (bedID, plantID, percentage, staffID) VALUES (429, 3733, 4, 191);
INSERT INTO PlantedIn (bedID, plantID, percentage, staffID) VALUES (57, 2874, 4, 55);
INSERT INTO PlantedIn (bedID, plantID, percentage, staffID) VALUES (130, 1493, 1, 98);
INSERT INTO PlantedIn (bedID, plantID, percentage, staffID) VALUES (277, 3298, 1, 145);
INSERT INTO PlantedIn (bedID, plantID, percentage, staffID) VALUES (172, 3649, 2, 8);
INSERT INTO PlantedIn (bedID, plantID, percentage, staffID) VALUES (23, 1673, 4, 144);
INSERT INTO PlantedIn (bedID, plantID, percentage, staffID) VALUES (396, 3536, 4, 104);
INSERT INTO PlantedIn (bedID, plantID, percentage, staffID) VALUES (312, 2993, 4, 180);
INSERT INTO PlantedIn (bedID, plantID, percentage, staffID) VALUES (322, 3536, 2, 135);
INSERT INTO PlantedIn (bedID, plantID, percentage, staffID) VALUES (364, 1418, 1, 92);
INSERT INTO PlantedIn (bedID, plantID, percentage, staffID) VALUES (147, 1878, 2, 101);
INSERT INTO PlantedIn (bedID, plantID, percentage, staffID) VALUES (435, 755, 3, 62);
INSERT INTO PlantedIn (bedID, plantID, percentage, staffID) VALUES (32, 1080, 4, 42);
INSERT INTO PlantedIn (bedID, plantID, percentage, staffID) VALUES (92, 2748, 4, 176);
INSERT INTO PlantedIn (bedID, plantID, percentage, staffID) VALUES (230, 2865, 3, 161);
INSERT INTO PlantedIn (bedID, plantID, percentage, staffID) VALUES (47, 2871, 4, 159);
INSERT INTO PlantedIn (bedID, plantID, percentage, staffID) VALUES (311, 1686, 2, 10);
INSERT INTO PlantedIn (bedID, plantID, percentage, staffID) VALUES (380, 1919, 1, 114);
INSERT INTO PlantedIn (bedID, plantID, percentage, staffID) VALUES (465, 181, 4, 97);
INSERT INTO PlantedIn (bedID, plantID, percentage, staffID) VALUES (115, 2985, 2, 104);
INSERT INTO PlantedIn (bedID, plantID, percentage, staffID) VALUES (200, 281, 4, 21);
INSERT INTO PlantedIn (bedID, plantID, percentage, staffID) VALUES (385, 3415, 4, 113);
INSERT INTO PlantedIn (bedID, plantID, percentage, staffID) VALUES (297, 1278, 2, 142);
INSERT INTO PlantedIn (bedID, plantID, percentage, staffID) VALUES (363, 2855, 3, 145);
INSERT INTO PlantedIn (bedID, plantID, percentage, staffID) VALUES (112, 1020, 1, 140);
INSERT INTO PlantedIn (bedID, plantID, percentage, staffID) VALUES (147, 602, 3, 24);
INSERT INTO PlantedIn (bedID, plantID, percentage, staffID) VALUES (439, 2418, 4, 176);
INSERT INTO PlantedIn (bedID, plantID, percentage, staffID) VALUES (159, 282, 4, 46);
INSERT INTO PlantedIn (bedID, plantID, percentage, staffID) VALUES (69, 1249, 4, 136);
INSERT INTO PlantedIn (bedID, plantID, percentage, staffID) VALUES (98, 826, 4, 178);
INSERT INTO PlantedIn (bedID, plantID, percentage, staffID) VALUES (258, 2184, 2, 24);
INSERT INTO PlantedIn (bedID, plantID, percentage, staffID) VALUES (144, 3187, 3, 180);
INSERT INTO PlantedIn (bedID, plantID, percentage, staffID) VALUES (42, 2178, 2, 155);
INSERT INTO PlantedIn (bedID, plantID, percentage, staffID) VALUES (341, 3373, 3, 194);
INSERT INTO PlantedIn (bedID, plantID, percentage, staffID) VALUES (236, 3137, 4, 128);
INSERT INTO PlantedIn (bedID, plantID, percentage, staffID) VALUES (419, 3288, 1, 121);
INSERT INTO PlantedIn (bedID, plantID, percentage, staffID) VALUES (220, 3327, 1, 44);
INSERT INTO PlantedIn (bedID, plantID, percentage, staffID) VALUES (202, 1269, 3, 66);
INSERT INTO PlantedIn (bedID, plantID, percentage, staffID) VALUES (73, 772, 1, 55);
INSERT INTO PlantedIn (bedID, plantID, percentage, staffID) VALUES (361, 88, 2, 131);
INSERT INTO PlantedIn (bedID, plantID, percentage, staffID) VALUES (424, 2281, 2, 27);
INSERT INTO PlantedIn (bedID, plantID, percentage, staffID) VALUES (190, 2915, 2, 47);
INSERT INTO PlantedIn (bedID, plantID, percentage, staffID) VALUES (287, 3153, 4, 65);
INSERT INTO PlantedIn (bedID, plantID, percentage, staffID) VALUES (79, 1435, 3, 111);
INSERT INTO PlantedIn (bedID, plantID, percentage, staffID) VALUES (331, 3322, 4, 66);
INSERT INTO PlantedIn (bedID, plantID, percentage, staffID) VALUES (28, 2270, 4, 19);
INSERT INTO PlantedIn (bedID, plantID, percentage, staffID) VALUES (289, 2831, 3, 62);
INSERT INTO PlantedIn (bedID, plantID, percentage, staffID) VALUES (153, 1669, 3, 184);
INSERT INTO PlantedIn (bedID, plantID, percentage, staffID) VALUES (88, 483, 4, 2);
INSERT INTO PlantedIn (bedID, plantID, percentage, staffID) VALUES (445, 1256, 1, 117);
INSERT INTO PlantedIn (bedID, plantID, percentage, staffID) VALUES (298, 2812, 4, 110);
INSERT INTO PlantedIn (bedID, plantID, percentage, staffID) VALUES (47, 305, 4, 79);
INSERT INTO PlantedIn (bedID, plantID, percentage, staffID) VALUES (444, 2723, 4, 133);
INSERT INTO PlantedIn (bedID, plantID, percentage, staffID) VALUES (138, 2872, 4, 167);
INSERT INTO PlantedIn (bedID, plantID, percentage, staffID) VALUES (225, 471, 4, 83);
INSERT INTO PlantedIn (bedID, plantID, percentage, staffID) VALUES (262, 1179, 3, 107);
INSERT INTO PlantedIn (bedID, plantID, percentage, staffID) VALUES (204, 2051, 2, 108);
INSERT INTO PlantedIn (bedID, plantID, percentage, staffID) VALUES (405, 380, 2, 78);
INSERT INTO PlantedIn (bedID, plantID, percentage, staffID) VALUES (391, 3542, 4, 57);
INSERT INTO PlantedIn (bedID, plantID, percentage, staffID) VALUES (471, 2562, 4, 148);
INSERT INTO PlantedIn (bedID, plantID, percentage, staffID) VALUES (174, 1440, 3, 190);
INSERT INTO PlantedIn (bedID, plantID, percentage, staffID) VALUES (55, 2893, 3, 115);
INSERT INTO PlantedIn (bedID, plantID, percentage, staffID) VALUES (412, 3736, 2, 80);
INSERT INTO PlantedIn (bedID, plantID, percentage, staffID) VALUES (129, 3515, 3, 34);
INSERT INTO PlantedIn (bedID, plantID, percentage, staffID) VALUES (209, 2673, 2, 15);
INSERT INTO PlantedIn (bedID, plantID, percentage, staffID) VALUES (374, 1736, 3, 160);
INSERT INTO PlantedIn (bedID, plantID, percentage, staffID) VALUES (173, 223, 2, 111);
INSERT INTO PlantedIn (bedID, plantID, percentage, staffID) VALUES (341, 1012, 1, 60);
INSERT INTO PlantedIn (bedID, plantID, percentage, staffID) VALUES (300, 865, 3, 153);
INSERT INTO PlantedIn (bedID, plantID, percentage, staffID) VALUES (460, 1185, 4, 70);
INSERT INTO PlantedIn (bedID, plantID, percentage, staffID) VALUES (130, 2816, 3, 55);
INSERT INTO PlantedIn (bedID, plantID, percentage, staffID) VALUES (302, 1651, 1, 51);
INSERT INTO PlantedIn (bedID, plantID, percentage, staffID) VALUES (57, 1225, 4, 77);
INSERT INTO PlantedIn (bedID, plantID, percentage, staffID) VALUES (363, 589, 1, 107);
INSERT INTO PlantedIn (bedID, plantID, percentage, staffID) VALUES (100, 244, 4, 101);
INSERT INTO PlantedIn (bedID, plantID, percentage, staffID) VALUES (154, 3038, 4, 4);
INSERT INTO PlantedIn (bedID, plantID, percentage, staffID) VALUES (5, 2954, 4, 145);
INSERT INTO PlantedIn (bedID, plantID, percentage, staffID) VALUES (34, 189, 2, 168);
INSERT INTO PlantedIn (bedID, plantID, percentage, staffID) VALUES (368, 342, 2, 182);
INSERT INTO PlantedIn (bedID, plantID, percentage, staffID) VALUES (244, 516, 3, 101);
INSERT INTO PlantedIn (bedID, plantID, percentage, staffID) VALUES (213, 3346, 1, 111);
INSERT INTO PlantedIn (bedID, plantID, percentage, staffID) VALUES (9, 254, 1, 71);
INSERT INTO PlantedIn (bedID, plantID, percentage, staffID) VALUES (296, 680, 3, 85);
INSERT INTO PlantedIn (bedID, plantID, percentage, staffID) VALUES (445, 466, 1, 126);
INSERT INTO PlantedIn (bedID, plantID, percentage, staffID) VALUES (81, 1700, 4, 73);
INSERT INTO PlantedIn (bedID, plantID, percentage, staffID) VALUES (250, 938, 1, 74);
INSERT INTO PlantedIn (bedID, plantID, percentage, staffID) VALUES (178, 3301, 4, 139);
INSERT INTO PlantedIn (bedID, plantID, percentage, staffID) VALUES (341, 851, 3, 9);
INSERT INTO PlantedIn (bedID, plantID, percentage, staffID) VALUES (109, 476, 4, 177);
INSERT INTO PlantedIn (bedID, plantID, percentage, staffID) VALUES (142, 1079, 1, 100);
INSERT INTO PlantedIn (bedID, plantID, percentage, staffID) VALUES (189, 410, 3, 51);
INSERT INTO PlantedIn (bedID, plantID, percentage, staffID) VALUES (259, 2336, 1, 106);
INSERT INTO PlantedIn (bedID, plantID, percentage, staffID) VALUES (401, 3388, 1, 24);
INSERT INTO PlantedIn (bedID, plantID, percentage, staffID) VALUES (346, 3074, 2, 10);
INSERT INTO PlantedIn (bedID, plantID, percentage, staffID) VALUES (8, 353, 2, 39);
INSERT INTO PlantedIn (bedID, plantID, percentage, staffID) VALUES (228, 588, 3, 146);
INSERT INTO PlantedIn (bedID, plantID, percentage, staffID) VALUES (131, 2248, 3, 116);
INSERT INTO PlantedIn (bedID, plantID, percentage, staffID) VALUES (408, 213, 2, 166);
INSERT INTO PlantedIn (bedID, plantID, percentage, staffID) VALUES (77, 244, 3, 170);
INSERT INTO PlantedIn (bedID, plantID, percentage, staffID) VALUES (316, 1330, 3, 160);
INSERT INTO PlantedIn (bedID, plantID, percentage, staffID) VALUES (105, 3470, 4, 151);
INSERT INTO PlantedIn (bedID, plantID, percentage, staffID) VALUES (328, 3038, 3, 82);
INSERT INTO PlantedIn (bedID, plantID, percentage, staffID) VALUES (415, 2271, 2, 2);
INSERT INTO PlantedIn (bedID, plantID, percentage, staffID) VALUES (350, 2795, 1, 15);
INSERT INTO PlantedIn (bedID, plantID, percentage, staffID) VALUES (144, 2452, 1, 121);
INSERT INTO PlantedIn (bedID, plantID, percentage, staffID) VALUES (326, 1554, 4, 87);
INSERT INTO PlantedIn (bedID, plantID, percentage, staffID) VALUES (220, 982, 1, 114);
INSERT INTO PlantedIn (bedID, plantID, percentage, staffID) VALUES (283, 1302, 4, 132);
INSERT INTO PlantedIn (bedID, plantID, percentage, staffID) VALUES (111, 1482, 4, 157);
INSERT INTO PlantedIn (bedID, plantID, percentage, staffID) VALUES (81, 654, 1, 130);
INSERT INTO PlantedIn (bedID, plantID, percentage, staffID) VALUES (358, 2487, 2, 83);
INSERT INTO PlantedIn (bedID, plantID, percentage, staffID) VALUES (174, 1831, 3, 105);
INSERT INTO PlantedIn (bedID, plantID, percentage, staffID) VALUES (51, 387, 4, 171);
INSERT INTO PlantedIn (bedID, plantID, percentage, staffID) VALUES (238, 1008, 4, 132);
INSERT INTO PlantedIn (bedID, plantID, percentage, staffID) VALUES (244, 787, 1, 21);
INSERT INTO PlantedIn (bedID, plantID, percentage, staffID) VALUES (256, 2882, 4, 190);
INSERT INTO PlantedIn (bedID, plantID, percentage, staffID) VALUES (61, 2701, 2, 144);
INSERT INTO PlantedIn (bedID, plantID, percentage, staffID) VALUES (411, 1302, 3, 71);
INSERT INTO PlantedIn (bedID, plantID, percentage, staffID) VALUES (464, 2896, 2, 25);
INSERT INTO PlantedIn (bedID, plantID, percentage, staffID) VALUES (106, 2442, 2, 4);
INSERT INTO PlantedIn (bedID, plantID, percentage, staffID) VALUES (347, 3297, 1, 27);
INSERT INTO PlantedIn (bedID, plantID, percentage, staffID) VALUES (54, 2994, 3, 41);
INSERT INTO PlantedIn (bedID, plantID, percentage, staffID) VALUES (463, 1157, 3, 152);
INSERT INTO PlantedIn (bedID, plantID, percentage, staffID) VALUES (22, 2592, 1, 60);
INSERT INTO PlantedIn (bedID, plantID, percentage, staffID) VALUES (175, 3845, 1, 97);
INSERT INTO PlantedIn (bedID, plantID, percentage, staffID) VALUES (157, 3156, 2, 176);
INSERT INTO PlantedIn (bedID, plantID, percentage, staffID) VALUES (268, 3797, 4, 135);
INSERT INTO PlantedIn (bedID, plantID, percentage, staffID) VALUES (291, 2611, 2, 25);
INSERT INTO PlantedIn (bedID, plantID, percentage, staffID) VALUES (250, 953, 3, 119);
INSERT INTO PlantedIn (bedID, plantID, percentage, staffID) VALUES (10, 3013, 4, 56);
INSERT INTO PlantedIn (bedID, plantID, percentage, staffID) VALUES (38, 41, 1, 106);
INSERT INTO PlantedIn (bedID, plantID, percentage, staffID) VALUES (323, 3133, 1, 61);
INSERT INTO PlantedIn (bedID, plantID, percentage, staffID) VALUES (381, 2972, 1, 59);
INSERT INTO PlantedIn (bedID, plantID, percentage, staffID) VALUES (277, 577, 1, 92);
INSERT INTO PlantedIn (bedID, plantID, percentage, staffID) VALUES (63, 413, 3, 192);
INSERT INTO PlantedIn (bedID, plantID, percentage, staffID) VALUES (371, 225, 2, 19);
INSERT INTO PlantedIn (bedID, plantID, percentage, staffID) VALUES (213, 861, 3, 67);
INSERT INTO PlantedIn (bedID, plantID, percentage, staffID) VALUES (111, 3255, 4, 133);
INSERT INTO PlantedIn (bedID, plantID, percentage, staffID) VALUES (340, 973, 2, 122);
INSERT INTO PlantedIn (bedID, plantID, percentage, staffID) VALUES (190, 168, 3, 93);
INSERT INTO PlantedIn (bedID, plantID, percentage, staffID) VALUES (71, 1516, 4, 57);
INSERT INTO PlantedIn (bedID, plantID, percentage, staffID) VALUES (213, 1428, 4, 50);
INSERT INTO PlantedIn (bedID, plantID, percentage, staffID) VALUES (19, 756, 2, 17);
INSERT INTO PlantedIn (bedID, plantID, percentage, staffID) VALUES (198, 1565, 3, 4);
INSERT INTO PlantedIn (bedID, plantID, percentage, staffID) VALUES (117, 2588, 4, 116);
INSERT INTO PlantedIn (bedID, plantID, percentage, staffID) VALUES (293, 2046, 2, 73);
INSERT INTO PlantedIn (bedID, plantID, percentage, staffID) VALUES (370, 3681, 1, 131);
INSERT INTO PlantedIn (bedID, plantID, percentage, staffID) VALUES (471, 351, 1, 146);
INSERT INTO PlantedIn (bedID, plantID, percentage, staffID) VALUES (229, 3835, 4, 16);
INSERT INTO PlantedIn (bedID, plantID, percentage, staffID) VALUES (171, 1241, 2, 141);
INSERT INTO PlantedIn (bedID, plantID, percentage, staffID) VALUES (245, 2969, 4, 182);
INSERT INTO PlantedIn (bedID, plantID, percentage, staffID) VALUES (82, 3510, 2, 120);
INSERT INTO PlantedIn (bedID, plantID, percentage, staffID) VALUES (274, 584, 1, 66);
INSERT INTO PlantedIn (bedID, plantID, percentage, staffID) VALUES (322, 2616, 2, 109);
INSERT INTO PlantedIn (bedID, plantID, percentage, staffID) VALUES (298, 650, 3, 132);
INSERT INTO PlantedIn (bedID, plantID, percentage, staffID) VALUES (123, 1381, 3, 158);
INSERT INTO PlantedIn (bedID, plantID, percentage, staffID) VALUES (166, 3279, 3, 138);
INSERT INTO PlantedIn (bedID, plantID, percentage, staffID) VALUES (81, 1400, 3, 23);
INSERT INTO PlantedIn (bedID, plantID, percentage, staffID) VALUES (62, 7, 2, 127);
INSERT INTO PlantedIn (bedID, plantID, percentage, staffID) VALUES (431, 798, 2, 148);
INSERT INTO PlantedIn (bedID, plantID, percentage, staffID) VALUES (170, 162, 1, 140);
INSERT INTO PlantedIn (bedID, plantID, percentage, staffID) VALUES (340, 824, 2, 102);
INSERT INTO PlantedIn (bedID, plantID, percentage, staffID) VALUES (236, 2869, 4, 78);
INSERT INTO PlantedIn (bedID, plantID, percentage, staffID) VALUES (280, 215, 4, 114);
INSERT INTO PlantedIn (bedID, plantID, percentage, staffID) VALUES (198, 2589, 3, 91);
INSERT INTO PlantedIn (bedID, plantID, percentage, staffID) VALUES (318, 255, 3, 174);
INSERT INTO PlantedIn (bedID, plantID, percentage, staffID) VALUES (129, 2215, 3, 14);
INSERT INTO PlantedIn (bedID, plantID, percentage, staffID) VALUES (291, 2902, 2, 137);
INSERT INTO PlantedIn (bedID, plantID, percentage, staffID) VALUES (456, 641, 2, 139);
INSERT INTO PlantedIn (bedID, plantID, percentage, staffID) VALUES (187, 1415, 4, 134);
INSERT INTO PlantedIn (bedID, plantID, percentage, staffID) VALUES (200, 822, 4, 152);
INSERT INTO PlantedIn (bedID, plantID, percentage, staffID) VALUES (418, 736, 3, 79);
INSERT INTO PlantedIn (bedID, plantID, percentage, staffID) VALUES (122, 916, 3, 28);
INSERT INTO PlantedIn (bedID, plantID, percentage, staffID) VALUES (451, 3190, 4, 155);
INSERT INTO PlantedIn (bedID, plantID, percentage, staffID) VALUES (469, 1694, 2, 54);
INSERT INTO PlantedIn (bedID, plantID, percentage, staffID) VALUES (44, 954, 2, 22);
INSERT INTO PlantedIn (bedID, plantID, percentage, staffID) VALUES (290, 2934, 1, 97);
INSERT INTO PlantedIn (bedID, plantID, percentage, staffID) VALUES (460, 837, 4, 179);
INSERT INTO PlantedIn (bedID, plantID, percentage, staffID) VALUES (193, 1003, 3, 83);
INSERT INTO PlantedIn (bedID, plantID, percentage, staffID) VALUES (235, 2091, 2, 40);
INSERT INTO PlantedIn (bedID, plantID, percentage, staffID) VALUES (352, 1351, 3, 149);
INSERT INTO PlantedIn (bedID, plantID, percentage, staffID) VALUES (83, 1886, 1, 126);
INSERT INTO PlantedIn (bedID, plantID, percentage, staffID) VALUES (439, 3386, 1, 95);
INSERT INTO PlantedIn (bedID, plantID, percentage, staffID) VALUES (58, 2199, 3, 103);
INSERT INTO PlantedIn (bedID, plantID, percentage, staffID) VALUES (155, 3766, 2, 157);
INSERT INTO PlantedIn (bedID, plantID, percentage, staffID) VALUES (91, 2481, 3, 32);
INSERT INTO PlantedIn (bedID, plantID, percentage, staffID) VALUES (427, 2161, 2, 54);
INSERT INTO PlantedIn (bedID, plantID, percentage, staffID) VALUES (48, 1747, 4, 144);
INSERT INTO PlantedIn (bedID, plantID, percentage, staffID) VALUES (380, 1676, 4, 111);
INSERT INTO PlantedIn (bedID, plantID, percentage, staffID) VALUES (436, 595, 4, 29);
INSERT INTO PlantedIn (bedID, plantID, percentage, staffID) VALUES (15, 2341, 1, 177);
INSERT INTO PlantedIn (bedID, plantID, percentage, staffID) VALUES (83, 1420, 3, 182);
INSERT INTO PlantedIn (bedID, plantID, percentage, staffID) VALUES (162, 2537, 3, 164);
INSERT INTO PlantedIn (bedID, plantID, percentage, staffID) VALUES (141, 3684, 1, 27);
INSERT INTO PlantedIn (bedID, plantID, percentage, staffID) VALUES (243, 1508, 3, 122);
INSERT INTO PlantedIn (bedID, plantID, percentage, staffID) VALUES (399, 1159, 3, 93);
INSERT INTO PlantedIn (bedID, plantID, percentage, staffID) VALUES (347, 3847, 3, 127);
INSERT INTO PlantedIn (bedID, plantID, percentage, staffID) VALUES (71, 2942, 1, 103);
INSERT INTO PlantedIn (bedID, plantID, percentage, staffID) VALUES (174, 1414, 3, 68);
INSERT INTO PlantedIn (bedID, plantID, percentage, staffID) VALUES (347, 844, 1, 9);
INSERT INTO PlantedIn (bedID, plantID, percentage, staffID) VALUES (414, 3260, 1, 124);
INSERT INTO PlantedIn (bedID, plantID, percentage, staffID) VALUES (377, 2846, 2, 76);
INSERT INTO PlantedIn (bedID, plantID, percentage, staffID) VALUES (60, 3742, 4, 188);
INSERT INTO PlantedIn (bedID, plantID, percentage, staffID) VALUES (127, 1451, 1, 125);
INSERT INTO PlantedIn (bedID, plantID, percentage, staffID) VALUES (176, 894, 3, 134);
INSERT INTO PlantedIn (bedID, plantID, percentage, staffID) VALUES (470, 606, 2, 143);
INSERT INTO PlantedIn (bedID, plantID, percentage, staffID) VALUES (248, 114, 2, 184);
INSERT INTO PlantedIn (bedID, plantID, percentage, staffID) VALUES (118, 3642, 1, 68);
INSERT INTO PlantedIn (bedID, plantID, percentage, staffID) VALUES (372, 3620, 3, 61);
INSERT INTO PlantedIn (bedID, plantID, percentage, staffID) VALUES (319, 2576, 4, 182);
INSERT INTO PlantedIn (bedID, plantID, percentage, staffID) VALUES (301, 3133, 4, 157);
INSERT INTO PlantedIn (bedID, plantID, percentage, staffID) VALUES (88, 1467, 3, 185);
INSERT INTO PlantedIn (bedID, plantID, percentage, staffID) VALUES (289, 2159, 3, 16);
INSERT INTO PlantedIn (bedID, plantID, percentage, staffID) VALUES (381, 3330, 1, 101);
INSERT INTO PlantedIn (bedID, plantID, percentage, staffID) VALUES (381, 3181, 3, 36);
INSERT INTO PlantedIn (bedID, plantID, percentage, staffID) VALUES (360, 1810, 2, 35);
INSERT INTO PlantedIn (bedID, plantID, percentage, staffID) VALUES (64, 240, 4, 48);
INSERT INTO PlantedIn (bedID, plantID, percentage, staffID) VALUES (413, 3862, 1, 138);
INSERT INTO PlantedIn (bedID, plantID, percentage, staffID) VALUES (180, 2223, 4, 126);
INSERT INTO PlantedIn (bedID, plantID, percentage, staffID) VALUES (64, 2669, 4, 121);
INSERT INTO PlantedIn (bedID, plantID, percentage, staffID) VALUES (220, 2141, 2, 18);
INSERT INTO PlantedIn (bedID, plantID, percentage, staffID) VALUES (197, 2238, 1, 66);
INSERT INTO PlantedIn (bedID, plantID, percentage, staffID) VALUES (191, 1903, 1, 165);
INSERT INTO PlantedIn (bedID, plantID, percentage, staffID) VALUES (455, 3787, 1, 122);
INSERT INTO PlantedIn (bedID, plantID, percentage, staffID) VALUES (20, 3188, 4, 177);
INSERT INTO PlantedIn (bedID, plantID, percentage, staffID) VALUES (53, 2270, 1, 40);
INSERT INTO PlantedIn (bedID, plantID, percentage, staffID) VALUES (132, 3030, 3, 19);
INSERT INTO PlantedIn (bedID, plantID, percentage, staffID) VALUES (160, 692, 4, 2);
INSERT INTO PlantedIn (bedID, plantID, percentage, staffID) VALUES (389, 3015, 4, 66);
INSERT INTO PlantedIn (bedID, plantID, percentage, staffID) VALUES (360, 3532, 4, 179);
INSERT INTO PlantedIn (bedID, plantID, percentage, staffID) VALUES (350, 2865, 3, 146);
INSERT INTO PlantedIn (bedID, plantID, percentage, staffID) VALUES (132, 2660, 2, 157);
INSERT INTO PlantedIn (bedID, plantID, percentage, staffID) VALUES (131, 3697, 3, 130);
INSERT INTO PlantedIn (bedID, plantID, percentage, staffID) VALUES (351, 2806, 1, 61);
INSERT INTO PlantedIn (bedID, plantID, percentage, staffID) VALUES (428, 1177, 3, 170);
INSERT INTO PlantedIn (bedID, plantID, percentage, staffID) VALUES (300, 3103, 2, 168);
INSERT INTO PlantedIn (bedID, plantID, percentage, staffID) VALUES (276, 550, 2, 49);
INSERT INTO PlantedIn (bedID, plantID, percentage, staffID) VALUES (27, 436, 4, 30);
INSERT INTO PlantedIn (bedID, plantID, percentage, staffID) VALUES (404, 3322, 1, 73);
INSERT INTO PlantedIn (bedID, plantID, percentage, staffID) VALUES (259, 471, 4, 107);
INSERT INTO PlantedIn (bedID, plantID, percentage, staffID) VALUES (37, 591, 4, 77);
INSERT INTO PlantedIn (bedID, plantID, percentage, staffID) VALUES (416, 2592, 4, 183);
INSERT INTO PlantedIn (bedID, plantID, percentage, staffID) VALUES (462, 2811, 3, 91);
INSERT INTO PlantedIn (bedID, plantID, percentage, staffID) VALUES (251, 1035, 1, 13);
INSERT INTO PlantedIn (bedID, plantID, percentage, staffID) VALUES (194, 1153, 2, 93);
INSERT INTO PlantedIn (bedID, plantID, percentage, staffID) VALUES (195, 2315, 2, 54);
INSERT INTO PlantedIn (bedID, plantID, percentage, staffID) VALUES (217, 2387, 1, 81);
INSERT INTO PlantedIn (bedID, plantID, percentage, staffID) VALUES (350, 3539, 4, 169);
INSERT INTO PlantedIn (bedID, plantID, percentage, staffID) VALUES (414, 2057, 4, 150);
INSERT INTO PlantedIn (bedID, plantID, percentage, staffID) VALUES (123, 682, 4, 94);
INSERT INTO PlantedIn (bedID, plantID, percentage, staffID) VALUES (210, 2010, 4, 184);
INSERT INTO PlantedIn (bedID, plantID, percentage, staffID) VALUES (388, 1379, 1, 66);
INSERT INTO PlantedIn (bedID, plantID, percentage, staffID) VALUES (452, 2242, 2, 101);
INSERT INTO PlantedIn (bedID, plantID, percentage, staffID) VALUES (94, 3439, 4, 86);
INSERT INTO PlantedIn (bedID, plantID, percentage, staffID) VALUES (381, 957, 4, 154);
INSERT INTO PlantedIn (bedID, plantID, percentage, staffID) VALUES (214, 1507, 2, 168);
INSERT INTO PlantedIn (bedID, plantID, percentage, staffID) VALUES (436, 2131, 1, 36);
INSERT INTO PlantedIn (bedID, plantID, percentage, staffID) VALUES (73, 3370, 4, 6);
INSERT INTO PlantedIn (bedID, plantID, percentage, staffID) VALUES (109, 1332, 1, 41);
INSERT INTO PlantedIn (bedID, plantID, percentage, staffID) VALUES (438, 2684, 1, 122);
INSERT INTO PlantedIn (bedID, plantID, percentage, staffID) VALUES (277, 64, 2, 12);
INSERT INTO PlantedIn (bedID, plantID, percentage, staffID) VALUES (125, 3140, 3, 54);
INSERT INTO PlantedIn (bedID, plantID, percentage, staffID) VALUES (96, 324, 1, 9);
INSERT INTO PlantedIn (bedID, plantID, percentage, staffID) VALUES (301, 841, 2, 63);
INSERT INTO PlantedIn (bedID, plantID, percentage, staffID) VALUES (403, 1061, 1, 109);
INSERT INTO PlantedIn (bedID, plantID, percentage, staffID) VALUES (427, 683, 4, 114);
INSERT INTO PlantedIn (bedID, plantID, percentage, staffID) VALUES (412, 603, 2, 194);
INSERT INTO PlantedIn (bedID, plantID, percentage, staffID) VALUES (82, 28, 2, 173);
INSERT INTO PlantedIn (bedID, plantID, percentage, staffID) VALUES (388, 414, 1, 31);
INSERT INTO PlantedIn (bedID, plantID, percentage, staffID) VALUES (91, 748, 4, 30);
INSERT INTO PlantedIn (bedID, plantID, percentage, staffID) VALUES (195, 1737, 2, 39);
INSERT INTO PlantedIn (bedID, plantID, percentage, staffID) VALUES (343, 2787, 4, 55);
INSERT INTO PlantedIn (bedID, plantID, percentage, staffID) VALUES (133, 936, 1, 50);
INSERT INTO PlantedIn (bedID, plantID, percentage, staffID) VALUES (199, 3103, 2, 2);
INSERT INTO PlantedIn (bedID, plantID, percentage, staffID) VALUES (454, 3701, 1, 152);
INSERT INTO PlantedIn (bedID, plantID, percentage, staffID) VALUES (457, 2276, 4, 116);
INSERT INTO PlantedIn (bedID, plantID, percentage, staffID) VALUES (330, 2778, 4, 165);
INSERT INTO PlantedIn (bedID, plantID, percentage, staffID) VALUES (432, 3670, 2, 146);
INSERT INTO PlantedIn (bedID, plantID, percentage, staffID) VALUES (189, 3478, 1, 120);
INSERT INTO PlantedIn (bedID, plantID, percentage, staffID) VALUES (45, 915, 3, 17);
INSERT INTO PlantedIn (bedID, plantID, percentage, staffID) VALUES (19, 349, 4, 164);
INSERT INTO PlantedIn (bedID, plantID, percentage, staffID) VALUES (23, 2111, 1, 27);
INSERT INTO PlantedIn (bedID, plantID, percentage, staffID) VALUES (64, 2690, 4, 163);
INSERT INTO PlantedIn (bedID, plantID, percentage, staffID) VALUES (197, 2321, 2, 147);
INSERT INTO PlantedIn (bedID, plantID, percentage, staffID) VALUES (261, 1659, 4, 133);
INSERT INTO PlantedIn (bedID, plantID, percentage, staffID) VALUES (156, 907, 4, 15);
INSERT INTO PlantedIn (bedID, plantID, percentage, staffID) VALUES (41, 244, 1, 174);
INSERT INTO PlantedIn (bedID, plantID, percentage, staffID) VALUES (142, 3597, 2, 141);
INSERT INTO PlantedIn (bedID, plantID, percentage, staffID) VALUES (10, 1902, 1, 69);
INSERT INTO PlantedIn (bedID, plantID, percentage, staffID) VALUES (18, 1800, 1, 17);
INSERT INTO PlantedIn (bedID, plantID, percentage, staffID) VALUES (77, 3385, 3, 1);
INSERT INTO PlantedIn (bedID, plantID, percentage, staffID) VALUES (226, 2785, 1, 185);
INSERT INTO PlantedIn (bedID, plantID, percentage, staffID) VALUES (372, 175, 4, 88);
INSERT INTO PlantedIn (bedID, plantID, percentage, staffID) VALUES (52, 1070, 2, 11);
INSERT INTO PlantedIn (bedID, plantID, percentage, staffID) VALUES (98, 2866, 1, 153);
INSERT INTO PlantedIn (bedID, plantID, percentage, staffID) VALUES (111, 320, 2, 61);
INSERT INTO PlantedIn (bedID, plantID, percentage, staffID) VALUES (260, 1453, 3, 91);
INSERT INTO PlantedIn (bedID, plantID, percentage, staffID) VALUES (119, 1730, 3, 59);
INSERT INTO PlantedIn (bedID, plantID, percentage, staffID) VALUES (80, 724, 2, 154);
INSERT INTO PlantedIn (bedID, plantID, percentage, staffID) VALUES (350, 2812, 3, 163);
INSERT INTO PlantedIn (bedID, plantID, percentage, staffID) VALUES (366, 864, 4, 82);
INSERT INTO PlantedIn (bedID, plantID, percentage, staffID) VALUES (237, 1732, 3, 59);
INSERT INTO PlantedIn (bedID, plantID, percentage, staffID) VALUES (90, 131, 2, 191);
INSERT INTO PlantedIn (bedID, plantID, percentage, staffID) VALUES (56, 892, 3, 142);
INSERT INTO PlantedIn (bedID, plantID, percentage, staffID) VALUES (287, 536, 4, 77);
INSERT INTO PlantedIn (bedID, plantID, percentage, staffID) VALUES (278, 2548, 4, 120);
INSERT INTO PlantedIn (bedID, plantID, percentage, staffID) VALUES (401, 1308, 3, 15);
INSERT INTO PlantedIn (bedID, plantID, percentage, staffID) VALUES (32, 3351, 4, 23);
INSERT INTO PlantedIn (bedID, plantID, percentage, staffID) VALUES (43, 1963, 3, 147);
INSERT INTO PlantedIn (bedID, plantID, percentage, staffID) VALUES (453, 25, 1, 61);
INSERT INTO PlantedIn (bedID, plantID, percentage, staffID) VALUES (19, 899, 1, 116);
INSERT INTO PlantedIn (bedID, plantID, percentage, staffID) VALUES (220, 1015, 1, 168);
INSERT INTO PlantedIn (bedID, plantID, percentage, staffID) VALUES (190, 754, 4, 190);
INSERT INTO PlantedIn (bedID, plantID, percentage, staffID) VALUES (404, 1982, 3, 152);
INSERT INTO PlantedIn (bedID, plantID, percentage, staffID) VALUES (403, 3139, 4, 59);
INSERT INTO PlantedIn (bedID, plantID, percentage, staffID) VALUES (322, 1532, 4, 155);
INSERT INTO PlantedIn (bedID, plantID, percentage, staffID) VALUES (428, 1832, 4, 74);
INSERT INTO PlantedIn (bedID, plantID, percentage, staffID) VALUES (228, 2541, 3, 2);
INSERT INTO PlantedIn (bedID, plantID, percentage, staffID) VALUES (421, 2217, 2, 138);
INSERT INTO PlantedIn (bedID, plantID, percentage, staffID) VALUES (396, 1922, 1, 87);
INSERT INTO PlantedIn (bedID, plantID, percentage, staffID) VALUES (328, 1353, 3, 46);
INSERT INTO PlantedIn (bedID, plantID, percentage, staffID) VALUES (409, 3730, 3, 51);
INSERT INTO PlantedIn (bedID, plantID, percentage, staffID) VALUES (368, 2057, 2, 129);
INSERT INTO PlantedIn (bedID, plantID, percentage, staffID) VALUES (440, 1493, 4, 46);
INSERT INTO PlantedIn (bedID, plantID, percentage, staffID) VALUES (407, 2262, 2, 142);
INSERT INTO PlantedIn (bedID, plantID, percentage, staffID) VALUES (115, 2698, 1, 176);
INSERT INTO PlantedIn (bedID, plantID, percentage, staffID) VALUES (129, 2074, 1, 99);
INSERT INTO PlantedIn (bedID, plantID, percentage, staffID) VALUES (16, 3508, 3, 71);
INSERT INTO PlantedIn (bedID, plantID, percentage, staffID) VALUES (122, 2197, 1, 56);
INSERT INTO PlantedIn (bedID, plantID, percentage, staffID) VALUES (253, 2004, 2, 171);
INSERT INTO PlantedIn (bedID, plantID, percentage, staffID) VALUES (24, 1799, 4, 157);
INSERT INTO PlantedIn (bedID, plantID, percentage, staffID) VALUES (403, 3832, 3, 166);
INSERT INTO PlantedIn (bedID, plantID, percentage, staffID) VALUES (273, 1947, 4, 11);
INSERT INTO PlantedIn (bedID, plantID, percentage, staffID) VALUES (96, 3525, 2, 194);
INSERT INTO PlantedIn (bedID, plantID, percentage, staffID) VALUES (213, 1685, 2, 119);
INSERT INTO PlantedIn (bedID, plantID, percentage, staffID) VALUES (163, 3574, 3, 43);
INSERT INTO PlantedIn (bedID, plantID, percentage, staffID) VALUES (234, 1857, 1, 148);
INSERT INTO PlantedIn (bedID, plantID, percentage, staffID) VALUES (473, 2149, 1, 69);
INSERT INTO PlantedIn (bedID, plantID, percentage, staffID) VALUES (11, 396, 4, 6);
INSERT INTO PlantedIn (bedID, plantID, percentage, staffID) VALUES (45, 3242, 3, 120);
INSERT INTO PlantedIn (bedID, plantID, percentage, staffID) VALUES (162, 2459, 3, 100);
INSERT INTO PlantedIn (bedID, plantID, percentage, staffID) VALUES (260, 1698, 4, 4);
INSERT INTO PlantedIn (bedID, plantID, percentage, staffID) VALUES (414, 2308, 1, 98);
INSERT INTO PlantedIn (bedID, plantID, percentage, staffID) VALUES (247, 2657, 1, 168);
INSERT INTO PlantedIn (bedID, plantID, percentage, staffID) VALUES (80, 2093, 1, 9);
INSERT INTO PlantedIn (bedID, plantID, percentage, staffID) VALUES (47, 1458, 1, 44);
INSERT INTO PlantedIn (bedID, plantID, percentage, staffID) VALUES (39, 2225, 2, 50);
INSERT INTO PlantedIn (bedID, plantID, percentage, staffID) VALUES (81, 3804, 1, 155);
INSERT INTO PlantedIn (bedID, plantID, percentage, staffID) VALUES (275, 910, 1, 54);
INSERT INTO PlantedIn (bedID, plantID, percentage, staffID) VALUES (437, 326, 1, 24);
INSERT INTO PlantedIn (bedID, plantID, percentage, staffID) VALUES (296, 612, 3, 53);
INSERT INTO PlantedIn (bedID, plantID, percentage, staffID) VALUES (254, 1821, 1, 172);
INSERT INTO PlantedIn (bedID, plantID, percentage, staffID) VALUES (338, 3219, 4, 120);
INSERT INTO PlantedIn (bedID, plantID, percentage, staffID) VALUES (194, 3208, 3, 45);
INSERT INTO PlantedIn (bedID, plantID, percentage, staffID) VALUES (266, 714, 3, 78);
INSERT INTO PlantedIn (bedID, plantID, percentage, staffID) VALUES (80, 525, 3, 159);
INSERT INTO PlantedIn (bedID, plantID, percentage, staffID) VALUES (176, 158, 2, 174);
INSERT INTO PlantedIn (bedID, plantID, percentage, staffID) VALUES (60, 3751, 4, 79);
INSERT INTO PlantedIn (bedID, plantID, percentage, staffID) VALUES (61, 2473, 3, 97);
INSERT INTO PlantedIn (bedID, plantID, percentage, staffID) VALUES (53, 1217, 4, 139);
INSERT INTO PlantedIn (bedID, plantID, percentage, staffID) VALUES (70, 1028, 3, 127);
INSERT INTO PlantedIn (bedID, plantID, percentage, staffID) VALUES (46, 3229, 3, 36);
INSERT INTO PlantedIn (bedID, plantID, percentage, staffID) VALUES (10, 2147, 1, 80);
INSERT INTO PlantedIn (bedID, plantID, percentage, staffID) VALUES (327, 635, 1, 192);
INSERT INTO PlantedIn (bedID, plantID, percentage, staffID) VALUES (97, 3060, 2, 73);
INSERT INTO PlantedIn (bedID, plantID, percentage, staffID) VALUES (361, 2856, 4, 17);
INSERT INTO PlantedIn (bedID, plantID, percentage, staffID) VALUES (180, 2139, 2, 114);
INSERT INTO PlantedIn (bedID, plantID, percentage, staffID) VALUES (411, 901, 1, 64);
INSERT INTO PlantedIn (bedID, plantID, percentage, staffID) VALUES (236, 3597, 3, 117);
INSERT INTO PlantedIn (bedID, plantID, percentage, staffID) VALUES (363, 2889, 4, 52);
INSERT INTO PlantedIn (bedID, plantID, percentage, staffID) VALUES (380, 3532, 1, 12);
INSERT INTO PlantedIn (bedID, plantID, percentage, staffID) VALUES (334, 1589, 2, 69);
INSERT INTO PlantedIn (bedID, plantID, percentage, staffID) VALUES (71, 1613, 3, 73);
INSERT INTO PlantedIn (bedID, plantID, percentage, staffID) VALUES (460, 3526, 4, 4);
INSERT INTO PlantedIn (bedID, plantID, percentage, staffID) VALUES (69, 1276, 3, 175);
INSERT INTO PlantedIn (bedID, plantID, percentage, staffID) VALUES (124, 1646, 1, 49);
INSERT INTO PlantedIn (bedID, plantID, percentage, staffID) VALUES (82, 1892, 2, 166);
INSERT INTO PlantedIn (bedID, plantID, percentage, staffID) VALUES (61, 3044, 4, 96);
INSERT INTO PlantedIn (bedID, plantID, percentage, staffID) VALUES (332, 2031, 2, 192);
INSERT INTO PlantedIn (bedID, plantID, percentage, staffID) VALUES (443, 1066, 1, 179);
INSERT INTO PlantedIn (bedID, plantID, percentage, staffID) VALUES (328, 894, 3, 126);
INSERT INTO PlantedIn (bedID, plantID, percentage, staffID) VALUES (68, 2444, 2, 103);
INSERT INTO PlantedIn (bedID, plantID, percentage, staffID) VALUES (456, 1376, 1, 191);
INSERT INTO PlantedIn (bedID, plantID, percentage, staffID) VALUES (370, 662, 4, 51);
INSERT INTO PlantedIn (bedID, plantID, percentage, staffID) VALUES (313, 240, 4, 88);
INSERT INTO PlantedIn (bedID, plantID, percentage, staffID) VALUES (402, 3481, 3, 147);
INSERT INTO PlantedIn (bedID, plantID, percentage, staffID) VALUES (442, 3207, 3, 92);
INSERT INTO PlantedIn (bedID, plantID, percentage, staffID) VALUES (29, 246, 1, 60);
INSERT INTO PlantedIn (bedID, plantID, percentage, staffID) VALUES (329, 3059, 3, 101);
INSERT INTO PlantedIn (bedID, plantID, percentage, staffID) VALUES (70, 1646, 4, 180);
INSERT INTO PlantedIn (bedID, plantID, percentage, staffID) VALUES (283, 503, 2, 181);
INSERT INTO PlantedIn (bedID, plantID, percentage, staffID) VALUES (91, 1215, 1, 10);
INSERT INTO PlantedIn (bedID, plantID, percentage, staffID) VALUES (102, 2958, 3, 121);
INSERT INTO PlantedIn (bedID, plantID, percentage, staffID) VALUES (201, 2118, 2, 1);
INSERT INTO PlantedIn (bedID, plantID, percentage, staffID) VALUES (244, 1053, 1, 132);
INSERT INTO PlantedIn (bedID, plantID, percentage, staffID) VALUES (31, 525, 1, 178);
INSERT INTO PlantedIn (bedID, plantID, percentage, staffID) VALUES (266, 2895, 1, 29);
INSERT INTO PlantedIn (bedID, plantID, percentage, staffID) VALUES (416, 89, 1, 85);
INSERT INTO PlantedIn (bedID, plantID, percentage, staffID) VALUES (160, 1784, 3, 23);
INSERT INTO PlantedIn (bedID, plantID, percentage, staffID) VALUES (108, 2721, 3, 40);
INSERT INTO PlantedIn (bedID, plantID, percentage, staffID) VALUES (120, 757, 3, 2);
INSERT INTO PlantedIn (bedID, plantID, percentage, staffID) VALUES (307, 3824, 1, 14);
INSERT INTO PlantedIn (bedID, plantID, percentage, staffID) VALUES (124, 2748, 2, 77);
INSERT INTO PlantedIn (bedID, plantID, percentage, staffID) VALUES (401, 933, 2, 110);
INSERT INTO PlantedIn (bedID, plantID, percentage, staffID) VALUES (469, 2610, 4, 116);
INSERT INTO PlantedIn (bedID, plantID, percentage, staffID) VALUES (331, 3795, 1, 192);
INSERT INTO PlantedIn (bedID, plantID, percentage, staffID) VALUES (210, 204, 3, 120);
INSERT INTO PlantedIn (bedID, plantID, percentage, staffID) VALUES (358, 3015, 1, 66);
INSERT INTO PlantedIn (bedID, plantID, percentage, staffID) VALUES (462, 1261, 3, 131);
INSERT INTO PlantedIn (bedID, plantID, percentage, staffID) VALUES (150, 2730, 3, 161);
INSERT INTO PlantedIn (bedID, plantID, percentage, staffID) VALUES (198, 611, 2, 185);
INSERT INTO PlantedIn (bedID, plantID, percentage, staffID) VALUES (189, 1693, 2, 138);
INSERT INTO PlantedIn (bedID, plantID, percentage, staffID) VALUES (54, 922, 4, 53);
INSERT INTO PlantedIn (bedID, plantID, percentage, staffID) VALUES (105, 770, 3, 173);
INSERT INTO PlantedIn (bedID, plantID, percentage, staffID) VALUES (120, 1677, 1, 69);
INSERT INTO PlantedIn (bedID, plantID, percentage, staffID) VALUES (102, 2525, 1, 4);
INSERT INTO PlantedIn (bedID, plantID, percentage, staffID) VALUES (464, 2534, 2, 166);
INSERT INTO PlantedIn (bedID, plantID, percentage, staffID) VALUES (172, 2308, 4, 178);
INSERT INTO PlantedIn (bedID, plantID, percentage, staffID) VALUES (358, 2990, 1, 9);
INSERT INTO PlantedIn (bedID, plantID, percentage, staffID) VALUES (101, 2764, 2, 111);
INSERT INTO PlantedIn (bedID, plantID, percentage, staffID) VALUES (451, 3103, 1, 28);
INSERT INTO PlantedIn (bedID, plantID, percentage, staffID) VALUES (1, 3799, 2, 171);
INSERT INTO PlantedIn (bedID, plantID, percentage, staffID) VALUES (198, 661, 3, 54);
INSERT INTO PlantedIn (bedID, plantID, percentage, staffID) VALUES (390, 1081, 4, 168);
INSERT INTO PlantedIn (bedID, plantID, percentage, staffID) VALUES (443, 2440, 2, 20);
INSERT INTO PlantedIn (bedID, plantID, percentage, staffID) VALUES (108, 3746, 4, 16);
INSERT INTO PlantedIn (bedID, plantID, percentage, staffID) VALUES (352, 460, 4, 28);
INSERT INTO PlantedIn (bedID, plantID, percentage, staffID) VALUES (395, 2632, 4, 57);
INSERT INTO PlantedIn (bedID, plantID, percentage, staffID) VALUES (189, 3086, 4, 151);
INSERT INTO PlantedIn (bedID, plantID, percentage, staffID) VALUES (459, 5, 4, 91);
INSERT INTO PlantedIn (bedID, plantID, percentage, staffID) VALUES (133, 1021, 1, 122);
INSERT INTO PlantedIn (bedID, plantID, percentage, staffID) VALUES (424, 2683, 1, 105);
INSERT INTO PlantedIn (bedID, plantID, percentage, staffID) VALUES (314, 2276, 2, 22);
INSERT INTO PlantedIn (bedID, plantID, percentage, staffID) VALUES (335, 940, 3, 74);
INSERT INTO PlantedIn (bedID, plantID, percentage, staffID) VALUES (438, 2472, 2, 68);
INSERT INTO PlantedIn (bedID, plantID, percentage, staffID) VALUES (26, 1120, 2, 183);
INSERT INTO PlantedIn (bedID, plantID, percentage, staffID) VALUES (42, 2442, 1, 55);
INSERT INTO PlantedIn (bedID, plantID, percentage, staffID) VALUES (300, 2754, 4, 174);
INSERT INTO PlantedIn (bedID, plantID, percentage, staffID) VALUES (462, 1725, 4, 27);
INSERT INTO PlantedIn (bedID, plantID, percentage, staffID) VALUES (110, 390, 4, 43);
INSERT INTO PlantedIn (bedID, plantID, percentage, staffID) VALUES (163, 2201, 2, 98);
INSERT INTO PlantedIn (bedID, plantID, percentage, staffID) VALUES (99, 3124, 2, 138);
INSERT INTO PlantedIn (bedID, plantID, percentage, staffID) VALUES (47, 2197, 1, 147);
INSERT INTO PlantedIn (bedID, plantID, percentage, staffID) VALUES (95, 3804, 4, 50);
INSERT INTO PlantedIn (bedID, plantID, percentage, staffID) VALUES (330, 359, 3, 153);
INSERT INTO PlantedIn (bedID, plantID, percentage, staffID) VALUES (255, 3385, 3, 112);
INSERT INTO PlantedIn (bedID, plantID, percentage, staffID) VALUES (245, 2085, 3, 99);
INSERT INTO PlantedIn (bedID, plantID, percentage, staffID) VALUES (303, 2673, 4, 141);
INSERT INTO PlantedIn (bedID, plantID, percentage, staffID) VALUES (124, 642, 2, 52);
INSERT INTO PlantedIn (bedID, plantID, percentage, staffID) VALUES (461, 3585, 1, 150);
INSERT INTO PlantedIn (bedID, plantID, percentage, staffID) VALUES (235, 1738, 3, 53);
INSERT INTO PlantedIn (bedID, plantID, percentage, staffID) VALUES (206, 1933, 1, 108);
INSERT INTO PlantedIn (bedID, plantID, percentage, staffID) VALUES (281, 1063, 1, 164);
INSERT INTO PlantedIn (bedID, plantID, percentage, staffID) VALUES (72, 1346, 3, 166);
INSERT INTO PlantedIn (bedID, plantID, percentage, staffID) VALUES (420, 1133, 3, 86);
INSERT INTO PlantedIn (bedID, plantID, percentage, staffID) VALUES (466, 400, 1, 105);
INSERT INTO PlantedIn (bedID, plantID, percentage, staffID) VALUES (128, 2952, 1, 146);
INSERT INTO PlantedIn (bedID, plantID, percentage, staffID) VALUES (327, 1732, 1, 65);
INSERT INTO PlantedIn (bedID, plantID, percentage, staffID) VALUES (425, 2214, 2, 181);
INSERT INTO PlantedIn (bedID, plantID, percentage, staffID) VALUES (35, 1590, 3, 95);
INSERT INTO PlantedIn (bedID, plantID, percentage, staffID) VALUES (325, 1025, 4, 163);
INSERT INTO PlantedIn (bedID, plantID, percentage, staffID) VALUES (291, 2351, 3, 104);
INSERT INTO PlantedIn (bedID, plantID, percentage, staffID) VALUES (427, 3564, 4, 6);
INSERT INTO PlantedIn (bedID, plantID, percentage, staffID) VALUES (12, 2088, 2, 27);
INSERT INTO PlantedIn (bedID, plantID, percentage, staffID) VALUES (144, 3269, 4, 110);
INSERT INTO PlantedIn (bedID, plantID, percentage, staffID) VALUES (139, 3300, 1, 38);
INSERT INTO PlantedIn (bedID, plantID, percentage, staffID) VALUES (202, 251, 2, 107);
INSERT INTO PlantedIn (bedID, plantID, percentage, staffID) VALUES (226, 3806, 1, 34);
INSERT INTO PlantedIn (bedID, plantID, percentage, staffID) VALUES (270, 1950, 2, 75);
INSERT INTO PlantedIn (bedID, plantID, percentage, staffID) VALUES (202, 1515, 2, 73);
INSERT INTO PlantedIn (bedID, plantID, percentage, staffID) VALUES (441, 1887, 1, 153);
INSERT INTO PlantedIn (bedID, plantID, percentage, staffID) VALUES (158, 1101, 3, 48);
INSERT INTO PlantedIn (bedID, plantID, percentage, staffID) VALUES (66, 1597, 3, 168);
INSERT INTO PlantedIn (bedID, plantID, percentage, staffID) VALUES (226, 1322, 4, 14);
INSERT INTO PlantedIn (bedID, plantID, percentage, staffID) VALUES (155, 886, 3, 24);
INSERT INTO PlantedIn (bedID, plantID, percentage, staffID) VALUES (91, 445, 4, 90);
INSERT INTO PlantedIn (bedID, plantID, percentage, staffID) VALUES (293, 3103, 1, 48);
INSERT INTO PlantedIn (bedID, plantID, percentage, staffID) VALUES (93, 2282, 1, 102);
INSERT INTO PlantedIn (bedID, plantID, percentage, staffID) VALUES (38, 942, 2, 74);
INSERT INTO PlantedIn (bedID, plantID, percentage, staffID) VALUES (250, 2295, 3, 9);
INSERT INTO PlantedIn (bedID, plantID, percentage, staffID) VALUES (4, 3320, 2, 48);
INSERT INTO PlantedIn (bedID, plantID, percentage, staffID) VALUES (95, 1141, 3, 90);
INSERT INTO PlantedIn (bedID, plantID, percentage, staffID) VALUES (248, 2141, 3, 22);
INSERT INTO PlantedIn (bedID, plantID, percentage, staffID) VALUES (317, 2099, 2, 98);
INSERT INTO PlantedIn (bedID, plantID, percentage, staffID) VALUES (164, 2746, 3, 69);
INSERT INTO PlantedIn (bedID, plantID, percentage, staffID) VALUES (143, 3211, 2, 137);
INSERT INTO PlantedIn (bedID, plantID, percentage, staffID) VALUES (36, 117, 3, 162);
INSERT INTO PlantedIn (bedID, plantID, percentage, staffID) VALUES (296, 3212, 3, 55);
INSERT INTO PlantedIn (bedID, plantID, percentage, staffID) VALUES (327, 1932, 4, 24);
INSERT INTO PlantedIn (bedID, plantID, percentage, staffID) VALUES (376, 2137, 2, 86);
INSERT INTO PlantedIn (bedID, plantID, percentage, staffID) VALUES (51, 2018, 4, 7);
INSERT INTO PlantedIn (bedID, plantID, percentage, staffID) VALUES (31, 1976, 2, 13);
INSERT INTO PlantedIn (bedID, plantID, percentage, staffID) VALUES (108, 2392, 2, 184);
INSERT INTO PlantedIn (bedID, plantID, percentage, staffID) VALUES (307, 2677, 2, 185);
INSERT INTO PlantedIn (bedID, plantID, percentage, staffID) VALUES (248, 667, 1, 185);
INSERT INTO PlantedIn (bedID, plantID, percentage, staffID) VALUES (318, 70, 2, 22);
INSERT INTO PlantedIn (bedID, plantID, percentage, staffID) VALUES (270, 2018, 3, 161);
INSERT INTO PlantedIn (bedID, plantID, percentage, staffID) VALUES (21, 3169, 1, 93);
INSERT INTO PlantedIn (bedID, plantID, percentage, staffID) VALUES (157, 1994, 3, 107);
INSERT INTO PlantedIn (bedID, plantID, percentage, staffID) VALUES (432, 1821, 1, 16);
INSERT INTO PlantedIn (bedID, plantID, percentage, staffID) VALUES (43, 3772, 3, 91);
INSERT INTO PlantedIn (bedID, plantID, percentage, staffID) VALUES (317, 1335, 1, 3);
INSERT INTO PlantedIn (bedID, plantID, percentage, staffID) VALUES (245, 3537, 1, 83);
INSERT INTO PlantedIn (bedID, plantID, percentage, staffID) VALUES (442, 1966, 3, 135);
INSERT INTO PlantedIn (bedID, plantID, percentage, staffID) VALUES (15, 1712, 1, 37);
INSERT INTO PlantedIn (bedID, plantID, percentage, staffID) VALUES (125, 2450, 3, 38);
INSERT INTO PlantedIn (bedID, plantID, percentage, staffID) VALUES (71, 2718, 1, 30);
INSERT INTO PlantedIn (bedID, plantID, percentage, staffID) VALUES (83, 854, 2, 42);
INSERT INTO PlantedIn (bedID, plantID, percentage, staffID) VALUES (93, 2487, 4, 1);
INSERT INTO PlantedIn (bedID, plantID, percentage, staffID) VALUES (468, 57, 3, 12);
INSERT INTO PlantedIn (bedID, plantID, percentage, staffID) VALUES (440, 1782, 4, 143);
INSERT INTO PlantedIn (bedID, plantID, percentage, staffID) VALUES (459, 1367, 1, 75);
INSERT INTO PlantedIn (bedID, plantID, percentage, staffID) VALUES (377, 2116, 1, 16);
INSERT INTO PlantedIn (bedID, plantID, percentage, staffID) VALUES (86, 999, 2, 134);
INSERT INTO PlantedIn (bedID, plantID, percentage, staffID) VALUES (455, 3090, 1, 81);
INSERT INTO PlantedIn (bedID, plantID, percentage, staffID) VALUES (10, 2298, 1, 82);
INSERT INTO PlantedIn (bedID, plantID, percentage, staffID) VALUES (113, 1559, 1, 17);
INSERT INTO PlantedIn (bedID, plantID, percentage, staffID) VALUES (198, 533, 2, 150);
INSERT INTO PlantedIn (bedID, plantID, percentage, staffID) VALUES (284, 1660, 3, 43);
INSERT INTO PlantedIn (bedID, plantID, percentage, staffID) VALUES (371, 2227, 3, 116);
INSERT INTO PlantedIn (bedID, plantID, percentage, staffID) VALUES (59, 2487, 2, 131);
INSERT INTO PlantedIn (bedID, plantID, percentage, staffID) VALUES (427, 1130, 4, 130);
INSERT INTO PlantedIn (bedID, plantID, percentage, staffID) VALUES (295, 1544, 4, 68);
INSERT INTO PlantedIn (bedID, plantID, percentage, staffID) VALUES (380, 1586, 1, 18);
INSERT INTO PlantedIn (bedID, plantID, percentage, staffID) VALUES (260, 3166, 1, 116);
INSERT INTO PlantedIn (bedID, plantID, percentage, staffID) VALUES (118, 3006, 1, 146);
INSERT INTO PlantedIn (bedID, plantID, percentage, staffID) VALUES (168, 1095, 2, 125);
INSERT INTO PlantedIn (bedID, plantID, percentage, staffID) VALUES (439, 968, 4, 160);
INSERT INTO PlantedIn (bedID, plantID, percentage, staffID) VALUES (257, 1611, 3, 142);
INSERT INTO PlantedIn (bedID, plantID, percentage, staffID) VALUES (211, 2673, 1, 153);
INSERT INTO PlantedIn (bedID, plantID, percentage, staffID) VALUES (43, 288, 4, 189);
INSERT INTO PlantedIn (bedID, plantID, percentage, staffID) VALUES (230, 45, 1, 24);
INSERT INTO PlantedIn (bedID, plantID, percentage, staffID) VALUES (393, 2634, 1, 37);
INSERT INTO PlantedIn (bedID, plantID, percentage, staffID) VALUES (218, 3454, 4, 23);
INSERT INTO PlantedIn (bedID, plantID, percentage, staffID) VALUES (84, 2789, 1, 60);
INSERT INTO PlantedIn (bedID, plantID, percentage, staffID) VALUES (460, 276, 3, 191);
INSERT INTO PlantedIn (bedID, plantID, percentage, staffID) VALUES (231, 2413, 4, 31);
INSERT INTO PlantedIn (bedID, plantID, percentage, staffID) VALUES (458, 3570, 2, 62);
INSERT INTO PlantedIn (bedID, plantID, percentage, staffID) VALUES (443, 1600, 4, 99);
INSERT INTO PlantedIn (bedID, plantID, percentage, staffID) VALUES (46, 2567, 3, 173);
INSERT INTO PlantedIn (bedID, plantID, percentage, staffID) VALUES (264, 3690, 3, 75);
INSERT INTO PlantedIn (bedID, plantID, percentage, staffID) VALUES (320, 2538, 3, 171);
INSERT INTO PlantedIn (bedID, plantID, percentage, staffID) VALUES (345, 2977, 1, 34);
INSERT INTO PlantedIn (bedID, plantID, percentage, staffID) VALUES (187, 1198, 3, 31);
INSERT INTO PlantedIn (bedID, plantID, percentage, staffID) VALUES (97, 566, 1, 24);
INSERT INTO PlantedIn (bedID, plantID, percentage, staffID) VALUES (34, 1610, 1, 128);
INSERT INTO PlantedIn (bedID, plantID, percentage, staffID) VALUES (393, 425, 4, 158);
INSERT INTO PlantedIn (bedID, plantID, percentage, staffID) VALUES (366, 2377, 2, 98);
INSERT INTO PlantedIn (bedID, plantID, percentage, staffID) VALUES (270, 3273, 1, 14);
INSERT INTO PlantedIn (bedID, plantID, percentage, staffID) VALUES (239, 3493, 1, 183);
INSERT INTO PlantedIn (bedID, plantID, percentage, staffID) VALUES (173, 2303, 3, 159);
INSERT INTO PlantedIn (bedID, plantID, percentage, staffID) VALUES (351, 3459, 4, 152);
INSERT INTO PlantedIn (bedID, plantID, percentage, staffID) VALUES (148, 1412, 1, 167);
INSERT INTO PlantedIn (bedID, plantID, percentage, staffID) VALUES (225, 2270, 1, 14);
INSERT INTO PlantedIn (bedID, plantID, percentage, staffID) VALUES (96, 2115, 4, 119);
INSERT INTO PlantedIn (bedID, plantID, percentage, staffID) VALUES (187, 2495, 4, 4);
INSERT INTO PlantedIn (bedID, plantID, percentage, staffID) VALUES (260, 3517, 1, 27);
INSERT INTO PlantedIn (bedID, plantID, percentage, staffID) VALUES (457, 2226, 2, 60);
INSERT INTO PlantedIn (bedID, plantID, percentage, staffID) VALUES (82, 271, 4, 184);
INSERT INTO PlantedIn (bedID, plantID, percentage, staffID) VALUES (457, 2469, 2, 148);
INSERT INTO PlantedIn (bedID, plantID, percentage, staffID) VALUES (2, 2095, 2, 86);
INSERT INTO PlantedIn (bedID, plantID, percentage, staffID) VALUES (62, 1875, 2, 149);
INSERT INTO PlantedIn (bedID, plantID, percentage, staffID) VALUES (16, 1187, 2, 21);
INSERT INTO PlantedIn (bedID, plantID, percentage, staffID) VALUES (451, 460, 3, 66);
INSERT INTO PlantedIn (bedID, plantID, percentage, staffID) VALUES (14, 1744, 4, 148);
INSERT INTO PlantedIn (bedID, plantID, percentage, staffID) VALUES (13, 65, 1, 66);
INSERT INTO PlantedIn (bedID, plantID, percentage, staffID) VALUES (41, 855, 1, 23);
INSERT INTO PlantedIn (bedID, plantID, percentage, staffID) VALUES (407, 3236, 4, 67);
INSERT INTO PlantedIn (bedID, plantID, percentage, staffID) VALUES (180, 2881, 3, 70);
INSERT INTO PlantedIn (bedID, plantID, percentage, staffID) VALUES (109, 269, 2, 172);
INSERT INTO PlantedIn (bedID, plantID, percentage, staffID) VALUES (179, 3637, 2, 141);
INSERT INTO PlantedIn (bedID, plantID, percentage, staffID) VALUES (29, 40, 1, 170);
INSERT INTO PlantedIn (bedID, plantID, percentage, staffID) VALUES (219, 2149, 2, 17);
INSERT INTO PlantedIn (bedID, plantID, percentage, staffID) VALUES (271, 1565, 3, 141);
INSERT INTO PlantedIn (bedID, plantID, percentage, staffID) VALUES (297, 3087, 2, 145);
INSERT INTO PlantedIn (bedID, plantID, percentage, staffID) VALUES (301, 146, 1, 72);
INSERT INTO PlantedIn (bedID, plantID, percentage, staffID) VALUES (371, 2674, 1, 107);
INSERT INTO PlantedIn (bedID, plantID, percentage, staffID) VALUES (361, 1397, 1, 57);
INSERT INTO PlantedIn (bedID, plantID, percentage, staffID) VALUES (144, 3720, 2, 96);
INSERT INTO PlantedIn (bedID, plantID, percentage, staffID) VALUES (460, 1152, 2, 92);
INSERT INTO PlantedIn (bedID, plantID, percentage, staffID) VALUES (404, 2058, 2, 189);
INSERT INTO PlantedIn (bedID, plantID, percentage, staffID) VALUES (444, 2352, 3, 18);
INSERT INTO PlantedIn (bedID, plantID, percentage, staffID) VALUES (193, 3077, 1, 10);
INSERT INTO PlantedIn (bedID, plantID, percentage, staffID) VALUES (395, 1538, 3, 12);
INSERT INTO PlantedIn (bedID, plantID, percentage, staffID) VALUES (43, 2243, 4, 129);
INSERT INTO PlantedIn (bedID, plantID, percentage, staffID) VALUES (410, 1760, 4, 124);
INSERT INTO PlantedIn (bedID, plantID, percentage, staffID) VALUES (357, 219, 3, 56);
INSERT INTO PlantedIn (bedID, plantID, percentage, staffID) VALUES (279, 753, 3, 7);
INSERT INTO PlantedIn (bedID, plantID, percentage, staffID) VALUES (380, 461, 1, 19);
INSERT INTO PlantedIn (bedID, plantID, percentage, staffID) VALUES (433, 529, 3, 52);
INSERT INTO PlantedIn (bedID, plantID, percentage, staffID) VALUES (253, 1202, 3, 75);
INSERT INTO PlantedIn (bedID, plantID, percentage, staffID) VALUES (422, 3846, 4, 97);
INSERT INTO PlantedIn (bedID, plantID, percentage, staffID) VALUES (426, 1789, 4, 16);
INSERT INTO PlantedIn (bedID, plantID, percentage, staffID) VALUES (435, 2640, 3, 124);
INSERT INTO PlantedIn (bedID, plantID, percentage, staffID) VALUES (350, 3394, 2, 57);
INSERT INTO PlantedIn (bedID, plantID, percentage, staffID) VALUES (35, 1207, 4, 175);
INSERT INTO PlantedIn (bedID, plantID, percentage, staffID) VALUES (205, 3643, 2, 18);
INSERT INTO PlantedIn (bedID, plantID, percentage, staffID) VALUES (38, 1312, 3, 20);
INSERT INTO PlantedIn (bedID, plantID, percentage, staffID) VALUES (308, 1781, 3, 49);
INSERT INTO PlantedIn (bedID, plantID, percentage, staffID) VALUES (216, 2754, 2, 77);
INSERT INTO PlantedIn (bedID, plantID, percentage, staffID) VALUES (83, 1744, 1, 25);
INSERT INTO PlantedIn (bedID, plantID, percentage, staffID) VALUES (64, 2807, 4, 156);
INSERT INTO PlantedIn (bedID, plantID, percentage, staffID) VALUES (286, 167, 3, 42);
INSERT INTO PlantedIn (bedID, plantID, percentage, staffID) VALUES (169, 217, 4, 113);
INSERT INTO PlantedIn (bedID, plantID, percentage, staffID) VALUES (473, 2467, 1, 28);
INSERT INTO PlantedIn (bedID, plantID, percentage, staffID) VALUES (463, 883, 3, 142);
INSERT INTO PlantedIn (bedID, plantID, percentage, staffID) VALUES (326, 3594, 1, 35);
INSERT INTO PlantedIn (bedID, plantID, percentage, staffID) VALUES (304, 2100, 4, 102);
INSERT INTO PlantedIn (bedID, plantID, percentage, staffID) VALUES (471, 2398, 1, 186);
INSERT INTO PlantedIn (bedID, plantID, percentage, staffID) VALUES (164, 2611, 4, 1);
INSERT INTO PlantedIn (bedID, plantID, percentage, staffID) VALUES (340, 788, 1, 128);
INSERT INTO PlantedIn (bedID, plantID, percentage, staffID) VALUES (123, 692, 2, 176);
INSERT INTO PlantedIn (bedID, plantID, percentage, staffID) VALUES (387, 3841, 4, 69);
INSERT INTO PlantedIn (bedID, plantID, percentage, staffID) VALUES (106, 108, 4, 87);
INSERT INTO PlantedIn (bedID, plantID, percentage, staffID) VALUES (453, 2285, 3, 12);
INSERT INTO PlantedIn (bedID, plantID, percentage, staffID) VALUES (64, 2146, 1, 86);
INSERT INTO PlantedIn (bedID, plantID, percentage, staffID) VALUES (83, 1268, 3, 53);
INSERT INTO PlantedIn (bedID, plantID, percentage, staffID) VALUES (2, 1002, 3, 97);
INSERT INTO PlantedIn (bedID, plantID, percentage, staffID) VALUES (219, 381, 3, 163);
INSERT INTO PlantedIn (bedID, plantID, percentage, staffID) VALUES (308, 1224, 4, 182);
INSERT INTO PlantedIn (bedID, plantID, percentage, staffID) VALUES (163, 1203, 2, 160);
INSERT INTO PlantedIn (bedID, plantID, percentage, staffID) VALUES (427, 3244, 1, 184);
INSERT INTO PlantedIn (bedID, plantID, percentage, staffID) VALUES (187, 1233, 3, 34);
INSERT INTO PlantedIn (bedID, plantID, percentage, staffID) VALUES (306, 1632, 3, 19);
INSERT INTO PlantedIn (bedID, plantID, percentage, staffID) VALUES (323, 2176, 1, 76);
INSERT INTO PlantedIn (bedID, plantID, percentage, staffID) VALUES (313, 648, 4, 177);
INSERT INTO PlantedIn (bedID, plantID, percentage, staffID) VALUES (390, 3274, 2, 7);
INSERT INTO PlantedIn (bedID, plantID, percentage, staffID) VALUES (78, 3566, 3, 71);
INSERT INTO PlantedIn (bedID, plantID, percentage, staffID) VALUES (111, 502, 1, 166);
INSERT INTO PlantedIn (bedID, plantID, percentage, staffID) VALUES (459, 2751, 2, 36);
INSERT INTO PlantedIn (bedID, plantID, percentage, staffID) VALUES (15, 1304, 3, 191);
INSERT INTO PlantedIn (bedID, plantID, percentage, staffID) VALUES (360, 93, 2, 67);
INSERT INTO PlantedIn (bedID, plantID, percentage, staffID) VALUES (278, 2702, 1, 120);
INSERT INTO PlantedIn (bedID, plantID, percentage, staffID) VALUES (410, 1743, 3, 39);
INSERT INTO PlantedIn (bedID, plantID, percentage, staffID) VALUES (141, 854, 2, 34);
INSERT INTO PlantedIn (bedID, plantID, percentage, staffID) VALUES (303, 3013, 3, 105);
INSERT INTO PlantedIn (bedID, plantID, percentage, staffID) VALUES (11, 3499, 4, 41);
INSERT INTO PlantedIn (bedID, plantID, percentage, staffID) VALUES (440, 2032, 3, 46);
INSERT INTO PlantedIn (bedID, plantID, percentage, staffID) VALUES (107, 3118, 1, 156);
INSERT INTO PlantedIn (bedID, plantID, percentage, staffID) VALUES (122, 3677, 3, 160);
INSERT INTO PlantedIn (bedID, plantID, percentage, staffID) VALUES (82, 3656, 2, 4);
INSERT INTO PlantedIn (bedID, plantID, percentage, staffID) VALUES (216, 3812, 1, 142);
INSERT INTO PlantedIn (bedID, plantID, percentage, staffID) VALUES (363, 792, 2, 145);
INSERT INTO PlantedIn (bedID, plantID, percentage, staffID) VALUES (421, 2624, 4, 159);
INSERT INTO PlantedIn (bedID, plantID, percentage, staffID) VALUES (277, 3775, 3, 142);
INSERT INTO PlantedIn (bedID, plantID, percentage, staffID) VALUES (238, 3537, 3, 6);
INSERT INTO PlantedIn (bedID, plantID, percentage, staffID) VALUES (342, 3066, 4, 167);
INSERT INTO PlantedIn (bedID, plantID, percentage, staffID) VALUES (353, 2316, 4, 109);
INSERT INTO PlantedIn (bedID, plantID, percentage, staffID) VALUES (258, 2130, 1, 48);
INSERT INTO PlantedIn (bedID, plantID, percentage, staffID) VALUES (255, 3571, 2, 21);
INSERT INTO PlantedIn (bedID, plantID, percentage, staffID) VALUES (61, 3111, 1, 115);
INSERT INTO PlantedIn (bedID, plantID, percentage, staffID) VALUES (229, 1304, 1, 190);
INSERT INTO PlantedIn (bedID, plantID, percentage, staffID) VALUES (149, 2408, 4, 119);
INSERT INTO PlantedIn (bedID, plantID, percentage, staffID) VALUES (255, 2356, 2, 111);
INSERT INTO PlantedIn (bedID, plantID, percentage, staffID) VALUES (191, 1393, 1, 49);
INSERT INTO PlantedIn (bedID, plantID, percentage, staffID) VALUES (454, 2987, 3, 13);
INSERT INTO PlantedIn (bedID, plantID, percentage, staffID) VALUES (154, 1140, 4, 104);
INSERT INTO PlantedIn (bedID, plantID, percentage, staffID) VALUES (104, 2336, 2, 34);
INSERT INTO PlantedIn (bedID, plantID, percentage, staffID) VALUES (194, 2795, 4, 75);
INSERT INTO PlantedIn (bedID, plantID, percentage, staffID) VALUES (435, 2089, 2, 39);
INSERT INTO PlantedIn (bedID, plantID, percentage, staffID) VALUES (71, 2832, 3, 147);
INSERT INTO PlantedIn (bedID, plantID, percentage, staffID) VALUES (44, 3690, 1, 143);
INSERT INTO PlantedIn (bedID, plantID, percentage, staffID) VALUES (344, 2946, 1, 114);
INSERT INTO PlantedIn (bedID, plantID, percentage, staffID) VALUES (27, 241, 2, 187);
INSERT INTO PlantedIn (bedID, plantID, percentage, staffID) VALUES (316, 293, 1, 128);
INSERT INTO PlantedIn (bedID, plantID, percentage, staffID) VALUES (135, 3587, 1, 48);
INSERT INTO PlantedIn (bedID, plantID, percentage, staffID) VALUES (222, 1637, 3, 135);
INSERT INTO PlantedIn (bedID, plantID, percentage, staffID) VALUES (74, 1453, 1, 35);
INSERT INTO PlantedIn (bedID, plantID, percentage, staffID) VALUES (157, 3362, 1, 62);
INSERT INTO PlantedIn (bedID, plantID, percentage, staffID) VALUES (299, 3312, 3, 23);
INSERT INTO PlantedIn (bedID, plantID, percentage, staffID) VALUES (46, 2269, 4, 135);
INSERT INTO PlantedIn (bedID, plantID, percentage, staffID) VALUES (273, 2432, 4, 154);
INSERT INTO PlantedIn (bedID, plantID, percentage, staffID) VALUES (264, 3818, 1, 13);
INSERT INTO PlantedIn (bedID, plantID, percentage, staffID) VALUES (195, 2791, 3, 132);
INSERT INTO PlantedIn (bedID, plantID, percentage, staffID) VALUES (47, 3149, 2, 167);
INSERT INTO PlantedIn (bedID, plantID, percentage, staffID) VALUES (324, 448, 2, 100);
INSERT INTO PlantedIn (bedID, plantID, percentage, staffID) VALUES (461, 2297, 4, 1);
INSERT INTO PlantedIn (bedID, plantID, percentage, staffID) VALUES (291, 3745, 3, 98);
INSERT INTO PlantedIn (bedID, plantID, percentage, staffID) VALUES (263, 536, 1, 124);
INSERT INTO PlantedIn (bedID, plantID, percentage, staffID) VALUES (165, 205, 4, 72);
INSERT INTO PlantedIn (bedID, plantID, percentage, staffID) VALUES (367, 3845, 4, 67);
INSERT INTO PlantedIn (bedID, plantID, percentage, staffID) VALUES (383, 545, 2, 62);
INSERT INTO PlantedIn (bedID, plantID, percentage, staffID) VALUES (122, 3041, 1, 166);
INSERT INTO PlantedIn (bedID, plantID, percentage, staffID) VALUES (181, 3148, 4, 25);
INSERT INTO PlantedIn (bedID, plantID, percentage, staffID) VALUES (371, 2314, 2, 145);
INSERT INTO PlantedIn (bedID, plantID, percentage, staffID) VALUES (349, 1209, 3, 96);
INSERT INTO PlantedIn (bedID, plantID, percentage, staffID) VALUES (319, 1780, 1, 170);
INSERT INTO PlantedIn (bedID, plantID, percentage, staffID) VALUES (243, 699, 2, 160);
INSERT INTO PlantedIn (bedID, plantID, percentage, staffID) VALUES (117, 1786, 3, 98);
INSERT INTO PlantedIn (bedID, plantID, percentage, staffID) VALUES (118, 1114, 3, 150);
INSERT INTO PlantedIn (bedID, plantID, percentage, staffID) VALUES (49, 3300, 4, 128);
INSERT INTO PlantedIn (bedID, plantID, percentage, staffID) VALUES (214, 1282, 1, 46);
INSERT INTO PlantedIn (bedID, plantID, percentage, staffID) VALUES (305, 2682, 2, 142);
INSERT INTO PlantedIn (bedID, plantID, percentage, staffID) VALUES (73, 2028, 3, 69);
INSERT INTO PlantedIn (bedID, plantID, percentage, staffID) VALUES (106, 452, 2, 177);
INSERT INTO PlantedIn (bedID, plantID, percentage, staffID) VALUES (299, 2721, 3, 94);
INSERT INTO PlantedIn (bedID, plantID, percentage, staffID) VALUES (264, 315, 1, 127);
INSERT INTO PlantedIn (bedID, plantID, percentage, staffID) VALUES (196, 3260, 1, 41);
INSERT INTO PlantedIn (bedID, plantID, percentage, staffID) VALUES (255, 3457, 3, 77);
INSERT INTO PlantedIn (bedID, plantID, percentage, staffID) VALUES (199, 2750, 1, 74);
INSERT INTO PlantedIn (bedID, plantID, percentage, staffID) VALUES (392, 1217, 1, 1);
INSERT INTO PlantedIn (bedID, plantID, percentage, staffID) VALUES (205, 3363, 1, 107);
INSERT INTO PlantedIn (bedID, plantID, percentage, staffID) VALUES (102, 1900, 4, 171);
INSERT INTO PlantedIn (bedID, plantID, percentage, staffID) VALUES (93, 1137, 4, 119);
INSERT INTO PlantedIn (bedID, plantID, percentage, staffID) VALUES (178, 770, 4, 156);
INSERT INTO PlantedIn (bedID, plantID, percentage, staffID) VALUES (21, 3723, 3, 173);
INSERT INTO PlantedIn (bedID, plantID, percentage, staffID) VALUES (406, 846, 2, 56);
INSERT INTO PlantedIn (bedID, plantID, percentage, staffID) VALUES (441, 2434, 4, 82);
INSERT INTO PlantedIn (bedID, plantID, percentage, staffID) VALUES (447, 1564, 2, 166);
INSERT INTO PlantedIn (bedID, plantID, percentage, staffID) VALUES (130, 1277, 2, 79);
INSERT INTO PlantedIn (bedID, plantID, percentage, staffID) VALUES (389, 866, 1, 69);
INSERT INTO PlantedIn (bedID, plantID, percentage, staffID) VALUES (245, 3531, 4, 158);
INSERT INTO PlantedIn (bedID, plantID, percentage, staffID) VALUES (54, 2063, 1, 139);
INSERT INTO PlantedIn (bedID, plantID, percentage, staffID) VALUES (235, 2035, 2, 150);
INSERT INTO PlantedIn (bedID, plantID, percentage, staffID) VALUES (353, 20, 3, 129);
INSERT INTO PlantedIn (bedID, plantID, percentage, staffID) VALUES (301, 118, 3, 89);
INSERT INTO PlantedIn (bedID, plantID, percentage, staffID) VALUES (273, 1320, 2, 41);
INSERT INTO PlantedIn (bedID, plantID, percentage, staffID) VALUES (268, 2054, 1, 85);
INSERT INTO PlantedIn (bedID, plantID, percentage, staffID) VALUES (340, 2542, 1, 146);
INSERT INTO PlantedIn (bedID, plantID, percentage, staffID) VALUES (87, 1725, 4, 117);
INSERT INTO PlantedIn (bedID, plantID, percentage, staffID) VALUES (214, 770, 1, 124);
INSERT INTO PlantedIn (bedID, plantID, percentage, staffID) VALUES (109, 151, 3, 136);
INSERT INTO PlantedIn (bedID, plantID, percentage, staffID) VALUES (135, 2398, 4, 77);
INSERT INTO PlantedIn (bedID, plantID, percentage, staffID) VALUES (455, 2209, 3, 53);
INSERT INTO PlantedIn (bedID, plantID, percentage, staffID) VALUES (49, 2589, 3, 125);
INSERT INTO PlantedIn (bedID, plantID, percentage, staffID) VALUES (404, 2267, 3, 22);
INSERT INTO PlantedIn (bedID, plantID, percentage, staffID) VALUES (116, 3158, 2, 161);
INSERT INTO PlantedIn (bedID, plantID, percentage, staffID) VALUES (125, 1373, 3, 73);
INSERT INTO PlantedIn (bedID, plantID, percentage, staffID) VALUES (263, 3715, 4, 164);
INSERT INTO PlantedIn (bedID, plantID, percentage, staffID) VALUES (1, 1801, 2, 92);
INSERT INTO PlantedIn (bedID, plantID, percentage, staffID) VALUES (41, 3175, 1, 30);
INSERT INTO PlantedIn (bedID, plantID, percentage, staffID) VALUES (186, 1543, 2, 118);
INSERT INTO PlantedIn (bedID, plantID, percentage, staffID) VALUES (365, 572, 1, 101);
INSERT INTO PlantedIn (bedID, plantID, percentage, staffID) VALUES (457, 1086, 1, 91);
INSERT INTO PlantedIn (bedID, plantID, percentage, staffID) VALUES (301, 3092, 1, 193);
INSERT INTO PlantedIn (bedID, plantID, percentage, staffID) VALUES (99, 1629, 2, 10);
INSERT INTO PlantedIn (bedID, plantID, percentage, staffID) VALUES (115, 730, 3, 70);
INSERT INTO PlantedIn (bedID, plantID, percentage, staffID) VALUES (279, 3546, 3, 27);
INSERT INTO PlantedIn (bedID, plantID, percentage, staffID) VALUES (49, 674, 4, 119);
INSERT INTO PlantedIn (bedID, plantID, percentage, staffID) VALUES (153, 287, 2, 182);
INSERT INTO PlantedIn (bedID, plantID, percentage, staffID) VALUES (168, 1286, 4, 106);
INSERT INTO PlantedIn (bedID, plantID, percentage, staffID) VALUES (63, 1768, 4, 37);
INSERT INTO PlantedIn (bedID, plantID, percentage, staffID) VALUES (95, 598, 2, 134);
INSERT INTO PlantedIn (bedID, plantID, percentage, staffID) VALUES (273, 2709, 4, 144);
INSERT INTO PlantedIn (bedID, plantID, percentage, staffID) VALUES (421, 181, 2, 93);
INSERT INTO PlantedIn (bedID, plantID, percentage, staffID) VALUES (456, 2263, 1, 28);
INSERT INTO PlantedIn (bedID, plantID, percentage, staffID) VALUES (360, 2758, 1, 192);
INSERT INTO PlantedIn (bedID, plantID, percentage, staffID) VALUES (373, 3207, 1, 76);
INSERT INTO PlantedIn (bedID, plantID, percentage, staffID) VALUES (77, 3415, 2, 28);
INSERT INTO PlantedIn (bedID, plantID, percentage, staffID) VALUES (162, 1216, 3, 39);
INSERT INTO PlantedIn (bedID, plantID, percentage, staffID) VALUES (222, 3261, 1, 194);
INSERT INTO PlantedIn (bedID, plantID, percentage, staffID) VALUES (258, 2531, 2, 177);
INSERT INTO PlantedIn (bedID, plantID, percentage, staffID) VALUES (332, 1228, 3, 186);
INSERT INTO PlantedIn (bedID, plantID, percentage, staffID) VALUES (428, 174, 3, 150);
INSERT INTO PlantedIn (bedID, plantID, percentage, staffID) VALUES (359, 2597, 3, 152);
INSERT INTO PlantedIn (bedID, plantID, percentage, staffID) VALUES (238, 435, 3, 141);
INSERT INTO PlantedIn (bedID, plantID, percentage, staffID) VALUES (65, 566, 3, 180);
INSERT INTO PlantedIn (bedID, plantID, percentage, staffID) VALUES (469, 3202, 3, 133);
INSERT INTO PlantedIn (bedID, plantID, percentage, staffID) VALUES (393, 3397, 3, 174);
INSERT INTO PlantedIn (bedID, plantID, percentage, staffID) VALUES (437, 2246, 3, 81);
INSERT INTO PlantedIn (bedID, plantID, percentage, staffID) VALUES (120, 541, 4, 47);
INSERT INTO PlantedIn (bedID, plantID, percentage, staffID) VALUES (120, 3542, 1, 86);
INSERT INTO PlantedIn (bedID, plantID, percentage, staffID) VALUES (349, 1451, 4, 120);
INSERT INTO PlantedIn (bedID, plantID, percentage, staffID) VALUES (247, 1789, 3, 98);
INSERT INTO PlantedIn (bedID, plantID, percentage, staffID) VALUES (138, 496, 4, 10);
INSERT INTO PlantedIn (bedID, plantID, percentage, staffID) VALUES (422, 3124, 4, 42);
INSERT INTO PlantedIn (bedID, plantID, percentage, staffID) VALUES (185, 2326, 3, 102);
INSERT INTO PlantedIn (bedID, plantID, percentage, staffID) VALUES (304, 3145, 2, 50);
INSERT INTO PlantedIn (bedID, plantID, percentage, staffID) VALUES (90, 3197, 3, 52);
INSERT INTO PlantedIn (bedID, plantID, percentage, staffID) VALUES (138, 2830, 3, 46);
INSERT INTO PlantedIn (bedID, plantID, percentage, staffID) VALUES (407, 1036, 3, 73);
INSERT INTO PlantedIn (bedID, plantID, percentage, staffID) VALUES (370, 1883, 3, 32);
INSERT INTO PlantedIn (bedID, plantID, percentage, staffID) VALUES (101, 2124, 4, 106);
INSERT INTO PlantedIn (bedID, plantID, percentage, staffID) VALUES (172, 2936, 3, 48);
INSERT INTO PlantedIn (bedID, plantID, percentage, staffID) VALUES (278, 1887, 4, 54);
INSERT INTO PlantedIn (bedID, plantID, percentage, staffID) VALUES (105, 1874, 1, 94);
INSERT INTO PlantedIn (bedID, plantID, percentage, staffID) VALUES (356, 3143, 1, 119);
INSERT INTO PlantedIn (bedID, plantID, percentage, staffID) VALUES (60, 2151, 1, 43);
INSERT INTO PlantedIn (bedID, plantID, percentage, staffID) VALUES (349, 760, 3, 156);
INSERT INTO PlantedIn (bedID, plantID, percentage, staffID) VALUES (324, 3531, 4, 9);
INSERT INTO PlantedIn (bedID, plantID, percentage, staffID) VALUES (219, 2158, 4, 154);
INSERT INTO PlantedIn (bedID, plantID, percentage, staffID) VALUES (151, 3810, 4, 78);
INSERT INTO PlantedIn (bedID, plantID, percentage, staffID) VALUES (225, 2475, 3, 160);
INSERT INTO PlantedIn (bedID, plantID, percentage, staffID) VALUES (60, 924, 4, 158);
INSERT INTO PlantedIn (bedID, plantID, percentage, staffID) VALUES (432, 460, 3, 88);
INSERT INTO PlantedIn (bedID, plantID, percentage, staffID) VALUES (150, 725, 4, 35);
INSERT INTO PlantedIn (bedID, plantID, percentage, staffID) VALUES (48, 803, 3, 183);
INSERT INTO PlantedIn (bedID, plantID, percentage, staffID) VALUES (363, 2499, 1, 80);
INSERT INTO PlantedIn (bedID, plantID, percentage, staffID) VALUES (193, 2974, 3, 164);
INSERT INTO PlantedIn (bedID, plantID, percentage, staffID) VALUES (4, 2218, 1, 84);
INSERT INTO PlantedIn (bedID, plantID, percentage, staffID) VALUES (441, 1244, 4, 49);
INSERT INTO PlantedIn (bedID, plantID, percentage, staffID) VALUES (209, 2574, 4, 101);
INSERT INTO PlantedIn (bedID, plantID, percentage, staffID) VALUES (404, 2550, 4, 155);
INSERT INTO PlantedIn (bedID, plantID, percentage, staffID) VALUES (141, 3510, 4, 147);
INSERT INTO PlantedIn (bedID, plantID, percentage, staffID) VALUES (320, 2724, 1, 8);
INSERT INTO PlantedIn (bedID, plantID, percentage, staffID) VALUES (225, 3225, 2, 126);
INSERT INTO PlantedIn (bedID, plantID, percentage, staffID) VALUES (194, 101, 2, 111);
INSERT INTO PlantedIn (bedID, plantID, percentage, staffID) VALUES (165, 3016, 4, 38);
INSERT INTO PlantedIn (bedID, plantID, percentage, staffID) VALUES (212, 2611, 2, 112);
INSERT INTO PlantedIn (bedID, plantID, percentage, staffID) VALUES (159, 1157, 1, 52);
INSERT INTO PlantedIn (bedID, plantID, percentage, staffID) VALUES (450, 2986, 1, 171);
INSERT INTO PlantedIn (bedID, plantID, percentage, staffID) VALUES (322, 2134, 2, 36);
INSERT INTO PlantedIn (bedID, plantID, percentage, staffID) VALUES (122, 813, 3, 90);
INSERT INTO PlantedIn (bedID, plantID, percentage, staffID) VALUES (22, 212, 2, 44);
INSERT INTO PlantedIn (bedID, plantID, percentage, staffID) VALUES (39, 2915, 2, 162);
INSERT INTO PlantedIn (bedID, plantID, percentage, staffID) VALUES (253, 3765, 4, 45);
INSERT INTO PlantedIn (bedID, plantID, percentage, staffID) VALUES (308, 2941, 4, 58);
INSERT INTO PlantedIn (bedID, plantID, percentage, staffID) VALUES (29, 2067, 1, 39);
INSERT INTO PlantedIn (bedID, plantID, percentage, staffID) VALUES (146, 85, 4, 53);
INSERT INTO PlantedIn (bedID, plantID, percentage, staffID) VALUES (272, 1670, 4, 70);
INSERT INTO PlantedIn (bedID, plantID, percentage, staffID) VALUES (304, 3023, 3, 115);
INSERT INTO PlantedIn (bedID, plantID, percentage, staffID) VALUES (396, 2988, 4, 29);
INSERT INTO PlantedIn (bedID, plantID, percentage, staffID) VALUES (250, 3600, 1, 71);
INSERT INTO PlantedIn (bedID, plantID, percentage, staffID) VALUES (429, 2173, 3, 9);
INSERT INTO PlantedIn (bedID, plantID, percentage, staffID) VALUES (153, 1247, 2, 110);
INSERT INTO PlantedIn (bedID, plantID, percentage, staffID) VALUES (406, 2803, 1, 81);
INSERT INTO PlantedIn (bedID, plantID, percentage, staffID) VALUES (354, 2510, 2, 31);
INSERT INTO PlantedIn (bedID, plantID, percentage, staffID) VALUES (39, 1911, 3, 31);
INSERT INTO PlantedIn (bedID, plantID, percentage, staffID) VALUES (131, 2750, 1, 84);
INSERT INTO PlantedIn (bedID, plantID, percentage, staffID) VALUES (230, 2128, 1, 7);
INSERT INTO PlantedIn (bedID, plantID, percentage, staffID) VALUES (228, 1453, 2, 15);
INSERT INTO PlantedIn (bedID, plantID, percentage, staffID) VALUES (444, 445, 2, 192);
INSERT INTO PlantedIn (bedID, plantID, percentage, staffID) VALUES (207, 1855, 2, 132);
INSERT INTO PlantedIn (bedID, plantID, percentage, staffID) VALUES (97, 142, 4, 94);
INSERT INTO PlantedIn (bedID, plantID, percentage, staffID) VALUES (325, 2359, 4, 56);
INSERT INTO PlantedIn (bedID, plantID, percentage, staffID) VALUES (50, 1636, 2, 101);
INSERT INTO PlantedIn (bedID, plantID, percentage, staffID) VALUES (64, 3485, 3, 101);
INSERT INTO PlantedIn (bedID, plantID, percentage, staffID) VALUES (214, 2026, 4, 129);
INSERT INTO PlantedIn (bedID, plantID, percentage, staffID) VALUES (426, 2718, 4, 66);
INSERT INTO PlantedIn (bedID, plantID, percentage, staffID) VALUES (387, 1011, 2, 21);
INSERT INTO PlantedIn (bedID, plantID, percentage, staffID) VALUES (351, 2869, 4, 113);
INSERT INTO PlantedIn (bedID, plantID, percentage, staffID) VALUES (369, 35, 2, 184);
INSERT INTO PlantedIn (bedID, plantID, percentage, staffID) VALUES (293, 658, 3, 48);
INSERT INTO PlantedIn (bedID, plantID, percentage, staffID) VALUES (281, 2795, 3, 22);
INSERT INTO PlantedIn (bedID, plantID, percentage, staffID) VALUES (296, 2313, 1, 71);
INSERT INTO PlantedIn (bedID, plantID, percentage, staffID) VALUES (58, 3776, 1, 3);
INSERT INTO PlantedIn (bedID, plantID, percentage, staffID) VALUES (322, 1278, 2, 176);
INSERT INTO PlantedIn (bedID, plantID, percentage, staffID) VALUES (280, 3704, 2, 154);
INSERT INTO PlantedIn (bedID, plantID, percentage, staffID) VALUES (332, 1174, 2, 57);
INSERT INTO PlantedIn (bedID, plantID, percentage, staffID) VALUES (148, 685, 4, 193);
INSERT INTO PlantedIn (bedID, plantID, percentage, staffID) VALUES (165, 680, 4, 134);
INSERT INTO PlantedIn (bedID, plantID, percentage, staffID) VALUES (426, 2937, 3, 137);
INSERT INTO PlantedIn (bedID, plantID, percentage, staffID) VALUES (170, 57, 2, 123);
INSERT INTO PlantedIn (bedID, plantID, percentage, staffID) VALUES (469, 2358, 3, 103);
INSERT INTO PlantedIn (bedID, plantID, percentage, staffID) VALUES (445, 1399, 3, 35);
INSERT INTO PlantedIn (bedID, plantID, percentage, staffID) VALUES (152, 3567, 1, 177);
INSERT INTO PlantedIn (bedID, plantID, percentage, staffID) VALUES (108, 560, 3, 102);
INSERT INTO PlantedIn (bedID, plantID, percentage, staffID) VALUES (153, 1714, 3, 97);
INSERT INTO PlantedIn (bedID, plantID, percentage, staffID) VALUES (293, 487, 3, 125);
INSERT INTO PlantedIn (bedID, plantID, percentage, staffID) VALUES (419, 1072, 1, 9);
INSERT INTO PlantedIn (bedID, plantID, percentage, staffID) VALUES (138, 2479, 2, 148);
INSERT INTO PlantedIn (bedID, plantID, percentage, staffID) VALUES (278, 480, 4, 148);
INSERT INTO PlantedIn (bedID, plantID, percentage, staffID) VALUES (23, 2278, 2, 190);
INSERT INTO PlantedIn (bedID, plantID, percentage, staffID) VALUES (348, 1652, 1, 166);
INSERT INTO PlantedIn (bedID, plantID, percentage, staffID) VALUES (412, 1093, 2, 148);
INSERT INTO PlantedIn (bedID, plantID, percentage, staffID) VALUES (194, 1292, 2, 2);
INSERT INTO PlantedIn (bedID, plantID, percentage, staffID) VALUES (290, 191, 4, 110);
INSERT INTO PlantedIn (bedID, plantID, percentage, staffID) VALUES (327, 1009, 4, 38);
INSERT INTO PlantedIn (bedID, plantID, percentage, staffID) VALUES (231, 545, 1, 28);
INSERT INTO PlantedIn (bedID, plantID, percentage, staffID) VALUES (212, 3518, 1, 120);
INSERT INTO PlantedIn (bedID, plantID, percentage, staffID) VALUES (160, 1533, 1, 49);
INSERT INTO PlantedIn (bedID, plantID, percentage, staffID) VALUES (322, 3717, 1, 143);
INSERT INTO PlantedIn (bedID, plantID, percentage, staffID) VALUES (140, 2728, 4, 78);
INSERT INTO PlantedIn (bedID, plantID, percentage, staffID) VALUES (358, 3553, 2, 166);
INSERT INTO PlantedIn (bedID, plantID, percentage, staffID) VALUES (86, 3849, 3, 80);
INSERT INTO PlantedIn (bedID, plantID, percentage, staffID) VALUES (65, 2013, 2, 152);
INSERT INTO PlantedIn (bedID, plantID, percentage, staffID) VALUES (179, 2798, 4, 146);
INSERT INTO PlantedIn (bedID, plantID, percentage, staffID) VALUES (300, 1150, 4, 2);
INSERT INTO PlantedIn (bedID, plantID, percentage, staffID) VALUES (329, 936, 2, 37);
INSERT INTO PlantedIn (bedID, plantID, percentage, staffID) VALUES (97, 3392, 2, 94);
INSERT INTO PlantedIn (bedID, plantID, percentage, staffID) VALUES (276, 3256, 2, 83);
INSERT INTO PlantedIn (bedID, plantID, percentage, staffID) VALUES (361, 835, 4, 160);
INSERT INTO PlantedIn (bedID, plantID, percentage, staffID) VALUES (101, 661, 2, 125);
INSERT INTO PlantedIn (bedID, plantID, percentage, staffID) VALUES (35, 1789, 3, 183);
INSERT INTO PlantedIn (bedID, plantID, percentage, staffID) VALUES (360, 3477, 2, 139);
INSERT INTO PlantedIn (bedID, plantID, percentage, staffID) VALUES (67, 3319, 2, 169);
INSERT INTO PlantedIn (bedID, plantID, percentage, staffID) VALUES (349, 1113, 2, 173);
INSERT INTO PlantedIn (bedID, plantID, percentage, staffID) VALUES (62, 969, 4, 135);
INSERT INTO PlantedIn (bedID, plantID, percentage, staffID) VALUES (221, 1705, 3, 170);
INSERT INTO PlantedIn (bedID, plantID, percentage, staffID) VALUES (290, 1707, 2, 6);
INSERT INTO PlantedIn (bedID, plantID, percentage, staffID) VALUES (375, 3002, 4, 77);
INSERT INTO PlantedIn (bedID, plantID, percentage, staffID) VALUES (114, 1034, 4, 117);
INSERT INTO PlantedIn (bedID, plantID, percentage, staffID) VALUES (79, 973, 2, 93);
INSERT INTO PlantedIn (bedID, plantID, percentage, staffID) VALUES (53, 1087, 4, 134);
INSERT INTO PlantedIn (bedID, plantID, percentage, staffID) VALUES (270, 1925, 3, 34);
INSERT INTO PlantedIn (bedID, plantID, percentage, staffID) VALUES (355, 3182, 1, 121);
INSERT INTO PlantedIn (bedID, plantID, percentage, staffID) VALUES (126, 1637, 4, 183);
INSERT INTO PlantedIn (bedID, plantID, percentage, staffID) VALUES (410, 3556, 3, 37);
INSERT INTO PlantedIn (bedID, plantID, percentage, staffID) VALUES (330, 2138, 4, 107);
INSERT INTO PlantedIn (bedID, plantID, percentage, staffID) VALUES (389, 363, 4, 191);
INSERT INTO PlantedIn (bedID, plantID, percentage, staffID) VALUES (164, 1505, 2, 61);
INSERT INTO PlantedIn (bedID, plantID, percentage, staffID) VALUES (318, 3670, 1, 62);
INSERT INTO PlantedIn (bedID, plantID, percentage, staffID) VALUES (212, 1808, 1, 192);
INSERT INTO PlantedIn (bedID, plantID, percentage, staffID) VALUES (138, 2044, 3, 84);
INSERT INTO PlantedIn (bedID, plantID, percentage, staffID) VALUES (451, 1176, 4, 89);
INSERT INTO PlantedIn (bedID, plantID, percentage, staffID) VALUES (107, 2363, 4, 97);
INSERT INTO PlantedIn (bedID, plantID, percentage, staffID) VALUES (78, 3844, 4, 175);
INSERT INTO PlantedIn (bedID, plantID, percentage, staffID) VALUES (86, 1038, 4, 182);
INSERT INTO PlantedIn (bedID, plantID, percentage, staffID) VALUES (104, 737, 3, 19);
INSERT INTO PlantedIn (bedID, plantID, percentage, staffID) VALUES (312, 111, 4, 176);
INSERT INTO PlantedIn (bedID, plantID, percentage, staffID) VALUES (264, 1052, 3, 103);
INSERT INTO PlantedIn (bedID, plantID, percentage, staffID) VALUES (273, 3617, 4, 67);
INSERT INTO PlantedIn (bedID, plantID, percentage, staffID) VALUES (259, 3092, 3, 148);
INSERT INTO PlantedIn (bedID, plantID, percentage, staffID) VALUES (376, 2232, 4, 143);
INSERT INTO PlantedIn (bedID, plantID, percentage, staffID) VALUES (175, 2586, 3, 65);
INSERT INTO PlantedIn (bedID, plantID, percentage, staffID) VALUES (444, 791, 1, 82);
INSERT INTO PlantedIn (bedID, plantID, percentage, staffID) VALUES (187, 1901, 1, 168);
INSERT INTO PlantedIn (bedID, plantID, percentage, staffID) VALUES (247, 2635, 1, 1);
INSERT INTO PlantedIn (bedID, plantID, percentage, staffID) VALUES (452, 1959, 3, 120);
INSERT INTO PlantedIn (bedID, plantID, percentage, staffID) VALUES (210, 3533, 4, 68);
INSERT INTO PlantedIn (bedID, plantID, percentage, staffID) VALUES (338, 198, 3, 143);
INSERT INTO PlantedIn (bedID, plantID, percentage, staffID) VALUES (298, 1536, 4, 80);
INSERT INTO PlantedIn (bedID, plantID, percentage, staffID) VALUES (32, 2729, 1, 112);
INSERT INTO PlantedIn (bedID, plantID, percentage, staffID) VALUES (209, 3787, 4, 74);
INSERT INTO PlantedIn (bedID, plantID, percentage, staffID) VALUES (313, 1399, 3, 8);
INSERT INTO PlantedIn (bedID, plantID, percentage, staffID) VALUES (411, 2420, 2, 30);
INSERT INTO PlantedIn (bedID, plantID, percentage, staffID) VALUES (256, 1836, 2, 62);
INSERT INTO PlantedIn (bedID, plantID, percentage, staffID) VALUES (249, 5, 1, 156);
INSERT INTO PlantedIn (bedID, plantID, percentage, staffID) VALUES (189, 588, 2, 31);
INSERT INTO PlantedIn (bedID, plantID, percentage, staffID) VALUES (406, 2702, 4, 96);
INSERT INTO PlantedIn (bedID, plantID, percentage, staffID) VALUES (307, 2426, 1, 16);
INSERT INTO PlantedIn (bedID, plantID, percentage, staffID) VALUES (288, 1677, 2, 11);
INSERT INTO PlantedIn (bedID, plantID, percentage, staffID) VALUES (377, 341, 3, 181);
INSERT INTO PlantedIn (bedID, plantID, percentage, staffID) VALUES (238, 1066, 1, 104);
INSERT INTO PlantedIn (bedID, plantID, percentage, staffID) VALUES (132, 1042, 3, 38);
INSERT INTO PlantedIn (bedID, plantID, percentage, staffID) VALUES (200, 1293, 2, 29);
INSERT INTO PlantedIn (bedID, plantID, percentage, staffID) VALUES (16, 2352, 3, 10);
INSERT INTO PlantedIn (bedID, plantID, percentage, staffID) VALUES (112, 474, 4, 157);
INSERT INTO PlantedIn (bedID, plantID, percentage, staffID) VALUES (264, 3165, 2, 23);
INSERT INTO PlantedIn (bedID, plantID, percentage, staffID) VALUES (429, 3847, 3, 4);
INSERT INTO PlantedIn (bedID, plantID, percentage, staffID) VALUES (12, 3833, 3, 179);
INSERT INTO PlantedIn (bedID, plantID, percentage, staffID) VALUES (127, 1479, 3, 114);
INSERT INTO PlantedIn (bedID, plantID, percentage, staffID) VALUES (309, 2854, 1, 45);
INSERT INTO PlantedIn (bedID, plantID, percentage, staffID) VALUES (35, 1390, 1, 72);
INSERT INTO PlantedIn (bedID, plantID, percentage, staffID) VALUES (458, 1550, 1, 161);
INSERT INTO PlantedIn (bedID, plantID, percentage, staffID) VALUES (248, 2152, 1, 10);
INSERT INTO PlantedIn (bedID, plantID, percentage, staffID) VALUES (178, 614, 2, 89);
INSERT INTO PlantedIn (bedID, plantID, percentage, staffID) VALUES (73, 1732, 1, 185);
INSERT INTO PlantedIn (bedID, plantID, percentage, staffID) VALUES (208, 3006, 3, 144);
INSERT INTO PlantedIn (bedID, plantID, percentage, staffID) VALUES (76, 1002, 4, 52);
INSERT INTO PlantedIn (bedID, plantID, percentage, staffID) VALUES (472, 1819, 1, 181);
INSERT INTO PlantedIn (bedID, plantID, percentage, staffID) VALUES (393, 921, 4, 36);
INSERT INTO PlantedIn (bedID, plantID, percentage, staffID) VALUES (303, 3725, 1, 1);
INSERT INTO PlantedIn (bedID, plantID, percentage, staffID) VALUES (247, 189, 4, 50);
INSERT INTO PlantedIn (bedID, plantID, percentage, staffID) VALUES (99, 2608, 2, 37);
INSERT INTO PlantedIn (bedID, plantID, percentage, staffID) VALUES (58, 312, 3, 110);
INSERT INTO PlantedIn (bedID, plantID, percentage, staffID) VALUES (406, 936, 1, 55);
INSERT INTO PlantedIn (bedID, plantID, percentage, staffID) VALUES (238, 2009, 2, 170);
INSERT INTO PlantedIn (bedID, plantID, percentage, staffID) VALUES (469, 2767, 4, 117);
INSERT INTO PlantedIn (bedID, plantID, percentage, staffID) VALUES (452, 2880, 3, 127);
INSERT INTO PlantedIn (bedID, plantID, percentage, staffID) VALUES (336, 2396, 1, 155);
INSERT INTO PlantedIn (bedID, plantID, percentage, staffID) VALUES (317, 3862, 4, 26);
INSERT INTO PlantedIn (bedID, plantID, percentage, staffID) VALUES (319, 1168, 4, 49);
INSERT INTO PlantedIn (bedID, plantID, percentage, staffID) VALUES (182, 3000, 1, 74);
INSERT INTO PlantedIn (bedID, plantID, percentage, staffID) VALUES (9, 2424, 3, 53);
INSERT INTO PlantedIn (bedID, plantID, percentage, staffID) VALUES (70, 348, 1, 4);
INSERT INTO PlantedIn (bedID, plantID, percentage, staffID) VALUES (157, 2222, 1, 73);
INSERT INTO PlantedIn (bedID, plantID, percentage, staffID) VALUES (93, 424, 4, 55);
INSERT INTO PlantedIn (bedID, plantID, percentage, staffID) VALUES (52, 1519, 4, 151);
INSERT INTO PlantedIn (bedID, plantID, percentage, staffID) VALUES (329, 3778, 1, 119);
INSERT INTO PlantedIn (bedID, plantID, percentage, staffID) VALUES (357, 3621, 4, 66);
INSERT INTO PlantedIn (bedID, plantID, percentage, staffID) VALUES (267, 2236, 3, 60);
INSERT INTO PlantedIn (bedID, plantID, percentage, staffID) VALUES (317, 1194, 2, 173);
INSERT INTO PlantedIn (bedID, plantID, percentage, staffID) VALUES (424, 3109, 1, 48);
INSERT INTO PlantedIn (bedID, plantID, percentage, staffID) VALUES (180, 2272, 3, 55);
INSERT INTO PlantedIn (bedID, plantID, percentage, staffID) VALUES (330, 2069, 4, 90);
INSERT INTO PlantedIn (bedID, plantID, percentage, staffID) VALUES (439, 684, 3, 121);
INSERT INTO PlantedIn (bedID, plantID, percentage, staffID) VALUES (73, 646, 4, 143);
INSERT INTO PlantedIn (bedID, plantID, percentage, staffID) VALUES (50, 75, 3, 139);
INSERT INTO PlantedIn (bedID, plantID, percentage, staffID) VALUES (283, 3751, 2, 78);
INSERT INTO PlantedIn (bedID, plantID, percentage, staffID) VALUES (133, 873, 1, 151);
INSERT INTO PlantedIn (bedID, plantID, percentage, staffID) VALUES (15, 3767, 2, 82);
INSERT INTO PlantedIn (bedID, plantID, percentage, staffID) VALUES (97, 1623, 1, 14);
INSERT INTO PlantedIn (bedID, plantID, percentage, staffID) VALUES (283, 2530, 4, 154);
INSERT INTO PlantedIn (bedID, plantID, percentage, staffID) VALUES (389, 1757, 4, 135);
INSERT INTO PlantedIn (bedID, plantID, percentage, staffID) VALUES (225, 1308, 1, 121);
INSERT INTO PlantedIn (bedID, plantID, percentage, staffID) VALUES (146, 3755, 3, 69);
INSERT INTO PlantedIn (bedID, plantID, percentage, staffID) VALUES (94, 300, 1, 156);
INSERT INTO PlantedIn (bedID, plantID, percentage, staffID) VALUES (394, 2393, 1, 179);
INSERT INTO PlantedIn (bedID, plantID, percentage, staffID) VALUES (19, 3633, 3, 34);
INSERT INTO PlantedIn (bedID, plantID, percentage, staffID) VALUES (282, 3552, 2, 79);
INSERT INTO PlantedIn (bedID, plantID, percentage, staffID) VALUES (177, 177, 4, 70);
INSERT INTO PlantedIn (bedID, plantID, percentage, staffID) VALUES (182, 3611, 3, 188);
INSERT INTO PlantedIn (bedID, plantID, percentage, staffID) VALUES (429, 990, 1, 58);
INSERT INTO PlantedIn (bedID, plantID, percentage, staffID) VALUES (158, 163, 2, 68);
INSERT INTO PlantedIn (bedID, plantID, percentage, staffID) VALUES (277, 3376, 3, 15);
INSERT INTO PlantedIn (bedID, plantID, percentage, staffID) VALUES (385, 911, 2, 54);
INSERT INTO PlantedIn (bedID, plantID, percentage, staffID) VALUES (74, 2500, 3, 168);
INSERT INTO PlantedIn (bedID, plantID, percentage, staffID) VALUES (328, 636, 1, 77);
INSERT INTO PlantedIn (bedID, plantID, percentage, staffID) VALUES (47, 1135, 1, 157);
INSERT INTO PlantedIn (bedID, plantID, percentage, staffID) VALUES (260, 189, 4, 22);
INSERT INTO PlantedIn (bedID, plantID, percentage, staffID) VALUES (43, 1692, 2, 55);
INSERT INTO PlantedIn (bedID, plantID, percentage, staffID) VALUES (192, 1035, 4, 68);
INSERT INTO PlantedIn (bedID, plantID, percentage, staffID) VALUES (67, 1557, 4, 126);
INSERT INTO PlantedIn (bedID, plantID, percentage, staffID) VALUES (302, 3375, 4, 74);
INSERT INTO PlantedIn (bedID, plantID, percentage, staffID) VALUES (246, 717, 1, 66);
INSERT INTO PlantedIn (bedID, plantID, percentage, staffID) VALUES (166, 2688, 2, 59);
INSERT INTO PlantedIn (bedID, plantID, percentage, staffID) VALUES (468, 222, 3, 93);
INSERT INTO PlantedIn (bedID, plantID, percentage, staffID) VALUES (51, 2167, 1, 86);
INSERT INTO PlantedIn (bedID, plantID, percentage, staffID) VALUES (473, 2665, 2, 101);
INSERT INTO PlantedIn (bedID, plantID, percentage, staffID) VALUES (453, 3188, 1, 80);
INSERT INTO PlantedIn (bedID, plantID, percentage, staffID) VALUES (108, 19, 4, 11);
INSERT INTO PlantedIn (bedID, plantID, percentage, staffID) VALUES (416, 1602, 2, 135);
INSERT INTO PlantedIn (bedID, plantID, percentage, staffID) VALUES (284, 3782, 4, 125);
INSERT INTO PlantedIn (bedID, plantID, percentage, staffID) VALUES (319, 3474, 3, 82);
INSERT INTO PlantedIn (bedID, plantID, percentage, staffID) VALUES (453, 3293, 1, 41);
INSERT INTO PlantedIn (bedID, plantID, percentage, staffID) VALUES (196, 2405, 2, 53);
INSERT INTO PlantedIn (bedID, plantID, percentage, staffID) VALUES (148, 2904, 2, 166);
INSERT INTO PlantedIn (bedID, plantID, percentage, staffID) VALUES (273, 788, 4, 75);
INSERT INTO PlantedIn (bedID, plantID, percentage, staffID) VALUES (99, 1619, 1, 137);
INSERT INTO PlantedIn (bedID, plantID, percentage, staffID) VALUES (145, 365, 4, 79);
INSERT INTO PlantedIn (bedID, plantID, percentage, staffID) VALUES (470, 3021, 4, 131);
INSERT INTO PlantedIn (bedID, plantID, percentage, staffID) VALUES (300, 3256, 1, 3);
INSERT INTO PlantedIn (bedID, plantID, percentage, staffID) VALUES (220, 1043, 4, 94);
INSERT INTO PlantedIn (bedID, plantID, percentage, staffID) VALUES (10, 1039, 3, 10);
INSERT INTO PlantedIn (bedID, plantID, percentage, staffID) VALUES (224, 1588, 3, 82);
INSERT INTO PlantedIn (bedID, plantID, percentage, staffID) VALUES (393, 270, 3, 157);
INSERT INTO PlantedIn (bedID, plantID, percentage, staffID) VALUES (188, 973, 3, 20);
INSERT INTO PlantedIn (bedID, plantID, percentage, staffID) VALUES (164, 1851, 2, 139);
INSERT INTO PlantedIn (bedID, plantID, percentage, staffID) VALUES (124, 1248, 4, 59);
INSERT INTO PlantedIn (bedID, plantID, percentage, staffID) VALUES (79, 1156, 3, 192);
INSERT INTO PlantedIn (bedID, plantID, percentage, staffID) VALUES (270, 1530, 3, 83);
INSERT INTO PlantedIn (bedID, plantID, percentage, staffID) VALUES (315, 1738, 1, 39);
INSERT INTO PlantedIn (bedID, plantID, percentage, staffID) VALUES (407, 2271, 3, 167);
INSERT INTO PlantedIn (bedID, plantID, percentage, staffID) VALUES (311, 2262, 1, 72);
INSERT INTO PlantedIn (bedID, plantID, percentage, staffID) VALUES (396, 1734, 1, 155);
INSERT INTO PlantedIn (bedID, plantID, percentage, staffID) VALUES (439, 1692, 1, 107);
INSERT INTO PlantedIn (bedID, plantID, percentage, staffID) VALUES (360, 3131, 4, 17);
INSERT INTO PlantedIn (bedID, plantID, percentage, staffID) VALUES (52, 82, 3, 114);
INSERT INTO PlantedIn (bedID, plantID, percentage, staffID) VALUES (198, 3710, 1, 55);
INSERT INTO PlantedIn (bedID, plantID, percentage, staffID) VALUES (194, 1756, 2, 45);
INSERT INTO PlantedIn (bedID, plantID, percentage, staffID) VALUES (294, 1206, 2, 154);
INSERT INTO PlantedIn (bedID, plantID, percentage, staffID) VALUES (360, 1969, 3, 131);
INSERT INTO PlantedIn (bedID, plantID, percentage, staffID) VALUES (448, 627, 3, 179);
INSERT INTO PlantedIn (bedID, plantID, percentage, staffID) VALUES (460, 3700, 1, 129);
INSERT INTO PlantedIn (bedID, plantID, percentage, staffID) VALUES (463, 723, 2, 155);
INSERT INTO PlantedIn (bedID, plantID, percentage, staffID) VALUES (70, 101, 3, 98);
INSERT INTO PlantedIn (bedID, plantID, percentage, staffID) VALUES (228, 2683, 3, 169);
INSERT INTO PlantedIn (bedID, plantID, percentage, staffID) VALUES (346, 3035, 2, 46);
INSERT INTO PlantedIn (bedID, plantID, percentage, staffID) VALUES (46, 3765, 4, 165);
INSERT INTO PlantedIn (bedID, plantID, percentage, staffID) VALUES (229, 1731, 2, 112);
INSERT INTO PlantedIn (bedID, plantID, percentage, staffID) VALUES (289, 1626, 3, 29);
INSERT INTO PlantedIn (bedID, plantID, percentage, staffID) VALUES (179, 2975, 2, 136);
INSERT INTO PlantedIn (bedID, plantID, percentage, staffID) VALUES (453, 1628, 1, 154);
INSERT INTO PlantedIn (bedID, plantID, percentage, staffID) VALUES (212, 879, 4, 135);
INSERT INTO PlantedIn (bedID, plantID, percentage, staffID) VALUES (436, 1876, 3, 92);
INSERT INTO PlantedIn (bedID, plantID, percentage, staffID) VALUES (128, 2592, 2, 1);
INSERT INTO PlantedIn (bedID, plantID, percentage, staffID) VALUES (305, 3126, 1, 46);
INSERT INTO PlantedIn (bedID, plantID, percentage, staffID) VALUES (122, 2978, 4, 114);
INSERT INTO PlantedIn (bedID, plantID, percentage, staffID) VALUES (91, 2689, 3, 92);
INSERT INTO PlantedIn (bedID, plantID, percentage, staffID) VALUES (221, 426, 2, 189);
INSERT INTO PlantedIn (bedID, plantID, percentage, staffID) VALUES (252, 2610, 4, 108);
INSERT INTO PlantedIn (bedID, plantID, percentage, staffID) VALUES (427, 714, 4, 185);
INSERT INTO PlantedIn (bedID, plantID, percentage, staffID) VALUES (317, 1374, 4, 97);
INSERT INTO PlantedIn (bedID, plantID, percentage, staffID) VALUES (13, 1841, 3, 63);
INSERT INTO PlantedIn (bedID, plantID, percentage, staffID) VALUES (135, 2062, 3, 163);
INSERT INTO PlantedIn (bedID, plantID, percentage, staffID) VALUES (144, 1379, 2, 84);
INSERT INTO PlantedIn (bedID, plantID, percentage, staffID) VALUES (457, 3816, 2, 192);
INSERT INTO PlantedIn (bedID, plantID, percentage, staffID) VALUES (314, 1796, 3, 97);
INSERT INTO PlantedIn (bedID, plantID, percentage, staffID) VALUES (308, 1471, 2, 80);
INSERT INTO PlantedIn (bedID, plantID, percentage, staffID) VALUES (349, 3339, 4, 54);
INSERT INTO PlantedIn (bedID, plantID, percentage, staffID) VALUES (161, 2197, 3, 89);
INSERT INTO PlantedIn (bedID, plantID, percentage, staffID) VALUES (49, 892, 2, 34);
INSERT INTO PlantedIn (bedID, plantID, percentage, staffID) VALUES (278, 2215, 3, 184);
INSERT INTO PlantedIn (bedID, plantID, percentage, staffID) VALUES (450, 374, 3, 182);
INSERT INTO PlantedIn (bedID, plantID, percentage, staffID) VALUES (266, 1404, 1, 37);
INSERT INTO PlantedIn (bedID, plantID, percentage, staffID) VALUES (352, 2190, 2, 109);
INSERT INTO PlantedIn (bedID, plantID, percentage, staffID) VALUES (204, 3054, 4, 50);
INSERT INTO PlantedIn (bedID, plantID, percentage, staffID) VALUES (170, 2605, 2, 81);
INSERT INTO PlantedIn (bedID, plantID, percentage, staffID) VALUES (428, 2170, 2, 177);
INSERT INTO PlantedIn (bedID, plantID, percentage, staffID) VALUES (64, 2959, 3, 27);
INSERT INTO PlantedIn (bedID, plantID, percentage, staffID) VALUES (183, 3259, 4, 60);
INSERT INTO PlantedIn (bedID, plantID, percentage, staffID) VALUES (98, 1810, 4, 32);
INSERT INTO PlantedIn (bedID, plantID, percentage, staffID) VALUES (17, 2655, 2, 88);
INSERT INTO PlantedIn (bedID, plantID, percentage, staffID) VALUES (226, 2592, 4, 49);
INSERT INTO PlantedIn (bedID, plantID, percentage, staffID) VALUES (163, 2438, 1, 61);
INSERT INTO PlantedIn (bedID, plantID, percentage, staffID) VALUES (91, 621, 2, 152);
INSERT INTO PlantedIn (bedID, plantID, percentage, staffID) VALUES (439, 3370, 3, 182);
INSERT INTO PlantedIn (bedID, plantID, percentage, staffID) VALUES (76, 3258, 3, 68);
INSERT INTO PlantedIn (bedID, plantID, percentage, staffID) VALUES (325, 2410, 4, 101);
INSERT INTO PlantedIn (bedID, plantID, percentage, staffID) VALUES (44, 2506, 1, 172);
INSERT INTO PlantedIn (bedID, plantID, percentage, staffID) VALUES (159, 1047, 4, 121);
INSERT INTO PlantedIn (bedID, plantID, percentage, staffID) VALUES (446, 3196, 2, 133);
INSERT INTO PlantedIn (bedID, plantID, percentage, staffID) VALUES (217, 3642, 3, 110);
INSERT INTO PlantedIn (bedID, plantID, percentage, staffID) VALUES (70, 3338, 2, 140);
INSERT INTO PlantedIn (bedID, plantID, percentage, staffID) VALUES (335, 62, 2, 174);
INSERT INTO PlantedIn (bedID, plantID, percentage, staffID) VALUES (303, 1330, 3, 58);
INSERT INTO PlantedIn (bedID, plantID, percentage, staffID) VALUES (470, 487, 2, 175);
INSERT INTO PlantedIn (bedID, plantID, percentage, staffID) VALUES (188, 1733, 2, 29);
INSERT INTO PlantedIn (bedID, plantID, percentage, staffID) VALUES (131, 3039, 3, 128);
INSERT INTO PlantedIn (bedID, plantID, percentage, staffID) VALUES (345, 613, 4, 78);
INSERT INTO PlantedIn (bedID, plantID, percentage, staffID) VALUES (206, 1380, 3, 176);
INSERT INTO PlantedIn (bedID, plantID, percentage, staffID) VALUES (105, 2102, 4, 182);
INSERT INTO PlantedIn (bedID, plantID, percentage, staffID) VALUES (265, 2864, 1, 66);
INSERT INTO PlantedIn (bedID, plantID, percentage, staffID) VALUES (41, 2332, 1, 190);
INSERT INTO PlantedIn (bedID, plantID, percentage, staffID) VALUES (345, 3041, 1, 83);
INSERT INTO PlantedIn (bedID, plantID, percentage, staffID) VALUES (112, 2102, 3, 95);
INSERT INTO PlantedIn (bedID, plantID, percentage, staffID) VALUES (117, 2413, 3, 182);
INSERT INTO PlantedIn (bedID, plantID, percentage, staffID) VALUES (465, 2902, 1, 54);
INSERT INTO PlantedIn (bedID, plantID, percentage, staffID) VALUES (140, 576, 4, 27);
INSERT INTO PlantedIn (bedID, plantID, percentage, staffID) VALUES (421, 1729, 4, 11);
INSERT INTO PlantedIn (bedID, plantID, percentage, staffID) VALUES (24, 3799, 4, 11);
INSERT INTO PlantedIn (bedID, plantID, percentage, staffID) VALUES (364, 1764, 1, 185);
INSERT INTO PlantedIn (bedID, plantID, percentage, staffID) VALUES (1, 1425, 2, 106);
INSERT INTO PlantedIn (bedID, plantID, percentage, staffID) VALUES (216, 2928, 3, 80);
INSERT INTO PlantedIn (bedID, plantID, percentage, staffID) VALUES (181, 1077, 2, 78);
INSERT INTO PlantedIn (bedID, plantID, percentage, staffID) VALUES (14, 2485, 2, 116);
INSERT INTO PlantedIn (bedID, plantID, percentage, staffID) VALUES (375, 2677, 3, 37);
INSERT INTO PlantedIn (bedID, plantID, percentage, staffID) VALUES (67, 892, 1, 134);
INSERT INTO PlantedIn (bedID, plantID, percentage, staffID) VALUES (115, 1942, 3, 101);
INSERT INTO PlantedIn (bedID, plantID, percentage, staffID) VALUES (123, 3414, 3, 82);
INSERT INTO PlantedIn (bedID, plantID, percentage, staffID) VALUES (77, 3027, 1, 1);
INSERT INTO PlantedIn (bedID, plantID, percentage, staffID) VALUES (202, 2196, 1, 105);
INSERT INTO PlantedIn (bedID, plantID, percentage, staffID) VALUES (124, 2675, 2, 184);
INSERT INTO PlantedIn (bedID, plantID, percentage, staffID) VALUES (437, 2148, 1, 121);
INSERT INTO PlantedIn (bedID, plantID, percentage, staffID) VALUES (125, 2165, 2, 25);
INSERT INTO PlantedIn (bedID, plantID, percentage, staffID) VALUES (206, 411, 3, 122);
INSERT INTO PlantedIn (bedID, plantID, percentage, staffID) VALUES (288, 342, 4, 77);
INSERT INTO PlantedIn (bedID, plantID, percentage, staffID) VALUES (460, 3005, 1, 104);
INSERT INTO PlantedIn (bedID, plantID, percentage, staffID) VALUES (266, 1985, 4, 67);
INSERT INTO PlantedIn (bedID, plantID, percentage, staffID) VALUES (39, 3242, 2, 42);
INSERT INTO PlantedIn (bedID, plantID, percentage, staffID) VALUES (312, 1286, 4, 121);
INSERT INTO PlantedIn (bedID, plantID, percentage, staffID) VALUES (423, 2739, 2, 72);
INSERT INTO PlantedIn (bedID, plantID, percentage, staffID) VALUES (386, 3651, 2, 1);
INSERT INTO PlantedIn (bedID, plantID, percentage, staffID) VALUES (16, 1471, 1, 60);
INSERT INTO PlantedIn (bedID, plantID, percentage, staffID) VALUES (75, 3095, 3, 29);
INSERT INTO PlantedIn (bedID, plantID, percentage, staffID) VALUES (149, 1788, 2, 144);
INSERT INTO PlantedIn (bedID, plantID, percentage, staffID) VALUES (143, 3509, 4, 151);
INSERT INTO PlantedIn (bedID, plantID, percentage, staffID) VALUES (5, 1854, 3, 59);
INSERT INTO PlantedIn (bedID, plantID, percentage, staffID) VALUES (385, 3384, 3, 121);
INSERT INTO PlantedIn (bedID, plantID, percentage, staffID) VALUES (277, 3642, 2, 7);
INSERT INTO PlantedIn (bedID, plantID, percentage, staffID) VALUES (420, 141, 4, 168);
INSERT INTO PlantedIn (bedID, plantID, percentage, staffID) VALUES (198, 436, 3, 189);
INSERT INTO PlantedIn (bedID, plantID, percentage, staffID) VALUES (433, 242, 1, 60);
INSERT INTO PlantedIn (bedID, plantID, percentage, staffID) VALUES (249, 3854, 4, 128);
INSERT INTO PlantedIn (bedID, plantID, percentage, staffID) VALUES (428, 1393, 4, 135);
INSERT INTO PlantedIn (bedID, plantID, percentage, staffID) VALUES (398, 3649, 3, 120);
INSERT INTO PlantedIn (bedID, plantID, percentage, staffID) VALUES (388, 676, 2, 73);
INSERT INTO PlantedIn (bedID, plantID, percentage, staffID) VALUES (56, 1505, 1, 164);
INSERT INTO PlantedIn (bedID, plantID, percentage, staffID) VALUES (202, 2408, 4, 189);
INSERT INTO PlantedIn (bedID, plantID, percentage, staffID) VALUES (348, 3277, 3, 86);
INSERT INTO PlantedIn (bedID, plantID, percentage, staffID) VALUES (431, 2744, 2, 179);
INSERT INTO PlantedIn (bedID, plantID, percentage, staffID) VALUES (335, 1930, 3, 54);
INSERT INTO PlantedIn (bedID, plantID, percentage, staffID) VALUES (407, 3553, 3, 108);
INSERT INTO PlantedIn (bedID, plantID, percentage, staffID) VALUES (409, 427, 3, 72);
INSERT INTO PlantedIn (bedID, plantID, percentage, staffID) VALUES (135, 2741, 2, 18);
INSERT INTO PlantedIn (bedID, plantID, percentage, staffID) VALUES (47, 3427, 3, 83);
INSERT INTO PlantedIn (bedID, plantID, percentage, staffID) VALUES (241, 1272, 1, 75);
INSERT INTO PlantedIn (bedID, plantID, percentage, staffID) VALUES (84, 3028, 1, 183);
INSERT INTO PlantedIn (bedID, plantID, percentage, staffID) VALUES (234, 2977, 1, 107);
INSERT INTO PlantedIn (bedID, plantID, percentage, staffID) VALUES (128, 3024, 1, 166);
INSERT INTO PlantedIn (bedID, plantID, percentage, staffID) VALUES (332, 1308, 3, 170);
INSERT INTO PlantedIn (bedID, plantID, percentage, staffID) VALUES (213, 698, 3, 51);
INSERT INTO PlantedIn (bedID, plantID, percentage, staffID) VALUES (421, 1282, 4, 28);
INSERT INTO PlantedIn (bedID, plantID, percentage, staffID) VALUES (104, 2092, 3, 105);
INSERT INTO PlantedIn (bedID, plantID, percentage, staffID) VALUES (313, 3348, 1, 28);
INSERT INTO PlantedIn (bedID, plantID, percentage, staffID) VALUES (301, 2530, 4, 73);
INSERT INTO PlantedIn (bedID, plantID, percentage, staffID) VALUES (207, 643, 1, 8);
INSERT INTO PlantedIn (bedID, plantID, percentage, staffID) VALUES (239, 3338, 4, 144);
INSERT INTO PlantedIn (bedID, plantID, percentage, staffID) VALUES (21, 3670, 4, 141);
INSERT INTO PlantedIn (bedID, plantID, percentage, staffID) VALUES (133, 3178, 2, 188);
INSERT INTO PlantedIn (bedID, plantID, percentage, staffID) VALUES (172, 1674, 1, 47);
INSERT INTO PlantedIn (bedID, plantID, percentage, staffID) VALUES (147, 769, 4, 58);
INSERT INTO PlantedIn (bedID, plantID, percentage, staffID) VALUES (31, 1595, 3, 26);
INSERT INTO PlantedIn (bedID, plantID, percentage, staffID) VALUES (32, 1859, 3, 124);
INSERT INTO PlantedIn (bedID, plantID, percentage, staffID) VALUES (307, 2480, 1, 132);
INSERT INTO PlantedIn (bedID, plantID, percentage, staffID) VALUES (239, 1335, 3, 22);
INSERT INTO PlantedIn (bedID, plantID, percentage, staffID) VALUES (140, 3059, 3, 99);
INSERT INTO PlantedIn (bedID, plantID, percentage, staffID) VALUES (291, 1562, 4, 16);
INSERT INTO PlantedIn (bedID, plantID, percentage, staffID) VALUES (396, 1165, 1, 43);
INSERT INTO PlantedIn (bedID, plantID, percentage, staffID) VALUES (237, 1892, 3, 25);
INSERT INTO PlantedIn (bedID, plantID, percentage, staffID) VALUES (427, 950, 4, 55);
INSERT INTO PlantedIn (bedID, plantID, percentage, staffID) VALUES (344, 3373, 2, 97);
INSERT INTO PlantedIn (bedID, plantID, percentage, staffID) VALUES (244, 448, 1, 108);
INSERT INTO PlantedIn (bedID, plantID, percentage, staffID) VALUES (219, 2436, 4, 116);
INSERT INTO PlantedIn (bedID, plantID, percentage, staffID) VALUES (200, 196, 1, 68);
INSERT INTO PlantedIn (bedID, plantID, percentage, staffID) VALUES (216, 1569, 2, 3);
INSERT INTO PlantedIn (bedID, plantID, percentage, staffID) VALUES (335, 858, 1, 90);
INSERT INTO PlantedIn (bedID, plantID, percentage, staffID) VALUES (337, 2160, 3, 158);
INSERT INTO PlantedIn (bedID, plantID, percentage, staffID) VALUES (381, 148, 3, 119);
INSERT INTO PlantedIn (bedID, plantID, percentage, staffID) VALUES (431, 218, 2, 185);
INSERT INTO PlantedIn (bedID, plantID, percentage, staffID) VALUES (82, 1662, 3, 91);
INSERT INTO PlantedIn (bedID, plantID, percentage, staffID) VALUES (29, 44, 2, 80);
INSERT INTO PlantedIn (bedID, plantID, percentage, staffID) VALUES (30, 2782, 3, 106);
INSERT INTO PlantedIn (bedID, plantID, percentage, staffID) VALUES (60, 2046, 4, 165);
INSERT INTO PlantedIn (bedID, plantID, percentage, staffID) VALUES (356, 958, 2, 9);
INSERT INTO PlantedIn (bedID, plantID, percentage, staffID) VALUES (382, 3141, 3, 16);
INSERT INTO PlantedIn (bedID, plantID, percentage, staffID) VALUES (403, 2547, 4, 29);
INSERT INTO PlantedIn (bedID, plantID, percentage, staffID) VALUES (339, 180, 4, 38);
INSERT INTO PlantedIn (bedID, plantID, percentage, staffID) VALUES (226, 2433, 3, 107);
INSERT INTO PlantedIn (bedID, plantID, percentage, staffID) VALUES (304, 3512, 3, 4);
INSERT INTO PlantedIn (bedID, plantID, percentage, staffID) VALUES (298, 2070, 4, 45);
INSERT INTO PlantedIn (bedID, plantID, percentage, staffID) VALUES (31, 107, 4, 120);
INSERT INTO PlantedIn (bedID, plantID, percentage, staffID) VALUES (131, 2423, 1, 57);
INSERT INTO PlantedIn (bedID, plantID, percentage, staffID) VALUES (208, 1369, 2, 142);
INSERT INTO PlantedIn (bedID, plantID, percentage, staffID) VALUES (7, 3227, 3, 11);
INSERT INTO PlantedIn (bedID, plantID, percentage, staffID) VALUES (417, 918, 2, 126);
INSERT INTO PlantedIn (bedID, plantID, percentage, staffID) VALUES (410, 523, 3, 183);
INSERT INTO PlantedIn (bedID, plantID, percentage, staffID) VALUES (21, 3526, 3, 43);
INSERT INTO PlantedIn (bedID, plantID, percentage, staffID) VALUES (212, 1658, 3, 87);
INSERT INTO PlantedIn (bedID, plantID, percentage, staffID) VALUES (216, 49, 3, 67);
INSERT INTO PlantedIn (bedID, plantID, percentage, staffID) VALUES (303, 2343, 1, 167);
INSERT INTO PlantedIn (bedID, plantID, percentage, staffID) VALUES (455, 1959, 4, 76);
INSERT INTO PlantedIn (bedID, plantID, percentage, staffID) VALUES (162, 1625, 1, 144);
INSERT INTO PlantedIn (bedID, plantID, percentage, staffID) VALUES (312, 1223, 3, 119);
INSERT INTO PlantedIn (bedID, plantID, percentage, staffID) VALUES (214, 1831, 2, 7);
INSERT INTO PlantedIn (bedID, plantID, percentage, staffID) VALUES (183, 933, 4, 35);
INSERT INTO PlantedIn (bedID, plantID, percentage, staffID) VALUES (318, 2295, 1, 71);
INSERT INTO PlantedIn (bedID, plantID, percentage, staffID) VALUES (287, 2605, 1, 176);
INSERT INTO PlantedIn (bedID, plantID, percentage, staffID) VALUES (133, 2600, 1, 67);
INSERT INTO PlantedIn (bedID, plantID, percentage, staffID) VALUES (85, 2681, 3, 44);
INSERT INTO PlantedIn (bedID, plantID, percentage, staffID) VALUES (54, 3535, 4, 152);
INSERT INTO PlantedIn (bedID, plantID, percentage, staffID) VALUES (110, 1248, 3, 61);
INSERT INTO PlantedIn (bedID, plantID, percentage, staffID) VALUES (377, 1266, 1, 37);
INSERT INTO PlantedIn (bedID, plantID, percentage, staffID) VALUES (270, 1337, 1, 4);
INSERT INTO PlantedIn (bedID, plantID, percentage, staffID) VALUES (17, 868, 2, 162);
INSERT INTO PlantedIn (bedID, plantID, percentage, staffID) VALUES (425, 450, 1, 114);
INSERT INTO PlantedIn (bedID, plantID, percentage, staffID) VALUES (384, 2971, 4, 122);
INSERT INTO PlantedIn (bedID, plantID, percentage, staffID) VALUES (324, 1313, 4, 142);
INSERT INTO PlantedIn (bedID, plantID, percentage, staffID) VALUES (314, 3832, 2, 122);
INSERT INTO PlantedIn (bedID, plantID, percentage, staffID) VALUES (151, 2995, 4, 131);
INSERT INTO PlantedIn (bedID, plantID, percentage, staffID) VALUES (58, 2541, 1, 26);
INSERT INTO PlantedIn (bedID, plantID, percentage, staffID) VALUES (10, 1903, 1, 124);
INSERT INTO PlantedIn (bedID, plantID, percentage, staffID) VALUES (340, 1538, 3, 76);
INSERT INTO PlantedIn (bedID, plantID, percentage, staffID) VALUES (244, 3578, 2, 141);
INSERT INTO PlantedIn (bedID, plantID, percentage, staffID) VALUES (329, 1107, 2, 51);
INSERT INTO PlantedIn (bedID, plantID, percentage, staffID) VALUES (297, 3646, 2, 60);
INSERT INTO PlantedIn (bedID, plantID, percentage, staffID) VALUES (443, 3432, 2, 153);
INSERT INTO PlantedIn (bedID, plantID, percentage, staffID) VALUES (314, 1501, 4, 29);
INSERT INTO PlantedIn (bedID, plantID, percentage, staffID) VALUES (22, 1034, 1, 173);
INSERT INTO PlantedIn (bedID, plantID, percentage, staffID) VALUES (360, 1739, 2, 25);
INSERT INTO PlantedIn (bedID, plantID, percentage, staffID) VALUES (401, 1892, 2, 19);
INSERT INTO PlantedIn (bedID, plantID, percentage, staffID) VALUES (197, 3015, 1, 140);
INSERT INTO PlantedIn (bedID, plantID, percentage, staffID) VALUES (32, 3610, 3, 100);
INSERT INTO PlantedIn (bedID, plantID, percentage, staffID) VALUES (315, 2811, 2, 14);
INSERT INTO PlantedIn (bedID, plantID, percentage, staffID) VALUES (55, 795, 1, 23);
INSERT INTO PlantedIn (bedID, plantID, percentage, staffID) VALUES (224, 3694, 1, 46);
INSERT INTO PlantedIn (bedID, plantID, percentage, staffID) VALUES (192, 1333, 2, 145);
INSERT INTO PlantedIn (bedID, plantID, percentage, staffID) VALUES (395, 3088, 1, 126);
INSERT INTO PlantedIn (bedID, plantID, percentage, staffID) VALUES (274, 1164, 3, 74);
INSERT INTO PlantedIn (bedID, plantID, percentage, staffID) VALUES (112, 3264, 1, 69);
INSERT INTO PlantedIn (bedID, plantID, percentage, staffID) VALUES (295, 1226, 2, 189);
INSERT INTO PlantedIn (bedID, plantID, percentage, staffID) VALUES (21, 3819, 1, 126);
INSERT INTO PlantedIn (bedID, plantID, percentage, staffID) VALUES (92, 2815, 3, 66);
INSERT INTO PlantedIn (bedID, plantID, percentage, staffID) VALUES (324, 2111, 1, 184);
INSERT INTO PlantedIn (bedID, plantID, percentage, staffID) VALUES (422, 2348, 3, 70);
INSERT INTO PlantedIn (bedID, plantID, percentage, staffID) VALUES (123, 1283, 2, 129);
INSERT INTO PlantedIn (bedID, plantID, percentage, staffID) VALUES (84, 3736, 4, 124);
INSERT INTO PlantedIn (bedID, plantID, percentage, staffID) VALUES (135, 2044, 2, 18);
INSERT INTO PlantedIn (bedID, plantID, percentage, staffID) VALUES (245, 2716, 3, 100);
INSERT INTO PlantedIn (bedID, plantID, percentage, staffID) VALUES (204, 3125, 1, 77);
INSERT INTO PlantedIn (bedID, plantID, percentage, staffID) VALUES (168, 1064, 1, 42);
INSERT INTO PlantedIn (bedID, plantID, percentage, staffID) VALUES (239, 3650, 4, 56);
INSERT INTO PlantedIn (bedID, plantID, percentage, staffID) VALUES (131, 3490, 2, 53);
INSERT INTO PlantedIn (bedID, plantID, percentage, staffID) VALUES (412, 3328, 1, 52);
INSERT INTO PlantedIn (bedID, plantID, percentage, staffID) VALUES (185, 1302, 4, 99);
INSERT INTO PlantedIn (bedID, plantID, percentage, staffID) VALUES (19, 3746, 2, 126);
INSERT INTO PlantedIn (bedID, plantID, percentage, staffID) VALUES (368, 3839, 1, 120);
INSERT INTO PlantedIn (bedID, plantID, percentage, staffID) VALUES (127, 3045, 1, 77);
INSERT INTO PlantedIn (bedID, plantID, percentage, staffID) VALUES (158, 1344, 4, 90);
INSERT INTO PlantedIn (bedID, plantID, percentage, staffID) VALUES (138, 2753, 3, 123);
INSERT INTO PlantedIn (bedID, plantID, percentage, staffID) VALUES (291, 3301, 2, 5);
INSERT INTO PlantedIn (bedID, plantID, percentage, staffID) VALUES (339, 1045, 1, 131);
INSERT INTO PlantedIn (bedID, plantID, percentage, staffID) VALUES (288, 459, 3, 3);
INSERT INTO PlantedIn (bedID, plantID, percentage, staffID) VALUES (42, 2426, 4, 24);
INSERT INTO PlantedIn (bedID, plantID, percentage, staffID) VALUES (231, 1447, 4, 9);
INSERT INTO PlantedIn (bedID, plantID, percentage, staffID) VALUES (342, 1849, 1, 135);
INSERT INTO PlantedIn (bedID, plantID, percentage, staffID) VALUES (91, 991, 4, 119);
INSERT INTO PlantedIn (bedID, plantID, percentage, staffID) VALUES (53, 2324, 4, 60);
INSERT INTO PlantedIn (bedID, plantID, percentage, staffID) VALUES (413, 3584, 2, 190);
INSERT INTO PlantedIn (bedID, plantID, percentage, staffID) VALUES (22, 3635, 1, 26);
INSERT INTO PlantedIn (bedID, plantID, percentage, staffID) VALUES (445, 3849, 2, 16);
INSERT INTO PlantedIn (bedID, plantID, percentage, staffID) VALUES (175, 452, 1, 51);
INSERT INTO PlantedIn (bedID, plantID, percentage, staffID) VALUES (282, 3503, 4, 22);
INSERT INTO PlantedIn (bedID, plantID, percentage, staffID) VALUES (77, 2654, 2, 121);
INSERT INTO PlantedIn (bedID, plantID, percentage, staffID) VALUES (137, 3403, 1, 20);
INSERT INTO PlantedIn (bedID, plantID, percentage, staffID) VALUES (382, 105, 4, 131);
INSERT INTO PlantedIn (bedID, plantID, percentage, staffID) VALUES (2, 3811, 4, 148);
INSERT INTO PlantedIn (bedID, plantID, percentage, staffID) VALUES (465, 3099, 2, 76);
INSERT INTO PlantedIn (bedID, plantID, percentage, staffID) VALUES (435, 2393, 3, 91);
INSERT INTO PlantedIn (bedID, plantID, percentage, staffID) VALUES (249, 2120, 3, 61);
INSERT INTO PlantedIn (bedID, plantID, percentage, staffID) VALUES (364, 224, 3, 140);
INSERT INTO PlantedIn (bedID, plantID, percentage, staffID) VALUES (41, 1234, 1, 88);
INSERT INTO PlantedIn (bedID, plantID, percentage, staffID) VALUES (39, 1615, 1, 120);
INSERT INTO PlantedIn (bedID, plantID, percentage, staffID) VALUES (191, 1207, 2, 6);
INSERT INTO PlantedIn (bedID, plantID, percentage, staffID) VALUES (54, 1532, 1, 151);
INSERT INTO PlantedIn (bedID, plantID, percentage, staffID) VALUES (8, 696, 3, 112);
INSERT INTO PlantedIn (bedID, plantID, percentage, staffID) VALUES (345, 3262, 4, 47);
INSERT INTO PlantedIn (bedID, plantID, percentage, staffID) VALUES (347, 729, 3, 100);
INSERT INTO PlantedIn (bedID, plantID, percentage, staffID) VALUES (117, 648, 2, 17);
INSERT INTO PlantedIn (bedID, plantID, percentage, staffID) VALUES (231, 1971, 3, 79);
INSERT INTO PlantedIn (bedID, plantID, percentage, staffID) VALUES (439, 3755, 2, 133);
INSERT INTO PlantedIn (bedID, plantID, percentage, staffID) VALUES (135, 2618, 2, 147);
INSERT INTO PlantedIn (bedID, plantID, percentage, staffID) VALUES (35, 1751, 1, 88);
INSERT INTO PlantedIn (bedID, plantID, percentage, staffID) VALUES (300, 3767, 2, 129);
INSERT INTO PlantedIn (bedID, plantID, percentage, staffID) VALUES (388, 3313, 3, 67);
INSERT INTO PlantedIn (bedID, plantID, percentage, staffID) VALUES (22, 3132, 2, 12);
INSERT INTO PlantedIn (bedID, plantID, percentage, staffID) VALUES (463, 516, 2, 128);
INSERT INTO PlantedIn (bedID, plantID, percentage, staffID) VALUES (305, 25, 3, 7);
INSERT INTO PlantedIn (bedID, plantID, percentage, staffID) VALUES (463, 2643, 2, 184);
INSERT INTO PlantedIn (bedID, plantID, percentage, staffID) VALUES (171, 2389, 2, 135);
INSERT INTO PlantedIn (bedID, plantID, percentage, staffID) VALUES (34, 340, 3, 107);
INSERT INTO PlantedIn (bedID, plantID, percentage, staffID) VALUES (30, 588, 4, 14);
INSERT INTO PlantedIn (bedID, plantID, percentage, staffID) VALUES (5, 1503, 1, 89);
INSERT INTO PlantedIn (bedID, plantID, percentage, staffID) VALUES (95, 1878, 1, 71);
INSERT INTO PlantedIn (bedID, plantID, percentage, staffID) VALUES (293, 3746, 2, 131);
INSERT INTO PlantedIn (bedID, plantID, percentage, staffID) VALUES (462, 2605, 4, 171);
INSERT INTO PlantedIn (bedID, plantID, percentage, staffID) VALUES (170, 2842, 3, 44);
INSERT INTO PlantedIn (bedID, plantID, percentage, staffID) VALUES (168, 3376, 2, 32);
INSERT INTO PlantedIn (bedID, plantID, percentage, staffID) VALUES (455, 2612, 1, 26);
INSERT INTO PlantedIn (bedID, plantID, percentage, staffID) VALUES (392, 742, 4, 185);
INSERT INTO PlantedIn (bedID, plantID, percentage, staffID) VALUES (275, 1298, 4, 182);
INSERT INTO PlantedIn (bedID, plantID, percentage, staffID) VALUES (98, 2311, 1, 144);
INSERT INTO PlantedIn (bedID, plantID, percentage, staffID) VALUES (129, 2075, 3, 28);
INSERT INTO PlantedIn (bedID, plantID, percentage, staffID) VALUES (129, 1352, 3, 71);
INSERT INTO PlantedIn (bedID, plantID, percentage, staffID) VALUES (106, 1935, 1, 11);
INSERT INTO PlantedIn (bedID, plantID, percentage, staffID) VALUES (84, 683, 1, 43);
INSERT INTO PlantedIn (bedID, plantID, percentage, staffID) VALUES (175, 429, 4, 172);
INSERT INTO PlantedIn (bedID, plantID, percentage, staffID) VALUES (212, 2827, 2, 149);
INSERT INTO PlantedIn (bedID, plantID, percentage, staffID) VALUES (459, 2647, 1, 145);
INSERT INTO PlantedIn (bedID, plantID, percentage, staffID) VALUES (134, 1595, 3, 73);
INSERT INTO PlantedIn (bedID, plantID, percentage, staffID) VALUES (450, 1901, 1, 38);
INSERT INTO PlantedIn (bedID, plantID, percentage, staffID) VALUES (398, 2054, 1, 173);
INSERT INTO PlantedIn (bedID, plantID, percentage, staffID) VALUES (16, 3462, 1, 51);
INSERT INTO PlantedIn (bedID, plantID, percentage, staffID) VALUES (35, 1760, 2, 44);
INSERT INTO PlantedIn (bedID, plantID, percentage, staffID) VALUES (268, 200, 1, 80);
INSERT INTO PlantedIn (bedID, plantID, percentage, staffID) VALUES (371, 455, 4, 58);
INSERT INTO PlantedIn (bedID, plantID, percentage, staffID) VALUES (380, 3827, 1, 190);
INSERT INTO PlantedIn (bedID, plantID, percentage, staffID) VALUES (191, 1096, 2, 131);
INSERT INTO PlantedIn (bedID, plantID, percentage, staffID) VALUES (367, 3181, 3, 117);
INSERT INTO PlantedIn (bedID, plantID, percentage, staffID) VALUES (168, 1622, 2, 139);
INSERT INTO PlantedIn (bedID, plantID, percentage, staffID) VALUES (150, 3589, 2, 122);
INSERT INTO PlantedIn (bedID, plantID, percentage, staffID) VALUES (182, 3113, 4, 169);
INSERT INTO PlantedIn (bedID, plantID, percentage, staffID) VALUES (159, 942, 1, 80);
INSERT INTO PlantedIn (bedID, plantID, percentage, staffID) VALUES (111, 1231, 3, 46);
INSERT INTO PlantedIn (bedID, plantID, percentage, staffID) VALUES (464, 2603, 2, 87);
INSERT INTO PlantedIn (bedID, plantID, percentage, staffID) VALUES (285, 71, 4, 140);
INSERT INTO PlantedIn (bedID, plantID, percentage, staffID) VALUES (390, 1970, 3, 191);
INSERT INTO PlantedIn (bedID, plantID, percentage, staffID) VALUES (344, 3472, 1, 66);
INSERT INTO PlantedIn (bedID, plantID, percentage, staffID) VALUES (68, 2755, 2, 41);
INSERT INTO PlantedIn (bedID, plantID, percentage, staffID) VALUES (15, 1624, 3, 3);
INSERT INTO PlantedIn (bedID, plantID, percentage, staffID) VALUES (134, 3860, 4, 2);
INSERT INTO PlantedIn (bedID, plantID, percentage, staffID) VALUES (265, 9, 3, 1);
INSERT INTO PlantedIn (bedID, plantID, percentage, staffID) VALUES (320, 1657, 2, 171);
INSERT INTO PlantedIn (bedID, plantID, percentage, staffID) VALUES (212, 1993, 2, 54);
INSERT INTO PlantedIn (bedID, plantID, percentage, staffID) VALUES (46, 1052, 1, 166);
INSERT INTO PlantedIn (bedID, plantID, percentage, staffID) VALUES (466, 40, 1, 126);
INSERT INTO PlantedIn (bedID, plantID, percentage, staffID) VALUES (204, 2416, 3, 133);
INSERT INTO PlantedIn (bedID, plantID, percentage, staffID) VALUES (295, 2541, 1, 139);
INSERT INTO PlantedIn (bedID, plantID, percentage, staffID) VALUES (312, 2634, 2, 148);
INSERT INTO PlantedIn (bedID, plantID, percentage, staffID) VALUES (53, 2143, 3, 125);
INSERT INTO PlantedIn (bedID, plantID, percentage, staffID) VALUES (34, 3386, 1, 169);
INSERT INTO PlantedIn (bedID, plantID, percentage, staffID) VALUES (36, 3011, 1, 173);
INSERT INTO PlantedIn (bedID, plantID, percentage, staffID) VALUES (317, 95, 1, 11);
INSERT INTO PlantedIn (bedID, plantID, percentage, staffID) VALUES (308, 2704, 2, 166);
INSERT INTO PlantedIn (bedID, plantID, percentage, staffID) VALUES (169, 1887, 1, 93);
INSERT INTO PlantedIn (bedID, plantID, percentage, staffID) VALUES (81, 679, 2, 72);
INSERT INTO PlantedIn (bedID, plantID, percentage, staffID) VALUES (346, 3727, 4, 171);
INSERT INTO PlantedIn (bedID, plantID, percentage, staffID) VALUES (398, 2568, 4, 183);
INSERT INTO PlantedIn (bedID, plantID, percentage, staffID) VALUES (210, 2865, 2, 18);
INSERT INTO PlantedIn (bedID, plantID, percentage, staffID) VALUES (190, 1922, 1, 109);
INSERT INTO PlantedIn (bedID, plantID, percentage, staffID) VALUES (247, 2247, 1, 35);
INSERT INTO PlantedIn (bedID, plantID, percentage, staffID) VALUES (133, 3784, 3, 91);
INSERT INTO PlantedIn (bedID, plantID, percentage, staffID) VALUES (221, 3472, 3, 134);
INSERT INTO PlantedIn (bedID, plantID, percentage, staffID) VALUES (35, 21, 4, 187);
INSERT INTO PlantedIn (bedID, plantID, percentage, staffID) VALUES (459, 2910, 4, 124);
INSERT INTO PlantedIn (bedID, plantID, percentage, staffID) VALUES (198, 1927, 4, 148);
INSERT INTO PlantedIn (bedID, plantID, percentage, staffID) VALUES (114, 3136, 3, 73);
INSERT INTO PlantedIn (bedID, plantID, percentage, staffID) VALUES (146, 3421, 4, 145);
INSERT INTO PlantedIn (bedID, plantID, percentage, staffID) VALUES (221, 3387, 3, 1);
INSERT INTO PlantedIn (bedID, plantID, percentage, staffID) VALUES (405, 1719, 2, 79);
INSERT INTO PlantedIn (bedID, plantID, percentage, staffID) VALUES (21, 3380, 1, 46);
INSERT INTO PlantedIn (bedID, plantID, percentage, staffID) VALUES (297, 3187, 1, 168);
INSERT INTO PlantedIn (bedID, plantID, percentage, staffID) VALUES (153, 2112, 3, 185);
INSERT INTO PlantedIn (bedID, plantID, percentage, staffID) VALUES (170, 1006, 3, 42);
INSERT INTO PlantedIn (bedID, plantID, percentage, staffID) VALUES (69, 3519, 3, 102);
INSERT INTO PlantedIn (bedID, plantID, percentage, staffID) VALUES (373, 1922, 3, 74);
INSERT INTO PlantedIn (bedID, plantID, percentage, staffID) VALUES (369, 3562, 4, 144);
INSERT INTO PlantedIn (bedID, plantID, percentage, staffID) VALUES (377, 3564, 2, 171);
INSERT INTO PlantedIn (bedID, plantID, percentage, staffID) VALUES (354, 2538, 1, 96);
INSERT INTO PlantedIn (bedID, plantID, percentage, staffID) VALUES (97, 1443, 3, 130);
INSERT INTO PlantedIn (bedID, plantID, percentage, staffID) VALUES (300, 3227, 4, 47);
INSERT INTO PlantedIn (bedID, plantID, percentage, staffID) VALUES (353, 2794, 3, 80);
INSERT INTO PlantedIn (bedID, plantID, percentage, staffID) VALUES (104, 2889, 1, 36);
INSERT INTO PlantedIn (bedID, plantID, percentage, staffID) VALUES (232, 527, 2, 91);
INSERT INTO PlantedIn (bedID, plantID, percentage, staffID) VALUES (28, 570, 4, 19);
INSERT INTO PlantedIn (bedID, plantID, percentage, staffID) VALUES (276, 2879, 4, 181);
INSERT INTO PlantedIn (bedID, plantID, percentage, staffID) VALUES (56, 2004, 4, 71);
INSERT INTO PlantedIn (bedID, plantID, percentage, staffID) VALUES (168, 2215, 1, 109);
INSERT INTO PlantedIn (bedID, plantID, percentage, staffID) VALUES (140, 3553, 3, 129);
INSERT INTO PlantedIn (bedID, plantID, percentage, staffID) VALUES (316, 3103, 1, 139);
INSERT INTO PlantedIn (bedID, plantID, percentage, staffID) VALUES (445, 475, 4, 87);
INSERT INTO PlantedIn (bedID, plantID, percentage, staffID) VALUES (128, 1994, 2, 174);
INSERT INTO PlantedIn (bedID, plantID, percentage, staffID) VALUES (209, 491, 1, 32);
INSERT INTO PlantedIn (bedID, plantID, percentage, staffID) VALUES (413, 161, 4, 166);
INSERT INTO PlantedIn (bedID, plantID, percentage, staffID) VALUES (265, 605, 4, 152);
INSERT INTO PlantedIn (bedID, plantID, percentage, staffID) VALUES (345, 1048, 1, 3);
INSERT INTO PlantedIn (bedID, plantID, percentage, staffID) VALUES (90, 2477, 4, 111);
INSERT INTO PlantedIn (bedID, plantID, percentage, staffID) VALUES (210, 838, 2, 3);
INSERT INTO PlantedIn (bedID, plantID, percentage, staffID) VALUES (161, 1689, 3, 78);
INSERT INTO PlantedIn (bedID, plantID, percentage, staffID) VALUES (451, 885, 2, 194);
INSERT INTO PlantedIn (bedID, plantID, percentage, staffID) VALUES (169, 405, 1, 86);
INSERT INTO PlantedIn (bedID, plantID, percentage, staffID) VALUES (70, 886, 3, 45);
INSERT INTO PlantedIn (bedID, plantID, percentage, staffID) VALUES (183, 3706, 1, 127);
INSERT INTO PlantedIn (bedID, plantID, percentage, staffID) VALUES (109, 2435, 2, 29);
INSERT INTO PlantedIn (bedID, plantID, percentage, staffID) VALUES (129, 2625, 3, 57);
INSERT INTO PlantedIn (bedID, plantID, percentage, staffID) VALUES (424, 1117, 1, 20);
INSERT INTO PlantedIn (bedID, plantID, percentage, staffID) VALUES (344, 1836, 3, 173);
INSERT INTO PlantedIn (bedID, plantID, percentage, staffID) VALUES (333, 3071, 1, 15);
INSERT INTO PlantedIn (bedID, plantID, percentage, staffID) VALUES (426, 1902, 1, 59);
INSERT INTO PlantedIn (bedID, plantID, percentage, staffID) VALUES (341, 1951, 1, 154);
INSERT INTO PlantedIn (bedID, plantID, percentage, staffID) VALUES (220, 1431, 3, 46);
INSERT INTO PlantedIn (bedID, plantID, percentage, staffID) VALUES (1, 1391, 2, 24);
INSERT INTO PlantedIn (bedID, plantID, percentage, staffID) VALUES (321, 315, 2, 35);
INSERT INTO PlantedIn (bedID, plantID, percentage, staffID) VALUES (264, 61, 2, 17);
INSERT INTO PlantedIn (bedID, plantID, percentage, staffID) VALUES (384, 600, 3, 66);
INSERT INTO PlantedIn (bedID, plantID, percentage, staffID) VALUES (307, 2345, 2, 154);
INSERT INTO PlantedIn (bedID, plantID, percentage, staffID) VALUES (53, 1957, 3, 97);
INSERT INTO PlantedIn (bedID, plantID, percentage, staffID) VALUES (415, 2685, 4, 55);
INSERT INTO PlantedIn (bedID, plantID, percentage, staffID) VALUES (26, 1471, 1, 31);
INSERT INTO PlantedIn (bedID, plantID, percentage, staffID) VALUES (365, 513, 2, 6);
INSERT INTO PlantedIn (bedID, plantID, percentage, staffID) VALUES (102, 769, 4, 174);
INSERT INTO PlantedIn (bedID, plantID, percentage, staffID) VALUES (102, 3609, 1, 7);
INSERT INTO PlantedIn (bedID, plantID, percentage, staffID) VALUES (42, 1353, 3, 150);
INSERT INTO PlantedIn (bedID, plantID, percentage, staffID) VALUES (453, 1891, 1, 22);
INSERT INTO PlantedIn (bedID, plantID, percentage, staffID) VALUES (471, 2233, 4, 131);
INSERT INTO PlantedIn (bedID, plantID, percentage, staffID) VALUES (129, 3516, 2, 153);
INSERT INTO PlantedIn (bedID, plantID, percentage, staffID) VALUES (138, 3463, 1, 86);
INSERT INTO PlantedIn (bedID, plantID, percentage, staffID) VALUES (14, 1734, 1, 104);
INSERT INTO PlantedIn (bedID, plantID, percentage, staffID) VALUES (307, 1386, 4, 3);
INSERT INTO PlantedIn (bedID, plantID, percentage, staffID) VALUES (139, 169, 2, 181);
INSERT INTO PlantedIn (bedID, plantID, percentage, staffID) VALUES (187, 2401, 2, 24);
INSERT INTO PlantedIn (bedID, plantID, percentage, staffID) VALUES (53, 852, 1, 86);
INSERT INTO PlantedIn (bedID, plantID, percentage, staffID) VALUES (459, 2804, 2, 81);
INSERT INTO PlantedIn (bedID, plantID, percentage, staffID) VALUES (294, 3158, 3, 65);
INSERT INTO PlantedIn (bedID, plantID, percentage, staffID) VALUES (126, 3189, 4, 183);
INSERT INTO PlantedIn (bedID, plantID, percentage, staffID) VALUES (87, 3500, 2, 159);
INSERT INTO PlantedIn (bedID, plantID, percentage, staffID) VALUES (449, 2557, 2, 175);
INSERT INTO PlantedIn (bedID, plantID, percentage, staffID) VALUES (134, 3763, 2, 142);
INSERT INTO PlantedIn (bedID, plantID, percentage, staffID) VALUES (92, 423, 4, 102);
INSERT INTO PlantedIn (bedID, plantID, percentage, staffID) VALUES (80, 1836, 1, 13);
INSERT INTO PlantedIn (bedID, plantID, percentage, staffID) VALUES (95, 1774, 4, 81);
INSERT INTO PlantedIn (bedID, plantID, percentage, staffID) VALUES (131, 2756, 3, 97);
INSERT INTO PlantedIn (bedID, plantID, percentage, staffID) VALUES (255, 1405, 3, 93);
INSERT INTO PlantedIn (bedID, plantID, percentage, staffID) VALUES (128, 885, 1, 41);
INSERT INTO PlantedIn (bedID, plantID, percentage, staffID) VALUES (422, 209, 1, 115);
INSERT INTO PlantedIn (bedID, plantID, percentage, staffID) VALUES (13, 976, 1, 116);
INSERT INTO PlantedIn (bedID, plantID, percentage, staffID) VALUES (171, 244, 3, 44);
INSERT INTO PlantedIn (bedID, plantID, percentage, staffID) VALUES (255, 1062, 3, 136);
INSERT INTO PlantedIn (bedID, plantID, percentage, staffID) VALUES (347, 239, 1, 115);
INSERT INTO PlantedIn (bedID, plantID, percentage, staffID) VALUES (367, 120, 2, 113);
INSERT INTO PlantedIn (bedID, plantID, percentage, staffID) VALUES (187, 19, 3, 7);
INSERT INTO PlantedIn (bedID, plantID, percentage, staffID) VALUES (111, 894, 1, 180);
INSERT INTO PlantedIn (bedID, plantID, percentage, staffID) VALUES (135, 1707, 2, 61);
INSERT INTO PlantedIn (bedID, plantID, percentage, staffID) VALUES (329, 3331, 1, 109);
INSERT INTO PlantedIn (bedID, plantID, percentage, staffID) VALUES (438, 2884, 2, 120);
INSERT INTO PlantedIn (bedID, plantID, percentage, staffID) VALUES (10, 973, 4, 42);
INSERT INTO PlantedIn (bedID, plantID, percentage, staffID) VALUES (149, 2942, 1, 156);
INSERT INTO PlantedIn (bedID, plantID, percentage, staffID) VALUES (375, 1215, 1, 82);
INSERT INTO PlantedIn (bedID, plantID, percentage, staffID) VALUES (151, 1681, 3, 174);
INSERT INTO PlantedIn (bedID, plantID, percentage, staffID) VALUES (315, 2827, 4, 139);
INSERT INTO PlantedIn (bedID, plantID, percentage, staffID) VALUES (82, 3762, 4, 54);
INSERT INTO PlantedIn (bedID, plantID, percentage, staffID) VALUES (395, 3078, 4, 189);
INSERT INTO PlantedIn (bedID, plantID, percentage, staffID) VALUES (257, 1960, 3, 46);
INSERT INTO PlantedIn (bedID, plantID, percentage, staffID) VALUES (359, 1638, 1, 65);
INSERT INTO PlantedIn (bedID, plantID, percentage, staffID) VALUES (187, 2169, 3, 34);
INSERT INTO PlantedIn (bedID, plantID, percentage, staffID) VALUES (471, 51, 3, 55);
INSERT INTO PlantedIn (bedID, plantID, percentage, staffID) VALUES (352, 3649, 4, 125);
INSERT INTO PlantedIn (bedID, plantID, percentage, staffID) VALUES (434, 3384, 4, 160);
INSERT INTO PlantedIn (bedID, plantID, percentage, staffID) VALUES (318, 2726, 1, 105);
INSERT INTO PlantedIn (bedID, plantID, percentage, staffID) VALUES (101, 2837, 4, 159);
INSERT INTO PlantedIn (bedID, plantID, percentage, staffID) VALUES (75, 364, 2, 9);
INSERT INTO PlantedIn (bedID, plantID, percentage, staffID) VALUES (83, 786, 3, 66);
INSERT INTO PlantedIn (bedID, plantID, percentage, staffID) VALUES (362, 1863, 4, 59);
INSERT INTO PlantedIn (bedID, plantID, percentage, staffID) VALUES (235, 2132, 1, 86);
INSERT INTO PlantedIn (bedID, plantID, percentage, staffID) VALUES (235, 131, 2, 32);
INSERT INTO PlantedIn (bedID, plantID, percentage, staffID) VALUES (430, 3630, 3, 34);
INSERT INTO PlantedIn (bedID, plantID, percentage, staffID) VALUES (305, 2614, 4, 163);
INSERT INTO PlantedIn (bedID, plantID, percentage, staffID) VALUES (194, 2210, 3, 169);
INSERT INTO PlantedIn (bedID, plantID, percentage, staffID) VALUES (315, 3365, 4, 186);
INSERT INTO PlantedIn (bedID, plantID, percentage, staffID) VALUES (35, 885, 4, 84);
INSERT INTO PlantedIn (bedID, plantID, percentage, staffID) VALUES (337, 2687, 1, 122);
INSERT INTO PlantedIn (bedID, plantID, percentage, staffID) VALUES (117, 75, 3, 91);
INSERT INTO PlantedIn (bedID, plantID, percentage, staffID) VALUES (26, 2320, 4, 32);
INSERT INTO PlantedIn (bedID, plantID, percentage, staffID) VALUES (256, 1235, 1, 111);
INSERT INTO PlantedIn (bedID, plantID, percentage, staffID) VALUES (471, 1305, 2, 9);
INSERT INTO PlantedIn (bedID, plantID, percentage, staffID) VALUES (350, 3414, 4, 85);
INSERT INTO PlantedIn (bedID, plantID, percentage, staffID) VALUES (53, 3197, 4, 133);
INSERT INTO PlantedIn (bedID, plantID, percentage, staffID) VALUES (248, 957, 4, 6);
INSERT INTO PlantedIn (bedID, plantID, percentage, staffID) VALUES (127, 1826, 2, 105);
INSERT INTO PlantedIn (bedID, plantID, percentage, staffID) VALUES (35, 2574, 3, 58);
INSERT INTO PlantedIn (bedID, plantID, percentage, staffID) VALUES (466, 3188, 4, 163);
INSERT INTO PlantedIn (bedID, plantID, percentage, staffID) VALUES (77, 3230, 1, 79);
INSERT INTO PlantedIn (bedID, plantID, percentage, staffID) VALUES (333, 1389, 2, 132);
INSERT INTO PlantedIn (bedID, plantID, percentage, staffID) VALUES (115, 244, 2, 52);
INSERT INTO PlantedIn (bedID, plantID, percentage, staffID) VALUES (422, 3488, 2, 37);
INSERT INTO PlantedIn (bedID, plantID, percentage, staffID) VALUES (71, 794, 2, 37);
INSERT INTO PlantedIn (bedID, plantID, percentage, staffID) VALUES (321, 2676, 4, 151);
INSERT INTO PlantedIn (bedID, plantID, percentage, staffID) VALUES (170, 70, 2, 74);
INSERT INTO PlantedIn (bedID, plantID, percentage, staffID) VALUES (399, 609, 1, 67);
INSERT INTO PlantedIn (bedID, plantID, percentage, staffID) VALUES (470, 2744, 3, 16);
INSERT INTO PlantedIn (bedID, plantID, percentage, staffID) VALUES (373, 1506, 3, 136);
INSERT INTO PlantedIn (bedID, plantID, percentage, staffID) VALUES (139, 3261, 2, 19);
INSERT INTO PlantedIn (bedID, plantID, percentage, staffID) VALUES (24, 1046, 3, 176);
INSERT INTO PlantedIn (bedID, plantID, percentage, staffID) VALUES (456, 2297, 2, 98);
INSERT INTO PlantedIn (bedID, plantID, percentage, staffID) VALUES (290, 3245, 2, 136);
INSERT INTO PlantedIn (bedID, plantID, percentage, staffID) VALUES (472, 3818, 4, 94);
INSERT INTO PlantedIn (bedID, plantID, percentage, staffID) VALUES (330, 2075, 4, 140);
INSERT INTO PlantedIn (bedID, plantID, percentage, staffID) VALUES (124, 3181, 1, 16);
INSERT INTO PlantedIn (bedID, plantID, percentage, staffID) VALUES (101, 2879, 3, 148);
INSERT INTO PlantedIn (bedID, plantID, percentage, staffID) VALUES (279, 3144, 3, 193);
INSERT INTO PlantedIn (bedID, plantID, percentage, staffID) VALUES (40, 3107, 1, 75);
INSERT INTO PlantedIn (bedID, plantID, percentage, staffID) VALUES (189, 3254, 1, 75);
INSERT INTO PlantedIn (bedID, plantID, percentage, staffID) VALUES (323, 123, 3, 95);
INSERT INTO PlantedIn (bedID, plantID, percentage, staffID) VALUES (10, 3578, 3, 137);
INSERT INTO PlantedIn (bedID, plantID, percentage, staffID) VALUES (219, 1370, 3, 99);
INSERT INTO PlantedIn (bedID, plantID, percentage, staffID) VALUES (84, 2172, 2, 158);
INSERT INTO PlantedIn (bedID, plantID, percentage, staffID) VALUES (146, 1910, 4, 183);
INSERT INTO PlantedIn (bedID, plantID, percentage, staffID) VALUES (146, 3246, 2, 109);
INSERT INTO PlantedIn (bedID, plantID, percentage, staffID) VALUES (305, 3467, 1, 90);
INSERT INTO PlantedIn (bedID, plantID, percentage, staffID) VALUES (350, 3114, 2, 11);
INSERT INTO PlantedIn (bedID, plantID, percentage, staffID) VALUES (396, 1999, 4, 21);
INSERT INTO PlantedIn (bedID, plantID, percentage, staffID) VALUES (210, 2963, 4, 118);
INSERT INTO PlantedIn (bedID, plantID, percentage, staffID) VALUES (58, 222, 2, 129);
INSERT INTO PlantedIn (bedID, plantID, percentage, staffID) VALUES (293, 1538, 4, 141);
INSERT INTO PlantedIn (bedID, plantID, percentage, staffID) VALUES (422, 2250, 1, 168);
INSERT INTO PlantedIn (bedID, plantID, percentage, staffID) VALUES (200, 1366, 1, 121);
INSERT INTO PlantedIn (bedID, plantID, percentage, staffID) VALUES (119, 110, 4, 22);
INSERT INTO PlantedIn (bedID, plantID, percentage, staffID) VALUES (395, 612, 3, 84);
INSERT INTO PlantedIn (bedID, plantID, percentage, staffID) VALUES (320, 1960, 1, 108);
INSERT INTO PlantedIn (bedID, plantID, percentage, staffID) VALUES (130, 393, 2, 5);
INSERT INTO PlantedIn (bedID, plantID, percentage, staffID) VALUES (76, 2515, 4, 142);
INSERT INTO PlantedIn (bedID, plantID, percentage, staffID) VALUES (23, 1471, 4, 144);
INSERT INTO PlantedIn (bedID, plantID, percentage, staffID) VALUES (456, 2030, 2, 29);
INSERT INTO PlantedIn (bedID, plantID, percentage, staffID) VALUES (416, 2823, 1, 92);
INSERT INTO PlantedIn (bedID, plantID, percentage, staffID) VALUES (359, 2149, 3, 24);
INSERT INTO PlantedIn (bedID, plantID, percentage, staffID) VALUES (338, 2035, 2, 54);
INSERT INTO PlantedIn (bedID, plantID, percentage, staffID) VALUES (16, 3059, 2, 104);
INSERT INTO PlantedIn (bedID, plantID, percentage, staffID) VALUES (423, 2049, 1, 143);
INSERT INTO PlantedIn (bedID, plantID, percentage, staffID) VALUES (86, 1521, 1, 170);
INSERT INTO PlantedIn (bedID, plantID, percentage, staffID) VALUES (367, 2065, 3, 35);
INSERT INTO PlantedIn (bedID, plantID, percentage, staffID) VALUES (29, 1195, 4, 25);
INSERT INTO PlantedIn (bedID, plantID, percentage, staffID) VALUES (19, 2203, 4, 14);
INSERT INTO PlantedIn (bedID, plantID, percentage, staffID) VALUES (60, 713, 4, 80);
INSERT INTO PlantedIn (bedID, plantID, percentage, staffID) VALUES (337, 2529, 3, 47);
INSERT INTO PlantedIn (bedID, plantID, percentage, staffID) VALUES (211, 2845, 2, 11);
INSERT INTO PlantedIn (bedID, plantID, percentage, staffID) VALUES (126, 2904, 2, 80);
INSERT INTO PlantedIn (bedID, plantID, percentage, staffID) VALUES (69, 851, 4, 138);
INSERT INTO PlantedIn (bedID, plantID, percentage, staffID) VALUES (357, 3268, 4, 134);
INSERT INTO PlantedIn (bedID, plantID, percentage, staffID) VALUES (74, 2996, 1, 154);
INSERT INTO PlantedIn (bedID, plantID, percentage, staffID) VALUES (2, 1478, 3, 64);
INSERT INTO PlantedIn (bedID, plantID, percentage, staffID) VALUES (18, 2084, 2, 94);
INSERT INTO PlantedIn (bedID, plantID, percentage, staffID) VALUES (131, 1961, 3, 168);
INSERT INTO PlantedIn (bedID, plantID, percentage, staffID) VALUES (204, 2566, 1, 66);
INSERT INTO PlantedIn (bedID, plantID, percentage, staffID) VALUES (356, 2899, 1, 175);
INSERT INTO PlantedIn (bedID, plantID, percentage, staffID) VALUES (269, 3282, 3, 116);
INSERT INTO PlantedIn (bedID, plantID, percentage, staffID) VALUES (110, 3390, 2, 58);
INSERT INTO PlantedIn (bedID, plantID, percentage, staffID) VALUES (197, 2863, 3, 153);
INSERT INTO PlantedIn (bedID, plantID, percentage, staffID) VALUES (118, 2204, 3, 48);
INSERT INTO PlantedIn (bedID, plantID, percentage, staffID) VALUES (370, 851, 1, 186);
INSERT INTO PlantedIn (bedID, plantID, percentage, staffID) VALUES (419, 895, 2, 81);
INSERT INTO PlantedIn (bedID, plantID, percentage, staffID) VALUES (99, 1523, 4, 12);
INSERT INTO PlantedIn (bedID, plantID, percentage, staffID) VALUES (69, 3531, 3, 12);
INSERT INTO PlantedIn (bedID, plantID, percentage, staffID) VALUES (361, 2406, 4, 58);
INSERT INTO PlantedIn (bedID, plantID, percentage, staffID) VALUES (237, 2190, 4, 54);
INSERT INTO PlantedIn (bedID, plantID, percentage, staffID) VALUES (146, 48, 3, 124);
INSERT INTO PlantedIn (bedID, plantID, percentage, staffID) VALUES (276, 3241, 2, 13);
INSERT INTO PlantedIn (bedID, plantID, percentage, staffID) VALUES (28, 3756, 4, 118);
INSERT INTO PlantedIn (bedID, plantID, percentage, staffID) VALUES (97, 3747, 2, 69);
INSERT INTO PlantedIn (bedID, plantID, percentage, staffID) VALUES (172, 1513, 3, 76);
INSERT INTO PlantedIn (bedID, plantID, percentage, staffID) VALUES (145, 1644, 1, 45);
INSERT INTO PlantedIn (bedID, plantID, percentage, staffID) VALUES (23, 1942, 3, 13);
INSERT INTO PlantedIn (bedID, plantID, percentage, staffID) VALUES (159, 264, 4, 191);
INSERT INTO PlantedIn (bedID, plantID, percentage, staffID) VALUES (429, 3840, 4, 58);
INSERT INTO PlantedIn (bedID, plantID, percentage, staffID) VALUES (457, 3304, 1, 186);
INSERT INTO PlantedIn (bedID, plantID, percentage, staffID) VALUES (390, 938, 1, 119);
INSERT INTO PlantedIn (bedID, plantID, percentage, staffID) VALUES (300, 3667, 4, 142);
INSERT INTO PlantedIn (bedID, plantID, percentage, staffID) VALUES (177, 3533, 2, 2);
INSERT INTO PlantedIn (bedID, plantID, percentage, staffID) VALUES (186, 1662, 3, 176);
INSERT INTO PlantedIn (bedID, plantID, percentage, staffID) VALUES (236, 3064, 2, 132);
INSERT INTO PlantedIn (bedID, plantID, percentage, staffID) VALUES (372, 3581, 4, 76);
INSERT INTO PlantedIn (bedID, plantID, percentage, staffID) VALUES (370, 1074, 3, 188);
INSERT INTO PlantedIn (bedID, plantID, percentage, staffID) VALUES (247, 1925, 1, 162);
INSERT INTO PlantedIn (bedID, plantID, percentage, staffID) VALUES (212, 1883, 4, 19);
INSERT INTO PlantedIn (bedID, plantID, percentage, staffID) VALUES (190, 382, 4, 50);
INSERT INTO PlantedIn (bedID, plantID, percentage, staffID) VALUES (79, 811, 3, 62);
INSERT INTO PlantedIn (bedID, plantID, percentage, staffID) VALUES (303, 634, 1, 59);
INSERT INTO PlantedIn (bedID, plantID, percentage, staffID) VALUES (453, 3595, 3, 111);
INSERT INTO PlantedIn (bedID, plantID, percentage, staffID) VALUES (406, 3527, 3, 101);
INSERT INTO PlantedIn (bedID, plantID, percentage, staffID) VALUES (90, 1595, 3, 50);
INSERT INTO PlantedIn (bedID, plantID, percentage, staffID) VALUES (431, 136, 2, 177);
INSERT INTO PlantedIn (bedID, plantID, percentage, staffID) VALUES (247, 3701, 4, 37);
INSERT INTO PlantedIn (bedID, plantID, percentage, staffID) VALUES (27, 1623, 1, 152);
INSERT INTO PlantedIn (bedID, plantID, percentage, staffID) VALUES (298, 167, 2, 160);
INSERT INTO PlantedIn (bedID, plantID, percentage, staffID) VALUES (98, 249, 1, 83);
INSERT INTO PlantedIn (bedID, plantID, percentage, staffID) VALUES (471, 3668, 4, 185);
INSERT INTO PlantedIn (bedID, plantID, percentage, staffID) VALUES (408, 1545, 1, 100);
INSERT INTO PlantedIn (bedID, plantID, percentage, staffID) VALUES (385, 2825, 3, 156);
INSERT INTO PlantedIn (bedID, plantID, percentage, staffID) VALUES (363, 2423, 2, 17);
INSERT INTO PlantedIn (bedID, plantID, percentage, staffID) VALUES (277, 998, 3, 44);
INSERT INTO PlantedIn (bedID, plantID, percentage, staffID) VALUES (321, 3677, 2, 176);
INSERT INTO PlantedIn (bedID, plantID, percentage, staffID) VALUES (471, 2484, 1, 118);
INSERT INTO PlantedIn (bedID, plantID, percentage, staffID) VALUES (335, 3799, 3, 75);
INSERT INTO PlantedIn (bedID, plantID, percentage, staffID) VALUES (441, 1048, 4, 113);
INSERT INTO PlantedIn (bedID, plantID, percentage, staffID) VALUES (318, 154, 2, 173);
INSERT INTO PlantedIn (bedID, plantID, percentage, staffID) VALUES (365, 2347, 3, 42);
INSERT INTO PlantedIn (bedID, plantID, percentage, staffID) VALUES (111, 1105, 4, 169);
INSERT INTO PlantedIn (bedID, plantID, percentage, staffID) VALUES (258, 135, 1, 94);
INSERT INTO PlantedIn (bedID, plantID, percentage, staffID) VALUES (467, 1243, 4, 108);
INSERT INTO PlantedIn (bedID, plantID, percentage, staffID) VALUES (456, 407, 3, 38);
INSERT INTO PlantedIn (bedID, plantID, percentage, staffID) VALUES (42, 2113, 1, 76);
INSERT INTO PlantedIn (bedID, plantID, percentage, staffID) VALUES (387, 3568, 2, 166);
INSERT INTO PlantedIn (bedID, plantID, percentage, staffID) VALUES (126, 681, 2, 55);
INSERT INTO PlantedIn (bedID, plantID, percentage, staffID) VALUES (219, 361, 1, 65);
INSERT INTO PlantedIn (bedID, plantID, percentage, staffID) VALUES (61, 2997, 1, 47);
INSERT INTO PlantedIn (bedID, plantID, percentage, staffID) VALUES (46, 2926, 1, 20);
INSERT INTO PlantedIn (bedID, plantID, percentage, staffID) VALUES (408, 1067, 4, 150);
INSERT INTO PlantedIn (bedID, plantID, percentage, staffID) VALUES (13, 3025, 4, 27);
INSERT INTO PlantedIn (bedID, plantID, percentage, staffID) VALUES (209, 381, 3, 148);
INSERT INTO PlantedIn (bedID, plantID, percentage, staffID) VALUES (130, 3832, 3, 42);
INSERT INTO PlantedIn (bedID, plantID, percentage, staffID) VALUES (40, 2011, 1, 152);
INSERT INTO PlantedIn (bedID, plantID, percentage, staffID) VALUES (140, 3750, 2, 67);
INSERT INTO PlantedIn (bedID, plantID, percentage, staffID) VALUES (344, 1626, 3, 93);
INSERT INTO PlantedIn (bedID, plantID, percentage, staffID) VALUES (330, 711, 3, 111);
INSERT INTO PlantedIn (bedID, plantID, percentage, staffID) VALUES (139, 1111, 3, 62);
INSERT INTO PlantedIn (bedID, plantID, percentage, staffID) VALUES (183, 88, 3, 90);
INSERT INTO PlantedIn (bedID, plantID, percentage, staffID) VALUES (7, 2474, 1, 81);
INSERT INTO PlantedIn (bedID, plantID, percentage, staffID) VALUES (76, 539, 2, 64);
INSERT INTO PlantedIn (bedID, plantID, percentage, staffID) VALUES (52, 2463, 4, 173);
INSERT INTO PlantedIn (bedID, plantID, percentage, staffID) VALUES (28, 1162, 4, 87);
INSERT INTO PlantedIn (bedID, plantID, percentage, staffID) VALUES (230, 3731, 4, 56);
INSERT INTO PlantedIn (bedID, plantID, percentage, staffID) VALUES (225, 1674, 4, 17);
INSERT INTO PlantedIn (bedID, plantID, percentage, staffID) VALUES (341, 1483, 1, 102);
INSERT INTO PlantedIn (bedID, plantID, percentage, staffID) VALUES (193, 3614, 2, 157);
INSERT INTO PlantedIn (bedID, plantID, percentage, staffID) VALUES (272, 632, 3, 106);
INSERT INTO PlantedIn (bedID, plantID, percentage, staffID) VALUES (144, 3204, 2, 39);
INSERT INTO PlantedIn (bedID, plantID, percentage, staffID) VALUES (221, 149, 3, 51);
INSERT INTO PlantedIn (bedID, plantID, percentage, staffID) VALUES (161, 2607, 4, 57);
INSERT INTO PlantedIn (bedID, plantID, percentage, staffID) VALUES (303, 2134, 1, 122);
INSERT INTO PlantedIn (bedID, plantID, percentage, staffID) VALUES (466, 2614, 3, 180);
INSERT INTO PlantedIn (bedID, plantID, percentage, staffID) VALUES (29, 1462, 2, 166);
INSERT INTO PlantedIn (bedID, plantID, percentage, staffID) VALUES (149, 2235, 4, 181);
INSERT INTO PlantedIn (bedID, plantID, percentage, staffID) VALUES (351, 1560, 1, 128);
INSERT INTO PlantedIn (bedID, plantID, percentage, staffID) VALUES (110, 3147, 3, 94);
INSERT INTO PlantedIn (bedID, plantID, percentage, staffID) VALUES (404, 2726, 1, 46);
INSERT INTO PlantedIn (bedID, plantID, percentage, staffID) VALUES (180, 1934, 1, 3);
INSERT INTO PlantedIn (bedID, plantID, percentage, staffID) VALUES (135, 50, 2, 152);
INSERT INTO PlantedIn (bedID, plantID, percentage, staffID) VALUES (185, 2143, 3, 166);
INSERT INTO PlantedIn (bedID, plantID, percentage, staffID) VALUES (63, 2688, 4, 121);
INSERT INTO PlantedIn (bedID, plantID, percentage, staffID) VALUES (47, 833, 2, 188);
INSERT INTO PlantedIn (bedID, plantID, percentage, staffID) VALUES (14, 1448, 4, 6);
INSERT INTO PlantedIn (bedID, plantID, percentage, staffID) VALUES (38, 972, 2, 15);
INSERT INTO PlantedIn (bedID, plantID, percentage, staffID) VALUES (356, 340, 4, 98);
INSERT INTO PlantedIn (bedID, plantID, percentage, staffID) VALUES (330, 2362, 4, 172);
INSERT INTO PlantedIn (bedID, plantID, percentage, staffID) VALUES (296, 2259, 1, 67);
INSERT INTO PlantedIn (bedID, plantID, percentage, staffID) VALUES (66, 518, 2, 147);
INSERT INTO PlantedIn (bedID, plantID, percentage, staffID) VALUES (393, 1203, 4, 30);
INSERT INTO PlantedIn (bedID, plantID, percentage, staffID) VALUES (250, 243, 3, 53);
INSERT INTO PlantedIn (bedID, plantID, percentage, staffID) VALUES (207, 1116, 3, 90);
INSERT INTO PlantedIn (bedID, plantID, percentage, staffID) VALUES (284, 1757, 2, 20);
INSERT INTO PlantedIn (bedID, plantID, percentage, staffID) VALUES (31, 3623, 3, 57);
INSERT INTO PlantedIn (bedID, plantID, percentage, staffID) VALUES (247, 2317, 3, 144);
INSERT INTO PlantedIn (bedID, plantID, percentage, staffID) VALUES (347, 1636, 3, 190);
INSERT INTO PlantedIn (bedID, plantID, percentage, staffID) VALUES (348, 293, 2, 101);
INSERT INTO PlantedIn (bedID, plantID, percentage, staffID) VALUES (66, 2899, 3, 167);
INSERT INTO PlantedIn (bedID, plantID, percentage, staffID) VALUES (19, 985, 3, 19);
INSERT INTO PlantedIn (bedID, plantID, percentage, staffID) VALUES (363, 267, 2, 178);
INSERT INTO PlantedIn (bedID, plantID, percentage, staffID) VALUES (248, 3733, 3, 135);
INSERT INTO PlantedIn (bedID, plantID, percentage, staffID) VALUES (428, 3615, 2, 57);
INSERT INTO PlantedIn (bedID, plantID, percentage, staffID) VALUES (253, 3797, 2, 18);
INSERT INTO PlantedIn (bedID, plantID, percentage, staffID) VALUES (192, 61, 1, 170);
INSERT INTO PlantedIn (bedID, plantID, percentage, staffID) VALUES (44, 1242, 1, 82);
INSERT INTO PlantedIn (bedID, plantID, percentage, staffID) VALUES (34, 841, 1, 165);
INSERT INTO PlantedIn (bedID, plantID, percentage, staffID) VALUES (224, 3470, 1, 141);
INSERT INTO PlantedIn (bedID, plantID, percentage, staffID) VALUES (458, 2157, 2, 124);
INSERT INTO PlantedIn (bedID, plantID, percentage, staffID) VALUES (248, 1021, 2, 17);
INSERT INTO PlantedIn (bedID, plantID, percentage, staffID) VALUES (95, 1380, 3, 174);
INSERT INTO PlantedIn (bedID, plantID, percentage, staffID) VALUES (161, 3617, 3, 1);
INSERT INTO PlantedIn (bedID, plantID, percentage, staffID) VALUES (450, 3215, 1, 181);
INSERT INTO PlantedIn (bedID, plantID, percentage, staffID) VALUES (73, 1104, 1, 56);
INSERT INTO PlantedIn (bedID, plantID, percentage, staffID) VALUES (238, 298, 4, 69);
INSERT INTO PlantedIn (bedID, plantID, percentage, staffID) VALUES (462, 83, 4, 44);
INSERT INTO PlantedIn (bedID, plantID, percentage, staffID) VALUES (275, 3160, 1, 89);
INSERT INTO PlantedIn (bedID, plantID, percentage, staffID) VALUES (39, 1973, 2, 109);
INSERT INTO PlantedIn (bedID, plantID, percentage, staffID) VALUES (411, 1472, 1, 3);
INSERT INTO PlantedIn (bedID, plantID, percentage, staffID) VALUES (401, 3233, 1, 64);
INSERT INTO PlantedIn (bedID, plantID, percentage, staffID) VALUES (58, 2251, 3, 46);
INSERT INTO PlantedIn (bedID, plantID, percentage, staffID) VALUES (312, 2157, 3, 123);
INSERT INTO PlantedIn (bedID, plantID, percentage, staffID) VALUES (274, 3146, 1, 118);
INSERT INTO PlantedIn (bedID, plantID, percentage, staffID) VALUES (299, 27, 3, 54);
INSERT INTO PlantedIn (bedID, plantID, percentage, staffID) VALUES (82, 31, 2, 121);
INSERT INTO PlantedIn (bedID, plantID, percentage, staffID) VALUES (12, 2098, 4, 155);
INSERT INTO PlantedIn (bedID, plantID, percentage, staffID) VALUES (180, 256, 3, 178);
INSERT INTO PlantedIn (bedID, plantID, percentage, staffID) VALUES (307, 372, 2, 26);
INSERT INTO PlantedIn (bedID, plantID, percentage, staffID) VALUES (310, 2804, 1, 193);
INSERT INTO PlantedIn (bedID, plantID, percentage, staffID) VALUES (256, 2000, 1, 80);
INSERT INTO PlantedIn (bedID, plantID, percentage, staffID) VALUES (248, 2525, 1, 181);
INSERT INTO PlantedIn (bedID, plantID, percentage, staffID) VALUES (211, 3390, 3, 87);
INSERT INTO PlantedIn (bedID, plantID, percentage, staffID) VALUES (419, 67, 4, 22);
INSERT INTO PlantedIn (bedID, plantID, percentage, staffID) VALUES (265, 3324, 4, 160);
INSERT INTO PlantedIn (bedID, plantID, percentage, staffID) VALUES (438, 2518, 3, 90);
INSERT INTO PlantedIn (bedID, plantID, percentage, staffID) VALUES (354, 2184, 2, 180);
INSERT INTO PlantedIn (bedID, plantID, percentage, staffID) VALUES (138, 3183, 4, 130);
INSERT INTO PlantedIn (bedID, plantID, percentage, staffID) VALUES (162, 102, 4, 1);
INSERT INTO PlantedIn (bedID, plantID, percentage, staffID) VALUES (322, 3415, 1, 185);
INSERT INTO PlantedIn (bedID, plantID, percentage, staffID) VALUES (360, 1285, 3, 151);
INSERT INTO PlantedIn (bedID, plantID, percentage, staffID) VALUES (166, 3259, 4, 113);
INSERT INTO PlantedIn (bedID, plantID, percentage, staffID) VALUES (333, 1289, 3, 174);
INSERT INTO PlantedIn (bedID, plantID, percentage, staffID) VALUES (466, 1114, 3, 42);
INSERT INTO PlantedIn (bedID, plantID, percentage, staffID) VALUES (404, 328, 1, 28);
INSERT INTO PlantedIn (bedID, plantID, percentage, staffID) VALUES (376, 3762, 2, 24);
INSERT INTO PlantedIn (bedID, plantID, percentage, staffID) VALUES (406, 79, 3, 122);
INSERT INTO PlantedIn (bedID, plantID, percentage, staffID) VALUES (167, 1300, 3, 54);
INSERT INTO PlantedIn (bedID, plantID, percentage, staffID) VALUES (85, 3154, 4, 125);
INSERT INTO PlantedIn (bedID, plantID, percentage, staffID) VALUES (71, 1780, 1, 105);
INSERT INTO PlantedIn (bedID, plantID, percentage, staffID) VALUES (354, 2760, 3, 177);
INSERT INTO PlantedIn (bedID, plantID, percentage, staffID) VALUES (378, 3865, 3, 153);
INSERT INTO PlantedIn (bedID, plantID, percentage, staffID) VALUES (328, 269, 3, 8);
INSERT INTO PlantedIn (bedID, plantID, percentage, staffID) VALUES (43, 2446, 2, 34);
INSERT INTO PlantedIn (bedID, plantID, percentage, staffID) VALUES (459, 1651, 1, 30);
INSERT INTO PlantedIn (bedID, plantID, percentage, staffID) VALUES (115, 2926, 2, 7);
INSERT INTO PlantedIn (bedID, plantID, percentage, staffID) VALUES (103, 2092, 4, 108);
INSERT INTO PlantedIn (bedID, plantID, percentage, staffID) VALUES (121, 1517, 1, 116);
INSERT INTO PlantedIn (bedID, plantID, percentage, staffID) VALUES (186, 1207, 1, 156);
INSERT INTO PlantedIn (bedID, plantID, percentage, staffID) VALUES (15, 2769, 3, 148);
INSERT INTO PlantedIn (bedID, plantID, percentage, staffID) VALUES (372, 2932, 4, 56);
INSERT INTO PlantedIn (bedID, plantID, percentage, staffID) VALUES (186, 1681, 2, 65);
INSERT INTO PlantedIn (bedID, plantID, percentage, staffID) VALUES (408, 1791, 1, 104);
INSERT INTO PlantedIn (bedID, plantID, percentage, staffID) VALUES (105, 2082, 2, 102);
INSERT INTO PlantedIn (bedID, plantID, percentage, staffID) VALUES (38, 91, 2, 83);
INSERT INTO PlantedIn (bedID, plantID, percentage, staffID) VALUES (197, 3749, 4, 80);
INSERT INTO PlantedIn (bedID, plantID, percentage, staffID) VALUES (410, 2670, 3, 7);
INSERT INTO PlantedIn (bedID, plantID, percentage, staffID) VALUES (213, 1175, 4, 108);
INSERT INTO PlantedIn (bedID, plantID, percentage, staffID) VALUES (350, 3269, 3, 41);
INSERT INTO PlantedIn (bedID, plantID, percentage, staffID) VALUES (147, 2739, 3, 144);
INSERT INTO PlantedIn (bedID, plantID, percentage, staffID) VALUES (108, 1426, 3, 135);
INSERT INTO PlantedIn (bedID, plantID, percentage, staffID) VALUES (161, 194, 3, 92);
INSERT INTO PlantedIn (bedID, plantID, percentage, staffID) VALUES (95, 1616, 1, 191);
INSERT INTO PlantedIn (bedID, plantID, percentage, staffID) VALUES (52, 3738, 3, 147);
INSERT INTO PlantedIn (bedID, plantID, percentage, staffID) VALUES (129, 942, 1, 82);
INSERT INTO PlantedIn (bedID, plantID, percentage, staffID) VALUES (43, 2312, 2, 125);
INSERT INTO PlantedIn (bedID, plantID, percentage, staffID) VALUES (145, 1224, 3, 190);
INSERT INTO PlantedIn (bedID, plantID, percentage, staffID) VALUES (246, 3454, 3, 180);
INSERT INTO PlantedIn (bedID, plantID, percentage, staffID) VALUES (125, 2093, 3, 80);
INSERT INTO PlantedIn (bedID, plantID, percentage, staffID) VALUES (280, 3240, 4, 46);
INSERT INTO PlantedIn (bedID, plantID, percentage, staffID) VALUES (122, 598, 2, 175);
INSERT INTO PlantedIn (bedID, plantID, percentage, staffID) VALUES (58, 2213, 2, 189);
INSERT INTO PlantedIn (bedID, plantID, percentage, staffID) VALUES (386, 1238, 4, 83);
INSERT INTO PlantedIn (bedID, plantID, percentage, staffID) VALUES (435, 53, 1, 62);
INSERT INTO PlantedIn (bedID, plantID, percentage, staffID) VALUES (157, 893, 4, 159);
INSERT INTO PlantedIn (bedID, plantID, percentage, staffID) VALUES (59, 2544, 2, 122);
INSERT INTO PlantedIn (bedID, plantID, percentage, staffID) VALUES (389, 810, 1, 119);
INSERT INTO PlantedIn (bedID, plantID, percentage, staffID) VALUES (173, 1693, 2, 91);
INSERT INTO PlantedIn (bedID, plantID, percentage, staffID) VALUES (5, 1413, 4, 180);
INSERT INTO PlantedIn (bedID, plantID, percentage, staffID) VALUES (325, 1088, 3, 150);
INSERT INTO PlantedIn (bedID, plantID, percentage, staffID) VALUES (140, 137, 3, 169);
INSERT INTO PlantedIn (bedID, plantID, percentage, staffID) VALUES (126, 2344, 2, 97);
INSERT INTO PlantedIn (bedID, plantID, percentage, staffID) VALUES (125, 275, 2, 159);
INSERT INTO PlantedIn (bedID, plantID, percentage, staffID) VALUES (27, 2958, 4, 53);
INSERT INTO PlantedIn (bedID, plantID, percentage, staffID) VALUES (131, 1542, 2, 169);
INSERT INTO PlantedIn (bedID, plantID, percentage, staffID) VALUES (362, 2718, 2, 23);
INSERT INTO PlantedIn (bedID, plantID, percentage, staffID) VALUES (466, 3260, 2, 11);
INSERT INTO PlantedIn (bedID, plantID, percentage, staffID) VALUES (416, 3408, 1, 185);
INSERT INTO PlantedIn (bedID, plantID, percentage, staffID) VALUES (231, 1468, 4, 110);
INSERT INTO PlantedIn (bedID, plantID, percentage, staffID) VALUES (214, 1209, 3, 45);
INSERT INTO PlantedIn (bedID, plantID, percentage, staffID) VALUES (37, 1820, 1, 79);
INSERT INTO PlantedIn (bedID, plantID, percentage, staffID) VALUES (146, 1309, 3, 80);
INSERT INTO PlantedIn (bedID, plantID, percentage, staffID) VALUES (349, 834, 3, 178);
INSERT INTO PlantedIn (bedID, plantID, percentage, staffID) VALUES (390, 18, 3, 38);
INSERT INTO PlantedIn (bedID, plantID, percentage, staffID) VALUES (420, 340, 2, 173);
INSERT INTO PlantedIn (bedID, plantID, percentage, staffID) VALUES (222, 1474, 4, 26);
INSERT INTO PlantedIn (bedID, plantID, percentage, staffID) VALUES (329, 1322, 4, 87);
INSERT INTO PlantedIn (bedID, plantID, percentage, staffID) VALUES (385, 3118, 1, 169);
INSERT INTO PlantedIn (bedID, plantID, percentage, staffID) VALUES (69, 832, 4, 144);
INSERT INTO PlantedIn (bedID, plantID, percentage, staffID) VALUES (204, 2209, 2, 79);
INSERT INTO PlantedIn (bedID, plantID, percentage, staffID) VALUES (261, 1294, 2, 52);
INSERT INTO PlantedIn (bedID, plantID, percentage, staffID) VALUES (161, 1688, 1, 16);
INSERT INTO PlantedIn (bedID, plantID, percentage, staffID) VALUES (249, 3561, 4, 123);
INSERT INTO PlantedIn (bedID, plantID, percentage, staffID) VALUES (144, 2804, 4, 186);
INSERT INTO PlantedIn (bedID, plantID, percentage, staffID) VALUES (32, 1290, 4, 157);
INSERT INTO PlantedIn (bedID, plantID, percentage, staffID) VALUES (67, 2288, 2, 1);
INSERT INTO PlantedIn (bedID, plantID, percentage, staffID) VALUES (382, 2721, 1, 35);
INSERT INTO PlantedIn (bedID, plantID, percentage, staffID) VALUES (131, 2130, 4, 120);
INSERT INTO PlantedIn (bedID, plantID, percentage, staffID) VALUES (419, 3252, 1, 41);
INSERT INTO PlantedIn (bedID, plantID, percentage, staffID) VALUES (132, 1064, 4, 92);
INSERT INTO PlantedIn (bedID, plantID, percentage, staffID) VALUES (93, 191, 2, 163);
INSERT INTO PlantedIn (bedID, plantID, percentage, staffID) VALUES (367, 2724, 4, 101);
INSERT INTO PlantedIn (bedID, plantID, percentage, staffID) VALUES (19, 1016, 1, 148);
INSERT INTO PlantedIn (bedID, plantID, percentage, staffID) VALUES (405, 2792, 3, 95);
INSERT INTO PlantedIn (bedID, plantID, percentage, staffID) VALUES (202, 2439, 3, 184);
INSERT INTO PlantedIn (bedID, plantID, percentage, staffID) VALUES (86, 1883, 1, 108);
INSERT INTO PlantedIn (bedID, plantID, percentage, staffID) VALUES (156, 2812, 3, 60);
INSERT INTO PlantedIn (bedID, plantID, percentage, staffID) VALUES (2, 2870, 1, 84);
INSERT INTO PlantedIn (bedID, plantID, percentage, staffID) VALUES (375, 786, 3, 143);
INSERT INTO PlantedIn (bedID, plantID, percentage, staffID) VALUES (430, 746, 4, 84);
INSERT INTO PlantedIn (bedID, plantID, percentage, staffID) VALUES (216, 503, 2, 26);
INSERT INTO PlantedIn (bedID, plantID, percentage, staffID) VALUES (170, 1959, 3, 96);
INSERT INTO PlantedIn (bedID, plantID, percentage, staffID) VALUES (111, 2940, 1, 60);
INSERT INTO PlantedIn (bedID, plantID, percentage, staffID) VALUES (238, 2711, 2, 89);
INSERT INTO PlantedIn (bedID, plantID, percentage, staffID) VALUES (428, 517, 4, 176);
INSERT INTO PlantedIn (bedID, plantID, percentage, staffID) VALUES (155, 1042, 4, 155);
INSERT INTO PlantedIn (bedID, plantID, percentage, staffID) VALUES (189, 3414, 2, 19);
INSERT INTO PlantedIn (bedID, plantID, percentage, staffID) VALUES (223, 249, 3, 109);
INSERT INTO PlantedIn (bedID, plantID, percentage, staffID) VALUES (443, 1968, 2, 19);
INSERT INTO PlantedIn (bedID, plantID, percentage, staffID) VALUES (152, 1051, 4, 100);
INSERT INTO PlantedIn (bedID, plantID, percentage, staffID) VALUES (461, 3566, 4, 24);
INSERT INTO PlantedIn (bedID, plantID, percentage, staffID) VALUES (27, 3783, 2, 141);
INSERT INTO PlantedIn (bedID, plantID, percentage, staffID) VALUES (118, 1735, 3, 34);
INSERT INTO PlantedIn (bedID, plantID, percentage, staffID) VALUES (158, 996, 4, 184);
INSERT INTO PlantedIn (bedID, plantID, percentage, staffID) VALUES (153, 1658, 2, 101);
INSERT INTO PlantedIn (bedID, plantID, percentage, staffID) VALUES (444, 2259, 4, 113);
INSERT INTO PlantedIn (bedID, plantID, percentage, staffID) VALUES (68, 2049, 2, 42);
INSERT INTO PlantedIn (bedID, plantID, percentage, staffID) VALUES (380, 2668, 4, 59);
INSERT INTO PlantedIn (bedID, plantID, percentage, staffID) VALUES (290, 1557, 3, 134);
INSERT INTO PlantedIn (bedID, plantID, percentage, staffID) VALUES (181, 1325, 3, 11);
INSERT INTO PlantedIn (bedID, plantID, percentage, staffID) VALUES (375, 837, 1, 57);
INSERT INTO PlantedIn (bedID, plantID, percentage, staffID) VALUES (225, 682, 4, 190);
INSERT INTO PlantedIn (bedID, plantID, percentage, staffID) VALUES (287, 1625, 3, 11);
INSERT INTO PlantedIn (bedID, plantID, percentage, staffID) VALUES (3, 2333, 1, 102);
INSERT INTO PlantedIn (bedID, plantID, percentage, staffID) VALUES (64, 2706, 4, 125);
INSERT INTO PlantedIn (bedID, plantID, percentage, staffID) VALUES (185, 3464, 1, 145);
INSERT INTO PlantedIn (bedID, plantID, percentage, staffID) VALUES (142, 1403, 3, 137);
INSERT INTO PlantedIn (bedID, plantID, percentage, staffID) VALUES (334, 2795, 2, 64);
INSERT INTO PlantedIn (bedID, plantID, percentage, staffID) VALUES (445, 2268, 2, 127);
INSERT INTO PlantedIn (bedID, plantID, percentage, staffID) VALUES (361, 2116, 2, 43);
INSERT INTO PlantedIn (bedID, plantID, percentage, staffID) VALUES (458, 1015, 4, 186);
INSERT INTO PlantedIn (bedID, plantID, percentage, staffID) VALUES (410, 1578, 4, 25);
INSERT INTO PlantedIn (bedID, plantID, percentage, staffID) VALUES (52, 2824, 2, 191);
INSERT INTO PlantedIn (bedID, plantID, percentage, staffID) VALUES (297, 2493, 4, 103);
INSERT INTO PlantedIn (bedID, plantID, percentage, staffID) VALUES (4, 666, 3, 124);
INSERT INTO PlantedIn (bedID, plantID, percentage, staffID) VALUES (424, 3537, 4, 43);
INSERT INTO PlantedIn (bedID, plantID, percentage, staffID) VALUES (238, 3211, 2, 51);
INSERT INTO PlantedIn (bedID, plantID, percentage, staffID) VALUES (179, 1769, 2, 130);
INSERT INTO PlantedIn (bedID, plantID, percentage, staffID) VALUES (341, 2107, 3, 65);
INSERT INTO PlantedIn (bedID, plantID, percentage, staffID) VALUES (451, 1691, 1, 120);
INSERT INTO PlantedIn (bedID, plantID, percentage, staffID) VALUES (80, 2009, 4, 115);
INSERT INTO PlantedIn (bedID, plantID, percentage, staffID) VALUES (78, 233, 1, 147);
INSERT INTO PlantedIn (bedID, plantID, percentage, staffID) VALUES (110, 1259, 1, 181);
INSERT INTO PlantedIn (bedID, plantID, percentage, staffID) VALUES (439, 814, 2, 2);
INSERT INTO PlantedIn (bedID, plantID, percentage, staffID) VALUES (316, 2477, 2, 133);
INSERT INTO PlantedIn (bedID, plantID, percentage, staffID) VALUES (192, 2162, 3, 41);
INSERT INTO PlantedIn (bedID, plantID, percentage, staffID) VALUES (38, 2936, 1, 75);
INSERT INTO PlantedIn (bedID, plantID, percentage, staffID) VALUES (388, 337, 1, 85);
INSERT INTO PlantedIn (bedID, plantID, percentage, staffID) VALUES (196, 1163, 3, 37);
INSERT INTO PlantedIn (bedID, plantID, percentage, staffID) VALUES (188, 547, 2, 81);
INSERT INTO PlantedIn (bedID, plantID, percentage, staffID) VALUES (167, 1559, 1, 128);
INSERT INTO PlantedIn (bedID, plantID, percentage, staffID) VALUES (21, 1071, 1, 84);
INSERT INTO PlantedIn (bedID, plantID, percentage, staffID) VALUES (116, 1476, 3, 76);
INSERT INTO PlantedIn (bedID, plantID, percentage, staffID) VALUES (446, 2199, 1, 46);
INSERT INTO PlantedIn (bedID, plantID, percentage, staffID) VALUES (156, 2275, 1, 54);
INSERT INTO PlantedIn (bedID, plantID, percentage, staffID) VALUES (320, 2623, 1, 41);
INSERT INTO PlantedIn (bedID, plantID, percentage, staffID) VALUES (464, 1464, 2, 152);
INSERT INTO PlantedIn (bedID, plantID, percentage, staffID) VALUES (247, 532, 4, 143);
INSERT INTO PlantedIn (bedID, plantID, percentage, staffID) VALUES (256, 1257, 3, 182);
INSERT INTO PlantedIn (bedID, plantID, percentage, staffID) VALUES (285, 1158, 4, 167);
INSERT INTO PlantedIn (bedID, plantID, percentage, staffID) VALUES (323, 711, 3, 101);
INSERT INTO PlantedIn (bedID, plantID, percentage, staffID) VALUES (357, 2769, 1, 131);
INSERT INTO PlantedIn (bedID, plantID, percentage, staffID) VALUES (145, 3499, 4, 47);
INSERT INTO PlantedIn (bedID, plantID, percentage, staffID) VALUES (277, 1657, 3, 14);
INSERT INTO PlantedIn (bedID, plantID, percentage, staffID) VALUES (382, 3131, 2, 192);
INSERT INTO PlantedIn (bedID, plantID, percentage, staffID) VALUES (449, 2461, 2, 41);
INSERT INTO PlantedIn (bedID, plantID, percentage, staffID) VALUES (455, 351, 3, 15);
INSERT INTO PlantedIn (bedID, plantID, percentage, staffID) VALUES (185, 3433, 1, 84);
INSERT INTO PlantedIn (bedID, plantID, percentage, staffID) VALUES (35, 3498, 4, 142);
INSERT INTO PlantedIn (bedID, plantID, percentage, staffID) VALUES (294, 1298, 4, 185);
INSERT INTO PlantedIn (bedID, plantID, percentage, staffID) VALUES (114, 521, 4, 185);
INSERT INTO PlantedIn (bedID, plantID, percentage, staffID) VALUES (267, 3766, 2, 80);
INSERT INTO PlantedIn (bedID, plantID, percentage, staffID) VALUES (371, 1261, 3, 143);
INSERT INTO PlantedIn (bedID, plantID, percentage, staffID) VALUES (456, 3468, 4, 45);
INSERT INTO PlantedIn (bedID, plantID, percentage, staffID) VALUES (468, 1132, 2, 100);
INSERT INTO PlantedIn (bedID, plantID, percentage, staffID) VALUES (86, 3474, 2, 92);
INSERT INTO PlantedIn (bedID, plantID, percentage, staffID) VALUES (381, 553, 2, 16);
INSERT INTO PlantedIn (bedID, plantID, percentage, staffID) VALUES (227, 3802, 3, 72);
INSERT INTO PlantedIn (bedID, plantID, percentage, staffID) VALUES (56, 993, 3, 111);
INSERT INTO PlantedIn (bedID, plantID, percentage, staffID) VALUES (110, 3601, 1, 11);
INSERT INTO PlantedIn (bedID, plantID, percentage, staffID) VALUES (122, 2899, 1, 153);
INSERT INTO PlantedIn (bedID, plantID, percentage, staffID) VALUES (307, 3735, 3, 30);
INSERT INTO PlantedIn (bedID, plantID, percentage, staffID) VALUES (123, 2451, 2, 3);
INSERT INTO PlantedIn (bedID, plantID, percentage, staffID) VALUES (253, 1787, 2, 142);
INSERT INTO PlantedIn (bedID, plantID, percentage, staffID) VALUES (287, 2977, 1, 156);
INSERT INTO PlantedIn (bedID, plantID, percentage, staffID) VALUES (357, 436, 4, 164);
INSERT INTO PlantedIn (bedID, plantID, percentage, staffID) VALUES (175, 1342, 3, 113);
INSERT INTO PlantedIn (bedID, plantID, percentage, staffID) VALUES (132, 2340, 3, 126);
INSERT INTO PlantedIn (bedID, plantID, percentage, staffID) VALUES (169, 1400, 1, 155);
INSERT INTO PlantedIn (bedID, plantID, percentage, staffID) VALUES (156, 3487, 3, 130);
INSERT INTO PlantedIn (bedID, plantID, percentage, staffID) VALUES (254, 2513, 1, 6);
INSERT INTO PlantedIn (bedID, plantID, percentage, staffID) VALUES (54, 2781, 3, 83);
INSERT INTO PlantedIn (bedID, plantID, percentage, staffID) VALUES (232, 649, 1, 164);
INSERT INTO PlantedIn (bedID, plantID, percentage, staffID) VALUES (133, 2337, 3, 24);
INSERT INTO PlantedIn (bedID, plantID, percentage, staffID) VALUES (451, 2583, 1, 52);
INSERT INTO PlantedIn (bedID, plantID, percentage, staffID) VALUES (130, 3348, 3, 157);
INSERT INTO PlantedIn (bedID, plantID, percentage, staffID) VALUES (109, 2022, 3, 129);
INSERT INTO PlantedIn (bedID, plantID, percentage, staffID) VALUES (202, 1038, 4, 30);
INSERT INTO PlantedIn (bedID, plantID, percentage, staffID) VALUES (435, 662, 1, 7);
INSERT INTO PlantedIn (bedID, plantID, percentage, staffID) VALUES (422, 1687, 2, 153);
INSERT INTO PlantedIn (bedID, plantID, percentage, staffID) VALUES (286, 2127, 4, 128);
INSERT INTO PlantedIn (bedID, plantID, percentage, staffID) VALUES (74, 2854, 1, 110);
INSERT INTO PlantedIn (bedID, plantID, percentage, staffID) VALUES (193, 3035, 3, 69);
INSERT INTO PlantedIn (bedID, plantID, percentage, staffID) VALUES (309, 398, 4, 64);
INSERT INTO PlantedIn (bedID, plantID, percentage, staffID) VALUES (297, 3635, 1, 90);
INSERT INTO PlantedIn (bedID, plantID, percentage, staffID) VALUES (99, 2245, 1, 3);
INSERT INTO PlantedIn (bedID, plantID, percentage, staffID) VALUES (227, 3506, 1, 5);
INSERT INTO PlantedIn (bedID, plantID, percentage, staffID) VALUES (182, 1945, 4, 147);
INSERT INTO PlantedIn (bedID, plantID, percentage, staffID) VALUES (137, 213, 4, 97);
INSERT INTO PlantedIn (bedID, plantID, percentage, staffID) VALUES (75, 3016, 4, 168);
INSERT INTO PlantedIn (bedID, plantID, percentage, staffID) VALUES (341, 990, 4, 171);
INSERT INTO PlantedIn (bedID, plantID, percentage, staffID) VALUES (396, 3276, 3, 12);
INSERT INTO PlantedIn (bedID, plantID, percentage, staffID) VALUES (422, 833, 2, 48);
INSERT INTO PlantedIn (bedID, plantID, percentage, staffID) VALUES (58, 980, 3, 93);
INSERT INTO PlantedIn (bedID, plantID, percentage, staffID) VALUES (426, 1634, 2, 40);
INSERT INTO PlantedIn (bedID, plantID, percentage, staffID) VALUES (438, 3519, 1, 16);
INSERT INTO PlantedIn (bedID, plantID, percentage, staffID) VALUES (457, 2108, 1, 32);
INSERT INTO PlantedIn (bedID, plantID, percentage, staffID) VALUES (154, 3760, 1, 186);
INSERT INTO PlantedIn (bedID, plantID, percentage, staffID) VALUES (279, 127, 2, 134);
INSERT INTO PlantedIn (bedID, plantID, percentage, staffID) VALUES (118, 3421, 2, 174);
INSERT INTO PlantedIn (bedID, plantID, percentage, staffID) VALUES (66, 1179, 1, 194);
INSERT INTO PlantedIn (bedID, plantID, percentage, staffID) VALUES (345, 548, 3, 66);
INSERT INTO PlantedIn (bedID, plantID, percentage, staffID) VALUES (445, 77, 2, 29);
INSERT INTO PlantedIn (bedID, plantID, percentage, staffID) VALUES (470, 185, 1, 64);
INSERT INTO PlantedIn (bedID, plantID, percentage, staffID) VALUES (374, 1115, 2, 59);
INSERT INTO PlantedIn (bedID, plantID, percentage, staffID) VALUES (152, 3636, 3, 176);
INSERT INTO PlantedIn (bedID, plantID, percentage, staffID) VALUES (391, 2748, 4, 192);
INSERT INTO PlantedIn (bedID, plantID, percentage, staffID) VALUES (8, 3436, 3, 1);
INSERT INTO PlantedIn (bedID, plantID, percentage, staffID) VALUES (15, 1250, 1, 81);
INSERT INTO PlantedIn (bedID, plantID, percentage, staffID) VALUES (341, 1016, 3, 21);
INSERT INTO PlantedIn (bedID, plantID, percentage, staffID) VALUES (134, 932, 2, 189);
INSERT INTO PlantedIn (bedID, plantID, percentage, staffID) VALUES (137, 922, 1, 102);
INSERT INTO PlantedIn (bedID, plantID, percentage, staffID) VALUES (250, 3025, 4, 94);
INSERT INTO PlantedIn (bedID, plantID, percentage, staffID) VALUES (343, 1232, 3, 85);
INSERT INTO PlantedIn (bedID, plantID, percentage, staffID) VALUES (14, 1374, 1, 105);
INSERT INTO PlantedIn (bedID, plantID, percentage, staffID) VALUES (116, 1993, 2, 161);
INSERT INTO PlantedIn (bedID, plantID, percentage, staffID) VALUES (397, 715, 3, 74);
INSERT INTO PlantedIn (bedID, plantID, percentage, staffID) VALUES (212, 1771, 3, 45);
INSERT INTO PlantedIn (bedID, plantID, percentage, staffID) VALUES (331, 554, 4, 2);
INSERT INTO PlantedIn (bedID, plantID, percentage, staffID) VALUES (181, 1938, 4, 14);
INSERT INTO PlantedIn (bedID, plantID, percentage, staffID) VALUES (135, 2031, 1, 155);
INSERT INTO PlantedIn (bedID, plantID, percentage, staffID) VALUES (400, 665, 4, 114);
INSERT INTO PlantedIn (bedID, plantID, percentage, staffID) VALUES (250, 268, 4, 188);
INSERT INTO PlantedIn (bedID, plantID, percentage, staffID) VALUES (277, 2735, 2, 10);
INSERT INTO PlantedIn (bedID, plantID, percentage, staffID) VALUES (408, 768, 3, 15);
INSERT INTO PlantedIn (bedID, plantID, percentage, staffID) VALUES (162, 294, 3, 113);
INSERT INTO PlantedIn (bedID, plantID, percentage, staffID) VALUES (274, 2384, 4, 129);
INSERT INTO PlantedIn (bedID, plantID, percentage, staffID) VALUES (68, 1495, 4, 178);
INSERT INTO PlantedIn (bedID, plantID, percentage, staffID) VALUES (265, 1639, 1, 176);
INSERT INTO PlantedIn (bedID, plantID, percentage, staffID) VALUES (234, 3011, 1, 175);
INSERT INTO PlantedIn (bedID, plantID, percentage, staffID) VALUES (231, 3492, 2, 103);
INSERT INTO PlantedIn (bedID, plantID, percentage, staffID) VALUES (146, 1866, 1, 147);
INSERT INTO PlantedIn (bedID, plantID, percentage, staffID) VALUES (323, 3054, 1, 150);
INSERT INTO PlantedIn (bedID, plantID, percentage, staffID) VALUES (410, 1089, 2, 153);
INSERT INTO PlantedIn (bedID, plantID, percentage, staffID) VALUES (425, 1456, 1, 63);
INSERT INTO PlantedIn (bedID, plantID, percentage, staffID) VALUES (362, 666, 2, 6);
INSERT INTO PlantedIn (bedID, plantID, percentage, staffID) VALUES (282, 3428, 1, 84);
INSERT INTO PlantedIn (bedID, plantID, percentage, staffID) VALUES (315, 1023, 1, 35);
INSERT INTO PlantedIn (bedID, plantID, percentage, staffID) VALUES (80, 2583, 2, 109);
INSERT INTO PlantedIn (bedID, plantID, percentage, staffID) VALUES (72, 968, 4, 132);
INSERT INTO PlantedIn (bedID, plantID, percentage, staffID) VALUES (20, 1460, 4, 175);
INSERT INTO PlantedIn (bedID, plantID, percentage, staffID) VALUES (312, 2319, 3, 72);
INSERT INTO PlantedIn (bedID, plantID, percentage, staffID) VALUES (462, 2527, 3, 123);
INSERT INTO PlantedIn (bedID, plantID, percentage, staffID) VALUES (391, 2416, 2, 13);
INSERT INTO PlantedIn (bedID, plantID, percentage, staffID) VALUES (243, 1816, 1, 105);
INSERT INTO PlantedIn (bedID, plantID, percentage, staffID) VALUES (348, 2621, 4, 68);
INSERT INTO PlantedIn (bedID, plantID, percentage, staffID) VALUES (164, 3327, 2, 78);
INSERT INTO PlantedIn (bedID, plantID, percentage, staffID) VALUES (53, 92, 1, 68);
INSERT INTO PlantedIn (bedID, plantID, percentage, staffID) VALUES (190, 709, 1, 12);
INSERT INTO PlantedIn (bedID, plantID, percentage, staffID) VALUES (371, 1575, 4, 127);
INSERT INTO PlantedIn (bedID, plantID, percentage, staffID) VALUES (29, 838, 4, 102);
INSERT INTO PlantedIn (bedID, plantID, percentage, staffID) VALUES (399, 2172, 2, 64);
INSERT INTO PlantedIn (bedID, plantID, percentage, staffID) VALUES (15, 3170, 4, 109);
INSERT INTO PlantedIn (bedID, plantID, percentage, staffID) VALUES (236, 3327, 4, 137);
INSERT INTO PlantedIn (bedID, plantID, percentage, staffID) VALUES (342, 178, 4, 70);
INSERT INTO PlantedIn (bedID, plantID, percentage, staffID) VALUES (404, 161, 3, 109);
INSERT INTO PlantedIn (bedID, plantID, percentage, staffID) VALUES (213, 582, 3, 81);
INSERT INTO PlantedIn (bedID, plantID, percentage, staffID) VALUES (174, 3464, 1, 82);
INSERT INTO PlantedIn (bedID, plantID, percentage, staffID) VALUES (217, 2730, 2, 115);
INSERT INTO PlantedIn (bedID, plantID, percentage, staffID) VALUES (249, 362, 1, 53);
INSERT INTO PlantedIn (bedID, plantID, percentage, staffID) VALUES (452, 3568, 3, 178);
INSERT INTO PlantedIn (bedID, plantID, percentage, staffID) VALUES (459, 810, 1, 104);
INSERT INTO PlantedIn (bedID, plantID, percentage, staffID) VALUES (417, 1900, 3, 104);
INSERT INTO PlantedIn (bedID, plantID, percentage, staffID) VALUES (253, 160, 4, 76);
INSERT INTO PlantedIn (bedID, plantID, percentage, staffID) VALUES (91, 2959, 3, 101);
INSERT INTO PlantedIn (bedID, plantID, percentage, staffID) VALUES (313, 3438, 1, 157);
INSERT INTO PlantedIn (bedID, plantID, percentage, staffID) VALUES (282, 1276, 1, 125);
INSERT INTO PlantedIn (bedID, plantID, percentage, staffID) VALUES (201, 3340, 2, 30);
INSERT INTO PlantedIn (bedID, plantID, percentage, staffID) VALUES (373, 55, 4, 11);
INSERT INTO PlantedIn (bedID, plantID, percentage, staffID) VALUES (106, 2167, 1, 162);
INSERT INTO PlantedIn (bedID, plantID, percentage, staffID) VALUES (163, 795, 3, 116);
INSERT INTO PlantedIn (bedID, plantID, percentage, staffID) VALUES (460, 229, 3, 20);
INSERT INTO PlantedIn (bedID, plantID, percentage, staffID) VALUES (449, 3335, 3, 154);
INSERT INTO PlantedIn (bedID, plantID, percentage, staffID) VALUES (92, 1396, 3, 136);
INSERT INTO PlantedIn (bedID, plantID, percentage, staffID) VALUES (391, 181, 1, 157);
INSERT INTO PlantedIn (bedID, plantID, percentage, staffID) VALUES (288, 2170, 3, 31);
INSERT INTO PlantedIn (bedID, plantID, percentage, staffID) VALUES (409, 3819, 1, 50);
INSERT INTO PlantedIn (bedID, plantID, percentage, staffID) VALUES (92, 3136, 1, 153);
INSERT INTO PlantedIn (bedID, plantID, percentage, staffID) VALUES (412, 3249, 4, 163);
INSERT INTO PlantedIn (bedID, plantID, percentage, staffID) VALUES (333, 2125, 4, 75);
INSERT INTO PlantedIn (bedID, plantID, percentage, staffID) VALUES (431, 110, 1, 105);
INSERT INTO PlantedIn (bedID, plantID, percentage, staffID) VALUES (398, 1957, 3, 31);
INSERT INTO PlantedIn (bedID, plantID, percentage, staffID) VALUES (262, 3539, 1, 146);
INSERT INTO PlantedIn (bedID, plantID, percentage, staffID) VALUES (226, 3344, 2, 168);
INSERT INTO PlantedIn (bedID, plantID, percentage, staffID) VALUES (404, 248, 1, 113);
INSERT INTO PlantedIn (bedID, plantID, percentage, staffID) VALUES (415, 1145, 3, 44);
INSERT INTO PlantedIn (bedID, plantID, percentage, staffID) VALUES (65, 36, 4, 116);
INSERT INTO PlantedIn (bedID, plantID, percentage, staffID) VALUES (265, 3587, 2, 151);
INSERT INTO PlantedIn (bedID, plantID, percentage, staffID) VALUES (453, 960, 4, 124);
INSERT INTO PlantedIn (bedID, plantID, percentage, staffID) VALUES (357, 2915, 2, 94);
INSERT INTO PlantedIn (bedID, plantID, percentage, staffID) VALUES (317, 671, 1, 96);
INSERT INTO PlantedIn (bedID, plantID, percentage, staffID) VALUES (19, 1112, 4, 100);
INSERT INTO PlantedIn (bedID, plantID, percentage, staffID) VALUES (167, 148, 1, 192);
INSERT INTO PlantedIn (bedID, plantID, percentage, staffID) VALUES (76, 2081, 3, 64);
INSERT INTO PlantedIn (bedID, plantID, percentage, staffID) VALUES (221, 181, 2, 39);
INSERT INTO PlantedIn (bedID, plantID, percentage, staffID) VALUES (140, 3069, 1, 45);
INSERT INTO PlantedIn (bedID, plantID, percentage, staffID) VALUES (260, 2622, 1, 73);
INSERT INTO PlantedIn (bedID, plantID, percentage, staffID) VALUES (403, 3188, 4, 75);
INSERT INTO PlantedIn (bedID, plantID, percentage, staffID) VALUES (54, 3291, 2, 160);
INSERT INTO PlantedIn (bedID, plantID, percentage, staffID) VALUES (421, 2786, 1, 142);
INSERT INTO PlantedIn (bedID, plantID, percentage, staffID) VALUES (412, 2570, 1, 142);
INSERT INTO PlantedIn (bedID, plantID, percentage, staffID) VALUES (97, 23, 3, 153);
INSERT INTO PlantedIn (bedID, plantID, percentage, staffID) VALUES (346, 1199, 2, 81);
INSERT INTO PlantedIn (bedID, plantID, percentage, staffID) VALUES (468, 2913, 4, 102);
INSERT INTO PlantedIn (bedID, plantID, percentage, staffID) VALUES (274, 3320, 3, 150);
INSERT INTO PlantedIn (bedID, plantID, percentage, staffID) VALUES (336, 1982, 3, 32);
INSERT INTO PlantedIn (bedID, plantID, percentage, staffID) VALUES (111, 3269, 1, 169);
INSERT INTO PlantedIn (bedID, plantID, percentage, staffID) VALUES (242, 2006, 3, 28);
INSERT INTO PlantedIn (bedID, plantID, percentage, staffID) VALUES (249, 3410, 3, 79);
INSERT INTO PlantedIn (bedID, plantID, percentage, staffID) VALUES (388, 1836, 3, 189);
INSERT INTO PlantedIn (bedID, plantID, percentage, staffID) VALUES (372, 1242, 4, 169);
INSERT INTO PlantedIn (bedID, plantID, percentage, staffID) VALUES (36, 1242, 3, 126);
INSERT INTO PlantedIn (bedID, plantID, percentage, staffID) VALUES (86, 1331, 4, 70);
INSERT INTO PlantedIn (bedID, plantID, percentage, staffID) VALUES (406, 1923, 1, 100);
INSERT INTO PlantedIn (bedID, plantID, percentage, staffID) VALUES (163, 1215, 4, 40);
INSERT INTO PlantedIn (bedID, plantID, percentage, staffID) VALUES (395, 1270, 2, 116);
INSERT INTO PlantedIn (bedID, plantID, percentage, staffID) VALUES (100, 3671, 1, 191);
INSERT INTO PlantedIn (bedID, plantID, percentage, staffID) VALUES (201, 3322, 1, 118);
INSERT INTO PlantedIn (bedID, plantID, percentage, staffID) VALUES (343, 2307, 4, 186);
INSERT INTO PlantedIn (bedID, plantID, percentage, staffID) VALUES (446, 970, 4, 163);
INSERT INTO PlantedIn (bedID, plantID, percentage, staffID) VALUES (354, 1100, 1, 182);
INSERT INTO PlantedIn (bedID, plantID, percentage, staffID) VALUES (284, 321, 2, 193);
INSERT INTO PlantedIn (bedID, plantID, percentage, staffID) VALUES (195, 1977, 3, 162);
INSERT INTO PlantedIn (bedID, plantID, percentage, staffID) VALUES (219, 2799, 4, 133);
INSERT INTO PlantedIn (bedID, plantID, percentage, staffID) VALUES (276, 882, 4, 20);
INSERT INTO PlantedIn (bedID, plantID, percentage, staffID) VALUES (299, 302, 2, 4);
INSERT INTO PlantedIn (bedID, plantID, percentage, staffID) VALUES (320, 3583, 3, 53);
INSERT INTO PlantedIn (bedID, plantID, percentage, staffID) VALUES (85, 207, 4, 85);
INSERT INTO PlantedIn (bedID, plantID, percentage, staffID) VALUES (160, 1170, 4, 4);
INSERT INTO PlantedIn (bedID, plantID, percentage, staffID) VALUES (183, 3717, 4, 76);
INSERT INTO PlantedIn (bedID, plantID, percentage, staffID) VALUES (224, 610, 4, 86);
INSERT INTO PlantedIn (bedID, plantID, percentage, staffID) VALUES (418, 273, 2, 168);
INSERT INTO PlantedIn (bedID, plantID, percentage, staffID) VALUES (142, 3535, 4, 47);
INSERT INTO PlantedIn (bedID, plantID, percentage, staffID) VALUES (470, 961, 3, 59);
INSERT INTO PlantedIn (bedID, plantID, percentage, staffID) VALUES (83, 2104, 2, 58);
INSERT INTO PlantedIn (bedID, plantID, percentage, staffID) VALUES (283, 2696, 4, 57);
INSERT INTO PlantedIn (bedID, plantID, percentage, staffID) VALUES (1, 1146, 2, 178);
INSERT INTO PlantedIn (bedID, plantID, percentage, staffID) VALUES (123, 931, 3, 38);
INSERT INTO PlantedIn (bedID, plantID, percentage, staffID) VALUES (189, 2329, 2, 136);
INSERT INTO PlantedIn (bedID, plantID, percentage, staffID) VALUES (319, 1872, 4, 153);
INSERT INTO PlantedIn (bedID, plantID, percentage, staffID) VALUES (189, 3769, 2, 184);
INSERT INTO PlantedIn (bedID, plantID, percentage, staffID) VALUES (106, 721, 2, 12);
INSERT INTO PlantedIn (bedID, plantID, percentage, staffID) VALUES (346, 1322, 2, 154);
INSERT INTO PlantedIn (bedID, plantID, percentage, staffID) VALUES (19, 121, 1, 55);
INSERT INTO PlantedIn (bedID, plantID, percentage, staffID) VALUES (155, 531, 3, 87);
INSERT INTO PlantedIn (bedID, plantID, percentage, staffID) VALUES (179, 2351, 4, 65);
INSERT INTO PlantedIn (bedID, plantID, percentage, staffID) VALUES (100, 3793, 4, 12);
INSERT INTO PlantedIn (bedID, plantID, percentage, staffID) VALUES (221, 3103, 4, 175);
INSERT INTO PlantedIn (bedID, plantID, percentage, staffID) VALUES (368, 2925, 1, 53);
INSERT INTO PlantedIn (bedID, plantID, percentage, staffID) VALUES (447, 1213, 3, 82);
INSERT INTO PlantedIn (bedID, plantID, percentage, staffID) VALUES (311, 587, 3, 1);
INSERT INTO PlantedIn (bedID, plantID, percentage, staffID) VALUES (87, 1034, 3, 150);
INSERT INTO PlantedIn (bedID, plantID, percentage, staffID) VALUES (192, 618, 4, 20);
INSERT INTO PlantedIn (bedID, plantID, percentage, staffID) VALUES (364, 1597, 4, 115);
INSERT INTO PlantedIn (bedID, plantID, percentage, staffID) VALUES (187, 2383, 4, 176);
INSERT INTO PlantedIn (bedID, plantID, percentage, staffID) VALUES (199, 2773, 1, 148);
INSERT INTO PlantedIn (bedID, plantID, percentage, staffID) VALUES (225, 3785, 2, 41);
INSERT INTO PlantedIn (bedID, plantID, percentage, staffID) VALUES (139, 2311, 4, 19);
INSERT INTO PlantedIn (bedID, plantID, percentage, staffID) VALUES (355, 363, 4, 132);
INSERT INTO PlantedIn (bedID, plantID, percentage, staffID) VALUES (171, 1461, 4, 91);
INSERT INTO PlantedIn (bedID, plantID, percentage, staffID) VALUES (255, 2087, 2, 112);
INSERT INTO PlantedIn (bedID, plantID, percentage, staffID) VALUES (451, 419, 2, 58);
INSERT INTO PlantedIn (bedID, plantID, percentage, staffID) VALUES (343, 567, 1, 43);
INSERT INTO PlantedIn (bedID, plantID, percentage, staffID) VALUES (409, 3599, 2, 70);
INSERT INTO PlantedIn (bedID, plantID, percentage, staffID) VALUES (431, 2082, 1, 154);
INSERT INTO PlantedIn (bedID, plantID, percentage, staffID) VALUES (65, 3269, 4, 31);
INSERT INTO PlantedIn (bedID, plantID, percentage, staffID) VALUES (445, 3073, 2, 168);
INSERT INTO PlantedIn (bedID, plantID, percentage, staffID) VALUES (82, 1015, 3, 14);
INSERT INTO PlantedIn (bedID, plantID, percentage, staffID) VALUES (380, 2381, 4, 4);
INSERT INTO PlantedIn (bedID, plantID, percentage, staffID) VALUES (343, 1161, 2, 21);
INSERT INTO PlantedIn (bedID, plantID, percentage, staffID) VALUES (212, 1197, 2, 121);
INSERT INTO PlantedIn (bedID, plantID, percentage, staffID) VALUES (114, 3608, 1, 133);
INSERT INTO PlantedIn (bedID, plantID, percentage, staffID) VALUES (224, 1558, 3, 73);
INSERT INTO PlantedIn (bedID, plantID, percentage, staffID) VALUES (118, 1953, 1, 101);
INSERT INTO PlantedIn (bedID, plantID, percentage, staffID) VALUES (142, 1212, 2, 100);
INSERT INTO PlantedIn (bedID, plantID, percentage, staffID) VALUES (273, 2149, 2, 38);
INSERT INTO PlantedIn (bedID, plantID, percentage, staffID) VALUES (82, 770, 4, 28);
INSERT INTO PlantedIn (bedID, plantID, percentage, staffID) VALUES (237, 914, 4, 71);
INSERT INTO PlantedIn (bedID, plantID, percentage, staffID) VALUES (259, 3624, 4, 53);
INSERT INTO PlantedIn (bedID, plantID, percentage, staffID) VALUES (412, 3496, 2, 192);
INSERT INTO PlantedIn (bedID, plantID, percentage, staffID) VALUES (146, 1125, 3, 194);
INSERT INTO PlantedIn (bedID, plantID, percentage, staffID) VALUES (377, 1722, 1, 152);
INSERT INTO PlantedIn (bedID, plantID, percentage, staffID) VALUES (359, 902, 2, 117);
INSERT INTO PlantedIn (bedID, plantID, percentage, staffID) VALUES (374, 2907, 4, 146);
INSERT INTO PlantedIn (bedID, plantID, percentage, staffID) VALUES (450, 3274, 2, 175);
INSERT INTO PlantedIn (bedID, plantID, percentage, staffID) VALUES (40, 780, 3, 81);
INSERT INTO PlantedIn (bedID, plantID, percentage, staffID) VALUES (66, 2522, 1, 85);
INSERT INTO PlantedIn (bedID, plantID, percentage, staffID) VALUES (264, 1365, 4, 72);
INSERT INTO PlantedIn (bedID, plantID, percentage, staffID) VALUES (305, 1173, 2, 86);
INSERT INTO PlantedIn (bedID, plantID, percentage, staffID) VALUES (355, 635, 3, 110);
INSERT INTO PlantedIn (bedID, plantID, percentage, staffID) VALUES (188, 407, 1, 172);
INSERT INTO PlantedIn (bedID, plantID, percentage, staffID) VALUES (406, 2148, 4, 31);
INSERT INTO PlantedIn (bedID, plantID, percentage, staffID) VALUES (191, 19, 2, 53);
INSERT INTO PlantedIn (bedID, plantID, percentage, staffID) VALUES (98, 2531, 2, 24);
INSERT INTO PlantedIn (bedID, plantID, percentage, staffID) VALUES (146, 2053, 4, 73);
INSERT INTO PlantedIn (bedID, plantID, percentage, staffID) VALUES (419, 2737, 3, 149);
INSERT INTO PlantedIn (bedID, plantID, percentage, staffID) VALUES (148, 1950, 3, 55);
INSERT INTO PlantedIn (bedID, plantID, percentage, staffID) VALUES (289, 424, 2, 183);
INSERT INTO PlantedIn (bedID, plantID, percentage, staffID) VALUES (315, 172, 1, 57);
INSERT INTO PlantedIn (bedID, plantID, percentage, staffID) VALUES (24, 2062, 2, 113);
INSERT INTO PlantedIn (bedID, plantID, percentage, staffID) VALUES (89, 2586, 2, 123);
INSERT INTO PlantedIn (bedID, plantID, percentage, staffID) VALUES (95, 3699, 1, 74);
INSERT INTO PlantedIn (bedID, plantID, percentage, staffID) VALUES (315, 337, 3, 125);
INSERT INTO PlantedIn (bedID, plantID, percentage, staffID) VALUES (112, 2244, 3, 89);
INSERT INTO PlantedIn (bedID, plantID, percentage, staffID) VALUES (41, 2718, 3, 53);
INSERT INTO PlantedIn (bedID, plantID, percentage, staffID) VALUES (94, 1685, 1, 112);
INSERT INTO PlantedIn (bedID, plantID, percentage, staffID) VALUES (459, 384, 1, 103);
INSERT INTO PlantedIn (bedID, plantID, percentage, staffID) VALUES (364, 405, 4, 134);
INSERT INTO PlantedIn (bedID, plantID, percentage, staffID) VALUES (30, 45, 3, 11);
INSERT INTO PlantedIn (bedID, plantID, percentage, staffID) VALUES (47, 2569, 2, 83);
INSERT INTO PlantedIn (bedID, plantID, percentage, staffID) VALUES (116, 3241, 2, 180);
INSERT INTO PlantedIn (bedID, plantID, percentage, staffID) VALUES (257, 540, 2, 5);
INSERT INTO PlantedIn (bedID, plantID, percentage, staffID) VALUES (139, 717, 2, 170);
INSERT INTO PlantedIn (bedID, plantID, percentage, staffID) VALUES (294, 1461, 3, 152);
INSERT INTO PlantedIn (bedID, plantID, percentage, staffID) VALUES (226, 943, 1, 153);
INSERT INTO PlantedIn (bedID, plantID, percentage, staffID) VALUES (165, 1547, 2, 44);
INSERT INTO PlantedIn (bedID, plantID, percentage, staffID) VALUES (195, 1027, 3, 28);
INSERT INTO PlantedIn (bedID, plantID, percentage, staffID) VALUES (440, 2084, 1, 173);
INSERT INTO PlantedIn (bedID, plantID, percentage, staffID) VALUES (179, 2806, 4, 104);
INSERT INTO PlantedIn (bedID, plantID, percentage, staffID) VALUES (410, 2047, 1, 56);
INSERT INTO PlantedIn (bedID, plantID, percentage, staffID) VALUES (339, 407, 2, 133);
INSERT INTO PlantedIn (bedID, plantID, percentage, staffID) VALUES (229, 1516, 4, 190);
INSERT INTO PlantedIn (bedID, plantID, percentage, staffID) VALUES (301, 2606, 4, 42);
INSERT INTO PlantedIn (bedID, plantID, percentage, staffID) VALUES (36, 1619, 2, 81);
INSERT INTO PlantedIn (bedID, plantID, percentage, staffID) VALUES (34, 3247, 2, 162);
INSERT INTO PlantedIn (bedID, plantID, percentage, staffID) VALUES (268, 1141, 2, 75);
INSERT INTO PlantedIn (bedID, plantID, percentage, staffID) VALUES (390, 2473, 3, 121);
INSERT INTO PlantedIn (bedID, plantID, percentage, staffID) VALUES (353, 939, 1, 179);
INSERT INTO PlantedIn (bedID, plantID, percentage, staffID) VALUES (301, 3100, 2, 39);
INSERT INTO PlantedIn (bedID, plantID, percentage, staffID) VALUES (226, 1521, 3, 53);
INSERT INTO PlantedIn (bedID, plantID, percentage, staffID) VALUES (385, 2512, 2, 8);
INSERT INTO PlantedIn (bedID, plantID, percentage, staffID) VALUES (86, 125, 2, 23);
INSERT INTO PlantedIn (bedID, plantID, percentage, staffID) VALUES (413, 3485, 2, 143);
INSERT INTO PlantedIn (bedID, plantID, percentage, staffID) VALUES (93, 254, 1, 178);
INSERT INTO PlantedIn (bedID, plantID, percentage, staffID) VALUES (334, 1782, 2, 115);
INSERT INTO PlantedIn (bedID, plantID, percentage, staffID) VALUES (333, 1684, 2, 139);
INSERT INTO PlantedIn (bedID, plantID, percentage, staffID) VALUES (113, 3348, 3, 125);
INSERT INTO PlantedIn (bedID, plantID, percentage, staffID) VALUES (123, 3342, 1, 54);
INSERT INTO PlantedIn (bedID, plantID, percentage, staffID) VALUES (244, 1162, 3, 117);
INSERT INTO PlantedIn (bedID, plantID, percentage, staffID) VALUES (158, 2630, 1, 194);
INSERT INTO PlantedIn (bedID, plantID, percentage, staffID) VALUES (276, 2496, 4, 132);
INSERT INTO PlantedIn (bedID, plantID, percentage, staffID) VALUES (337, 1984, 2, 164);
INSERT INTO PlantedIn (bedID, plantID, percentage, staffID) VALUES (461, 1391, 3, 177);
INSERT INTO PlantedIn (bedID, plantID, percentage, staffID) VALUES (377, 2104, 1, 4);
INSERT INTO PlantedIn (bedID, plantID, percentage, staffID) VALUES (194, 2418, 3, 153);
INSERT INTO PlantedIn (bedID, plantID, percentage, staffID) VALUES (232, 42, 1, 152);
INSERT INTO PlantedIn (bedID, plantID, percentage, staffID) VALUES (148, 1200, 3, 143);
INSERT INTO PlantedIn (bedID, plantID, percentage, staffID) VALUES (469, 2500, 3, 174);
INSERT INTO PlantedIn (bedID, plantID, percentage, staffID) VALUES (139, 1902, 1, 72);
INSERT INTO PlantedIn (bedID, plantID, percentage, staffID) VALUES (3, 580, 4, 86);
INSERT INTO PlantedIn (bedID, plantID, percentage, staffID) VALUES (242, 1107, 2, 135);
INSERT INTO PlantedIn (bedID, plantID, percentage, staffID) VALUES (393, 2603, 1, 69);
INSERT INTO PlantedIn (bedID, plantID, percentage, staffID) VALUES (142, 327, 4, 186);
INSERT INTO PlantedIn (bedID, plantID, percentage, staffID) VALUES (45, 2519, 2, 162);
INSERT INTO PlantedIn (bedID, plantID, percentage, staffID) VALUES (456, 1908, 4, 11);
INSERT INTO PlantedIn (bedID, plantID, percentage, staffID) VALUES (67, 3473, 2, 108);
INSERT INTO PlantedIn (bedID, plantID, percentage, staffID) VALUES (185, 3385, 2, 90);
INSERT INTO PlantedIn (bedID, plantID, percentage, staffID) VALUES (13, 3311, 3, 77);
INSERT INTO PlantedIn (bedID, plantID, percentage, staffID) VALUES (68, 125, 4, 172);
INSERT INTO PlantedIn (bedID, plantID, percentage, staffID) VALUES (334, 690, 1, 44);
INSERT INTO PlantedIn (bedID, plantID, percentage, staffID) VALUES (125, 479, 2, 162);
INSERT INTO PlantedIn (bedID, plantID, percentage, staffID) VALUES (367, 2269, 3, 156);
INSERT INTO PlantedIn (bedID, plantID, percentage, staffID) VALUES (39, 3145, 1, 141);
INSERT INTO PlantedIn (bedID, plantID, percentage, staffID) VALUES (337, 832, 1, 134);
INSERT INTO PlantedIn (bedID, plantID, percentage, staffID) VALUES (43, 350, 1, 102);
INSERT INTO PlantedIn (bedID, plantID, percentage, staffID) VALUES (448, 3378, 1, 134);
INSERT INTO PlantedIn (bedID, plantID, percentage, staffID) VALUES (429, 1904, 3, 13);
INSERT INTO PlantedIn (bedID, plantID, percentage, staffID) VALUES (318, 1071, 4, 126);
INSERT INTO PlantedIn (bedID, plantID, percentage, staffID) VALUES (190, 1583, 1, 60);
INSERT INTO PlantedIn (bedID, plantID, percentage, staffID) VALUES (472, 213, 1, 187);
INSERT INTO PlantedIn (bedID, plantID, percentage, staffID) VALUES (411, 2336, 3, 61);
INSERT INTO PlantedIn (bedID, plantID, percentage, staffID) VALUES (388, 3677, 4, 140);
INSERT INTO PlantedIn (bedID, plantID, percentage, staffID) VALUES (20, 705, 4, 6);
INSERT INTO PlantedIn (bedID, plantID, percentage, staffID) VALUES (27, 2624, 4, 17);
INSERT INTO PlantedIn (bedID, plantID, percentage, staffID) VALUES (81, 550, 4, 118);
INSERT INTO PlantedIn (bedID, plantID, percentage, staffID) VALUES (199, 735, 4, 159);
INSERT INTO PlantedIn (bedID, plantID, percentage, staffID) VALUES (58, 3522, 4, 138);
INSERT INTO PlantedIn (bedID, plantID, percentage, staffID) VALUES (244, 3749, 2, 117);
INSERT INTO PlantedIn (bedID, plantID, percentage, staffID) VALUES (436, 985, 4, 50);
INSERT INTO PlantedIn (bedID, plantID, percentage, staffID) VALUES (450, 120, 1, 93);
INSERT INTO PlantedIn (bedID, plantID, percentage, staffID) VALUES (104, 2857, 4, 85);
INSERT INTO PlantedIn (bedID, plantID, percentage, staffID) VALUES (381, 1584, 4, 85);
INSERT INTO PlantedIn (bedID, plantID, percentage, staffID) VALUES (152, 337, 4, 188);
INSERT INTO PlantedIn (bedID, plantID, percentage, staffID) VALUES (27, 1887, 4, 35);
INSERT INTO PlantedIn (bedID, plantID, percentage, staffID) VALUES (352, 1606, 1, 192);
INSERT INTO PlantedIn (bedID, plantID, percentage, staffID) VALUES (325, 3451, 3, 138);
INSERT INTO PlantedIn (bedID, plantID, percentage, staffID) VALUES (437, 498, 1, 155);
INSERT INTO PlantedIn (bedID, plantID, percentage, staffID) VALUES (75, 2793, 2, 141);
INSERT INTO PlantedIn (bedID, plantID, percentage, staffID) VALUES (219, 396, 2, 41);
INSERT INTO PlantedIn (bedID, plantID, percentage, staffID) VALUES (243, 2366, 4, 40);
INSERT INTO PlantedIn (bedID, plantID, percentage, staffID) VALUES (331, 430, 4, 137);
INSERT INTO PlantedIn (bedID, plantID, percentage, staffID) VALUES (284, 3245, 2, 150);
INSERT INTO PlantedIn (bedID, plantID, percentage, staffID) VALUES (121, 2610, 4, 107);
INSERT INTO PlantedIn (bedID, plantID, percentage, staffID) VALUES (269, 755, 2, 119);
INSERT INTO PlantedIn (bedID, plantID, percentage, staffID) VALUES (154, 1309, 2, 121);
INSERT INTO PlantedIn (bedID, plantID, percentage, staffID) VALUES (29, 1075, 3, 176);
INSERT INTO PlantedIn (bedID, plantID, percentage, staffID) VALUES (180, 222, 4, 162);
INSERT INTO PlantedIn (bedID, plantID, percentage, staffID) VALUES (317, 3803, 2, 148);
INSERT INTO PlantedIn (bedID, plantID, percentage, staffID) VALUES (45, 1522, 3, 26);
INSERT INTO PlantedIn (bedID, plantID, percentage, staffID) VALUES (111, 3320, 2, 8);
INSERT INTO PlantedIn (bedID, plantID, percentage, staffID) VALUES (253, 2161, 1, 88);
INSERT INTO PlantedIn (bedID, plantID, percentage, staffID) VALUES (357, 37, 1, 122);
INSERT INTO PlantedIn (bedID, plantID, percentage, staffID) VALUES (165, 705, 2, 115);
INSERT INTO PlantedIn (bedID, plantID, percentage, staffID) VALUES (218, 1626, 4, 191);
INSERT INTO PlantedIn (bedID, plantID, percentage, staffID) VALUES (227, 2790, 1, 150);
INSERT INTO PlantedIn (bedID, plantID, percentage, staffID) VALUES (334, 1767, 4, 106);
INSERT INTO PlantedIn (bedID, plantID, percentage, staffID) VALUES (403, 2478, 1, 101);
INSERT INTO PlantedIn (bedID, plantID, percentage, staffID) VALUES (237, 2055, 1, 117);
INSERT INTO PlantedIn (bedID, plantID, percentage, staffID) VALUES (43, 6, 4, 28);
INSERT INTO PlantedIn (bedID, plantID, percentage, staffID) VALUES (6, 2820, 2, 189);
INSERT INTO PlantedIn (bedID, plantID, percentage, staffID) VALUES (432, 1868, 2, 157);
INSERT INTO PlantedIn (bedID, plantID, percentage, staffID) VALUES (428, 2706, 2, 44);
INSERT INTO PlantedIn (bedID, plantID, percentage, staffID) VALUES (200, 3651, 1, 108);
INSERT INTO PlantedIn (bedID, plantID, percentage, staffID) VALUES (190, 176, 2, 190);
INSERT INTO PlantedIn (bedID, plantID, percentage, staffID) VALUES (325, 1633, 1, 69);
INSERT INTO PlantedIn (bedID, plantID, percentage, staffID) VALUES (452, 3507, 1, 45);
INSERT INTO PlantedIn (bedID, plantID, percentage, staffID) VALUES (430, 1375, 4, 182);
INSERT INTO PlantedIn (bedID, plantID, percentage, staffID) VALUES (41, 3137, 4, 57);
INSERT INTO PlantedIn (bedID, plantID, percentage, staffID) VALUES (140, 182, 1, 76);
INSERT INTO PlantedIn (bedID, plantID, percentage, staffID) VALUES (354, 2246, 1, 119);
INSERT INTO PlantedIn (bedID, plantID, percentage, staffID) VALUES (249, 424, 4, 61);
INSERT INTO PlantedIn (bedID, plantID, percentage, staffID) VALUES (74, 862, 4, 37);
INSERT INTO PlantedIn (bedID, plantID, percentage, staffID) VALUES (306, 1990, 3, 6);
INSERT INTO PlantedIn (bedID, plantID, percentage, staffID) VALUES (200, 956, 2, 132);
INSERT INTO PlantedIn (bedID, plantID, percentage, staffID) VALUES (286, 2056, 3, 52);
INSERT INTO PlantedIn (bedID, plantID, percentage, staffID) VALUES (163, 2046, 3, 140);
INSERT INTO PlantedIn (bedID, plantID, percentage, staffID) VALUES (273, 209, 2, 171);
INSERT INTO PlantedIn (bedID, plantID, percentage, staffID) VALUES (301, 1614, 1, 101);
INSERT INTO PlantedIn (bedID, plantID, percentage, staffID) VALUES (250, 3042, 3, 18);
INSERT INTO PlantedIn (bedID, plantID, percentage, staffID) VALUES (5, 1029, 3, 107);
INSERT INTO PlantedIn (bedID, plantID, percentage, staffID) VALUES (370, 2129, 1, 52);
INSERT INTO PlantedIn (bedID, plantID, percentage, staffID) VALUES (378, 3468, 2, 109);
INSERT INTO PlantedIn (bedID, plantID, percentage, staffID) VALUES (203, 3031, 4, 19);
INSERT INTO PlantedIn (bedID, plantID, percentage, staffID) VALUES (149, 2993, 4, 84);
INSERT INTO PlantedIn (bedID, plantID, percentage, staffID) VALUES (392, 959, 2, 44);
INSERT INTO PlantedIn (bedID, plantID, percentage, staffID) VALUES (315, 2721, 1, 128);
INSERT INTO PlantedIn (bedID, plantID, percentage, staffID) VALUES (233, 2748, 3, 179);
INSERT INTO PlantedIn (bedID, plantID, percentage, staffID) VALUES (463, 1539, 4, 32);
INSERT INTO PlantedIn (bedID, plantID, percentage, staffID) VALUES (145, 1910, 3, 31);
INSERT INTO PlantedIn (bedID, plantID, percentage, staffID) VALUES (132, 916, 3, 104);
INSERT INTO PlantedIn (bedID, plantID, percentage, staffID) VALUES (6, 3551, 4, 99);
INSERT INTO PlantedIn (bedID, plantID, percentage, staffID) VALUES (79, 2681, 4, 62);
INSERT INTO PlantedIn (bedID, plantID, percentage, staffID) VALUES (189, 3580, 4, 6);
INSERT INTO PlantedIn (bedID, plantID, percentage, staffID) VALUES (302, 3476, 3, 80);
INSERT INTO PlantedIn (bedID, plantID, percentage, staffID) VALUES (141, 2104, 1, 76);
INSERT INTO PlantedIn (bedID, plantID, percentage, staffID) VALUES (179, 1945, 2, 142);
INSERT INTO PlantedIn (bedID, plantID, percentage, staffID) VALUES (200, 685, 3, 47);
INSERT INTO PlantedIn (bedID, plantID, percentage, staffID) VALUES (412, 2053, 2, 86);
INSERT INTO PlantedIn (bedID, plantID, percentage, staffID) VALUES (217, 1720, 1, 32);
INSERT INTO PlantedIn (bedID, plantID, percentage, staffID) VALUES (163, 2108, 3, 145);
INSERT INTO PlantedIn (bedID, plantID, percentage, staffID) VALUES (43, 308, 1, 182);
INSERT INTO PlantedIn (bedID, plantID, percentage, staffID) VALUES (195, 3407, 1, 62);
INSERT INTO PlantedIn (bedID, plantID, percentage, staffID) VALUES (11, 1152, 2, 70);
INSERT INTO PlantedIn (bedID, plantID, percentage, staffID) VALUES (379, 149, 1, 162);
INSERT INTO PlantedIn (bedID, plantID, percentage, staffID) VALUES (103, 73, 1, 166);
INSERT INTO PlantedIn (bedID, plantID, percentage, staffID) VALUES (261, 895, 1, 73);
INSERT INTO PlantedIn (bedID, plantID, percentage, staffID) VALUES (320, 1976, 1, 21);
INSERT INTO PlantedIn (bedID, plantID, percentage, staffID) VALUES (27, 3128, 1, 136);
INSERT INTO PlantedIn (bedID, plantID, percentage, staffID) VALUES (421, 2128, 2, 39);
INSERT INTO PlantedIn (bedID, plantID, percentage, staffID) VALUES (205, 1898, 2, 110);
INSERT INTO PlantedIn (bedID, plantID, percentage, staffID) VALUES (374, 3405, 3, 175);
INSERT INTO PlantedIn (bedID, plantID, percentage, staffID) VALUES (435, 2495, 1, 166);
INSERT INTO PlantedIn (bedID, plantID, percentage, staffID) VALUES (315, 2409, 1, 46);
INSERT INTO PlantedIn (bedID, plantID, percentage, staffID) VALUES (405, 2227, 3, 46);
INSERT INTO PlantedIn (bedID, plantID, percentage, staffID) VALUES (42, 1246, 1, 113);
INSERT INTO PlantedIn (bedID, plantID, percentage, staffID) VALUES (63, 828, 1, 60);
INSERT INTO PlantedIn (bedID, plantID, percentage, staffID) VALUES (362, 1847, 1, 66);
INSERT INTO PlantedIn (bedID, plantID, percentage, staffID) VALUES (459, 3320, 4, 133);
INSERT INTO PlantedIn (bedID, plantID, percentage, staffID) VALUES (350, 1957, 3, 71);
INSERT INTO PlantedIn (bedID, plantID, percentage, staffID) VALUES (72, 617, 4, 162);
INSERT INTO PlantedIn (bedID, plantID, percentage, staffID) VALUES (371, 60, 3, 7);
INSERT INTO PlantedIn (bedID, plantID, percentage, staffID) VALUES (280, 970, 3, 35);
INSERT INTO PlantedIn (bedID, plantID, percentage, staffID) VALUES (272, 2783, 3, 168);
INSERT INTO PlantedIn (bedID, plantID, percentage, staffID) VALUES (442, 434, 3, 148);
INSERT INTO PlantedIn (bedID, plantID, percentage, staffID) VALUES (279, 173, 3, 183);
INSERT INTO PlantedIn (bedID, plantID, percentage, staffID) VALUES (428, 2108, 3, 65);
INSERT INTO PlantedIn (bedID, plantID, percentage, staffID) VALUES (390, 371, 3, 4);
INSERT INTO PlantedIn (bedID, plantID, percentage, staffID) VALUES (53, 188, 3, 50);
INSERT INTO PlantedIn (bedID, plantID, percentage, staffID) VALUES (142, 1589, 4, 78);
INSERT INTO PlantedIn (bedID, plantID, percentage, staffID) VALUES (62, 792, 1, 118);
INSERT INTO PlantedIn (bedID, plantID, percentage, staffID) VALUES (150, 1163, 4, 156);
INSERT INTO PlantedIn (bedID, plantID, percentage, staffID) VALUES (164, 2542, 1, 95);
INSERT INTO PlantedIn (bedID, plantID, percentage, staffID) VALUES (97, 3021, 2, 182);
INSERT INTO PlantedIn (bedID, plantID, percentage, staffID) VALUES (211, 749, 2, 94);
INSERT INTO PlantedIn (bedID, plantID, percentage, staffID) VALUES (138, 1841, 2, 179);
INSERT INTO PlantedIn (bedID, plantID, percentage, staffID) VALUES (249, 448, 4, 22);
INSERT INTO PlantedIn (bedID, plantID, percentage, staffID) VALUES (250, 1880, 3, 142);
INSERT INTO PlantedIn (bedID, plantID, percentage, staffID) VALUES (327, 1053, 1, 148);
INSERT INTO PlantedIn (bedID, plantID, percentage, staffID) VALUES (272, 1875, 4, 187);
INSERT INTO PlantedIn (bedID, plantID, percentage, staffID) VALUES (68, 1470, 2, 35);
INSERT INTO PlantedIn (bedID, plantID, percentage, staffID) VALUES (77, 230, 3, 123);
INSERT INTO PlantedIn (bedID, plantID, percentage, staffID) VALUES (120, 223, 3, 179);
INSERT INTO PlantedIn (bedID, plantID, percentage, staffID) VALUES (253, 2889, 1, 193);
INSERT INTO PlantedIn (bedID, plantID, percentage, staffID) VALUES (409, 186, 2, 180);
INSERT INTO PlantedIn (bedID, plantID, percentage, staffID) VALUES (253, 2235, 1, 10);
INSERT INTO PlantedIn (bedID, plantID, percentage, staffID) VALUES (403, 2974, 2, 48);
INSERT INTO PlantedIn (bedID, plantID, percentage, staffID) VALUES (121, 576, 2, 70);
INSERT INTO PlantedIn (bedID, plantID, percentage, staffID) VALUES (251, 1970, 3, 152);
INSERT INTO PlantedIn (bedID, plantID, percentage, staffID) VALUES (270, 1324, 4, 61);
INSERT INTO PlantedIn (bedID, plantID, percentage, staffID) VALUES (190, 665, 4, 75);
INSERT INTO PlantedIn (bedID, plantID, percentage, staffID) VALUES (169, 3381, 4, 36);
INSERT INTO PlantedIn (bedID, plantID, percentage, staffID) VALUES (215, 849, 2, 24);
INSERT INTO PlantedIn (bedID, plantID, percentage, staffID) VALUES (468, 1356, 1, 149);
INSERT INTO PlantedIn (bedID, plantID, percentage, staffID) VALUES (237, 267, 1, 131);
INSERT INTO PlantedIn (bedID, plantID, percentage, staffID) VALUES (274, 1479, 1, 147);
INSERT INTO PlantedIn (bedID, plantID, percentage, staffID) VALUES (90, 1292, 1, 13);
INSERT INTO PlantedIn (bedID, plantID, percentage, staffID) VALUES (305, 200, 4, 182);
INSERT INTO PlantedIn (bedID, plantID, percentage, staffID) VALUES (439, 244, 2, 182);
INSERT INTO PlantedIn (bedID, plantID, percentage, staffID) VALUES (134, 28, 2, 140);
INSERT INTO PlantedIn (bedID, plantID, percentage, staffID) VALUES (170, 1581, 4, 105);
INSERT INTO PlantedIn (bedID, plantID, percentage, staffID) VALUES (227, 597, 1, 181);
INSERT INTO PlantedIn (bedID, plantID, percentage, staffID) VALUES (254, 2341, 2, 42);
INSERT INTO PlantedIn (bedID, plantID, percentage, staffID) VALUES (295, 672, 4, 79);
INSERT INTO PlantedIn (bedID, plantID, percentage, staffID) VALUES (241, 1725, 1, 188);
INSERT INTO PlantedIn (bedID, plantID, percentage, staffID) VALUES (414, 157, 1, 164);
INSERT INTO PlantedIn (bedID, plantID, percentage, staffID) VALUES (23, 1873, 2, 88);
INSERT INTO PlantedIn (bedID, plantID, percentage, staffID) VALUES (423, 3644, 2, 54);
INSERT INTO PlantedIn (bedID, plantID, percentage, staffID) VALUES (46, 572, 3, 88);
INSERT INTO PlantedIn (bedID, plantID, percentage, staffID) VALUES (357, 2444, 2, 183);
INSERT INTO PlantedIn (bedID, plantID, percentage, staffID) VALUES (382, 1093, 2, 39);
INSERT INTO PlantedIn (bedID, plantID, percentage, staffID) VALUES (345, 421, 1, 95);
INSERT INTO PlantedIn (bedID, plantID, percentage, staffID) VALUES (436, 2378, 4, 133);
INSERT INTO PlantedIn (bedID, plantID, percentage, staffID) VALUES (444, 1469, 4, 23);
INSERT INTO PlantedIn (bedID, plantID, percentage, staffID) VALUES (153, 1431, 2, 42);
INSERT INTO PlantedIn (bedID, plantID, percentage, staffID) VALUES (245, 2434, 2, 11);
INSERT INTO PlantedIn (bedID, plantID, percentage, staffID) VALUES (124, 3670, 1, 133);
INSERT INTO PlantedIn (bedID, plantID, percentage, staffID) VALUES (110, 3231, 4, 78);
INSERT INTO PlantedIn (bedID, plantID, percentage, staffID) VALUES (447, 3274, 4, 39);
INSERT INTO PlantedIn (bedID, plantID, percentage, staffID) VALUES (219, 3239, 1, 135);
INSERT INTO PlantedIn (bedID, plantID, percentage, staffID) VALUES (138, 2362, 1, 168);
INSERT INTO PlantedIn (bedID, plantID, percentage, staffID) VALUES (469, 3588, 2, 12);
INSERT INTO PlantedIn (bedID, plantID, percentage, staffID) VALUES (142, 1008, 4, 150);
INSERT INTO PlantedIn (bedID, plantID, percentage, staffID) VALUES (422, 3042, 1, 18);
INSERT INTO PlantedIn (bedID, plantID, percentage, staffID) VALUES (349, 2841, 4, 45);
INSERT INTO PlantedIn (bedID, plantID, percentage, staffID) VALUES (270, 2328, 3, 190);
INSERT INTO PlantedIn (bedID, plantID, percentage, staffID) VALUES (213, 453, 4, 78);
INSERT INTO PlantedIn (bedID, plantID, percentage, staffID) VALUES (452, 151, 1, 6);
INSERT INTO PlantedIn (bedID, plantID, percentage, staffID) VALUES (308, 3279, 3, 97);
INSERT INTO PlantedIn (bedID, plantID, percentage, staffID) VALUES (376, 2660, 3, 182);
INSERT INTO PlantedIn (bedID, plantID, percentage, staffID) VALUES (225, 3782, 1, 171);
INSERT INTO PlantedIn (bedID, plantID, percentage, staffID) VALUES (338, 217, 2, 37);
INSERT INTO PlantedIn (bedID, plantID, percentage, staffID) VALUES (312, 422, 1, 163);
INSERT INTO PlantedIn (bedID, plantID, percentage, staffID) VALUES (108, 691, 1, 4);
INSERT INTO PlantedIn (bedID, plantID, percentage, staffID) VALUES (103, 178, 4, 88);
INSERT INTO PlantedIn (bedID, plantID, percentage, staffID) VALUES (424, 3482, 3, 104);
INSERT INTO PlantedIn (bedID, plantID, percentage, staffID) VALUES (205, 1791, 1, 153);
INSERT INTO PlantedIn (bedID, plantID, percentage, staffID) VALUES (72, 2461, 3, 186);
INSERT INTO PlantedIn (bedID, plantID, percentage, staffID) VALUES (291, 2884, 2, 171);
INSERT INTO PlantedIn (bedID, plantID, percentage, staffID) VALUES (380, 67, 2, 125);
INSERT INTO PlantedIn (bedID, plantID, percentage, staffID) VALUES (60, 1590, 2, 116);
INSERT INTO PlantedIn (bedID, plantID, percentage, staffID) VALUES (280, 2261, 4, 109);
INSERT INTO PlantedIn (bedID, plantID, percentage, staffID) VALUES (299, 3714, 3, 138);
INSERT INTO PlantedIn (bedID, plantID, percentage, staffID) VALUES (408, 712, 2, 40);
INSERT INTO PlantedIn (bedID, plantID, percentage, staffID) VALUES (307, 3640, 4, 107);
INSERT INTO PlantedIn (bedID, plantID, percentage, staffID) VALUES (274, 1669, 1, 87);
INSERT INTO PlantedIn (bedID, plantID, percentage, staffID) VALUES (85, 1016, 4, 107);
INSERT INTO PlantedIn (bedID, plantID, percentage, staffID) VALUES (133, 518, 2, 90);
INSERT INTO PlantedIn (bedID, plantID, percentage, staffID) VALUES (258, 27, 1, 155);
INSERT INTO PlantedIn (bedID, plantID, percentage, staffID) VALUES (280, 1132, 1, 193);
INSERT INTO PlantedIn (bedID, plantID, percentage, staffID) VALUES (121, 2389, 1, 153);
INSERT INTO PlantedIn (bedID, plantID, percentage, staffID) VALUES (380, 3647, 2, 84);
INSERT INTO PlantedIn (bedID, plantID, percentage, staffID) VALUES (419, 3603, 2, 51);
INSERT INTO PlantedIn (bedID, plantID, percentage, staffID) VALUES (173, 2603, 3, 134);
INSERT INTO PlantedIn (bedID, plantID, percentage, staffID) VALUES (443, 690, 1, 107);
INSERT INTO PlantedIn (bedID, plantID, percentage, staffID) VALUES (148, 3716, 4, 127);
INSERT INTO PlantedIn (bedID, plantID, percentage, staffID) VALUES (319, 3613, 4, 160);
INSERT INTO PlantedIn (bedID, plantID, percentage, staffID) VALUES (262, 2050, 2, 9);
INSERT INTO PlantedIn (bedID, plantID, percentage, staffID) VALUES (225, 1754, 2, 165);
INSERT INTO PlantedIn (bedID, plantID, percentage, staffID) VALUES (183, 205, 3, 168);
INSERT INTO PlantedIn (bedID, plantID, percentage, staffID) VALUES (344, 1853, 3, 60);
INSERT INTO PlantedIn (bedID, plantID, percentage, staffID) VALUES (312, 3142, 4, 180);
INSERT INTO PlantedIn (bedID, plantID, percentage, staffID) VALUES (367, 1935, 3, 169);
INSERT INTO PlantedIn (bedID, plantID, percentage, staffID) VALUES (418, 3165, 3, 62);
INSERT INTO PlantedIn (bedID, plantID, percentage, staffID) VALUES (357, 330, 2, 99);
INSERT INTO PlantedIn (bedID, plantID, percentage, staffID) VALUES (292, 2038, 1, 135);
INSERT INTO PlantedIn (bedID, plantID, percentage, staffID) VALUES (464, 1800, 2, 92);
INSERT INTO PlantedIn (bedID, plantID, percentage, staffID) VALUES (246, 1048, 1, 24);
INSERT INTO PlantedIn (bedID, plantID, percentage, staffID) VALUES (355, 1576, 2, 186);
INSERT INTO PlantedIn (bedID, plantID, percentage, staffID) VALUES (105, 3035, 4, 78);
INSERT INTO PlantedIn (bedID, plantID, percentage, staffID) VALUES (136, 790, 1, 151);
INSERT INTO PlantedIn (bedID, plantID, percentage, staffID) VALUES (11, 155, 4, 148);
INSERT INTO PlantedIn (bedID, plantID, percentage, staffID) VALUES (60, 802, 3, 17);
INSERT INTO PlantedIn (bedID, plantID, percentage, staffID) VALUES (348, 2875, 3, 170);
INSERT INTO PlantedIn (bedID, plantID, percentage, staffID) VALUES (99, 1077, 3, 17);
INSERT INTO PlantedIn (bedID, plantID, percentage, staffID) VALUES (287, 3398, 4, 145);
INSERT INTO PlantedIn (bedID, plantID, percentage, staffID) VALUES (315, 331, 4, 168);
INSERT INTO PlantedIn (bedID, plantID, percentage, staffID) VALUES (138, 2160, 2, 25);
INSERT INTO PlantedIn (bedID, plantID, percentage, staffID) VALUES (284, 3252, 3, 19);
INSERT INTO PlantedIn (bedID, plantID, percentage, staffID) VALUES (23, 665, 4, 95);
INSERT INTO PlantedIn (bedID, plantID, percentage, staffID) VALUES (434, 1139, 1, 102);
INSERT INTO PlantedIn (bedID, plantID, percentage, staffID) VALUES (272, 2244, 1, 174);
INSERT INTO PlantedIn (bedID, plantID, percentage, staffID) VALUES (369, 3187, 2, 87);
INSERT INTO PlantedIn (bedID, plantID, percentage, staffID) VALUES (333, 505, 2, 44);
INSERT INTO PlantedIn (bedID, plantID, percentage, staffID) VALUES (103, 127, 3, 65);
INSERT INTO PlantedIn (bedID, plantID, percentage, staffID) VALUES (280, 1684, 1, 167);
INSERT INTO PlantedIn (bedID, plantID, percentage, staffID) VALUES (131, 3510, 2, 187);
INSERT INTO PlantedIn (bedID, plantID, percentage, staffID) VALUES (38, 1463, 4, 23);
INSERT INTO PlantedIn (bedID, plantID, percentage, staffID) VALUES (319, 2346, 1, 25);
INSERT INTO PlantedIn (bedID, plantID, percentage, staffID) VALUES (89, 3760, 4, 76);
INSERT INTO PlantedIn (bedID, plantID, percentage, staffID) VALUES (378, 3061, 3, 72);
INSERT INTO PlantedIn (bedID, plantID, percentage, staffID) VALUES (437, 2176, 1, 178);
INSERT INTO PlantedIn (bedID, plantID, percentage, staffID) VALUES (282, 722, 1, 132);
INSERT INTO PlantedIn (bedID, plantID, percentage, staffID) VALUES (295, 1787, 4, 77);
INSERT INTO PlantedIn (bedID, plantID, percentage, staffID) VALUES (176, 1125, 2, 46);
INSERT INTO PlantedIn (bedID, plantID, percentage, staffID) VALUES (317, 1288, 2, 91);
INSERT INTO PlantedIn (bedID, plantID, percentage, staffID) VALUES (445, 2188, 1, 121);
INSERT INTO PlantedIn (bedID, plantID, percentage, staffID) VALUES (255, 3703, 2, 20);
INSERT INTO PlantedIn (bedID, plantID, percentage, staffID) VALUES (355, 1721, 3, 171);
INSERT INTO PlantedIn (bedID, plantID, percentage, staffID) VALUES (4, 2727, 3, 166);
INSERT INTO PlantedIn (bedID, plantID, percentage, staffID) VALUES (423, 1754, 3, 162);
INSERT INTO PlantedIn (bedID, plantID, percentage, staffID) VALUES (434, 649, 2, 85);
INSERT INTO PlantedIn (bedID, plantID, percentage, staffID) VALUES (218, 2467, 1, 151);
INSERT INTO PlantedIn (bedID, plantID, percentage, staffID) VALUES (460, 702, 4, 97);
INSERT INTO PlantedIn (bedID, plantID, percentage, staffID) VALUES (354, 231, 2, 8);
INSERT INTO PlantedIn (bedID, plantID, percentage, staffID) VALUES (9, 513, 4, 128);
INSERT INTO PlantedIn (bedID, plantID, percentage, staffID) VALUES (274, 1776, 3, 90);
INSERT INTO PlantedIn (bedID, plantID, percentage, staffID) VALUES (79, 962, 1, 39);
INSERT INTO PlantedIn (bedID, plantID, percentage, staffID) VALUES (333, 3788, 3, 117);
INSERT INTO PlantedIn (bedID, plantID, percentage, staffID) VALUES (70, 3809, 3, 185);
INSERT INTO PlantedIn (bedID, plantID, percentage, staffID) VALUES (295, 2474, 3, 150);
INSERT INTO PlantedIn (bedID, plantID, percentage, staffID) VALUES (389, 795, 3, 104);
INSERT INTO PlantedIn (bedID, plantID, percentage, staffID) VALUES (126, 2106, 2, 175);
INSERT INTO PlantedIn (bedID, plantID, percentage, staffID) VALUES (321, 1849, 2, 11);
INSERT INTO PlantedIn (bedID, plantID, percentage, staffID) VALUES (444, 1888, 1, 172);
INSERT INTO PlantedIn (bedID, plantID, percentage, staffID) VALUES (5, 2828, 1, 12);
INSERT INTO PlantedIn (bedID, plantID, percentage, staffID) VALUES (340, 3718, 2, 156);
INSERT INTO PlantedIn (bedID, plantID, percentage, staffID) VALUES (285, 1929, 2, 191);
INSERT INTO PlantedIn (bedID, plantID, percentage, staffID) VALUES (467, 3279, 3, 52);
INSERT INTO PlantedIn (bedID, plantID, percentage, staffID) VALUES (155, 1168, 2, 188);
INSERT INTO PlantedIn (bedID, plantID, percentage, staffID) VALUES (374, 2935, 3, 75);
INSERT INTO PlantedIn (bedID, plantID, percentage, staffID) VALUES (467, 2786, 3, 65);
INSERT INTO PlantedIn (bedID, plantID, percentage, staffID) VALUES (104, 971, 4, 3);
INSERT INTO PlantedIn (bedID, plantID, percentage, staffID) VALUES (328, 17, 3, 183);
INSERT INTO PlantedIn (bedID, plantID, percentage, staffID) VALUES (404, 568, 1, 70);
INSERT INTO PlantedIn (bedID, plantID, percentage, staffID) VALUES (213, 1005, 1, 91);
INSERT INTO PlantedIn (bedID, plantID, percentage, staffID) VALUES (10, 3132, 4, 157);
INSERT INTO PlantedIn (bedID, plantID, percentage, staffID) VALUES (160, 2838, 3, 124);
INSERT INTO PlantedIn (bedID, plantID, percentage, staffID) VALUES (359, 2181, 3, 117);
INSERT INTO PlantedIn (bedID, plantID, percentage, staffID) VALUES (135, 3430, 3, 69);
INSERT INTO PlantedIn (bedID, plantID, percentage, staffID) VALUES (66, 1336, 4, 88);
INSERT INTO PlantedIn (bedID, plantID, percentage, staffID) VALUES (166, 1251, 1, 104);
INSERT INTO PlantedIn (bedID, plantID, percentage, staffID) VALUES (223, 3287, 4, 78);
INSERT INTO PlantedIn (bedID, plantID, percentage, staffID) VALUES (301, 3577, 4, 192);
INSERT INTO PlantedIn (bedID, plantID, percentage, staffID) VALUES (312, 2109, 2, 116);
INSERT INTO PlantedIn (bedID, plantID, percentage, staffID) VALUES (52, 539, 2, 34);
INSERT INTO PlantedIn (bedID, plantID, percentage, staffID) VALUES (13, 1923, 1, 184);
INSERT INTO PlantedIn (bedID, plantID, percentage, staffID) VALUES (309, 1950, 1, 81);
INSERT INTO PlantedIn (bedID, plantID, percentage, staffID) VALUES (168, 2999, 2, 9);
INSERT INTO PlantedIn (bedID, plantID, percentage, staffID) VALUES (284, 773, 1, 122);
INSERT INTO PlantedIn (bedID, plantID, percentage, staffID) VALUES (60, 2060, 4, 43);
INSERT INTO PlantedIn (bedID, plantID, percentage, staffID) VALUES (38, 2996, 1, 42);
INSERT INTO PlantedIn (bedID, plantID, percentage, staffID) VALUES (433, 1416, 4, 119);
INSERT INTO PlantedIn (bedID, plantID, percentage, staffID) VALUES (409, 1867, 3, 22);
INSERT INTO PlantedIn (bedID, plantID, percentage, staffID) VALUES (384, 392, 2, 184);
INSERT INTO PlantedIn (bedID, plantID, percentage, staffID) VALUES (287, 1137, 4, 120);
INSERT INTO PlantedIn (bedID, plantID, percentage, staffID) VALUES (34, 2427, 3, 87);
INSERT INTO PlantedIn (bedID, plantID, percentage, staffID) VALUES (392, 79, 4, 185);
INSERT INTO PlantedIn (bedID, plantID, percentage, staffID) VALUES (262, 435, 3, 151);
INSERT INTO PlantedIn (bedID, plantID, percentage, staffID) VALUES (420, 3633, 4, 168);
INSERT INTO PlantedIn (bedID, plantID, percentage, staffID) VALUES (145, 1560, 1, 152);
INSERT INTO PlantedIn (bedID, plantID, percentage, staffID) VALUES (420, 3277, 3, 179);
INSERT INTO PlantedIn (bedID, plantID, percentage, staffID) VALUES (449, 2999, 3, 34);
INSERT INTO PlantedIn (bedID, plantID, percentage, staffID) VALUES (34, 2893, 1, 106);
INSERT INTO PlantedIn (bedID, plantID, percentage, staffID) VALUES (178, 3637, 1, 166);
INSERT INTO PlantedIn (bedID, plantID, percentage, staffID) VALUES (455, 2766, 3, 32);
INSERT INTO PlantedIn (bedID, plantID, percentage, staffID) VALUES (392, 3456, 3, 30);
INSERT INTO PlantedIn (bedID, plantID, percentage, staffID) VALUES (395, 3735, 1, 106);
INSERT INTO PlantedIn (bedID, plantID, percentage, staffID) VALUES (175, 1000, 2, 64);
INSERT INTO PlantedIn (bedID, plantID, percentage, staffID) VALUES (456, 449, 1, 125);
INSERT INTO PlantedIn (bedID, plantID, percentage, staffID) VALUES (409, 484, 1, 36);
INSERT INTO PlantedIn (bedID, plantID, percentage, staffID) VALUES (32, 3798, 1, 91);
INSERT INTO PlantedIn (bedID, plantID, percentage, staffID) VALUES (331, 2324, 3, 111);
INSERT INTO PlantedIn (bedID, plantID, percentage, staffID) VALUES (235, 2659, 2, 50);
INSERT INTO PlantedIn (bedID, plantID, percentage, staffID) VALUES (310, 2929, 1, 96);
INSERT INTO PlantedIn (bedID, plantID, percentage, staffID) VALUES (8, 3013, 1, 58);
INSERT INTO PlantedIn (bedID, plantID, percentage, staffID) VALUES (457, 903, 4, 37);
INSERT INTO PlantedIn (bedID, plantID, percentage, staffID) VALUES (433, 517, 4, 93);
INSERT INTO PlantedIn (bedID, plantID, percentage, staffID) VALUES (56, 3473, 4, 2);
INSERT INTO PlantedIn (bedID, plantID, percentage, staffID) VALUES (237, 2119, 4, 70);
INSERT INTO PlantedIn (bedID, plantID, percentage, staffID) VALUES (112, 2248, 4, 67);
INSERT INTO PlantedIn (bedID, plantID, percentage, staffID) VALUES (161, 3065, 2, 187);
INSERT INTO PlantedIn (bedID, plantID, percentage, staffID) VALUES (271, 747, 3, 98);
INSERT INTO PlantedIn (bedID, plantID, percentage, staffID) VALUES (202, 2540, 4, 96);
INSERT INTO PlantedIn (bedID, plantID, percentage, staffID) VALUES (266, 1717, 3, 70);
INSERT INTO PlantedIn (bedID, plantID, percentage, staffID) VALUES (163, 1335, 4, 101);
INSERT INTO PlantedIn (bedID, plantID, percentage, staffID) VALUES (423, 3221, 1, 171);
INSERT INTO PlantedIn (bedID, plantID, percentage, staffID) VALUES (197, 621, 4, 4);
INSERT INTO PlantedIn (bedID, plantID, percentage, staffID) VALUES (451, 3606, 3, 23);
INSERT INTO PlantedIn (bedID, plantID, percentage, staffID) VALUES (60, 2275, 3, 14);
INSERT INTO PlantedIn (bedID, plantID, percentage, staffID) VALUES (117, 2055, 3, 68);
INSERT INTO PlantedIn (bedID, plantID, percentage, staffID) VALUES (455, 1232, 3, 11);
INSERT INTO PlantedIn (bedID, plantID, percentage, staffID) VALUES (361, 1503, 1, 41);
INSERT INTO PlantedIn (bedID, plantID, percentage, staffID) VALUES (348, 2682, 3, 194);
INSERT INTO PlantedIn (bedID, plantID, percentage, staffID) VALUES (250, 3031, 4, 155);
INSERT INTO PlantedIn (bedID, plantID, percentage, staffID) VALUES (447, 3002, 4, 143);
INSERT INTO PlantedIn (bedID, plantID, percentage, staffID) VALUES (336, 3116, 4, 87);
INSERT INTO PlantedIn (bedID, plantID, percentage, staffID) VALUES (187, 1887, 3, 80);
INSERT INTO PlantedIn (bedID, plantID, percentage, staffID) VALUES (10, 2772, 4, 68);
INSERT INTO PlantedIn (bedID, plantID, percentage, staffID) VALUES (17, 1474, 4, 103);
INSERT INTO PlantedIn (bedID, plantID, percentage, staffID) VALUES (365, 2716, 3, 185);
INSERT INTO PlantedIn (bedID, plantID, percentage, staffID) VALUES (188, 3287, 4, 27);
INSERT INTO PlantedIn (bedID, plantID, percentage, staffID) VALUES (301, 3437, 3, 177);
INSERT INTO PlantedIn (bedID, plantID, percentage, staffID) VALUES (315, 2171, 2, 98);
INSERT INTO PlantedIn (bedID, plantID, percentage, staffID) VALUES (174, 3482, 4, 44);
INSERT INTO PlantedIn (bedID, plantID, percentage, staffID) VALUES (184, 2317, 2, 83);
INSERT INTO PlantedIn (bedID, plantID, percentage, staffID) VALUES (150, 2835, 2, 80);
INSERT INTO PlantedIn (bedID, plantID, percentage, staffID) VALUES (55, 3440, 4, 31);
INSERT INTO PlantedIn (bedID, plantID, percentage, staffID) VALUES (281, 206, 4, 80);
INSERT INTO PlantedIn (bedID, plantID, percentage, staffID) VALUES (428, 2013, 3, 187);
INSERT INTO PlantedIn (bedID, plantID, percentage, staffID) VALUES (194, 3006, 1, 24);
INSERT INTO PlantedIn (bedID, plantID, percentage, staffID) VALUES (161, 2296, 3, 92);
INSERT INTO PlantedIn (bedID, plantID, percentage, staffID) VALUES (235, 2557, 4, 96);
INSERT INTO PlantedIn (bedID, plantID, percentage, staffID) VALUES (124, 3368, 3, 60);
INSERT INTO PlantedIn (bedID, plantID, percentage, staffID) VALUES (287, 2629, 3, 190);
INSERT INTO PlantedIn (bedID, plantID, percentage, staffID) VALUES (270, 306, 1, 124);
INSERT INTO PlantedIn (bedID, plantID, percentage, staffID) VALUES (63, 3837, 1, 31);
INSERT INTO PlantedIn (bedID, plantID, percentage, staffID) VALUES (243, 246, 4, 118);
INSERT INTO PlantedIn (bedID, plantID, percentage, staffID) VALUES (135, 1735, 4, 182);
INSERT INTO PlantedIn (bedID, plantID, percentage, staffID) VALUES (53, 1379, 2, 136);
INSERT INTO PlantedIn (bedID, plantID, percentage, staffID) VALUES (108, 3692, 4, 194);
INSERT INTO PlantedIn (bedID, plantID, percentage, staffID) VALUES (301, 3391, 1, 113);
INSERT INTO PlantedIn (bedID, plantID, percentage, staffID) VALUES (453, 603, 1, 76);
INSERT INTO PlantedIn (bedID, plantID, percentage, staffID) VALUES (71, 2006, 3, 26);
INSERT INTO PlantedIn (bedID, plantID, percentage, staffID) VALUES (276, 2697, 2, 120);
INSERT INTO PlantedIn (bedID, plantID, percentage, staffID) VALUES (184, 2253, 3, 124);
INSERT INTO PlantedIn (bedID, plantID, percentage, staffID) VALUES (15, 1903, 1, 93);
INSERT INTO PlantedIn (bedID, plantID, percentage, staffID) VALUES (402, 447, 1, 105);
INSERT INTO PlantedIn (bedID, plantID, percentage, staffID) VALUES (34, 1782, 3, 186);
INSERT INTO PlantedIn (bedID, plantID, percentage, staffID) VALUES (160, 1785, 2, 186);
INSERT INTO PlantedIn (bedID, plantID, percentage, staffID) VALUES (293, 1078, 4, 79);
INSERT INTO PlantedIn (bedID, plantID, percentage, staffID) VALUES (378, 1959, 2, 88);
INSERT INTO PlantedIn (bedID, plantID, percentage, staffID) VALUES (97, 50, 3, 165);
INSERT INTO PlantedIn (bedID, plantID, percentage, staffID) VALUES (282, 1582, 3, 55);
INSERT INTO PlantedIn (bedID, plantID, percentage, staffID) VALUES (427, 2779, 4, 157);
INSERT INTO PlantedIn (bedID, plantID, percentage, staffID) VALUES (395, 1087, 4, 169);
INSERT INTO PlantedIn (bedID, plantID, percentage, staffID) VALUES (351, 2851, 1, 125);
INSERT INTO PlantedIn (bedID, plantID, percentage, staffID) VALUES (95, 2018, 4, 77);
INSERT INTO PlantedIn (bedID, plantID, percentage, staffID) VALUES (379, 2926, 3, 119);
INSERT INTO PlantedIn (bedID, plantID, percentage, staffID) VALUES (12, 3029, 3, 13);
INSERT INTO PlantedIn (bedID, plantID, percentage, staffID) VALUES (92, 1266, 1, 51);
INSERT INTO PlantedIn (bedID, plantID, percentage, staffID) VALUES (22, 57, 4, 173);
INSERT INTO PlantedIn (bedID, plantID, percentage, staffID) VALUES (140, 2599, 1, 161);
INSERT INTO PlantedIn (bedID, plantID, percentage, staffID) VALUES (194, 1534, 3, 25);
INSERT INTO PlantedIn (bedID, plantID, percentage, staffID) VALUES (435, 1902, 3, 87);
INSERT INTO PlantedIn (bedID, plantID, percentage, staffID) VALUES (118, 36, 3, 65);
INSERT INTO PlantedIn (bedID, plantID, percentage, staffID) VALUES (39, 165, 2, 136);
INSERT INTO PlantedIn (bedID, plantID, percentage, staffID) VALUES (176, 3515, 2, 76);
INSERT INTO PlantedIn (bedID, plantID, percentage, staffID) VALUES (438, 823, 1, 61);
INSERT INTO PlantedIn (bedID, plantID, percentage, staffID) VALUES (419, 320, 2, 53);
INSERT INTO PlantedIn (bedID, plantID, percentage, staffID) VALUES (227, 1452, 2, 185);
INSERT INTO PlantedIn (bedID, plantID, percentage, staffID) VALUES (411, 1277, 1, 25);
INSERT INTO PlantedIn (bedID, plantID, percentage, staffID) VALUES (161, 1687, 2, 129);
INSERT INTO PlantedIn (bedID, plantID, percentage, staffID) VALUES (348, 2361, 4, 83);
INSERT INTO PlantedIn (bedID, plantID, percentage, staffID) VALUES (309, 259, 1, 19);
INSERT INTO PlantedIn (bedID, plantID, percentage, staffID) VALUES (462, 1767, 4, 90);
INSERT INTO PlantedIn (bedID, plantID, percentage, staffID) VALUES (317, 2846, 3, 25);
INSERT INTO PlantedIn (bedID, plantID, percentage, staffID) VALUES (388, 1461, 2, 174);
INSERT INTO PlantedIn (bedID, plantID, percentage, staffID) VALUES (357, 2916, 3, 143);
INSERT INTO PlantedIn (bedID, plantID, percentage, staffID) VALUES (40, 3149, 2, 151);
INSERT INTO PlantedIn (bedID, plantID, percentage, staffID) VALUES (119, 1419, 4, 160);
INSERT INTO PlantedIn (bedID, plantID, percentage, staffID) VALUES (463, 722, 3, 164);
INSERT INTO PlantedIn (bedID, plantID, percentage, staffID) VALUES (120, 3438, 1, 134);
INSERT INTO PlantedIn (bedID, plantID, percentage, staffID) VALUES (164, 361, 1, 27);
INSERT INTO PlantedIn (bedID, plantID, percentage, staffID) VALUES (393, 968, 3, 117);
INSERT INTO PlantedIn (bedID, plantID, percentage, staffID) VALUES (298, 1630, 2, 194);
INSERT INTO PlantedIn (bedID, plantID, percentage, staffID) VALUES (84, 2488, 2, 1);
INSERT INTO PlantedIn (bedID, plantID, percentage, staffID) VALUES (217, 2860, 3, 140);
INSERT INTO PlantedIn (bedID, plantID, percentage, staffID) VALUES (51, 1806, 1, 142);
INSERT INTO PlantedIn (bedID, plantID, percentage, staffID) VALUES (310, 1913, 4, 146);
INSERT INTO PlantedIn (bedID, plantID, percentage, staffID) VALUES (182, 1425, 3, 28);
INSERT INTO PlantedIn (bedID, plantID, percentage, staffID) VALUES (219, 1032, 2, 153);
INSERT INTO PlantedIn (bedID, plantID, percentage, staffID) VALUES (245, 1232, 1, 192);
INSERT INTO PlantedIn (bedID, plantID, percentage, staffID) VALUES (351, 3428, 4, 108);
INSERT INTO PlantedIn (bedID, plantID, percentage, staffID) VALUES (251, 2045, 4, 36);
INSERT INTO PlantedIn (bedID, plantID, percentage, staffID) VALUES (128, 3326, 2, 143);
INSERT INTO PlantedIn (bedID, plantID, percentage, staffID) VALUES (155, 1519, 4, 94);
INSERT INTO PlantedIn (bedID, plantID, percentage, staffID) VALUES (420, 674, 2, 182);
INSERT INTO PlantedIn (bedID, plantID, percentage, staffID) VALUES (257, 98, 1, 1);
INSERT INTO PlantedIn (bedID, plantID, percentage, staffID) VALUES (139, 2900, 4, 61);
INSERT INTO PlantedIn (bedID, plantID, percentage, staffID) VALUES (59, 1860, 3, 148);
INSERT INTO PlantedIn (bedID, plantID, percentage, staffID) VALUES (5, 3486, 2, 132);
INSERT INTO PlantedIn (bedID, plantID, percentage, staffID) VALUES (361, 1318, 1, 134);
INSERT INTO PlantedIn (bedID, plantID, percentage, staffID) VALUES (348, 440, 3, 15);
INSERT INTO PlantedIn (bedID, plantID, percentage, staffID) VALUES (137, 3707, 4, 183);
INSERT INTO PlantedIn (bedID, plantID, percentage, staffID) VALUES (466, 3465, 2, 171);
INSERT INTO PlantedIn (bedID, plantID, percentage, staffID) VALUES (306, 511, 3, 18);
INSERT INTO PlantedIn (bedID, plantID, percentage, staffID) VALUES (175, 154, 2, 108);
INSERT INTO PlantedIn (bedID, plantID, percentage, staffID) VALUES (247, 967, 3, 30);
INSERT INTO PlantedIn (bedID, plantID, percentage, staffID) VALUES (72, 3042, 4, 166);
INSERT INTO PlantedIn (bedID, plantID, percentage, staffID) VALUES (61, 1794, 4, 1);
INSERT INTO PlantedIn (bedID, plantID, percentage, staffID) VALUES (274, 288, 4, 99);
INSERT INTO PlantedIn (bedID, plantID, percentage, staffID) VALUES (16, 1456, 1, 143);
INSERT INTO PlantedIn (bedID, plantID, percentage, staffID) VALUES (130, 2060, 4, 60);
INSERT INTO PlantedIn (bedID, plantID, percentage, staffID) VALUES (315, 1466, 1, 130);
INSERT INTO PlantedIn (bedID, plantID, percentage, staffID) VALUES (199, 618, 4, 107);
INSERT INTO PlantedIn (bedID, plantID, percentage, staffID) VALUES (194, 2585, 3, 97);
INSERT INTO PlantedIn (bedID, plantID, percentage, staffID) VALUES (216, 1087, 3, 98);
INSERT INTO PlantedIn (bedID, plantID, percentage, staffID) VALUES (353, 1855, 2, 91);
INSERT INTO PlantedIn (bedID, plantID, percentage, staffID) VALUES (263, 3586, 3, 39);
INSERT INTO PlantedIn (bedID, plantID, percentage, staffID) VALUES (144, 3424, 3, 124);
INSERT INTO PlantedIn (bedID, plantID, percentage, staffID) VALUES (199, 3476, 1, 102);
INSERT INTO PlantedIn (bedID, plantID, percentage, staffID) VALUES (132, 512, 3, 24);
INSERT INTO PlantedIn (bedID, plantID, percentage, staffID) VALUES (139, 2476, 3, 131);
INSERT INTO PlantedIn (bedID, plantID, percentage, staffID) VALUES (147, 420, 4, 54);
INSERT INTO PlantedIn (bedID, plantID, percentage, staffID) VALUES (185, 2862, 1, 71);
INSERT INTO PlantedIn (bedID, plantID, percentage, staffID) VALUES (105, 3064, 4, 94);
INSERT INTO PlantedIn (bedID, plantID, percentage, staffID) VALUES (341, 2500, 1, 74);
INSERT INTO PlantedIn (bedID, plantID, percentage, staffID) VALUES (252, 3742, 4, 123);
INSERT INTO PlantedIn (bedID, plantID, percentage, staffID) VALUES (411, 384, 1, 8);
INSERT INTO PlantedIn (bedID, plantID, percentage, staffID) VALUES (110, 584, 3, 172);
INSERT INTO PlantedIn (bedID, plantID, percentage, staffID) VALUES (375, 1858, 1, 47);
INSERT INTO PlantedIn (bedID, plantID, percentage, staffID) VALUES (279, 1896, 4, 177);
INSERT INTO PlantedIn (bedID, plantID, percentage, staffID) VALUES (110, 824, 2, 24);
INSERT INTO PlantedIn (bedID, plantID, percentage, staffID) VALUES (3, 2208, 3, 46);
INSERT INTO PlantedIn (bedID, plantID, percentage, staffID) VALUES (103, 2273, 4, 154);
INSERT INTO PlantedIn (bedID, plantID, percentage, staffID) VALUES (263, 1366, 2, 144);
INSERT INTO PlantedIn (bedID, plantID, percentage, staffID) VALUES (215, 2843, 3, 117);
INSERT INTO PlantedIn (bedID, plantID, percentage, staffID) VALUES (420, 1592, 3, 43);
INSERT INTO PlantedIn (bedID, plantID, percentage, staffID) VALUES (423, 1679, 2, 159);
INSERT INTO PlantedIn (bedID, plantID, percentage, staffID) VALUES (438, 2489, 1, 94);
INSERT INTO PlantedIn (bedID, plantID, percentage, staffID) VALUES (406, 2217, 4, 124);
INSERT INTO PlantedIn (bedID, plantID, percentage, staffID) VALUES (69, 3215, 2, 121);
INSERT INTO PlantedIn (bedID, plantID, percentage, staffID) VALUES (199, 1316, 4, 23);
INSERT INTO PlantedIn (bedID, plantID, percentage, staffID) VALUES (329, 3144, 1, 82);
INSERT INTO PlantedIn (bedID, plantID, percentage, staffID) VALUES (260, 3738, 2, 170);
INSERT INTO PlantedIn (bedID, plantID, percentage, staffID) VALUES (180, 150, 2, 24);
INSERT INTO PlantedIn (bedID, plantID, percentage, staffID) VALUES (224, 3448, 2, 154);
INSERT INTO PlantedIn (bedID, plantID, percentage, staffID) VALUES (254, 823, 2, 113);
INSERT INTO PlantedIn (bedID, plantID, percentage, staffID) VALUES (372, 615, 4, 53);
INSERT INTO PlantedIn (bedID, plantID, percentage, staffID) VALUES (469, 3266, 2, 60);
INSERT INTO PlantedIn (bedID, plantID, percentage, staffID) VALUES (88, 1569, 4, 79);
INSERT INTO PlantedIn (bedID, plantID, percentage, staffID) VALUES (104, 3029, 4, 6);
INSERT INTO PlantedIn (bedID, plantID, percentage, staffID) VALUES (356, 3307, 1, 42);
INSERT INTO PlantedIn (bedID, plantID, percentage, staffID) VALUES (423, 1226, 2, 82);
INSERT INTO PlantedIn (bedID, plantID, percentage, staffID) VALUES (99, 594, 3, 157);
INSERT INTO PlantedIn (bedID, plantID, percentage, staffID) VALUES (174, 1228, 1, 29);
INSERT INTO PlantedIn (bedID, plantID, percentage, staffID) VALUES (226, 1520, 2, 18);
INSERT INTO PlantedIn (bedID, plantID, percentage, staffID) VALUES (113, 1458, 2, 180);
INSERT INTO PlantedIn (bedID, plantID, percentage, staffID) VALUES (371, 1017, 1, 62);
INSERT INTO PlantedIn (bedID, plantID, percentage, staffID) VALUES (23, 1263, 4, 158);
INSERT INTO PlantedIn (bedID, plantID, percentage, staffID) VALUES (87, 3764, 1, 190);
INSERT INTO PlantedIn (bedID, plantID, percentage, staffID) VALUES (138, 1266, 3, 91);
INSERT INTO PlantedIn (bedID, plantID, percentage, staffID) VALUES (228, 804, 4, 50);
INSERT INTO PlantedIn (bedID, plantID, percentage, staffID) VALUES (367, 324, 1, 96);
INSERT INTO PlantedIn (bedID, plantID, percentage, staffID) VALUES (219, 1343, 1, 90);
INSERT INTO PlantedIn (bedID, plantID, percentage, staffID) VALUES (289, 2856, 3, 51);
INSERT INTO PlantedIn (bedID, plantID, percentage, staffID) VALUES (31, 63, 1, 93);
INSERT INTO PlantedIn (bedID, plantID, percentage, staffID) VALUES (469, 1472, 2, 67);
INSERT INTO PlantedIn (bedID, plantID, percentage, staffID) VALUES (335, 2965, 1, 160);
INSERT INTO PlantedIn (bedID, plantID, percentage, staffID) VALUES (462, 101, 3, 8);
INSERT INTO PlantedIn (bedID, plantID, percentage, staffID) VALUES (194, 141, 1, 103);
INSERT INTO PlantedIn (bedID, plantID, percentage, staffID) VALUES (57, 3762, 3, 41);
INSERT INTO PlantedIn (bedID, plantID, percentage, staffID) VALUES (152, 2455, 4, 169);
INSERT INTO PlantedIn (bedID, plantID, percentage, staffID) VALUES (177, 274, 2, 120);
INSERT INTO PlantedIn (bedID, plantID, percentage, staffID) VALUES (42, 163, 1, 141);
INSERT INTO PlantedIn (bedID, plantID, percentage, staffID) VALUES (200, 42, 1, 74);
INSERT INTO PlantedIn (bedID, plantID, percentage, staffID) VALUES (368, 538, 4, 66);
INSERT INTO PlantedIn (bedID, plantID, percentage, staffID) VALUES (79, 1377, 3, 52);
INSERT INTO PlantedIn (bedID, plantID, percentage, staffID) VALUES (186, 2926, 3, 155);
INSERT INTO PlantedIn (bedID, plantID, percentage, staffID) VALUES (346, 3695, 1, 20);
INSERT INTO PlantedIn (bedID, plantID, percentage, staffID) VALUES (468, 2201, 1, 83);
INSERT INTO PlantedIn (bedID, plantID, percentage, staffID) VALUES (290, 351, 1, 32);
INSERT INTO PlantedIn (bedID, plantID, percentage, staffID) VALUES (48, 1977, 4, 34);
INSERT INTO PlantedIn (bedID, plantID, percentage, staffID) VALUES (308, 1874, 4, 129);
INSERT INTO PlantedIn (bedID, plantID, percentage, staffID) VALUES (398, 3423, 1, 80);
INSERT INTO PlantedIn (bedID, plantID, percentage, staffID) VALUES (304, 567, 2, 153);
INSERT INTO PlantedIn (bedID, plantID, percentage, staffID) VALUES (49, 3244, 3, 87);
INSERT INTO PlantedIn (bedID, plantID, percentage, staffID) VALUES (359, 1564, 3, 135);
INSERT INTO PlantedIn (bedID, plantID, percentage, staffID) VALUES (461, 239, 3, 168);
INSERT INTO PlantedIn (bedID, plantID, percentage, staffID) VALUES (73, 3775, 2, 127);
INSERT INTO PlantedIn (bedID, plantID, percentage, staffID) VALUES (231, 3029, 1, 28);
INSERT INTO PlantedIn (bedID, plantID, percentage, staffID) VALUES (308, 1325, 2, 70);
INSERT INTO PlantedIn (bedID, plantID, percentage, staffID) VALUES (232, 341, 3, 136);
INSERT INTO PlantedIn (bedID, plantID, percentage, staffID) VALUES (439, 341, 3, 59);
INSERT INTO PlantedIn (bedID, plantID, percentage, staffID) VALUES (234, 3646, 2, 89);
INSERT INTO PlantedIn (bedID, plantID, percentage, staffID) VALUES (3, 986, 1, 11);
INSERT INTO PlantedIn (bedID, plantID, percentage, staffID) VALUES (110, 2591, 3, 84);
INSERT INTO PlantedIn (bedID, plantID, percentage, staffID) VALUES (215, 2100, 3, 176);
INSERT INTO PlantedIn (bedID, plantID, percentage, staffID) VALUES (146, 3138, 4, 170);
INSERT INTO PlantedIn (bedID, plantID, percentage, staffID) VALUES (74, 672, 3, 52);
INSERT INTO PlantedIn (bedID, plantID, percentage, staffID) VALUES (124, 3540, 1, 49);
INSERT INTO PlantedIn (bedID, plantID, percentage, staffID) VALUES (2, 2015, 2, 179);
INSERT INTO PlantedIn (bedID, plantID, percentage, staffID) VALUES (266, 56, 4, 128);
INSERT INTO PlantedIn (bedID, plantID, percentage, staffID) VALUES (324, 142, 1, 105);
INSERT INTO PlantedIn (bedID, plantID, percentage, staffID) VALUES (275, 1432, 4, 176);
INSERT INTO PlantedIn (bedID, plantID, percentage, staffID) VALUES (87, 2677, 2, 173);
INSERT INTO PlantedIn (bedID, plantID, percentage, staffID) VALUES (6, 838, 1, 65);
INSERT INTO PlantedIn (bedID, plantID, percentage, staffID) VALUES (350, 741, 1, 105);
INSERT INTO PlantedIn (bedID, plantID, percentage, staffID) VALUES (236, 1839, 1, 137);
INSERT INTO PlantedIn (bedID, plantID, percentage, staffID) VALUES (232, 1150, 1, 174);
INSERT INTO PlantedIn (bedID, plantID, percentage, staffID) VALUES (158, 1407, 4, 64);
INSERT INTO PlantedIn (bedID, plantID, percentage, staffID) VALUES (348, 675, 4, 164);
INSERT INTO PlantedIn (bedID, plantID, percentage, staffID) VALUES (411, 2500, 3, 52);
INSERT INTO PlantedIn (bedID, plantID, percentage, staffID) VALUES (352, 906, 4, 176);
INSERT INTO PlantedIn (bedID, plantID, percentage, staffID) VALUES (214, 691, 1, 158);
INSERT INTO PlantedIn (bedID, plantID, percentage, staffID) VALUES (176, 1094, 4, 80);
INSERT INTO PlantedIn (bedID, plantID, percentage, staffID) VALUES (359, 242, 1, 190);
INSERT INTO PlantedIn (bedID, plantID, percentage, staffID) VALUES (171, 3008, 3, 87);
INSERT INTO PlantedIn (bedID, plantID, percentage, staffID) VALUES (68, 2850, 4, 124);
INSERT INTO PlantedIn (bedID, plantID, percentage, staffID) VALUES (432, 1580, 4, 162);
INSERT INTO PlantedIn (bedID, plantID, percentage, staffID) VALUES (27, 180, 4, 105);
INSERT INTO PlantedIn (bedID, plantID, percentage, staffID) VALUES (133, 1445, 3, 113);
INSERT INTO PlantedIn (bedID, plantID, percentage, staffID) VALUES (262, 1249, 4, 188);
INSERT INTO PlantedIn (bedID, plantID, percentage, staffID) VALUES (287, 1204, 2, 162);
INSERT INTO PlantedIn (bedID, plantID, percentage, staffID) VALUES (177, 2771, 3, 126);
INSERT INTO PlantedIn (bedID, plantID, percentage, staffID) VALUES (235, 144, 3, 88);
INSERT INTO PlantedIn (bedID, plantID, percentage, staffID) VALUES (367, 135, 3, 105);
INSERT INTO PlantedIn (bedID, plantID, percentage, staffID) VALUES (210, 1185, 2, 95);
INSERT INTO PlantedIn (bedID, plantID, percentage, staffID) VALUES (167, 3779, 3, 61);
INSERT INTO PlantedIn (bedID, plantID, percentage, staffID) VALUES (167, 3283, 4, 75);
INSERT INTO PlantedIn (bedID, plantID, percentage, staffID) VALUES (283, 2384, 4, 30);
INSERT INTO PlantedIn (bedID, plantID, percentage, staffID) VALUES (158, 2922, 4, 144);
INSERT INTO PlantedIn (bedID, plantID, percentage, staffID) VALUES (376, 510, 3, 95);
INSERT INTO PlantedIn (bedID, plantID, percentage, staffID) VALUES (79, 3785, 3, 52);
INSERT INTO PlantedIn (bedID, plantID, percentage, staffID) VALUES (136, 2779, 3, 23);
INSERT INTO PlantedIn (bedID, plantID, percentage, staffID) VALUES (330, 1569, 1, 56);
INSERT INTO PlantedIn (bedID, plantID, percentage, staffID) VALUES (437, 3006, 3, 42);
INSERT INTO PlantedIn (bedID, plantID, percentage, staffID) VALUES (187, 1343, 3, 101);
INSERT INTO PlantedIn (bedID, plantID, percentage, staffID) VALUES (49, 754, 4, 114);
INSERT INTO PlantedIn (bedID, plantID, percentage, staffID) VALUES (155, 84, 2, 95);
INSERT INTO PlantedIn (bedID, plantID, percentage, staffID) VALUES (1, 2771, 2, 22);
INSERT INTO PlantedIn (bedID, plantID, percentage, staffID) VALUES (207, 823, 1, 189);
INSERT INTO PlantedIn (bedID, plantID, percentage, staffID) VALUES (293, 764, 4, 37);
INSERT INTO PlantedIn (bedID, plantID, percentage, staffID) VALUES (395, 507, 4, 62);
INSERT INTO PlantedIn (bedID, plantID, percentage, staffID) VALUES (430, 1953, 2, 57);
INSERT INTO PlantedIn (bedID, plantID, percentage, staffID) VALUES (404, 2968, 4, 7);
INSERT INTO PlantedIn (bedID, plantID, percentage, staffID) VALUES (456, 2268, 2, 174);
INSERT INTO PlantedIn (bedID, plantID, percentage, staffID) VALUES (288, 1220, 3, 160);
INSERT INTO PlantedIn (bedID, plantID, percentage, staffID) VALUES (16, 3428, 2, 183);
INSERT INTO PlantedIn (bedID, plantID, percentage, staffID) VALUES (48, 3172, 3, 123);
INSERT INTO PlantedIn (bedID, plantID, percentage, staffID) VALUES (9, 3014, 4, 121);
INSERT INTO PlantedIn (bedID, plantID, percentage, staffID) VALUES (431, 3447, 4, 125);
INSERT INTO PlantedIn (bedID, plantID, percentage, staffID) VALUES (188, 3432, 1, 25);
INSERT INTO PlantedIn (bedID, plantID, percentage, staffID) VALUES (311, 592, 3, 42);
INSERT INTO PlantedIn (bedID, plantID, percentage, staffID) VALUES (350, 223, 2, 186);
INSERT INTO PlantedIn (bedID, plantID, percentage, staffID) VALUES (274, 3296, 3, 179);
INSERT INTO PlantedIn (bedID, plantID, percentage, staffID) VALUES (319, 1829, 3, 81);
INSERT INTO PlantedIn (bedID, plantID, percentage, staffID) VALUES (120, 3817, 1, 112);
INSERT INTO PlantedIn (bedID, plantID, percentage, staffID) VALUES (21, 409, 3, 108);
INSERT INTO PlantedIn (bedID, plantID, percentage, staffID) VALUES (123, 2826, 4, 65);
INSERT INTO PlantedIn (bedID, plantID, percentage, staffID) VALUES (373, 872, 1, 71);
INSERT INTO PlantedIn (bedID, plantID, percentage, staffID) VALUES (434, 1174, 2, 116);
INSERT INTO PlantedIn (bedID, plantID, percentage, staffID) VALUES (74, 1700, 4, 36);
INSERT INTO PlantedIn (bedID, plantID, percentage, staffID) VALUES (432, 2201, 1, 107);
INSERT INTO PlantedIn (bedID, plantID, percentage, staffID) VALUES (264, 254, 2, 68);
INSERT INTO PlantedIn (bedID, plantID, percentage, staffID) VALUES (105, 1209, 2, 146);
INSERT INTO PlantedIn (bedID, plantID, percentage, staffID) VALUES (459, 1079, 4, 138);
INSERT INTO PlantedIn (bedID, plantID, percentage, staffID) VALUES (239, 86, 2, 188);
INSERT INTO PlantedIn (bedID, plantID, percentage, staffID) VALUES (155, 1877, 2, 187);
INSERT INTO PlantedIn (bedID, plantID, percentage, staffID) VALUES (438, 348, 4, 64);
INSERT INTO PlantedIn (bedID, plantID, percentage, staffID) VALUES (312, 3220, 1, 1);
INSERT INTO PlantedIn (bedID, plantID, percentage, staffID) VALUES (425, 1288, 1, 133);
INSERT INTO PlantedIn (bedID, plantID, percentage, staffID) VALUES (306, 1408, 1, 78);
INSERT INTO PlantedIn (bedID, plantID, percentage, staffID) VALUES (285, 1330, 3, 152);
INSERT INTO PlantedIn (bedID, plantID, percentage, staffID) VALUES (295, 1613, 1, 67);
INSERT INTO PlantedIn (bedID, plantID, percentage, staffID) VALUES (208, 955, 4, 113);
INSERT INTO PlantedIn (bedID, plantID, percentage, staffID) VALUES (347, 1801, 3, 51);
INSERT INTO PlantedIn (bedID, plantID, percentage, staffID) VALUES (263, 2162, 1, 102);
INSERT INTO PlantedIn (bedID, plantID, percentage, staffID) VALUES (186, 1934, 2, 88);
INSERT INTO PlantedIn (bedID, plantID, percentage, staffID) VALUES (395, 319, 2, 84);
INSERT INTO PlantedIn (bedID, plantID, percentage, staffID) VALUES (212, 3061, 1, 111);
INSERT INTO PlantedIn (bedID, plantID, percentage, staffID) VALUES (65, 1102, 4, 127);
INSERT INTO PlantedIn (bedID, plantID, percentage, staffID) VALUES (333, 3662, 1, 181);
INSERT INTO PlantedIn (bedID, plantID, percentage, staffID) VALUES (92, 1686, 4, 185);
INSERT INTO PlantedIn (bedID, plantID, percentage, staffID) VALUES (427, 595, 2, 120);
INSERT INTO PlantedIn (bedID, plantID, percentage, staffID) VALUES (338, 315, 1, 138);
INSERT INTO PlantedIn (bedID, plantID, percentage, staffID) VALUES (276, 398, 2, 81);
INSERT INTO PlantedIn (bedID, plantID, percentage, staffID) VALUES (88, 3114, 3, 183);
INSERT INTO PlantedIn (bedID, plantID, percentage, staffID) VALUES (283, 1693, 3, 139);
INSERT INTO PlantedIn (bedID, plantID, percentage, staffID) VALUES (342, 1157, 2, 101);
INSERT INTO PlantedIn (bedID, plantID, percentage, staffID) VALUES (117, 1465, 2, 116);
INSERT INTO PlantedIn (bedID, plantID, percentage, staffID) VALUES (386, 1829, 3, 76);
INSERT INTO PlantedIn (bedID, plantID, percentage, staffID) VALUES (297, 3684, 2, 36);
INSERT INTO PlantedIn (bedID, plantID, percentage, staffID) VALUES (17, 3271, 3, 91);
INSERT INTO PlantedIn (bedID, plantID, percentage, staffID) VALUES (449, 3252, 1, 7);
INSERT INTO PlantedIn (bedID, plantID, percentage, staffID) VALUES (306, 3578, 1, 157);
INSERT INTO PlantedIn (bedID, plantID, percentage, staffID) VALUES (353, 1813, 4, 105);
INSERT INTO PlantedIn (bedID, plantID, percentage, staffID) VALUES (402, 304, 3, 89);
INSERT INTO PlantedIn (bedID, plantID, percentage, staffID) VALUES (261, 3096, 1, 78);
INSERT INTO PlantedIn (bedID, plantID, percentage, staffID) VALUES (357, 2139, 4, 106);
INSERT INTO PlantedIn (bedID, plantID, percentage, staffID) VALUES (190, 3727, 2, 83);
INSERT INTO PlantedIn (bedID, plantID, percentage, staffID) VALUES (381, 1685, 2, 99);
INSERT INTO PlantedIn (bedID, plantID, percentage, staffID) VALUES (171, 963, 3, 142);
INSERT INTO PlantedIn (bedID, plantID, percentage, staffID) VALUES (329, 2601, 2, 166);
INSERT INTO PlantedIn (bedID, plantID, percentage, staffID) VALUES (68, 1252, 4, 89);
INSERT INTO PlantedIn (bedID, plantID, percentage, staffID) VALUES (191, 3345, 4, 134);
INSERT INTO PlantedIn (bedID, plantID, percentage, staffID) VALUES (316, 124, 2, 28);
INSERT INTO PlantedIn (bedID, plantID, percentage, staffID) VALUES (277, 2518, 4, 43);
INSERT INTO PlantedIn (bedID, plantID, percentage, staffID) VALUES (292, 2369, 2, 69);
INSERT INTO PlantedIn (bedID, plantID, percentage, staffID) VALUES (23, 3157, 2, 179);
INSERT INTO PlantedIn (bedID, plantID, percentage, staffID) VALUES (32, 2199, 4, 28);
INSERT INTO PlantedIn (bedID, plantID, percentage, staffID) VALUES (115, 3661, 2, 42);
INSERT INTO PlantedIn (bedID, plantID, percentage, staffID) VALUES (129, 2449, 3, 77);
INSERT INTO PlantedIn (bedID, plantID, percentage, staffID) VALUES (236, 101, 1, 128);
INSERT INTO PlantedIn (bedID, plantID, percentage, staffID) VALUES (28, 2936, 3, 120);
INSERT INTO PlantedIn (bedID, plantID, percentage, staffID) VALUES (195, 3065, 1, 129);
INSERT INTO PlantedIn (bedID, plantID, percentage, staffID) VALUES (192, 3718, 2, 92);
INSERT INTO PlantedIn (bedID, plantID, percentage, staffID) VALUES (369, 1238, 4, 177);
INSERT INTO PlantedIn (bedID, plantID, percentage, staffID) VALUES (421, 3862, 1, 124);
INSERT INTO PlantedIn (bedID, plantID, percentage, staffID) VALUES (448, 3115, 1, 105);
INSERT INTO PlantedIn (bedID, plantID, percentage, staffID) VALUES (208, 3431, 4, 182);
INSERT INTO PlantedIn (bedID, plantID, percentage, staffID) VALUES (131, 2657, 3, 126);
INSERT INTO PlantedIn (bedID, plantID, percentage, staffID) VALUES (228, 939, 4, 146);
INSERT INTO PlantedIn (bedID, plantID, percentage, staffID) VALUES (97, 623, 4, 70);
INSERT INTO PlantedIn (bedID, plantID, percentage, staffID) VALUES (228, 789, 2, 169);
INSERT INTO PlantedIn (bedID, plantID, percentage, staffID) VALUES (97, 1669, 1, 103);
INSERT INTO PlantedIn (bedID, plantID, percentage, staffID) VALUES (113, 56, 3, 75);
INSERT INTO PlantedIn (bedID, plantID, percentage, staffID) VALUES (427, 991, 4, 126);
INSERT INTO PlantedIn (bedID, plantID, percentage, staffID) VALUES (366, 2773, 1, 161);
INSERT INTO PlantedIn (bedID, plantID, percentage, staffID) VALUES (192, 1553, 4, 151);
INSERT INTO PlantedIn (bedID, plantID, percentage, staffID) VALUES (305, 1743, 4, 158);
INSERT INTO PlantedIn (bedID, plantID, percentage, staffID) VALUES (290, 428, 1, 170);
INSERT INTO PlantedIn (bedID, plantID, percentage, staffID) VALUES (149, 2547, 3, 95);
INSERT INTO PlantedIn (bedID, plantID, percentage, staffID) VALUES (43, 3723, 2, 137);
INSERT INTO PlantedIn (bedID, plantID, percentage, staffID) VALUES (463, 130, 4, 1);
INSERT INTO PlantedIn (bedID, plantID, percentage, staffID) VALUES (138, 2395, 1, 142);
INSERT INTO PlantedIn (bedID, plantID, percentage, staffID) VALUES (160, 1863, 3, 23);
INSERT INTO PlantedIn (bedID, plantID, percentage, staffID) VALUES (418, 3284, 3, 128);
INSERT INTO PlantedIn (bedID, plantID, percentage, staffID) VALUES (143, 1536, 4, 77);
INSERT INTO PlantedIn (bedID, plantID, percentage, staffID) VALUES (241, 806, 4, 2);
INSERT INTO PlantedIn (bedID, plantID, percentage, staffID) VALUES (411, 1809, 4, 70);
INSERT INTO PlantedIn (bedID, plantID, percentage, staffID) VALUES (204, 29, 2, 59);
INSERT INTO PlantedIn (bedID, plantID, percentage, staffID) VALUES (20, 1124, 2, 59);
INSERT INTO PlantedIn (bedID, plantID, percentage, staffID) VALUES (431, 3798, 1, 81);
INSERT INTO PlantedIn (bedID, plantID, percentage, staffID) VALUES (169, 2379, 3, 179);
INSERT INTO PlantedIn (bedID, plantID, percentage, staffID) VALUES (7, 975, 3, 116);
INSERT INTO PlantedIn (bedID, plantID, percentage, staffID) VALUES (218, 2217, 2, 71);
INSERT INTO PlantedIn (bedID, plantID, percentage, staffID) VALUES (20, 2642, 2, 59);
INSERT INTO PlantedIn (bedID, plantID, percentage, staffID) VALUES (327, 2211, 3, 180);
INSERT INTO PlantedIn (bedID, plantID, percentage, staffID) VALUES (409, 653, 4, 13);
INSERT INTO PlantedIn (bedID, plantID, percentage, staffID) VALUES (72, 1761, 3, 5);
INSERT INTO PlantedIn (bedID, plantID, percentage, staffID) VALUES (55, 1937, 1, 180);
INSERT INTO PlantedIn (bedID, plantID, percentage, staffID) VALUES (88, 644, 4, 129);
INSERT INTO PlantedIn (bedID, plantID, percentage, staffID) VALUES (350, 1974, 3, 124);
INSERT INTO PlantedIn (bedID, plantID, percentage, staffID) VALUES (322, 2584, 4, 77);
INSERT INTO PlantedIn (bedID, plantID, percentage, staffID) VALUES (59, 1522, 1, 92);
INSERT INTO PlantedIn (bedID, plantID, percentage, staffID) VALUES (191, 1587, 1, 83);
INSERT INTO PlantedIn (bedID, plantID, percentage, staffID) VALUES (119, 1455, 2, 136);
INSERT INTO PlantedIn (bedID, plantID, percentage, staffID) VALUES (435, 3173, 1, 183);
INSERT INTO PlantedIn (bedID, plantID, percentage, staffID) VALUES (153, 2993, 3, 39);
INSERT INTO PlantedIn (bedID, plantID, percentage, staffID) VALUES (446, 3172, 3, 78);
INSERT INTO PlantedIn (bedID, plantID, percentage, staffID) VALUES (157, 3819, 1, 58);
INSERT INTO PlantedIn (bedID, plantID, percentage, staffID) VALUES (311, 2530, 4, 172);
INSERT INTO PlantedIn (bedID, plantID, percentage, staffID) VALUES (23, 1113, 2, 177);
INSERT INTO PlantedIn (bedID, plantID, percentage, staffID) VALUES (331, 1039, 4, 98);
INSERT INTO PlantedIn (bedID, plantID, percentage, staffID) VALUES (306, 542, 3, 60);
INSERT INTO PlantedIn (bedID, plantID, percentage, staffID) VALUES (455, 708, 2, 122);
INSERT INTO PlantedIn (bedID, plantID, percentage, staffID) VALUES (453, 3046, 4, 161);
INSERT INTO PlantedIn (bedID, plantID, percentage, staffID) VALUES (288, 659, 4, 118);
INSERT INTO PlantedIn (bedID, plantID, percentage, staffID) VALUES (75, 3317, 4, 194);
INSERT INTO PlantedIn (bedID, plantID, percentage, staffID) VALUES (243, 3059, 3, 122);
INSERT INTO PlantedIn (bedID, plantID, percentage, staffID) VALUES (38, 1783, 4, 3);
INSERT INTO PlantedIn (bedID, plantID, percentage, staffID) VALUES (346, 1886, 2, 148);
INSERT INTO PlantedIn (bedID, plantID, percentage, staffID) VALUES (298, 58, 3, 192);
INSERT INTO PlantedIn (bedID, plantID, percentage, staffID) VALUES (94, 2068, 1, 178);
INSERT INTO PlantedIn (bedID, plantID, percentage, staffID) VALUES (153, 2554, 4, 11);
INSERT INTO PlantedIn (bedID, plantID, percentage, staffID) VALUES (394, 2439, 4, 178);
INSERT INTO PlantedIn (bedID, plantID, percentage, staffID) VALUES (232, 3175, 1, 165);
INSERT INTO PlantedIn (bedID, plantID, percentage, staffID) VALUES (290, 1547, 3, 115);
INSERT INTO PlantedIn (bedID, plantID, percentage, staffID) VALUES (408, 2216, 3, 96);
INSERT INTO PlantedIn (bedID, plantID, percentage, staffID) VALUES (100, 3493, 2, 57);
INSERT INTO PlantedIn (bedID, plantID, percentage, staffID) VALUES (208, 579, 4, 115);
INSERT INTO PlantedIn (bedID, plantID, percentage, staffID) VALUES (384, 2383, 3, 142);
INSERT INTO PlantedIn (bedID, plantID, percentage, staffID) VALUES (118, 2182, 3, 129);
INSERT INTO PlantedIn (bedID, plantID, percentage, staffID) VALUES (183, 1685, 4, 151);
INSERT INTO PlantedIn (bedID, plantID, percentage, staffID) VALUES (396, 1161, 3, 141);
INSERT INTO PlantedIn (bedID, plantID, percentage, staffID) VALUES (414, 621, 4, 59);
INSERT INTO PlantedIn (bedID, plantID, percentage, staffID) VALUES (169, 982, 3, 128);
INSERT INTO PlantedIn (bedID, plantID, percentage, staffID) VALUES (73, 197, 2, 103);
INSERT INTO PlantedIn (bedID, plantID, percentage, staffID) VALUES (291, 524, 1, 28);
INSERT INTO PlantedIn (bedID, plantID, percentage, staffID) VALUES (83, 2669, 1, 22);
INSERT INTO PlantedIn (bedID, plantID, percentage, staffID) VALUES (306, 2348, 4, 158);
INSERT INTO PlantedIn (bedID, plantID, percentage, staffID) VALUES (242, 2878, 3, 82);
INSERT INTO PlantedIn (bedID, plantID, percentage, staffID) VALUES (133, 2932, 2, 87);
INSERT INTO PlantedIn (bedID, plantID, percentage, staffID) VALUES (383, 3588, 2, 170);
INSERT INTO PlantedIn (bedID, plantID, percentage, staffID) VALUES (30, 3748, 3, 87);
INSERT INTO PlantedIn (bedID, plantID, percentage, staffID) VALUES (400, 1642, 1, 9);
INSERT INTO PlantedIn (bedID, plantID, percentage, staffID) VALUES (55, 566, 4, 14);
INSERT INTO PlantedIn (bedID, plantID, percentage, staffID) VALUES (256, 197, 1, 36);
INSERT INTO PlantedIn (bedID, plantID, percentage, staffID) VALUES (326, 1514, 4, 149);
INSERT INTO PlantedIn (bedID, plantID, percentage, staffID) VALUES (71, 594, 4, 82);
INSERT INTO PlantedIn (bedID, plantID, percentage, staffID) VALUES (39, 909, 1, 79);
INSERT INTO PlantedIn (bedID, plantID, percentage, staffID) VALUES (97, 3127, 1, 160);
INSERT INTO PlantedIn (bedID, plantID, percentage, staffID) VALUES (111, 3176, 2, 14);
INSERT INTO PlantedIn (bedID, plantID, percentage, staffID) VALUES (458, 526, 3, 65);
INSERT INTO PlantedIn (bedID, plantID, percentage, staffID) VALUES (89, 1882, 4, 142);
INSERT INTO PlantedIn (bedID, plantID, percentage, staffID) VALUES (204, 2644, 1, 3);
INSERT INTO PlantedIn (bedID, plantID, percentage, staffID) VALUES (36, 2871, 1, 18);
INSERT INTO PlantedIn (bedID, plantID, percentage, staffID) VALUES (424, 1893, 4, 38);
INSERT INTO PlantedIn (bedID, plantID, percentage, staffID) VALUES (343, 2197, 4, 26);
INSERT INTO PlantedIn (bedID, plantID, percentage, staffID) VALUES (87, 1061, 2, 41);
INSERT INTO PlantedIn (bedID, plantID, percentage, staffID) VALUES (361, 3449, 1, 44);
INSERT INTO PlantedIn (bedID, plantID, percentage, staffID) VALUES (273, 880, 3, 64);
INSERT INTO PlantedIn (bedID, plantID, percentage, staffID) VALUES (459, 1541, 4, 179);
INSERT INTO PlantedIn (bedID, plantID, percentage, staffID) VALUES (421, 238, 3, 173);
INSERT INTO PlantedIn (bedID, plantID, percentage, staffID) VALUES (298, 3737, 1, 111);
INSERT INTO PlantedIn (bedID, plantID, percentage, staffID) VALUES (412, 2014, 3, 127);
INSERT INTO PlantedIn (bedID, plantID, percentage, staffID) VALUES (269, 2234, 3, 59);
INSERT INTO PlantedIn (bedID, plantID, percentage, staffID) VALUES (404, 1871, 3, 25);
INSERT INTO PlantedIn (bedID, plantID, percentage, staffID) VALUES (178, 1290, 4, 165);
INSERT INTO PlantedIn (bedID, plantID, percentage, staffID) VALUES (266, 452, 3, 124);
INSERT INTO PlantedIn (bedID, plantID, percentage, staffID) VALUES (244, 1859, 2, 82);
INSERT INTO PlantedIn (bedID, plantID, percentage, staffID) VALUES (257, 935, 1, 4);
INSERT INTO PlantedIn (bedID, plantID, percentage, staffID) VALUES (99, 2162, 1, 37);
INSERT INTO PlantedIn (bedID, plantID, percentage, staffID) VALUES (38, 3082, 3, 137);
INSERT INTO PlantedIn (bedID, plantID, percentage, staffID) VALUES (178, 3695, 1, 82);
INSERT INTO PlantedIn (bedID, plantID, percentage, staffID) VALUES (209, 1998, 4, 172);
INSERT INTO PlantedIn (bedID, plantID, percentage, staffID) VALUES (403, 2500, 2, 157);
INSERT INTO PlantedIn (bedID, plantID, percentage, staffID) VALUES (362, 1441, 2, 193);
INSERT INTO PlantedIn (bedID, plantID, percentage, staffID) VALUES (404, 1318, 2, 140);
INSERT INTO PlantedIn (bedID, plantID, percentage, staffID) VALUES (276, 2703, 4, 116);
INSERT INTO PlantedIn (bedID, plantID, percentage, staffID) VALUES (123, 2888, 2, 178);
INSERT INTO PlantedIn (bedID, plantID, percentage, staffID) VALUES (235, 1483, 4, 30);
INSERT INTO PlantedIn (bedID, plantID, percentage, staffID) VALUES (426, 3818, 4, 154);
INSERT INTO PlantedIn (bedID, plantID, percentage, staffID) VALUES (301, 2015, 2, 34);
INSERT INTO PlantedIn (bedID, plantID, percentage, staffID) VALUES (423, 410, 3, 139);
INSERT INTO PlantedIn (bedID, plantID, percentage, staffID) VALUES (212, 1390, 1, 30);
INSERT INTO PlantedIn (bedID, plantID, percentage, staffID) VALUES (28, 2748, 2, 168);
INSERT INTO PlantedIn (bedID, plantID, percentage, staffID) VALUES (217, 2666, 1, 134);
INSERT INTO PlantedIn (bedID, plantID, percentage, staffID) VALUES (109, 2480, 3, 189);
INSERT INTO PlantedIn (bedID, plantID, percentage, staffID) VALUES (12, 264, 4, 135);
INSERT INTO PlantedIn (bedID, plantID, percentage, staffID) VALUES (27, 1600, 3, 138);
INSERT INTO PlantedIn (bedID, plantID, percentage, staffID) VALUES (443, 3243, 4, 19);
INSERT INTO PlantedIn (bedID, plantID, percentage, staffID) VALUES (447, 2959, 2, 118);
INSERT INTO PlantedIn (bedID, plantID, percentage, staffID) VALUES (60, 2779, 1, 86);
INSERT INTO PlantedIn (bedID, plantID, percentage, staffID) VALUES (204, 935, 4, 103);
INSERT INTO PlantedIn (bedID, plantID, percentage, staffID) VALUES (441, 604, 1, 182);
INSERT INTO PlantedIn (bedID, plantID, percentage, staffID) VALUES (378, 3137, 4, 181);
INSERT INTO PlantedIn (bedID, plantID, percentage, staffID) VALUES (417, 2119, 4, 153);
INSERT INTO PlantedIn (bedID, plantID, percentage, staffID) VALUES (455, 1640, 4, 128);
INSERT INTO PlantedIn (bedID, plantID, percentage, staffID) VALUES (125, 2764, 1, 148);
INSERT INTO PlantedIn (bedID, plantID, percentage, staffID) VALUES (228, 1165, 3, 123);
INSERT INTO PlantedIn (bedID, plantID, percentage, staffID) VALUES (10, 80, 2, 161);
INSERT INTO PlantedIn (bedID, plantID, percentage, staffID) VALUES (125, 1121, 1, 69);
INSERT INTO PlantedIn (bedID, plantID, percentage, staffID) VALUES (212, 881, 1, 73);
INSERT INTO PlantedIn (bedID, plantID, percentage, staffID) VALUES (19, 934, 4, 14);
INSERT INTO PlantedIn (bedID, plantID, percentage, staffID) VALUES (374, 3149, 4, 175);
INSERT INTO PlantedIn (bedID, plantID, percentage, staffID) VALUES (113, 1859, 3, 133);
INSERT INTO PlantedIn (bedID, plantID, percentage, staffID) VALUES (93, 1446, 3, 145);
INSERT INTO PlantedIn (bedID, plantID, percentage, staffID) VALUES (320, 1194, 3, 58);
INSERT INTO PlantedIn (bedID, plantID, percentage, staffID) VALUES (156, 275, 3, 30);
INSERT INTO PlantedIn (bedID, plantID, percentage, staffID) VALUES (171, 1869, 4, 161);
INSERT INTO PlantedIn (bedID, plantID, percentage, staffID) VALUES (337, 543, 4, 11);
INSERT INTO PlantedIn (bedID, plantID, percentage, staffID) VALUES (181, 455, 1, 137);
INSERT INTO PlantedIn (bedID, plantID, percentage, staffID) VALUES (441, 2026, 1, 189);
INSERT INTO PlantedIn (bedID, plantID, percentage, staffID) VALUES (3, 2210, 1, 138);
INSERT INTO PlantedIn (bedID, plantID, percentage, staffID) VALUES (448, 1479, 3, 179);
INSERT INTO PlantedIn (bedID, plantID, percentage, staffID) VALUES (328, 614, 1, 65);
INSERT INTO PlantedIn (bedID, plantID, percentage, staffID) VALUES (109, 1787, 3, 125);
INSERT INTO PlantedIn (bedID, plantID, percentage, staffID) VALUES (448, 1538, 3, 82);
INSERT INTO PlantedIn (bedID, plantID, percentage, staffID) VALUES (255, 1734, 4, 84);
INSERT INTO PlantedIn (bedID, plantID, percentage, staffID) VALUES (268, 297, 2, 19);
INSERT INTO PlantedIn (bedID, plantID, percentage, staffID) VALUES (285, 59, 3, 137);
INSERT INTO PlantedIn (bedID, plantID, percentage, staffID) VALUES (278, 1325, 3, 165);
INSERT INTO PlantedIn (bedID, plantID, percentage, staffID) VALUES (343, 2641, 2, 32);
INSERT INTO PlantedIn (bedID, plantID, percentage, staffID) VALUES (399, 1818, 1, 90);
INSERT INTO PlantedIn (bedID, plantID, percentage, staffID) VALUES (442, 192, 4, 135);
INSERT INTO PlantedIn (bedID, plantID, percentage, staffID) VALUES (212, 229, 4, 110);
INSERT INTO PlantedIn (bedID, plantID, percentage, staffID) VALUES (241, 3645, 1, 185);
INSERT INTO PlantedIn (bedID, plantID, percentage, staffID) VALUES (10, 3855, 3, 117);
INSERT INTO PlantedIn (bedID, plantID, percentage, staffID) VALUES (6, 935, 3, 47);
INSERT INTO PlantedIn (bedID, plantID, percentage, staffID) VALUES (277, 124, 2, 27);
INSERT INTO PlantedIn (bedID, plantID, percentage, staffID) VALUES (339, 1106, 3, 149);
INSERT INTO PlantedIn (bedID, plantID, percentage, staffID) VALUES (358, 631, 3, 129);
INSERT INTO PlantedIn (bedID, plantID, percentage, staffID) VALUES (101, 1120, 3, 116);
INSERT INTO PlantedIn (bedID, plantID, percentage, staffID) VALUES (165, 398, 4, 132);
INSERT INTO PlantedIn (bedID, plantID, percentage, staffID) VALUES (22, 2129, 1, 190);
INSERT INTO PlantedIn (bedID, plantID, percentage, staffID) VALUES (260, 1941, 3, 140);
INSERT INTO PlantedIn (bedID, plantID, percentage, staffID) VALUES (447, 1132, 3, 131);
INSERT INTO PlantedIn (bedID, plantID, percentage, staffID) VALUES (274, 1407, 2, 44);
INSERT INTO PlantedIn (bedID, plantID, percentage, staffID) VALUES (250, 3259, 3, 5);
INSERT INTO PlantedIn (bedID, plantID, percentage, staffID) VALUES (63, 2286, 2, 82);
INSERT INTO PlantedIn (bedID, plantID, percentage, staffID) VALUES (329, 175, 3, 69);
INSERT INTO PlantedIn (bedID, plantID, percentage, staffID) VALUES (282, 1034, 1, 165);
INSERT INTO PlantedIn (bedID, plantID, percentage, staffID) VALUES (364, 1897, 3, 144);
INSERT INTO PlantedIn (bedID, plantID, percentage, staffID) VALUES (75, 1853, 3, 1);
INSERT INTO PlantedIn (bedID, plantID, percentage, staffID) VALUES (399, 844, 2, 15);
INSERT INTO PlantedIn (bedID, plantID, percentage, staffID) VALUES (29, 370, 1, 23);
INSERT INTO PlantedIn (bedID, plantID, percentage, staffID) VALUES (325, 1970, 2, 138);
INSERT INTO PlantedIn (bedID, plantID, percentage, staffID) VALUES (263, 49, 1, 25);
INSERT INTO PlantedIn (bedID, plantID, percentage, staffID) VALUES (198, 3863, 4, 115);
INSERT INTO PlantedIn (bedID, plantID, percentage, staffID) VALUES (409, 1562, 1, 34);
INSERT INTO PlantedIn (bedID, plantID, percentage, staffID) VALUES (418, 645, 3, 155);
INSERT INTO PlantedIn (bedID, plantID, percentage, staffID) VALUES (183, 3212, 2, 20);
INSERT INTO PlantedIn (bedID, plantID, percentage, staffID) VALUES (439, 797, 3, 131);
INSERT INTO PlantedIn (bedID, plantID, percentage, staffID) VALUES (156, 448, 3, 86);
INSERT INTO PlantedIn (bedID, plantID, percentage, staffID) VALUES (20, 2766, 2, 135);
INSERT INTO PlantedIn (bedID, plantID, percentage, staffID) VALUES (339, 849, 3, 57);
INSERT INTO PlantedIn (bedID, plantID, percentage, staffID) VALUES (295, 1706, 3, 123);
INSERT INTO PlantedIn (bedID, plantID, percentage, staffID) VALUES (288, 1397, 4, 48);
INSERT INTO PlantedIn (bedID, plantID, percentage, staffID) VALUES (91, 1272, 1, 90);
INSERT INTO PlantedIn (bedID, plantID, percentage, staffID) VALUES (254, 308, 2, 150);
INSERT INTO PlantedIn (bedID, plantID, percentage, staffID) VALUES (187, 2811, 3, 107);
INSERT INTO PlantedIn (bedID, plantID, percentage, staffID) VALUES (399, 3642, 4, 68);
INSERT INTO PlantedIn (bedID, plantID, percentage, staffID) VALUES (312, 3819, 2, 71);
INSERT INTO PlantedIn (bedID, plantID, percentage, staffID) VALUES (30, 2144, 3, 69);
INSERT INTO PlantedIn (bedID, plantID, percentage, staffID) VALUES (434, 2206, 1, 136);
INSERT INTO PlantedIn (bedID, plantID, percentage, staffID) VALUES (426, 400, 2, 47);
INSERT INTO PlantedIn (bedID, plantID, percentage, staffID) VALUES (87, 3710, 3, 140);
INSERT INTO PlantedIn (bedID, plantID, percentage, staffID) VALUES (325, 801, 3, 62);
INSERT INTO PlantedIn (bedID, plantID, percentage, staffID) VALUES (71, 2442, 4, 85);
INSERT INTO PlantedIn (bedID, plantID, percentage, staffID) VALUES (294, 2933, 4, 37);
INSERT INTO PlantedIn (bedID, plantID, percentage, staffID) VALUES (180, 513, 2, 135);
INSERT INTO PlantedIn (bedID, plantID, percentage, staffID) VALUES (326, 3852, 3, 24);
INSERT INTO PlantedIn (bedID, plantID, percentage, staffID) VALUES (269, 3005, 2, 146);
INSERT INTO PlantedIn (bedID, plantID, percentage, staffID) VALUES (417, 3630, 1, 184);
INSERT INTO PlantedIn (bedID, plantID, percentage, staffID) VALUES (426, 2272, 3, 131);
INSERT INTO PlantedIn (bedID, plantID, percentage, staffID) VALUES (376, 3642, 4, 24);
INSERT INTO PlantedIn (bedID, plantID, percentage, staffID) VALUES (272, 2051, 1, 154);
INSERT INTO PlantedIn (bedID, plantID, percentage, staffID) VALUES (137, 3601, 3, 5);
INSERT INTO PlantedIn (bedID, plantID, percentage, staffID) VALUES (31, 2626, 4, 23);
INSERT INTO PlantedIn (bedID, plantID, percentage, staffID) VALUES (320, 874, 1, 73);
INSERT INTO PlantedIn (bedID, plantID, percentage, staffID) VALUES (2, 259, 4, 145);
INSERT INTO PlantedIn (bedID, plantID, percentage, staffID) VALUES (3, 2365, 4, 194);
INSERT INTO PlantedIn (bedID, plantID, percentage, staffID) VALUES (95, 2276, 4, 101);
INSERT INTO PlantedIn (bedID, plantID, percentage, staffID) VALUES (252, 2343, 1, 192);
INSERT INTO PlantedIn (bedID, plantID, percentage, staffID) VALUES (65, 2668, 2, 61);
INSERT INTO PlantedIn (bedID, plantID, percentage, staffID) VALUES (295, 1232, 3, 20);
INSERT INTO PlantedIn (bedID, plantID, percentage, staffID) VALUES (473, 805, 3, 90);
INSERT INTO PlantedIn (bedID, plantID, percentage, staffID) VALUES (206, 3064, 2, 187);
INSERT INTO PlantedIn (bedID, plantID, percentage, staffID) VALUES (407, 2422, 4, 66);
INSERT INTO PlantedIn (bedID, plantID, percentage, staffID) VALUES (113, 1038, 2, 158);
INSERT INTO PlantedIn (bedID, plantID, percentage, staffID) VALUES (406, 1009, 2, 89);
INSERT INTO PlantedIn (bedID, plantID, percentage, staffID) VALUES (411, 1432, 1, 101);
INSERT INTO PlantedIn (bedID, plantID, percentage, staffID) VALUES (29, 3055, 3, 88);
INSERT INTO PlantedIn (bedID, plantID, percentage, staffID) VALUES (52, 2031, 1, 76);
INSERT INTO PlantedIn (bedID, plantID, percentage, staffID) VALUES (347, 3116, 1, 160);
INSERT INTO PlantedIn (bedID, plantID, percentage, staffID) VALUES (284, 2695, 2, 124);
INSERT INTO PlantedIn (bedID, plantID, percentage, staffID) VALUES (153, 3579, 3, 67);
INSERT INTO PlantedIn (bedID, plantID, percentage, staffID) VALUES (168, 1666, 1, 90);
INSERT INTO PlantedIn (bedID, plantID, percentage, staffID) VALUES (380, 3601, 4, 47);
INSERT INTO PlantedIn (bedID, plantID, percentage, staffID) VALUES (342, 2535, 4, 112);
INSERT INTO PlantedIn (bedID, plantID, percentage, staffID) VALUES (86, 3528, 4, 192);
INSERT INTO PlantedIn (bedID, plantID, percentage, staffID) VALUES (340, 2775, 2, 17);
INSERT INTO PlantedIn (bedID, plantID, percentage, staffID) VALUES (197, 2656, 3, 159);
INSERT INTO PlantedIn (bedID, plantID, percentage, staffID) VALUES (290, 384, 4, 62);
INSERT INTO PlantedIn (bedID, plantID, percentage, staffID) VALUES (92, 1156, 3, 176);
INSERT INTO PlantedIn (bedID, plantID, percentage, staffID) VALUES (346, 1152, 3, 158);
INSERT INTO PlantedIn (bedID, plantID, percentage, staffID) VALUES (109, 3852, 4, 81);
INSERT INTO PlantedIn (bedID, plantID, percentage, staffID) VALUES (309, 3623, 4, 160);
INSERT INTO PlantedIn (bedID, plantID, percentage, staffID) VALUES (402, 2782, 3, 153);
INSERT INTO PlantedIn (bedID, plantID, percentage, staffID) VALUES (207, 3210, 4, 181);
INSERT INTO PlantedIn (bedID, plantID, percentage, staffID) VALUES (245, 2556, 1, 121);
INSERT INTO PlantedIn (bedID, plantID, percentage, staffID) VALUES (360, 3443, 4, 192);
INSERT INTO PlantedIn (bedID, plantID, percentage, staffID) VALUES (90, 3078, 4, 103);
INSERT INTO PlantedIn (bedID, plantID, percentage, staffID) VALUES (45, 1054, 2, 92);
INSERT INTO PlantedIn (bedID, plantID, percentage, staffID) VALUES (128, 3263, 4, 57);
INSERT INTO PlantedIn (bedID, plantID, percentage, staffID) VALUES (370, 222, 3, 155);
INSERT INTO PlantedIn (bedID, plantID, percentage, staffID) VALUES (368, 1945, 1, 41);
INSERT INTO PlantedIn (bedID, plantID, percentage, staffID) VALUES (158, 331, 4, 14);
INSERT INTO PlantedIn (bedID, plantID, percentage, staffID) VALUES (260, 3549, 3, 95);
INSERT INTO PlantedIn (bedID, plantID, percentage, staffID) VALUES (338, 3723, 4, 135);
INSERT INTO PlantedIn (bedID, plantID, percentage, staffID) VALUES (112, 422, 3, 27);
INSERT INTO PlantedIn (bedID, plantID, percentage, staffID) VALUES (451, 1576, 3, 88);
INSERT INTO PlantedIn (bedID, plantID, percentage, staffID) VALUES (220, 702, 1, 75);
INSERT INTO PlantedIn (bedID, plantID, percentage, staffID) VALUES (324, 2184, 1, 94);
INSERT INTO PlantedIn (bedID, plantID, percentage, staffID) VALUES (308, 2021, 2, 178);
INSERT INTO PlantedIn (bedID, plantID, percentage, staffID) VALUES (86, 3283, 3, 185);
INSERT INTO PlantedIn (bedID, plantID, percentage, staffID) VALUES (364, 1413, 2, 96);
INSERT INTO PlantedIn (bedID, plantID, percentage, staffID) VALUES (156, 484, 3, 60);
INSERT INTO PlantedIn (bedID, plantID, percentage, staffID) VALUES (111, 1634, 1, 15);
INSERT INTO PlantedIn (bedID, plantID, percentage, staffID) VALUES (393, 1918, 2, 188);
INSERT INTO PlantedIn (bedID, plantID, percentage, staffID) VALUES (321, 1108, 2, 110);
INSERT INTO PlantedIn (bedID, plantID, percentage, staffID) VALUES (403, 3837, 3, 78);
INSERT INTO PlantedIn (bedID, plantID, percentage, staffID) VALUES (244, 963, 3, 184);
INSERT INTO PlantedIn (bedID, plantID, percentage, staffID) VALUES (47, 3106, 4, 87);
INSERT INTO PlantedIn (bedID, plantID, percentage, staffID) VALUES (80, 3448, 2, 71);
INSERT INTO PlantedIn (bedID, plantID, percentage, staffID) VALUES (9, 2467, 2, 13);
INSERT INTO PlantedIn (bedID, plantID, percentage, staffID) VALUES (29, 510, 4, 90);
INSERT INTO PlantedIn (bedID, plantID, percentage, staffID) VALUES (297, 1391, 2, 38);
INSERT INTO PlantedIn (bedID, plantID, percentage, staffID) VALUES (306, 2792, 2, 137);
INSERT INTO PlantedIn (bedID, plantID, percentage, staffID) VALUES (339, 187, 1, 1);
INSERT INTO PlantedIn (bedID, plantID, percentage, staffID) VALUES (141, 3477, 2, 189);
INSERT INTO PlantedIn (bedID, plantID, percentage, staffID) VALUES (333, 1358, 4, 54);
INSERT INTO PlantedIn (bedID, plantID, percentage, staffID) VALUES (116, 2356, 2, 76);
INSERT INTO PlantedIn (bedID, plantID, percentage, staffID) VALUES (118, 1669, 2, 105);
INSERT INTO PlantedIn (bedID, plantID, percentage, staffID) VALUES (267, 3675, 1, 41);
INSERT INTO PlantedIn (bedID, plantID, percentage, staffID) VALUES (147, 1488, 4, 102);
INSERT INTO PlantedIn (bedID, plantID, percentage, staffID) VALUES (51, 637, 4, 93);
INSERT INTO PlantedIn (bedID, plantID, percentage, staffID) VALUES (101, 1760, 3, 11);
INSERT INTO PlantedIn (bedID, plantID, percentage, staffID) VALUES (168, 3784, 1, 185);
INSERT INTO PlantedIn (bedID, plantID, percentage, staffID) VALUES (157, 647, 3, 190);
INSERT INTO PlantedIn (bedID, plantID, percentage, staffID) VALUES (368, 1157, 1, 171);
INSERT INTO PlantedIn (bedID, plantID, percentage, staffID) VALUES (346, 1339, 2, 68);
INSERT INTO PlantedIn (bedID, plantID, percentage, staffID) VALUES (141, 2056, 3, 100);
INSERT INTO PlantedIn (bedID, plantID, percentage, staffID) VALUES (434, 3797, 1, 116);
INSERT INTO PlantedIn (bedID, plantID, percentage, staffID) VALUES (70, 76, 2, 173);
INSERT INTO PlantedIn (bedID, plantID, percentage, staffID) VALUES (225, 3472, 4, 178);
INSERT INTO PlantedIn (bedID, plantID, percentage, staffID) VALUES (415, 2997, 1, 181);
INSERT INTO PlantedIn (bedID, plantID, percentage, staffID) VALUES (446, 3157, 3, 160);
INSERT INTO PlantedIn (bedID, plantID, percentage, staffID) VALUES (55, 2377, 4, 152);
INSERT INTO PlantedIn (bedID, plantID, percentage, staffID) VALUES (455, 297, 2, 29);
INSERT INTO PlantedIn (bedID, plantID, percentage, staffID) VALUES (288, 2422, 3, 177);
INSERT INTO PlantedIn (bedID, plantID, percentage, staffID) VALUES (288, 1663, 4, 112);
INSERT INTO PlantedIn (bedID, plantID, percentage, staffID) VALUES (213, 1525, 4, 24);
INSERT INTO PlantedIn (bedID, plantID, percentage, staffID) VALUES (139, 3807, 1, 154);
INSERT INTO PlantedIn (bedID, plantID, percentage, staffID) VALUES (360, 2477, 3, 77);
INSERT INTO PlantedIn (bedID, plantID, percentage, staffID) VALUES (217, 609, 3, 87);
INSERT INTO PlantedIn (bedID, plantID, percentage, staffID) VALUES (366, 644, 3, 86);
INSERT INTO PlantedIn (bedID, plantID, percentage, staffID) VALUES (89, 3317, 4, 77);
INSERT INTO PlantedIn (bedID, plantID, percentage, staffID) VALUES (137, 3579, 3, 113);
INSERT INTO PlantedIn (bedID, plantID, percentage, staffID) VALUES (152, 2581, 3, 136);
INSERT INTO PlantedIn (bedID, plantID, percentage, staffID) VALUES (309, 1609, 2, 160);
INSERT INTO PlantedIn (bedID, plantID, percentage, staffID) VALUES (27, 614, 3, 24);
INSERT INTO PlantedIn (bedID, plantID, percentage, staffID) VALUES (150, 2081, 1, 18);
INSERT INTO PlantedIn (bedID, plantID, percentage, staffID) VALUES (334, 1964, 4, 168);
INSERT INTO PlantedIn (bedID, plantID, percentage, staffID) VALUES (318, 686, 4, 11);
INSERT INTO PlantedIn (bedID, plantID, percentage, staffID) VALUES (49, 2343, 2, 143);
INSERT INTO PlantedIn (bedID, plantID, percentage, staffID) VALUES (130, 1394, 4, 8);
INSERT INTO PlantedIn (bedID, plantID, percentage, staffID) VALUES (368, 3163, 4, 70);
INSERT INTO PlantedIn (bedID, plantID, percentage, staffID) VALUES (463, 1758, 2, 71);
INSERT INTO PlantedIn (bedID, plantID, percentage, staffID) VALUES (470, 1684, 3, 78);
INSERT INTO PlantedIn (bedID, plantID, percentage, staffID) VALUES (447, 788, 1, 132);
INSERT INTO PlantedIn (bedID, plantID, percentage, staffID) VALUES (9, 1724, 3, 56);
INSERT INTO PlantedIn (bedID, plantID, percentage, staffID) VALUES (295, 1250, 3, 133);
INSERT INTO PlantedIn (bedID, plantID, percentage, staffID) VALUES (440, 1349, 1, 31);
INSERT INTO PlantedIn (bedID, plantID, percentage, staffID) VALUES (336, 719, 2, 27);
INSERT INTO PlantedIn (bedID, plantID, percentage, staffID) VALUES (3, 1810, 4, 66);
INSERT INTO PlantedIn (bedID, plantID, percentage, staffID) VALUES (437, 2581, 4, 57);
INSERT INTO PlantedIn (bedID, plantID, percentage, staffID) VALUES (49, 2536, 1, 126);
INSERT INTO PlantedIn (bedID, plantID, percentage, staffID) VALUES (407, 1002, 4, 13);
INSERT INTO PlantedIn (bedID, plantID, percentage, staffID) VALUES (334, 1274, 2, 116);
INSERT INTO PlantedIn (bedID, plantID, percentage, staffID) VALUES (309, 844, 3, 12);
INSERT INTO PlantedIn (bedID, plantID, percentage, staffID) VALUES (269, 791, 2, 161);
INSERT INTO PlantedIn (bedID, plantID, percentage, staffID) VALUES (185, 3536, 2, 156);
INSERT INTO PlantedIn (bedID, plantID, percentage, staffID) VALUES (182, 320, 2, 77);
INSERT INTO PlantedIn (bedID, plantID, percentage, staffID) VALUES (355, 2516, 4, 46);
INSERT INTO PlantedIn (bedID, plantID, percentage, staffID) VALUES (146, 3229, 1, 184);
INSERT INTO PlantedIn (bedID, plantID, percentage, staffID) VALUES (45, 3714, 4, 10);
INSERT INTO PlantedIn (bedID, plantID, percentage, staffID) VALUES (138, 2365, 4, 27);
INSERT INTO PlantedIn (bedID, plantID, percentage, staffID) VALUES (393, 706, 2, 108);
INSERT INTO PlantedIn (bedID, plantID, percentage, staffID) VALUES (184, 1203, 4, 138);
INSERT INTO PlantedIn (bedID, plantID, percentage, staffID) VALUES (107, 1687, 3, 36);
INSERT INTO PlantedIn (bedID, plantID, percentage, staffID) VALUES (246, 2121, 2, 187);
INSERT INTO PlantedIn (bedID, plantID, percentage, staffID) VALUES (95, 529, 3, 26);
INSERT INTO PlantedIn (bedID, plantID, percentage, staffID) VALUES (460, 92, 1, 138);
INSERT INTO PlantedIn (bedID, plantID, percentage, staffID) VALUES (466, 2773, 2, 177);
INSERT INTO PlantedIn (bedID, plantID, percentage, staffID) VALUES (156, 3842, 1, 45);
INSERT INTO PlantedIn (bedID, plantID, percentage, staffID) VALUES (84, 2875, 3, 114);
INSERT INTO PlantedIn (bedID, plantID, percentage, staffID) VALUES (26, 889, 2, 70);
INSERT INTO PlantedIn (bedID, plantID, percentage, staffID) VALUES (316, 1986, 1, 182);
INSERT INTO PlantedIn (bedID, plantID, percentage, staffID) VALUES (30, 3111, 2, 93);
INSERT INTO PlantedIn (bedID, plantID, percentage, staffID) VALUES (446, 2230, 4, 157);
INSERT INTO PlantedIn (bedID, plantID, percentage, staffID) VALUES (76, 3269, 2, 176);
INSERT INTO PlantedIn (bedID, plantID, percentage, staffID) VALUES (398, 302, 1, 133);
INSERT INTO PlantedIn (bedID, plantID, percentage, staffID) VALUES (389, 787, 4, 119);
INSERT INTO PlantedIn (bedID, plantID, percentage, staffID) VALUES (206, 183, 2, 58);
INSERT INTO PlantedIn (bedID, plantID, percentage, staffID) VALUES (404, 2854, 4, 155);
INSERT INTO PlantedIn (bedID, plantID, percentage, staffID) VALUES (149, 2037, 4, 145);
INSERT INTO PlantedIn (bedID, plantID, percentage, staffID) VALUES (459, 2655, 1, 103);
INSERT INTO PlantedIn (bedID, plantID, percentage, staffID) VALUES (252, 1394, 2, 126);
INSERT INTO PlantedIn (bedID, plantID, percentage, staffID) VALUES (208, 1016, 2, 80);
INSERT INTO PlantedIn (bedID, plantID, percentage, staffID) VALUES (221, 3741, 4, 28);
INSERT INTO PlantedIn (bedID, plantID, percentage, staffID) VALUES (162, 1096, 1, 168);
INSERT INTO PlantedIn (bedID, plantID, percentage, staffID) VALUES (50, 2684, 1, 52);
INSERT INTO PlantedIn (bedID, plantID, percentage, staffID) VALUES (181, 2910, 4, 41);
INSERT INTO PlantedIn (bedID, plantID, percentage, staffID) VALUES (54, 3154, 3, 59);
INSERT INTO PlantedIn (bedID, plantID, percentage, staffID) VALUES (38, 2604, 3, 166);
INSERT INTO PlantedIn (bedID, plantID, percentage, staffID) VALUES (304, 3668, 3, 91);
INSERT INTO PlantedIn (bedID, plantID, percentage, staffID) VALUES (116, 1715, 3, 175);
INSERT INTO PlantedIn (bedID, plantID, percentage, staffID) VALUES (344, 2600, 3, 159);
INSERT INTO PlantedIn (bedID, plantID, percentage, staffID) VALUES (119, 2961, 2, 18);
INSERT INTO PlantedIn (bedID, plantID, percentage, staffID) VALUES (218, 1304, 4, 88);
INSERT INTO PlantedIn (bedID, plantID, percentage, staffID) VALUES (43, 2435, 1, 154);
INSERT INTO PlantedIn (bedID, plantID, percentage, staffID) VALUES (211, 156, 3, 154);
INSERT INTO PlantedIn (bedID, plantID, percentage, staffID) VALUES (338, 2191, 2, 15);
INSERT INTO PlantedIn (bedID, plantID, percentage, staffID) VALUES (244, 1986, 4, 181);
INSERT INTO PlantedIn (bedID, plantID, percentage, staffID) VALUES (453, 2855, 3, 71);
INSERT INTO PlantedIn (bedID, plantID, percentage, staffID) VALUES (195, 474, 3, 89);
INSERT INTO PlantedIn (bedID, plantID, percentage, staffID) VALUES (421, 2002, 2, 4);
INSERT INTO PlantedIn (bedID, plantID, percentage, staffID) VALUES (405, 1728, 4, 39);
INSERT INTO PlantedIn (bedID, plantID, percentage, staffID) VALUES (37, 3653, 3, 31);
INSERT INTO PlantedIn (bedID, plantID, percentage, staffID) VALUES (467, 3491, 3, 10);
INSERT INTO PlantedIn (bedID, plantID, percentage, staffID) VALUES (223, 451, 4, 12);
INSERT INTO PlantedIn (bedID, plantID, percentage, staffID) VALUES (299, 3635, 3, 152);
INSERT INTO PlantedIn (bedID, plantID, percentage, staffID) VALUES (322, 342, 1, 56);
INSERT INTO PlantedIn (bedID, plantID, percentage, staffID) VALUES (100, 2725, 1, 154);
INSERT INTO PlantedIn (bedID, plantID, percentage, staffID) VALUES (106, 2974, 1, 92);
INSERT INTO PlantedIn (bedID, plantID, percentage, staffID) VALUES (103, 2470, 2, 5);
INSERT INTO PlantedIn (bedID, plantID, percentage, staffID) VALUES (277, 662, 3, 167);
INSERT INTO PlantedIn (bedID, plantID, percentage, staffID) VALUES (36, 3337, 3, 55);
INSERT INTO PlantedIn (bedID, plantID, percentage, staffID) VALUES (464, 1253, 3, 109);
INSERT INTO PlantedIn (bedID, plantID, percentage, staffID) VALUES (126, 1061, 4, 41);
INSERT INTO PlantedIn (bedID, plantID, percentage, staffID) VALUES (172, 1817, 3, 7);
INSERT INTO PlantedIn (bedID, plantID, percentage, staffID) VALUES (83, 3035, 2, 138);
INSERT INTO PlantedIn (bedID, plantID, percentage, staffID) VALUES (263, 472, 4, 98);
INSERT INTO PlantedIn (bedID, plantID, percentage, staffID) VALUES (360, 1928, 2, 14);
INSERT INTO PlantedIn (bedID, plantID, percentage, staffID) VALUES (317, 3402, 3, 187);
INSERT INTO PlantedIn (bedID, plantID, percentage, staffID) VALUES (352, 710, 3, 59);
INSERT INTO PlantedIn (bedID, plantID, percentage, staffID) VALUES (241, 3164, 4, 69);
INSERT INTO PlantedIn (bedID, plantID, percentage, staffID) VALUES (44, 2055, 2, 146);
INSERT INTO PlantedIn (bedID, plantID, percentage, staffID) VALUES (1, 2896, 1, 6);
INSERT INTO PlantedIn (bedID, plantID, percentage, staffID) VALUES (253, 2716, 1, 118);
INSERT INTO PlantedIn (bedID, plantID, percentage, staffID) VALUES (390, 193, 3, 176);
INSERT INTO PlantedIn (bedID, plantID, percentage, staffID) VALUES (260, 3571, 1, 190);
INSERT INTO PlantedIn (bedID, plantID, percentage, staffID) VALUES (14, 971, 3, 56);
INSERT INTO PlantedIn (bedID, plantID, percentage, staffID) VALUES (65, 92, 1, 127);
INSERT INTO PlantedIn (bedID, plantID, percentage, staffID) VALUES (366, 2502, 2, 64);
INSERT INTO PlantedIn (bedID, plantID, percentage, staffID) VALUES (166, 3432, 1, 81);
INSERT INTO PlantedIn (bedID, plantID, percentage, staffID) VALUES (444, 987, 2, 155);
INSERT INTO PlantedIn (bedID, plantID, percentage, staffID) VALUES (85, 2667, 4, 144);
INSERT INTO PlantedIn (bedID, plantID, percentage, staffID) VALUES (253, 2579, 3, 109);
INSERT INTO PlantedIn (bedID, plantID, percentage, staffID) VALUES (435, 3098, 4, 21);
INSERT INTO PlantedIn (bedID, plantID, percentage, staffID) VALUES (193, 1573, 3, 31);
INSERT INTO PlantedIn (bedID, plantID, percentage, staffID) VALUES (204, 2971, 1, 139);
INSERT INTO PlantedIn (bedID, plantID, percentage, staffID) VALUES (197, 3838, 4, 105);
INSERT INTO PlantedIn (bedID, plantID, percentage, staffID) VALUES (417, 3501, 4, 192);
INSERT INTO PlantedIn (bedID, plantID, percentage, staffID) VALUES (77, 2705, 2, 63);
INSERT INTO PlantedIn (bedID, plantID, percentage, staffID) VALUES (185, 33, 4, 66);
INSERT INTO PlantedIn (bedID, plantID, percentage, staffID) VALUES (320, 3301, 3, 100);
INSERT INTO PlantedIn (bedID, plantID, percentage, staffID) VALUES (310, 2266, 1, 119);
INSERT INTO PlantedIn (bedID, plantID, percentage, staffID) VALUES (470, 2830, 2, 124);
INSERT INTO PlantedIn (bedID, plantID, percentage, staffID) VALUES (237, 1092, 4, 128);
INSERT INTO PlantedIn (bedID, plantID, percentage, staffID) VALUES (131, 528, 1, 140);
INSERT INTO PlantedIn (bedID, plantID, percentage, staffID) VALUES (153, 1076, 3, 111);
INSERT INTO PlantedIn (bedID, plantID, percentage, staffID) VALUES (136, 3349, 4, 130);
INSERT INTO PlantedIn (bedID, plantID, percentage, staffID) VALUES (341, 477, 2, 114);
INSERT INTO PlantedIn (bedID, plantID, percentage, staffID) VALUES (336, 533, 3, 90);
INSERT INTO PlantedIn (bedID, plantID, percentage, staffID) VALUES (412, 155, 2, 26);
INSERT INTO PlantedIn (bedID, plantID, percentage, staffID) VALUES (153, 2909, 3, 59);
INSERT INTO PlantedIn (bedID, plantID, percentage, staffID) VALUES (421, 3745, 4, 154);
INSERT INTO PlantedIn (bedID, plantID, percentage, staffID) VALUES (280, 2813, 4, 28);
INSERT INTO PlantedIn (bedID, plantID, percentage, staffID) VALUES (3, 2620, 2, 128);
INSERT INTO PlantedIn (bedID, plantID, percentage, staffID) VALUES (258, 1007, 2, 53);
INSERT INTO PlantedIn (bedID, plantID, percentage, staffID) VALUES (182, 3136, 1, 131);
INSERT INTO PlantedIn (bedID, plantID, percentage, staffID) VALUES (449, 298, 4, 163);
INSERT INTO PlantedIn (bedID, plantID, percentage, staffID) VALUES (56, 3563, 2, 39);
INSERT INTO PlantedIn (bedID, plantID, percentage, staffID) VALUES (319, 1840, 3, 8);
INSERT INTO PlantedIn (bedID, plantID, percentage, staffID) VALUES (211, 3056, 1, 101);
INSERT INTO PlantedIn (bedID, plantID, percentage, staffID) VALUES (246, 2434, 3, 194);
INSERT INTO PlantedIn (bedID, plantID, percentage, staffID) VALUES (146, 2215, 4, 167);
INSERT INTO PlantedIn (bedID, plantID, percentage, staffID) VALUES (395, 280, 1, 24);
INSERT INTO PlantedIn (bedID, plantID, percentage, staffID) VALUES (418, 2924, 4, 64);
INSERT INTO PlantedIn (bedID, plantID, percentage, staffID) VALUES (395, 409, 4, 133);
INSERT INTO PlantedIn (bedID, plantID, percentage, staffID) VALUES (13, 3249, 3, 80);
INSERT INTO PlantedIn (bedID, plantID, percentage, staffID) VALUES (150, 1649, 4, 55);
INSERT INTO PlantedIn (bedID, plantID, percentage, staffID) VALUES (103, 2938, 3, 163);
INSERT INTO PlantedIn (bedID, plantID, percentage, staffID) VALUES (185, 2881, 3, 53);
INSERT INTO PlantedIn (bedID, plantID, percentage, staffID) VALUES (151, 296, 1, 112);
INSERT INTO PlantedIn (bedID, plantID, percentage, staffID) VALUES (71, 2569, 1, 76);
INSERT INTO PlantedIn (bedID, plantID, percentage, staffID) VALUES (200, 2623, 2, 177);
INSERT INTO PlantedIn (bedID, plantID, percentage, staffID) VALUES (371, 1994, 4, 42);
INSERT INTO PlantedIn (bedID, plantID, percentage, staffID) VALUES (169, 2297, 3, 105);
INSERT INTO PlantedIn (bedID, plantID, percentage, staffID) VALUES (10, 3008, 1, 89);
INSERT INTO PlantedIn (bedID, plantID, percentage, staffID) VALUES (462, 897, 2, 128);
INSERT INTO PlantedIn (bedID, plantID, percentage, staffID) VALUES (146, 668, 2, 91);
INSERT INTO PlantedIn (bedID, plantID, percentage, staffID) VALUES (397, 3146, 2, 100);
INSERT INTO PlantedIn (bedID, plantID, percentage, staffID) VALUES (233, 1369, 2, 105);
INSERT INTO PlantedIn (bedID, plantID, percentage, staffID) VALUES (412, 2772, 1, 18);
INSERT INTO PlantedIn (bedID, plantID, percentage, staffID) VALUES (148, 2325, 2, 184);
INSERT INTO PlantedIn (bedID, plantID, percentage, staffID) VALUES (180, 1283, 4, 117);
INSERT INTO PlantedIn (bedID, plantID, percentage, staffID) VALUES (266, 2094, 3, 173);
INSERT INTO PlantedIn (bedID, plantID, percentage, staffID) VALUES (366, 1816, 1, 170);
INSERT INTO PlantedIn (bedID, plantID, percentage, staffID) VALUES (304, 1073, 2, 111);
INSERT INTO PlantedIn (bedID, plantID, percentage, staffID) VALUES (44, 112, 3, 151);
INSERT INTO PlantedIn (bedID, plantID, percentage, staffID) VALUES (182, 970, 2, 176);
INSERT INTO PlantedIn (bedID, plantID, percentage, staffID) VALUES (458, 3667, 2, 98);
INSERT INTO PlantedIn (bedID, plantID, percentage, staffID) VALUES (261, 1456, 4, 125);
INSERT INTO PlantedIn (bedID, plantID, percentage, staffID) VALUES (336, 697, 2, 173);
INSERT INTO PlantedIn (bedID, plantID, percentage, staffID) VALUES (342, 2677, 2, 165);
INSERT INTO PlantedIn (bedID, plantID, percentage, staffID) VALUES (77, 2475, 4, 118);
INSERT INTO PlantedIn (bedID, plantID, percentage, staffID) VALUES (435, 453, 1, 59);
INSERT INTO PlantedIn (bedID, plantID, percentage, staffID) VALUES (69, 88, 3, 121);
INSERT INTO PlantedIn (bedID, plantID, percentage, staffID) VALUES (130, 1751, 1, 160);
INSERT INTO PlantedIn (bedID, plantID, percentage, staffID) VALUES (190, 1002, 4, 107);
INSERT INTO PlantedIn (bedID, plantID, percentage, staffID) VALUES (301, 511, 2, 180);
INSERT INTO PlantedIn (bedID, plantID, percentage, staffID) VALUES (148, 2815, 1, 126);
INSERT INTO PlantedIn (bedID, plantID, percentage, staffID) VALUES (199, 1634, 3, 109);
INSERT INTO PlantedIn (bedID, plantID, percentage, staffID) VALUES (30, 414, 4, 79);
INSERT INTO PlantedIn (bedID, plantID, percentage, staffID) VALUES (329, 2250, 4, 184);
INSERT INTO PlantedIn (bedID, plantID, percentage, staffID) VALUES (17, 2626, 2, 43);
INSERT INTO PlantedIn (bedID, plantID, percentage, staffID) VALUES (444, 2823, 3, 80);
INSERT INTO PlantedIn (bedID, plantID, percentage, staffID) VALUES (408, 1040, 1, 188);
INSERT INTO PlantedIn (bedID, plantID, percentage, staffID) VALUES (472, 2059, 2, 43);
INSERT INTO PlantedIn (bedID, plantID, percentage, staffID) VALUES (452, 2852, 1, 1);
INSERT INTO PlantedIn (bedID, plantID, percentage, staffID) VALUES (28, 3820, 4, 90);
INSERT INTO PlantedIn (bedID, plantID, percentage, staffID) VALUES (270, 1303, 3, 147);
INSERT INTO PlantedIn (bedID, plantID, percentage, staffID) VALUES (8, 3593, 4, 9);
INSERT INTO PlantedIn (bedID, plantID, percentage, staffID) VALUES (313, 1661, 3, 108);
INSERT INTO PlantedIn (bedID, plantID, percentage, staffID) VALUES (331, 1731, 3, 143);
INSERT INTO PlantedIn (bedID, plantID, percentage, staffID) VALUES (464, 3496, 4, 24);
INSERT INTO PlantedIn (bedID, plantID, percentage, staffID) VALUES (237, 3684, 3, 114);
INSERT INTO PlantedIn (bedID, plantID, percentage, staffID) VALUES (446, 3845, 3, 64);
INSERT INTO PlantedIn (bedID, plantID, percentage, staffID) VALUES (157, 123, 2, 24);
INSERT INTO PlantedIn (bedID, plantID, percentage, staffID) VALUES (455, 611, 3, 62);
INSERT INTO PlantedIn (bedID, plantID, percentage, staffID) VALUES (278, 3219, 2, 30);
INSERT INTO PlantedIn (bedID, plantID, percentage, staffID) VALUES (352, 365, 2, 41);
INSERT INTO PlantedIn (bedID, plantID, percentage, staffID) VALUES (99, 583, 3, 179);
INSERT INTO PlantedIn (bedID, plantID, percentage, staffID) VALUES (50, 1657, 1, 55);
INSERT INTO PlantedIn (bedID, plantID, percentage, staffID) VALUES (201, 2233, 4, 114);
INSERT INTO PlantedIn (bedID, plantID, percentage, staffID) VALUES (289, 2601, 3, 22);
INSERT INTO PlantedIn (bedID, plantID, percentage, staffID) VALUES (393, 1571, 2, 40);
INSERT INTO PlantedIn (bedID, plantID, percentage, staffID) VALUES (114, 1292, 3, 144);
INSERT INTO PlantedIn (bedID, plantID, percentage, staffID) VALUES (82, 2650, 4, 160);
INSERT INTO PlantedIn (bedID, plantID, percentage, staffID) VALUES (369, 3776, 4, 62);
INSERT INTO PlantedIn (bedID, plantID, percentage, staffID) VALUES (61, 678, 1, 142);
INSERT INTO PlantedIn (bedID, plantID, percentage, staffID) VALUES (286, 3714, 1, 57);
INSERT INTO PlantedIn (bedID, plantID, percentage, staffID) VALUES (255, 3220, 1, 160);
INSERT INTO PlantedIn (bedID, plantID, percentage, staffID) VALUES (240, 3422, 2, 147);
INSERT INTO PlantedIn (bedID, plantID, percentage, staffID) VALUES (138, 3515, 3, 154);
INSERT INTO PlantedIn (bedID, plantID, percentage, staffID) VALUES (116, 1774, 2, 11);
INSERT INTO PlantedIn (bedID, plantID, percentage, staffID) VALUES (69, 3210, 4, 69);
INSERT INTO PlantedIn (bedID, plantID, percentage, staffID) VALUES (382, 2459, 4, 186);
INSERT INTO PlantedIn (bedID, plantID, percentage, staffID) VALUES (384, 2344, 2, 34);
INSERT INTO PlantedIn (bedID, plantID, percentage, staffID) VALUES (269, 1712, 1, 91);
INSERT INTO PlantedIn (bedID, plantID, percentage, staffID) VALUES (131, 868, 4, 52);
INSERT INTO PlantedIn (bedID, plantID, percentage, staffID) VALUES (52, 3754, 2, 25);
INSERT INTO PlantedIn (bedID, plantID, percentage, staffID) VALUES (417, 3373, 1, 191);
INSERT INTO PlantedIn (bedID, plantID, percentage, staffID) VALUES (157, 3797, 2, 111);
INSERT INTO PlantedIn (bedID, plantID, percentage, staffID) VALUES (385, 3380, 3, 82);
INSERT INTO PlantedIn (bedID, plantID, percentage, staffID) VALUES (242, 1208, 2, 114);
INSERT INTO PlantedIn (bedID, plantID, percentage, staffID) VALUES (435, 2786, 2, 151);
INSERT INTO PlantedIn (bedID, plantID, percentage, staffID) VALUES (78, 694, 2, 121);
INSERT INTO PlantedIn (bedID, plantID, percentage, staffID) VALUES (191, 3266, 3, 45);
INSERT INTO PlantedIn (bedID, plantID, percentage, staffID) VALUES (387, 1308, 3, 187);
INSERT INTO PlantedIn (bedID, plantID, percentage, staffID) VALUES (100, 3273, 3, 168);
INSERT INTO PlantedIn (bedID, plantID, percentage, staffID) VALUES (393, 1398, 3, 4);
INSERT INTO PlantedIn (bedID, plantID, percentage, staffID) VALUES (112, 1621, 3, 54);
INSERT INTO PlantedIn (bedID, plantID, percentage, staffID) VALUES (347, 3152, 3, 14);
INSERT INTO PlantedIn (bedID, plantID, percentage, staffID) VALUES (254, 3114, 3, 28);
INSERT INTO PlantedIn (bedID, plantID, percentage, staffID) VALUES (466, 2815, 2, 29);
INSERT INTO PlantedIn (bedID, plantID, percentage, staffID) VALUES (272, 1389, 2, 185);
INSERT INTO PlantedIn (bedID, plantID, percentage, staffID) VALUES (330, 3157, 4, 18);
INSERT INTO PlantedIn (bedID, plantID, percentage, staffID) VALUES (314, 3505, 2, 92);
INSERT INTO PlantedIn (bedID, plantID, percentage, staffID) VALUES (127, 1815, 3, 28);
INSERT INTO PlantedIn (bedID, plantID, percentage, staffID) VALUES (421, 1525, 3, 52);
INSERT INTO PlantedIn (bedID, plantID, percentage, staffID) VALUES (100, 1234, 3, 56);
INSERT INTO PlantedIn (bedID, plantID, percentage, staffID) VALUES (60, 1574, 1, 91);
INSERT INTO PlantedIn (bedID, plantID, percentage, staffID) VALUES (64, 2259, 3, 102);
INSERT INTO PlantedIn (bedID, plantID, percentage, staffID) VALUES (447, 1550, 3, 20);
INSERT INTO PlantedIn (bedID, plantID, percentage, staffID) VALUES (103, 711, 4, 113);
INSERT INTO PlantedIn (bedID, plantID, percentage, staffID) VALUES (43, 3865, 2, 77);
INSERT INTO PlantedIn (bedID, plantID, percentage, staffID) VALUES (223, 1958, 2, 176);
INSERT INTO PlantedIn (bedID, plantID, percentage, staffID) VALUES (205, 963, 3, 175);
INSERT INTO PlantedIn (bedID, plantID, percentage, staffID) VALUES (311, 1168, 4, 137);
INSERT INTO PlantedIn (bedID, plantID, percentage, staffID) VALUES (420, 643, 4, 102);
INSERT INTO PlantedIn (bedID, plantID, percentage, staffID) VALUES (269, 2310, 4, 96);
INSERT INTO PlantedIn (bedID, plantID, percentage, staffID) VALUES (370, 76, 4, 136);
INSERT INTO PlantedIn (bedID, plantID, percentage, staffID) VALUES (10, 149, 2, 48);
INSERT INTO PlantedIn (bedID, plantID, percentage, staffID) VALUES (258, 362, 2, 173);
INSERT INTO PlantedIn (bedID, plantID, percentage, staffID) VALUES (98, 3191, 3, 114);
INSERT INTO PlantedIn (bedID, plantID, percentage, staffID) VALUES (36, 1596, 3, 41);
INSERT INTO PlantedIn (bedID, plantID, percentage, staffID) VALUES (339, 3342, 3, 107);
INSERT INTO PlantedIn (bedID, plantID, percentage, staffID) VALUES (15, 82, 3, 88);
INSERT INTO PlantedIn (bedID, plantID, percentage, staffID) VALUES (293, 3484, 2, 79);
INSERT INTO PlantedIn (bedID, plantID, percentage, staffID) VALUES (436, 187, 4, 56);
INSERT INTO PlantedIn (bedID, plantID, percentage, staffID) VALUES (42, 1944, 3, 88);
INSERT INTO PlantedIn (bedID, plantID, percentage, staffID) VALUES (283, 1070, 4, 16);
INSERT INTO PlantedIn (bedID, plantID, percentage, staffID) VALUES (49, 2449, 1, 91);
INSERT INTO PlantedIn (bedID, plantID, percentage, staffID) VALUES (22, 2473, 4, 185);
INSERT INTO PlantedIn (bedID, plantID, percentage, staffID) VALUES (239, 1655, 3, 74);
INSERT INTO PlantedIn (bedID, plantID, percentage, staffID) VALUES (213, 3067, 1, 28);
INSERT INTO PlantedIn (bedID, plantID, percentage, staffID) VALUES (329, 1995, 3, 96);
INSERT INTO PlantedIn (bedID, plantID, percentage, staffID) VALUES (267, 2862, 3, 114);
INSERT INTO PlantedIn (bedID, plantID, percentage, staffID) VALUES (116, 3810, 4, 58);
INSERT INTO PlantedIn (bedID, plantID, percentage, staffID) VALUES (125, 1391, 2, 132);
INSERT INTO PlantedIn (bedID, plantID, percentage, staffID) VALUES (470, 330, 1, 111);
INSERT INTO PlantedIn (bedID, plantID, percentage, staffID) VALUES (343, 1729, 1, 164);
INSERT INTO PlantedIn (bedID, plantID, percentage, staffID) VALUES (414, 631, 2, 156);
INSERT INTO PlantedIn (bedID, plantID, percentage, staffID) VALUES (453, 3468, 3, 81);
INSERT INTO PlantedIn (bedID, plantID, percentage, staffID) VALUES (196, 3326, 4, 55);
INSERT INTO PlantedIn (bedID, plantID, percentage, staffID) VALUES (285, 3181, 4, 129);
INSERT INTO PlantedIn (bedID, plantID, percentage, staffID) VALUES (383, 3522, 1, 140);
INSERT INTO PlantedIn (bedID, plantID, percentage, staffID) VALUES (129, 1260, 2, 89);
INSERT INTO PlantedIn (bedID, plantID, percentage, staffID) VALUES (195, 3773, 1, 62);
INSERT INTO PlantedIn (bedID, plantID, percentage, staffID) VALUES (201, 405, 2, 75);
INSERT INTO PlantedIn (bedID, plantID, percentage, staffID) VALUES (127, 498, 1, 128);
INSERT INTO PlantedIn (bedID, plantID, percentage, staffID) VALUES (13, 59, 2, 179);
INSERT INTO PlantedIn (bedID, plantID, percentage, staffID) VALUES (415, 549, 2, 85);
INSERT INTO PlantedIn (bedID, plantID, percentage, staffID) VALUES (457, 173, 4, 66);
INSERT INTO PlantedIn (bedID, plantID, percentage, staffID) VALUES (453, 12, 1, 173);
INSERT INTO PlantedIn (bedID, plantID, percentage, staffID) VALUES (156, 1084, 3, 101);
INSERT INTO PlantedIn (bedID, plantID, percentage, staffID) VALUES (122, 3073, 3, 179);
INSERT INTO PlantedIn (bedID, plantID, percentage, staffID) VALUES (175, 2323, 2, 80);
INSERT INTO PlantedIn (bedID, plantID, percentage, staffID) VALUES (292, 1030, 2, 170);
INSERT INTO PlantedIn (bedID, plantID, percentage, staffID) VALUES (140, 1111, 2, 31);
INSERT INTO PlantedIn (bedID, plantID, percentage, staffID) VALUES (138, 3834, 3, 98);
INSERT INTO PlantedIn (bedID, plantID, percentage, staffID) VALUES (129, 3741, 3, 74);
INSERT INTO PlantedIn (bedID, plantID, percentage, staffID) VALUES (361, 905, 3, 43);
INSERT INTO PlantedIn (bedID, plantID, percentage, staffID) VALUES (225, 719, 4, 170);
INSERT INTO PlantedIn (bedID, plantID, percentage, staffID) VALUES (373, 853, 2, 49);
INSERT INTO PlantedIn (bedID, plantID, percentage, staffID) VALUES (231, 269, 4, 183);
INSERT INTO PlantedIn (bedID, plantID, percentage, staffID) VALUES (151, 3331, 3, 55);
INSERT INTO PlantedIn (bedID, plantID, percentage, staffID) VALUES (71, 1607, 2, 177);
INSERT INTO PlantedIn (bedID, plantID, percentage, staffID) VALUES (193, 1315, 3, 12);
INSERT INTO PlantedIn (bedID, plantID, percentage, staffID) VALUES (146, 1613, 1, 43);
INSERT INTO PlantedIn (bedID, plantID, percentage, staffID) VALUES (308, 1609, 1, 150);
INSERT INTO PlantedIn (bedID, plantID, percentage, staffID) VALUES (371, 787, 2, 162);
INSERT INTO PlantedIn (bedID, plantID, percentage, staffID) VALUES (130, 2651, 3, 34);
INSERT INTO PlantedIn (bedID, plantID, percentage, staffID) VALUES (260, 1676, 3, 42);
INSERT INTO PlantedIn (bedID, plantID, percentage, staffID) VALUES (402, 267, 2, 28);
INSERT INTO PlantedIn (bedID, plantID, percentage, staffID) VALUES (194, 753, 3, 192);
INSERT INTO PlantedIn (bedID, plantID, percentage, staffID) VALUES (290, 560, 2, 161);
INSERT INTO PlantedIn (bedID, plantID, percentage, staffID) VALUES (266, 2013, 1, 80);
INSERT INTO PlantedIn (bedID, plantID, percentage, staffID) VALUES (40, 1373, 4, 113);
INSERT INTO PlantedIn (bedID, plantID, percentage, staffID) VALUES (265, 1327, 4, 28);
INSERT INTO PlantedIn (bedID, plantID, percentage, staffID) VALUES (14, 1158, 3, 87);
INSERT INTO PlantedIn (bedID, plantID, percentage, staffID) VALUES (347, 2433, 3, 56);
INSERT INTO PlantedIn (bedID, plantID, percentage, staffID) VALUES (331, 1584, 1, 172);
INSERT INTO PlantedIn (bedID, plantID, percentage, staffID) VALUES (286, 2998, 1, 169);
INSERT INTO PlantedIn (bedID, plantID, percentage, staffID) VALUES (436, 2367, 2, 98);
INSERT INTO PlantedIn (bedID, plantID, percentage, staffID) VALUES (63, 3354, 1, 132);
INSERT INTO PlantedIn (bedID, plantID, percentage, staffID) VALUES (106, 756, 4, 17);
INSERT INTO PlantedIn (bedID, plantID, percentage, staffID) VALUES (255, 833, 3, 126);
INSERT INTO PlantedIn (bedID, plantID, percentage, staffID) VALUES (244, 145, 1, 30);
INSERT INTO PlantedIn (bedID, plantID, percentage, staffID) VALUES (316, 1614, 2, 170);
INSERT INTO PlantedIn (bedID, plantID, percentage, staffID) VALUES (392, 2586, 2, 97);
INSERT INTO PlantedIn (bedID, plantID, percentage, staffID) VALUES (211, 1148, 2, 133);
INSERT INTO PlantedIn (bedID, plantID, percentage, staffID) VALUES (431, 495, 1, 173);
INSERT INTO PlantedIn (bedID, plantID, percentage, staffID) VALUES (471, 1893, 1, 53);
INSERT INTO PlantedIn (bedID, plantID, percentage, staffID) VALUES (325, 1307, 1, 1);
INSERT INTO PlantedIn (bedID, plantID, percentage, staffID) VALUES (262, 2371, 1, 162);
INSERT INTO PlantedIn (bedID, plantID, percentage, staffID) VALUES (308, 3615, 2, 65);
INSERT INTO PlantedIn (bedID, plantID, percentage, staffID) VALUES (167, 564, 1, 140);
INSERT INTO PlantedIn (bedID, plantID, percentage, staffID) VALUES (386, 598, 2, 125);
INSERT INTO PlantedIn (bedID, plantID, percentage, staffID) VALUES (214, 1005, 2, 128);
INSERT INTO PlantedIn (bedID, plantID, percentage, staffID) VALUES (184, 1818, 2, 83);
INSERT INTO PlantedIn (bedID, plantID, percentage, staffID) VALUES (455, 2551, 3, 123);
INSERT INTO PlantedIn (bedID, plantID, percentage, staffID) VALUES (473, 2327, 3, 178);
INSERT INTO PlantedIn (bedID, plantID, percentage, staffID) VALUES (102, 2550, 4, 127);
INSERT INTO PlantedIn (bedID, plantID, percentage, staffID) VALUES (282, 3618, 4, 38);
INSERT INTO PlantedIn (bedID, plantID, percentage, staffID) VALUES (39, 3346, 4, 26);
INSERT INTO PlantedIn (bedID, plantID, percentage, staffID) VALUES (10, 2857, 2, 32);
INSERT INTO PlantedIn (bedID, plantID, percentage, staffID) VALUES (473, 3016, 2, 170);
INSERT INTO PlantedIn (bedID, plantID, percentage, staffID) VALUES (119, 907, 1, 158);
INSERT INTO PlantedIn (bedID, plantID, percentage, staffID) VALUES (424, 1438, 4, 175);
INSERT INTO PlantedIn (bedID, plantID, percentage, staffID) VALUES (461, 2801, 1, 91);
INSERT INTO PlantedIn (bedID, plantID, percentage, staffID) VALUES (182, 249, 4, 12);
INSERT INTO PlantedIn (bedID, plantID, percentage, staffID) VALUES (1, 922, 1, 190);
INSERT INTO PlantedIn (bedID, plantID, percentage, staffID) VALUES (376, 520, 4, 122);
INSERT INTO PlantedIn (bedID, plantID, percentage, staffID) VALUES (433, 1652, 1, 37);
INSERT INTO PlantedIn (bedID, plantID, percentage, staffID) VALUES (314, 3669, 3, 77);
INSERT INTO PlantedIn (bedID, plantID, percentage, staffID) VALUES (152, 896, 2, 92);
INSERT INTO PlantedIn (bedID, plantID, percentage, staffID) VALUES (453, 3455, 2, 99);
INSERT INTO PlantedIn (bedID, plantID, percentage, staffID) VALUES (454, 2085, 4, 66);
INSERT INTO PlantedIn (bedID, plantID, percentage, staffID) VALUES (368, 951, 4, 9);
INSERT INTO PlantedIn (bedID, plantID, percentage, staffID) VALUES (142, 71, 1, 2);
INSERT INTO PlantedIn (bedID, plantID, percentage, staffID) VALUES (73, 2322, 1, 181);
INSERT INTO PlantedIn (bedID, plantID, percentage, staffID) VALUES (14, 247, 3, 48);
INSERT INTO PlantedIn (bedID, plantID, percentage, staffID) VALUES (7, 2353, 2, 51);
INSERT INTO PlantedIn (bedID, plantID, percentage, staffID) VALUES (398, 2690, 4, 129);
INSERT INTO PlantedIn (bedID, plantID, percentage, staffID) VALUES (279, 438, 3, 28);
INSERT INTO PlantedIn (bedID, plantID, percentage, staffID) VALUES (309, 1764, 2, 104);
INSERT INTO PlantedIn (bedID, plantID, percentage, staffID) VALUES (333, 2108, 1, 64);
INSERT INTO PlantedIn (bedID, plantID, percentage, staffID) VALUES (267, 1226, 3, 20);
INSERT INTO PlantedIn (bedID, plantID, percentage, staffID) VALUES (435, 3788, 4, 160);
INSERT INTO PlantedIn (bedID, plantID, percentage, staffID) VALUES (21, 65, 1, 130);
INSERT INTO PlantedIn (bedID, plantID, percentage, staffID) VALUES (296, 3410, 2, 80);
INSERT INTO PlantedIn (bedID, plantID, percentage, staffID) VALUES (274, 76, 1, 54);
INSERT INTO PlantedIn (bedID, plantID, percentage, staffID) VALUES (63, 1544, 4, 146);
INSERT INTO PlantedIn (bedID, plantID, percentage, staffID) VALUES (405, 851, 3, 45);
INSERT INTO PlantedIn (bedID, plantID, percentage, staffID) VALUES (362, 2039, 2, 115);
INSERT INTO PlantedIn (bedID, plantID, percentage, staffID) VALUES (400, 2531, 4, 10);
INSERT INTO PlantedIn (bedID, plantID, percentage, staffID) VALUES (301, 3205, 3, 145);
INSERT INTO PlantedIn (bedID, plantID, percentage, staffID) VALUES (401, 1327, 2, 150);
INSERT INTO PlantedIn (bedID, plantID, percentage, staffID) VALUES (107, 486, 4, 192);
INSERT INTO PlantedIn (bedID, plantID, percentage, staffID) VALUES (284, 2648, 2, 13);
INSERT INTO PlantedIn (bedID, plantID, percentage, staffID) VALUES (429, 1080, 3, 3);
INSERT INTO PlantedIn (bedID, plantID, percentage, staffID) VALUES (108, 172, 4, 85);
INSERT INTO PlantedIn (bedID, plantID, percentage, staffID) VALUES (414, 468, 3, 111);
INSERT INTO PlantedIn (bedID, plantID, percentage, staffID) VALUES (220, 1062, 3, 39);
INSERT INTO PlantedIn (bedID, plantID, percentage, staffID) VALUES (190, 496, 3, 101);
INSERT INTO PlantedIn (bedID, plantID, percentage, staffID) VALUES (156, 1789, 4, 168);
INSERT INTO PlantedIn (bedID, plantID, percentage, staffID) VALUES (70, 3429, 1, 78);
INSERT INTO PlantedIn (bedID, plantID, percentage, staffID) VALUES (79, 1520, 4, 148);
INSERT INTO PlantedIn (bedID, plantID, percentage, staffID) VALUES (457, 2791, 1, 128);
INSERT INTO PlantedIn (bedID, plantID, percentage, staffID) VALUES (363, 147, 3, 11);
INSERT INTO PlantedIn (bedID, plantID, percentage, staffID) VALUES (76, 2290, 3, 74);
INSERT INTO PlantedIn (bedID, plantID, percentage, staffID) VALUES (411, 2129, 2, 64);
INSERT INTO PlantedIn (bedID, plantID, percentage, staffID) VALUES (322, 3112, 1, 166);
INSERT INTO PlantedIn (bedID, plantID, percentage, staffID) VALUES (127, 2459, 2, 191);
INSERT INTO PlantedIn (bedID, plantID, percentage, staffID) VALUES (248, 1216, 3, 96);
INSERT INTO PlantedIn (bedID, plantID, percentage, staffID) VALUES (335, 739, 3, 136);
INSERT INTO PlantedIn (bedID, plantID, percentage, staffID) VALUES (432, 1111, 3, 177);
INSERT INTO PlantedIn (bedID, plantID, percentage, staffID) VALUES (154, 3544, 2, 66);
INSERT INTO PlantedIn (bedID, plantID, percentage, staffID) VALUES (241, 2628, 2, 22);
INSERT INTO PlantedIn (bedID, plantID, percentage, staffID) VALUES (110, 1621, 4, 132);
INSERT INTO PlantedIn (bedID, plantID, percentage, staffID) VALUES (107, 1764, 2, 187);
INSERT INTO PlantedIn (bedID, plantID, percentage, staffID) VALUES (44, 3285, 3, 186);
INSERT INTO PlantedIn (bedID, plantID, percentage, staffID) VALUES (78, 1453, 4, 63);
INSERT INTO PlantedIn (bedID, plantID, percentage, staffID) VALUES (269, 3741, 2, 112);
INSERT INTO PlantedIn (bedID, plantID, percentage, staffID) VALUES (154, 1855, 4, 14);
INSERT INTO PlantedIn (bedID, plantID, percentage, staffID) VALUES (76, 661, 2, 43);
INSERT INTO PlantedIn (bedID, plantID, percentage, staffID) VALUES (280, 3301, 4, 62);
INSERT INTO PlantedIn (bedID, plantID, percentage, staffID) VALUES (147, 837, 2, 63);
INSERT INTO PlantedIn (bedID, plantID, percentage, staffID) VALUES (32, 829, 1, 4);
INSERT INTO PlantedIn (bedID, plantID, percentage, staffID) VALUES (280, 1249, 1, 21);
INSERT INTO PlantedIn (bedID, plantID, percentage, staffID) VALUES (138, 2502, 3, 131);
INSERT INTO PlantedIn (bedID, plantID, percentage, staffID) VALUES (27, 3082, 2, 26);
INSERT INTO PlantedIn (bedID, plantID, percentage, staffID) VALUES (132, 734, 2, 44);
INSERT INTO PlantedIn (bedID, plantID, percentage, staffID) VALUES (171, 1644, 4, 169);
INSERT INTO PlantedIn (bedID, plantID, percentage, staffID) VALUES (133, 493, 3, 157);
INSERT INTO PlantedIn (bedID, plantID, percentage, staffID) VALUES (136, 38, 4, 131);
INSERT INTO PlantedIn (bedID, plantID, percentage, staffID) VALUES (158, 2876, 3, 8);
INSERT INTO PlantedIn (bedID, plantID, percentage, staffID) VALUES (185, 2597, 2, 35);
INSERT INTO PlantedIn (bedID, plantID, percentage, staffID) VALUES (222, 1140, 3, 169);
INSERT INTO PlantedIn (bedID, plantID, percentage, staffID) VALUES (230, 162, 4, 38);
INSERT INTO PlantedIn (bedID, plantID, percentage, staffID) VALUES (221, 42, 3, 163);
INSERT INTO PlantedIn (bedID, plantID, percentage, staffID) VALUES (66, 2171, 2, 69);
INSERT INTO PlantedIn (bedID, plantID, percentage, staffID) VALUES (300, 1264, 4, 183);
INSERT INTO PlantedIn (bedID, plantID, percentage, staffID) VALUES (160, 2063, 3, 163);
INSERT INTO PlantedIn (bedID, plantID, percentage, staffID) VALUES (132, 3218, 3, 60);
INSERT INTO PlantedIn (bedID, plantID, percentage, staffID) VALUES (239, 1785, 4, 24);
INSERT INTO PlantedIn (bedID, plantID, percentage, staffID) VALUES (358, 3641, 1, 147);
INSERT INTO PlantedIn (bedID, plantID, percentage, staffID) VALUES (466, 3491, 2, 18);
INSERT INTO PlantedIn (bedID, plantID, percentage, staffID) VALUES (433, 3411, 1, 41);
INSERT INTO PlantedIn (bedID, plantID, percentage, staffID) VALUES (210, 2056, 1, 109);
INSERT INTO PlantedIn (bedID, plantID, percentage, staffID) VALUES (455, 3080, 1, 177);
INSERT INTO PlantedIn (bedID, plantID, percentage, staffID) VALUES (298, 609, 1, 185);
INSERT INTO PlantedIn (bedID, plantID, percentage, staffID) VALUES (293, 80, 2, 22);
INSERT INTO PlantedIn (bedID, plantID, percentage, staffID) VALUES (456, 3195, 4, 126);
INSERT INTO PlantedIn (bedID, plantID, percentage, staffID) VALUES (346, 2719, 3, 81);
INSERT INTO PlantedIn (bedID, plantID, percentage, staffID) VALUES (278, 2293, 1, 142);
INSERT INTO PlantedIn (bedID, plantID, percentage, staffID) VALUES (60, 887, 4, 22);
INSERT INTO PlantedIn (bedID, plantID, percentage, staffID) VALUES (311, 412, 3, 37);
INSERT INTO PlantedIn (bedID, plantID, percentage, staffID) VALUES (428, 172, 3, 175);
INSERT INTO PlantedIn (bedID, plantID, percentage, staffID) VALUES (96, 2933, 4, 136);
INSERT INTO PlantedIn (bedID, plantID, percentage, staffID) VALUES (369, 2987, 3, 41);
INSERT INTO PlantedIn (bedID, plantID, percentage, staffID) VALUES (284, 3146, 2, 141);
INSERT INTO PlantedIn (bedID, plantID, percentage, staffID) VALUES (321, 2580, 4, 28);
INSERT INTO PlantedIn (bedID, plantID, percentage, staffID) VALUES (425, 928, 3, 161);
INSERT INTO PlantedIn (bedID, plantID, percentage, staffID) VALUES (164, 3734, 1, 35);
INSERT INTO PlantedIn (bedID, plantID, percentage, staffID) VALUES (5, 82, 1, 160);
INSERT INTO PlantedIn (bedID, plantID, percentage, staffID) VALUES (369, 1732, 3, 7);
INSERT INTO PlantedIn (bedID, plantID, percentage, staffID) VALUES (105, 890, 4, 62);
INSERT INTO PlantedIn (bedID, plantID, percentage, staffID) VALUES (21, 3824, 3, 31);
INSERT INTO PlantedIn (bedID, plantID, percentage, staffID) VALUES (35, 466, 4, 136);
INSERT INTO PlantedIn (bedID, plantID, percentage, staffID) VALUES (373, 3080, 3, 114);
INSERT INTO PlantedIn (bedID, plantID, percentage, staffID) VALUES (18, 1317, 2, 49);
INSERT INTO PlantedIn (bedID, plantID, percentage, staffID) VALUES (146, 1564, 2, 130);
INSERT INTO PlantedIn (bedID, plantID, percentage, staffID) VALUES (202, 1604, 1, 108);
INSERT INTO PlantedIn (bedID, plantID, percentage, staffID) VALUES (409, 2173, 1, 157);
INSERT INTO PlantedIn (bedID, plantID, percentage, staffID) VALUES (375, 256, 4, 185);
INSERT INTO PlantedIn (bedID, plantID, percentage, staffID) VALUES (27, 199, 1, 82);
INSERT INTO PlantedIn (bedID, plantID, percentage, staffID) VALUES (82, 239, 4, 180);
INSERT INTO PlantedIn (bedID, plantID, percentage, staffID) VALUES (407, 1680, 4, 132);
INSERT INTO PlantedIn (bedID, plantID, percentage, staffID) VALUES (367, 3404, 1, 57);
INSERT INTO PlantedIn (bedID, plantID, percentage, staffID) VALUES (135, 3524, 3, 82);
INSERT INTO PlantedIn (bedID, plantID, percentage, staffID) VALUES (155, 3585, 1, 187);
INSERT INTO PlantedIn (bedID, plantID, percentage, staffID) VALUES (232, 2634, 2, 56);
INSERT INTO PlantedIn (bedID, plantID, percentage, staffID) VALUES (354, 681, 4, 25);
INSERT INTO PlantedIn (bedID, plantID, percentage, staffID) VALUES (108, 1993, 2, 191);
INSERT INTO PlantedIn (bedID, plantID, percentage, staffID) VALUES (274, 3142, 2, 74);
INSERT INTO PlantedIn (bedID, plantID, percentage, staffID) VALUES (117, 11, 1, 68);
INSERT INTO PlantedIn (bedID, plantID, percentage, staffID) VALUES (418, 2358, 1, 22);
INSERT INTO PlantedIn (bedID, plantID, percentage, staffID) VALUES (247, 1945, 4, 180);
INSERT INTO PlantedIn (bedID, plantID, percentage, staffID) VALUES (204, 3075, 4, 8);
INSERT INTO PlantedIn (bedID, plantID, percentage, staffID) VALUES (226, 1202, 1, 42);
INSERT INTO PlantedIn (bedID, plantID, percentage, staffID) VALUES (231, 1236, 3, 6);
INSERT INTO PlantedIn (bedID, plantID, percentage, staffID) VALUES (396, 3707, 2, 24);
INSERT INTO PlantedIn (bedID, plantID, percentage, staffID) VALUES (366, 1825, 1, 174);
INSERT INTO PlantedIn (bedID, plantID, percentage, staffID) VALUES (225, 696, 2, 9);
INSERT INTO PlantedIn (bedID, plantID, percentage, staffID) VALUES (374, 565, 2, 108);
INSERT INTO PlantedIn (bedID, plantID, percentage, staffID) VALUES (241, 778, 4, 184);
INSERT INTO PlantedIn (bedID, plantID, percentage, staffID) VALUES (247, 3588, 2, 145);
INSERT INTO PlantedIn (bedID, plantID, percentage, staffID) VALUES (420, 3180, 3, 157);
INSERT INTO PlantedIn (bedID, plantID, percentage, staffID) VALUES (140, 2386, 4, 139);
INSERT INTO PlantedIn (bedID, plantID, percentage, staffID) VALUES (378, 2782, 3, 26);
INSERT INTO PlantedIn (bedID, plantID, percentage, staffID) VALUES (410, 2526, 3, 184);
INSERT INTO PlantedIn (bedID, plantID, percentage, staffID) VALUES (28, 228, 2, 122);
INSERT INTO PlantedIn (bedID, plantID, percentage, staffID) VALUES (122, 2294, 4, 191);
INSERT INTO PlantedIn (bedID, plantID, percentage, staffID) VALUES (376, 3236, 2, 156);
INSERT INTO PlantedIn (bedID, plantID, percentage, staffID) VALUES (363, 1818, 3, 137);
INSERT INTO PlantedIn (bedID, plantID, percentage, staffID) VALUES (139, 1701, 3, 64);
INSERT INTO PlantedIn (bedID, plantID, percentage, staffID) VALUES (28, 3825, 4, 73);
INSERT INTO PlantedIn (bedID, plantID, percentage, staffID) VALUES (336, 1873, 3, 91);
INSERT INTO PlantedIn (bedID, plantID, percentage, staffID) VALUES (66, 1316, 1, 19);
INSERT INTO PlantedIn (bedID, plantID, percentage, staffID) VALUES (189, 2642, 3, 93);
INSERT INTO PlantedIn (bedID, plantID, percentage, staffID) VALUES (131, 1513, 1, 86);
INSERT INTO PlantedIn (bedID, plantID, percentage, staffID) VALUES (109, 705, 4, 79);
INSERT INTO PlantedIn (bedID, plantID, percentage, staffID) VALUES (309, 226, 4, 132);
INSERT INTO PlantedIn (bedID, plantID, percentage, staffID) VALUES (236, 3703, 3, 109);
INSERT INTO PlantedIn (bedID, plantID, percentage, staffID) VALUES (449, 3443, 3, 84);
INSERT INTO PlantedIn (bedID, plantID, percentage, staffID) VALUES (178, 3291, 3, 48);
INSERT INTO PlantedIn (bedID, plantID, percentage, staffID) VALUES (91, 1239, 3, 145);
INSERT INTO PlantedIn (bedID, plantID, percentage, staffID) VALUES (2, 635, 2, 51);
INSERT INTO PlantedIn (bedID, plantID, percentage, staffID) VALUES (263, 2583, 4, 72);
INSERT INTO PlantedIn (bedID, plantID, percentage, staffID) VALUES (403, 2857, 3, 159);
INSERT INTO PlantedIn (bedID, plantID, percentage, staffID) VALUES (378, 1640, 2, 92);
INSERT INTO PlantedIn (bedID, plantID, percentage, staffID) VALUES (181, 3797, 2, 174);
INSERT INTO PlantedIn (bedID, plantID, percentage, staffID) VALUES (54, 840, 2, 156);
INSERT INTO PlantedIn (bedID, plantID, percentage, staffID) VALUES (255, 1817, 3, 183);
INSERT INTO PlantedIn (bedID, plantID, percentage, staffID) VALUES (300, 549, 1, 168);
INSERT INTO PlantedIn (bedID, plantID, percentage, staffID) VALUES (433, 2904, 3, 34);
INSERT INTO PlantedIn (bedID, plantID, percentage, staffID) VALUES (83, 2369, 3, 2);
INSERT INTO PlantedIn (bedID, plantID, percentage, staffID) VALUES (282, 3317, 2, 181);
INSERT INTO PlantedIn (bedID, plantID, percentage, staffID) VALUES (57, 3373, 1, 147);
INSERT INTO PlantedIn (bedID, plantID, percentage, staffID) VALUES (43, 1845, 3, 110);
INSERT INTO PlantedIn (bedID, plantID, percentage, staffID) VALUES (449, 1669, 3, 35);
INSERT INTO PlantedIn (bedID, plantID, percentage, staffID) VALUES (272, 3831, 2, 158);
INSERT INTO PlantedIn (bedID, plantID, percentage, staffID) VALUES (79, 2878, 1, 10);
INSERT INTO PlantedIn (bedID, plantID, percentage, staffID) VALUES (235, 808, 3, 162);
INSERT INTO PlantedIn (bedID, plantID, percentage, staffID) VALUES (389, 3079, 2, 47);
INSERT INTO PlantedIn (bedID, plantID, percentage, staffID) VALUES (310, 445, 4, 181);
INSERT INTO PlantedIn (bedID, plantID, percentage, staffID) VALUES (468, 2324, 1, 2);
INSERT INTO PlantedIn (bedID, plantID, percentage, staffID) VALUES (38, 2098, 1, 144);
INSERT INTO PlantedIn (bedID, plantID, percentage, staffID) VALUES (461, 3378, 3, 124);
INSERT INTO PlantedIn (bedID, plantID, percentage, staffID) VALUES (410, 1463, 1, 191);
INSERT INTO PlantedIn (bedID, plantID, percentage, staffID) VALUES (59, 3777, 3, 23);
INSERT INTO PlantedIn (bedID, plantID, percentage, staffID) VALUES (88, 3475, 1, 60);
INSERT INTO PlantedIn (bedID, plantID, percentage, staffID) VALUES (330, 2002, 2, 87);
INSERT INTO PlantedIn (bedID, plantID, percentage, staffID) VALUES (300, 1196, 3, 26);
INSERT INTO PlantedIn (bedID, plantID, percentage, staffID) VALUES (431, 504, 4, 143);
INSERT INTO PlantedIn (bedID, plantID, percentage, staffID) VALUES (319, 1557, 3, 4);
INSERT INTO PlantedIn (bedID, plantID, percentage, staffID) VALUES (131, 2405, 1, 40);
INSERT INTO PlantedIn (bedID, plantID, percentage, staffID) VALUES (1, 493, 1, 36);
INSERT INTO PlantedIn (bedID, plantID, percentage, staffID) VALUES (50, 1087, 2, 152);
INSERT INTO PlantedIn (bedID, plantID, percentage, staffID) VALUES (86, 123, 4, 61);
INSERT INTO PlantedIn (bedID, plantID, percentage, staffID) VALUES (261, 2792, 1, 47);
INSERT INTO PlantedIn (bedID, plantID, percentage, staffID) VALUES (15, 1353, 4, 164);
INSERT INTO PlantedIn (bedID, plantID, percentage, staffID) VALUES (228, 1938, 1, 191);
INSERT INTO PlantedIn (bedID, plantID, percentage, staffID) VALUES (428, 3658, 1, 164);
INSERT INTO PlantedIn (bedID, plantID, percentage, staffID) VALUES (269, 3848, 3, 66);
INSERT INTO PlantedIn (bedID, plantID, percentage, staffID) VALUES (59, 1909, 1, 142);
INSERT INTO PlantedIn (bedID, plantID, percentage, staffID) VALUES (367, 1681, 4, 106);
INSERT INTO PlantedIn (bedID, plantID, percentage, staffID) VALUES (221, 3152, 1, 170);
INSERT INTO PlantedIn (bedID, plantID, percentage, staffID) VALUES (255, 219, 3, 41);
INSERT INTO PlantedIn (bedID, plantID, percentage, staffID) VALUES (193, 9, 4, 105);
INSERT INTO PlantedIn (bedID, plantID, percentage, staffID) VALUES (239, 1713, 2, 9);
INSERT INTO PlantedIn (bedID, plantID, percentage, staffID) VALUES (185, 3246, 4, 120);
INSERT INTO PlantedIn (bedID, plantID, percentage, staffID) VALUES (396, 3517, 4, 108);
INSERT INTO PlantedIn (bedID, plantID, percentage, staffID) VALUES (191, 849, 1, 38);
INSERT INTO PlantedIn (bedID, plantID, percentage, staffID) VALUES (310, 2718, 1, 28);
INSERT INTO PlantedIn (bedID, plantID, percentage, staffID) VALUES (246, 3726, 1, 28);
INSERT INTO PlantedIn (bedID, plantID, percentage, staffID) VALUES (10, 1299, 2, 128);
INSERT INTO PlantedIn (bedID, plantID, percentage, staffID) VALUES (160, 530, 4, 64);
INSERT INTO PlantedIn (bedID, plantID, percentage, staffID) VALUES (275, 1365, 4, 51);
INSERT INTO PlantedIn (bedID, plantID, percentage, staffID) VALUES (92, 3233, 1, 190);
INSERT INTO PlantedIn (bedID, plantID, percentage, staffID) VALUES (319, 664, 2, 67);
INSERT INTO PlantedIn (bedID, plantID, percentage, staffID) VALUES (414, 1784, 2, 92);
INSERT INTO PlantedIn (bedID, plantID, percentage, staffID) VALUES (202, 2266, 2, 92);
INSERT INTO PlantedIn (bedID, plantID, percentage, staffID) VALUES (437, 289, 2, 178);
INSERT INTO PlantedIn (bedID, plantID, percentage, staffID) VALUES (101, 718, 4, 21);
INSERT INTO PlantedIn (bedID, plantID, percentage, staffID) VALUES (255, 1353, 3, 156);
INSERT INTO PlantedIn (bedID, plantID, percentage, staffID) VALUES (89, 2665, 4, 155);
INSERT INTO PlantedIn (bedID, plantID, percentage, staffID) VALUES (69, 2884, 4, 17);
INSERT INTO PlantedIn (bedID, plantID, percentage, staffID) VALUES (435, 1588, 4, 30);
INSERT INTO PlantedIn (bedID, plantID, percentage, staffID) VALUES (413, 2304, 2, 38);
INSERT INTO PlantedIn (bedID, plantID, percentage, staffID) VALUES (87, 2454, 1, 152);
INSERT INTO PlantedIn (bedID, plantID, percentage, staffID) VALUES (336, 2378, 4, 75);
INSERT INTO PlantedIn (bedID, plantID, percentage, staffID) VALUES (379, 1799, 2, 146);
INSERT INTO PlantedIn (bedID, plantID, percentage, staffID) VALUES (386, 1838, 1, 15);
INSERT INTO PlantedIn (bedID, plantID, percentage, staffID) VALUES (78, 3212, 2, 191);
INSERT INTO PlantedIn (bedID, plantID, percentage, staffID) VALUES (273, 65, 2, 26);
INSERT INTO PlantedIn (bedID, plantID, percentage, staffID) VALUES (203, 1058, 2, 59);
INSERT INTO PlantedIn (bedID, plantID, percentage, staffID) VALUES (412, 1826, 1, 122);
INSERT INTO PlantedIn (bedID, plantID, percentage, staffID) VALUES (51, 1313, 4, 32);
INSERT INTO PlantedIn (bedID, plantID, percentage, staffID) VALUES (452, 2009, 4, 151);
INSERT INTO PlantedIn (bedID, plantID, percentage, staffID) VALUES (466, 1747, 4, 20);
INSERT INTO PlantedIn (bedID, plantID, percentage, staffID) VALUES (439, 644, 1, 164);
INSERT INTO PlantedIn (bedID, plantID, percentage, staffID) VALUES (472, 2846, 3, 82);
INSERT INTO PlantedIn (bedID, plantID, percentage, staffID) VALUES (357, 2039, 1, 14);
INSERT INTO PlantedIn (bedID, plantID, percentage, staffID) VALUES (379, 1373, 3, 98);
INSERT INTO PlantedIn (bedID, plantID, percentage, staffID) VALUES (392, 296, 4, 148);
INSERT INTO PlantedIn (bedID, plantID, percentage, staffID) VALUES (197, 3392, 2, 154);
INSERT INTO PlantedIn (bedID, plantID, percentage, staffID) VALUES (188, 1894, 2, 26);
INSERT INTO PlantedIn (bedID, plantID, percentage, staffID) VALUES (446, 858, 4, 38);
INSERT INTO PlantedIn (bedID, plantID, percentage, staffID) VALUES (421, 107, 3, 134);
INSERT INTO PlantedIn (bedID, plantID, percentage, staffID) VALUES (182, 520, 1, 74);
INSERT INTO PlantedIn (bedID, plantID, percentage, staffID) VALUES (100, 319, 3, 30);
INSERT INTO PlantedIn (bedID, plantID, percentage, staffID) VALUES (183, 481, 2, 151);
INSERT INTO PlantedIn (bedID, plantID, percentage, staffID) VALUES (164, 3562, 3, 41);
INSERT INTO PlantedIn (bedID, plantID, percentage, staffID) VALUES (429, 610, 3, 25);
INSERT INTO PlantedIn (bedID, plantID, percentage, staffID) VALUES (246, 306, 2, 21);
INSERT INTO PlantedIn (bedID, plantID, percentage, staffID) VALUES (51, 2918, 2, 20);
INSERT INTO PlantedIn (bedID, plantID, percentage, staffID) VALUES (421, 1770, 1, 143);
INSERT INTO PlantedIn (bedID, plantID, percentage, staffID) VALUES (256, 3263, 3, 149);
INSERT INTO PlantedIn (bedID, plantID, percentage, staffID) VALUES (351, 2802, 1, 175);
INSERT INTO PlantedIn (bedID, plantID, percentage, staffID) VALUES (402, 2304, 1, 93);
INSERT INTO PlantedIn (bedID, plantID, percentage, staffID) VALUES (245, 2518, 2, 190);
INSERT INTO PlantedIn (bedID, plantID, percentage, staffID) VALUES (383, 190, 2, 11);
INSERT INTO PlantedIn (bedID, plantID, percentage, staffID) VALUES (61, 582, 1, 151);
INSERT INTO PlantedIn (bedID, plantID, percentage, staffID) VALUES (429, 3221, 4, 148);
INSERT INTO PlantedIn (bedID, plantID, percentage, staffID) VALUES (138, 1636, 4, 183);
INSERT INTO PlantedIn (bedID, plantID, percentage, staffID) VALUES (127, 2404, 1, 68);
INSERT INTO PlantedIn (bedID, plantID, percentage, staffID) VALUES (165, 728, 1, 28);
INSERT INTO PlantedIn (bedID, plantID, percentage, staffID) VALUES (371, 2277, 2, 80);
INSERT INTO PlantedIn (bedID, plantID, percentage, staffID) VALUES (114, 1240, 1, 148);
INSERT INTO PlantedIn (bedID, plantID, percentage, staffID) VALUES (175, 2994, 2, 77);
INSERT INTO PlantedIn (bedID, plantID, percentage, staffID) VALUES (438, 436, 4, 150);
INSERT INTO PlantedIn (bedID, plantID, percentage, staffID) VALUES (448, 1763, 1, 128);
INSERT INTO PlantedIn (bedID, plantID, percentage, staffID) VALUES (416, 2011, 1, 14);
INSERT INTO PlantedIn (bedID, plantID, percentage, staffID) VALUES (68, 1545, 2, 32);
INSERT INTO PlantedIn (bedID, plantID, percentage, staffID) VALUES (279, 1119, 2, 140);
INSERT INTO PlantedIn (bedID, plantID, percentage, staffID) VALUES (416, 294, 1, 138);
INSERT INTO PlantedIn (bedID, plantID, percentage, staffID) VALUES (188, 1540, 4, 35);
INSERT INTO PlantedIn (bedID, plantID, percentage, staffID) VALUES (82, 2108, 1, 54);
INSERT INTO PlantedIn (bedID, plantID, percentage, staffID) VALUES (312, 3851, 3, 190);
INSERT INTO PlantedIn (bedID, plantID, percentage, staffID) VALUES (214, 2142, 2, 172);
INSERT INTO PlantedIn (bedID, plantID, percentage, staffID) VALUES (36, 3514, 1, 98);
INSERT INTO PlantedIn (bedID, plantID, percentage, staffID) VALUES (147, 2447, 4, 144);
INSERT INTO PlantedIn (bedID, plantID, percentage, staffID) VALUES (437, 1508, 4, 55);
INSERT INTO PlantedIn (bedID, plantID, percentage, staffID) VALUES (221, 3643, 4, 188);
INSERT INTO PlantedIn (bedID, plantID, percentage, staffID) VALUES (162, 340, 3, 129);
INSERT INTO PlantedIn (bedID, plantID, percentage, staffID) VALUES (300, 3451, 2, 125);
INSERT INTO PlantedIn (bedID, plantID, percentage, staffID) VALUES (421, 2088, 2, 183);
INSERT INTO PlantedIn (bedID, plantID, percentage, staffID) VALUES (45, 2843, 1, 138);
INSERT INTO PlantedIn (bedID, plantID, percentage, staffID) VALUES (305, 584, 4, 79);
INSERT INTO PlantedIn (bedID, plantID, percentage, staffID) VALUES (371, 348, 3, 174);
INSERT INTO PlantedIn (bedID, plantID, percentage, staffID) VALUES (227, 460, 4, 104);
INSERT INTO PlantedIn (bedID, plantID, percentage, staffID) VALUES (29, 1650, 2, 165);
INSERT INTO PlantedIn (bedID, plantID, percentage, staffID) VALUES (244, 1691, 1, 187);
INSERT INTO PlantedIn (bedID, plantID, percentage, staffID) VALUES (157, 2036, 1, 90);
INSERT INTO PlantedIn (bedID, plantID, percentage, staffID) VALUES (32, 1288, 1, 115);
INSERT INTO PlantedIn (bedID, plantID, percentage, staffID) VALUES (182, 2759, 1, 136);
INSERT INTO PlantedIn (bedID, plantID, percentage, staffID) VALUES (381, 1997, 2, 179);
INSERT INTO PlantedIn (bedID, plantID, percentage, staffID) VALUES (301, 1474, 3, 47);
INSERT INTO PlantedIn (bedID, plantID, percentage, staffID) VALUES (383, 147, 2, 21);
INSERT INTO PlantedIn (bedID, plantID, percentage, staffID) VALUES (225, 52, 4, 96);
INSERT INTO PlantedIn (bedID, plantID, percentage, staffID) VALUES (256, 3511, 3, 5);
INSERT INTO PlantedIn (bedID, plantID, percentage, staffID) VALUES (115, 2260, 2, 157);
INSERT INTO PlantedIn (bedID, plantID, percentage, staffID) VALUES (387, 373, 1, 5);
INSERT INTO PlantedIn (bedID, plantID, percentage, staffID) VALUES (384, 2668, 3, 76);
INSERT INTO PlantedIn (bedID, plantID, percentage, staffID) VALUES (98, 940, 4, 184);
INSERT INTO PlantedIn (bedID, plantID, percentage, staffID) VALUES (296, 489, 2, 110);
INSERT INTO PlantedIn (bedID, plantID, percentage, staffID) VALUES (78, 2464, 3, 154);
INSERT INTO PlantedIn (bedID, plantID, percentage, staffID) VALUES (308, 869, 1, 91);
INSERT INTO PlantedIn (bedID, plantID, percentage, staffID) VALUES (64, 1814, 2, 163);
INSERT INTO PlantedIn (bedID, plantID, percentage, staffID) VALUES (26, 2183, 4, 140);
INSERT INTO PlantedIn (bedID, plantID, percentage, staffID) VALUES (313, 2739, 2, 15);
INSERT INTO PlantedIn (bedID, plantID, percentage, staffID) VALUES (189, 1706, 3, 18);
INSERT INTO PlantedIn (bedID, plantID, percentage, staffID) VALUES (324, 3795, 2, 92);
INSERT INTO PlantedIn (bedID, plantID, percentage, staffID) VALUES (52, 3814, 2, 152);
INSERT INTO PlantedIn (bedID, plantID, percentage, staffID) VALUES (296, 1918, 2, 187);
INSERT INTO PlantedIn (bedID, plantID, percentage, staffID) VALUES (342, 1381, 4, 95);
INSERT INTO PlantedIn (bedID, plantID, percentage, staffID) VALUES (391, 1016, 4, 47);
INSERT INTO PlantedIn (bedID, plantID, percentage, staffID) VALUES (392, 3533, 2, 154);
INSERT INTO PlantedIn (bedID, plantID, percentage, staffID) VALUES (126, 171, 4, 128);
INSERT INTO PlantedIn (bedID, plantID, percentage, staffID) VALUES (13, 288, 1, 53);
INSERT INTO PlantedIn (bedID, plantID, percentage, staffID) VALUES (29, 3864, 3, 83);
INSERT INTO PlantedIn (bedID, plantID, percentage, staffID) VALUES (320, 1643, 3, 15);
INSERT INTO PlantedIn (bedID, plantID, percentage, staffID) VALUES (326, 1159, 3, 79);
INSERT INTO PlantedIn (bedID, plantID, percentage, staffID) VALUES (101, 518, 4, 1);
INSERT INTO PlantedIn (bedID, plantID, percentage, staffID) VALUES (453, 3721, 1, 175);
INSERT INTO PlantedIn (bedID, plantID, percentage, staffID) VALUES (4, 1869, 1, 36);
INSERT INTO PlantedIn (bedID, plantID, percentage, staffID) VALUES (264, 1664, 3, 34);
INSERT INTO PlantedIn (bedID, plantID, percentage, staffID) VALUES (204, 2213, 4, 62);
INSERT INTO PlantedIn (bedID, plantID, percentage, staffID) VALUES (422, 1018, 3, 30);
INSERT INTO PlantedIn (bedID, plantID, percentage, staffID) VALUES (326, 824, 2, 15);
INSERT INTO PlantedIn (bedID, plantID, percentage, staffID) VALUES (243, 1745, 3, 182);
INSERT INTO PlantedIn (bedID, plantID, percentage, staffID) VALUES (277, 3457, 3, 115);
INSERT INTO PlantedIn (bedID, plantID, percentage, staffID) VALUES (406, 1620, 4, 157);
INSERT INTO PlantedIn (bedID, plantID, percentage, staffID) VALUES (427, 3625, 2, 183);
INSERT INTO PlantedIn (bedID, plantID, percentage, staffID) VALUES (175, 239, 4, 17);
INSERT INTO PlantedIn (bedID, plantID, percentage, staffID) VALUES (301, 1479, 3, 148);
INSERT INTO PlantedIn (bedID, plantID, percentage, staffID) VALUES (306, 3348, 2, 19);
INSERT INTO PlantedIn (bedID, plantID, percentage, staffID) VALUES (38, 623, 3, 145);
INSERT INTO PlantedIn (bedID, plantID, percentage, staffID) VALUES (290, 2324, 1, 65);
INSERT INTO PlantedIn (bedID, plantID, percentage, staffID) VALUES (235, 3403, 2, 152);
INSERT INTO PlantedIn (bedID, plantID, percentage, staffID) VALUES (142, 1956, 1, 44);
INSERT INTO PlantedIn (bedID, plantID, percentage, staffID) VALUES (210, 430, 4, 136);
INSERT INTO PlantedIn (bedID, plantID, percentage, staffID) VALUES (82, 2865, 4, 125);
INSERT INTO PlantedIn (bedID, plantID, percentage, staffID) VALUES (59, 1290, 4, 68);
INSERT INTO PlantedIn (bedID, plantID, percentage, staffID) VALUES (95, 1643, 2, 22);
INSERT INTO PlantedIn (bedID, plantID, percentage, staffID) VALUES (278, 3144, 1, 178);
INSERT INTO PlantedIn (bedID, plantID, percentage, staffID) VALUES (197, 732, 4, 81);
INSERT INTO PlantedIn (bedID, plantID, percentage, staffID) VALUES (34, 528, 2, 54);
INSERT INTO PlantedIn (bedID, plantID, percentage, staffID) VALUES (304, 1845, 1, 117);
INSERT INTO PlantedIn (bedID, plantID, percentage, staffID) VALUES (279, 904, 4, 184);
INSERT INTO PlantedIn (bedID, plantID, percentage, staffID) VALUES (462, 1961, 1, 116);
INSERT INTO PlantedIn (bedID, plantID, percentage, staffID) VALUES (398, 3483, 1, 177);
INSERT INTO PlantedIn (bedID, plantID, percentage, staffID) VALUES (155, 3753, 4, 66);
INSERT INTO PlantedIn (bedID, plantID, percentage, staffID) VALUES (371, 738, 1, 23);
INSERT INTO PlantedIn (bedID, plantID, percentage, staffID) VALUES (180, 1957, 2, 23);
INSERT INTO PlantedIn (bedID, plantID, percentage, staffID) VALUES (305, 1432, 2, 168);
INSERT INTO PlantedIn (bedID, plantID, percentage, staffID) VALUES (401, 1511, 2, 76);
INSERT INTO PlantedIn (bedID, plantID, percentage, staffID) VALUES (296, 1038, 3, 41);
INSERT INTO PlantedIn (bedID, plantID, percentage, staffID) VALUES (367, 2959, 3, 143);
INSERT INTO PlantedIn (bedID, plantID, percentage, staffID) VALUES (316, 2184, 4, 135);
INSERT INTO PlantedIn (bedID, plantID, percentage, staffID) VALUES (254, 3776, 2, 185);
INSERT INTO PlantedIn (bedID, plantID, percentage, staffID) VALUES (80, 57, 3, 106);
INSERT INTO PlantedIn (bedID, plantID, percentage, staffID) VALUES (473, 3158, 4, 92);
INSERT INTO PlantedIn (bedID, plantID, percentage, staffID) VALUES (99, 3168, 4, 58);
INSERT INTO PlantedIn (bedID, plantID, percentage, staffID) VALUES (42, 1852, 4, 88);
INSERT INTO PlantedIn (bedID, plantID, percentage, staffID) VALUES (116, 497, 4, 98);
INSERT INTO PlantedIn (bedID, plantID, percentage, staffID) VALUES (328, 531, 1, 185);
INSERT INTO PlantedIn (bedID, plantID, percentage, staffID) VALUES (54, 3123, 2, 113);
INSERT INTO PlantedIn (bedID, plantID, percentage, staffID) VALUES (390, 264, 2, 170);
INSERT INTO PlantedIn (bedID, plantID, percentage, staffID) VALUES (330, 3197, 3, 104);
INSERT INTO PlantedIn (bedID, plantID, percentage, staffID) VALUES (305, 3694, 4, 111);
INSERT INTO PlantedIn (bedID, plantID, percentage, staffID) VALUES (367, 3175, 4, 140);
INSERT INTO PlantedIn (bedID, plantID, percentage, staffID) VALUES (143, 442, 3, 149);
INSERT INTO PlantedIn (bedID, plantID, percentage, staffID) VALUES (115, 799, 4, 93);
INSERT INTO PlantedIn (bedID, plantID, percentage, staffID) VALUES (163, 1389, 2, 34);
INSERT INTO PlantedIn (bedID, plantID, percentage, staffID) VALUES (80, 2761, 4, 151);
INSERT INTO PlantedIn (bedID, plantID, percentage, staffID) VALUES (371, 2199, 2, 68);
INSERT INTO PlantedIn (bedID, plantID, percentage, staffID) VALUES (188, 3247, 1, 36);
INSERT INTO PlantedIn (bedID, plantID, percentage, staffID) VALUES (377, 2750, 3, 182);
INSERT INTO PlantedIn (bedID, plantID, percentage, staffID) VALUES (252, 2221, 4, 89);
INSERT INTO PlantedIn (bedID, plantID, percentage, staffID) VALUES (326, 622, 4, 78);
INSERT INTO PlantedIn (bedID, plantID, percentage, staffID) VALUES (174, 3222, 3, 177);
INSERT INTO PlantedIn (bedID, plantID, percentage, staffID) VALUES (92, 126, 2, 35);
INSERT INTO PlantedIn (bedID, plantID, percentage, staffID) VALUES (354, 3512, 3, 72);
INSERT INTO PlantedIn (bedID, plantID, percentage, staffID) VALUES (226, 2639, 4, 2);
INSERT INTO PlantedIn (bedID, plantID, percentage, staffID) VALUES (248, 694, 2, 187);
INSERT INTO PlantedIn (bedID, plantID, percentage, staffID) VALUES (422, 3108, 2, 182);
INSERT INTO PlantedIn (bedID, plantID, percentage, staffID) VALUES (179, 1251, 1, 53);
INSERT INTO PlantedIn (bedID, plantID, percentage, staffID) VALUES (222, 3348, 3, 115);
INSERT INTO PlantedIn (bedID, plantID, percentage, staffID) VALUES (426, 2830, 3, 5);
INSERT INTO PlantedIn (bedID, plantID, percentage, staffID) VALUES (303, 1430, 1, 36);
INSERT INTO PlantedIn (bedID, plantID, percentage, staffID) VALUES (172, 3494, 2, 183);
INSERT INTO PlantedIn (bedID, plantID, percentage, staffID) VALUES (335, 3027, 1, 138);
INSERT INTO PlantedIn (bedID, plantID, percentage, staffID) VALUES (51, 3603, 3, 32);
INSERT INTO PlantedIn (bedID, plantID, percentage, staffID) VALUES (268, 587, 1, 91);
INSERT INTO PlantedIn (bedID, plantID, percentage, staffID) VALUES (9, 22, 4, 142);
INSERT INTO PlantedIn (bedID, plantID, percentage, staffID) VALUES (349, 2761, 2, 115);
INSERT INTO PlantedIn (bedID, plantID, percentage, staffID) VALUES (40, 2847, 1, 102);
INSERT INTO PlantedIn (bedID, plantID, percentage, staffID) VALUES (435, 1882, 2, 146);
INSERT INTO PlantedIn (bedID, plantID, percentage, staffID) VALUES (184, 808, 2, 38);
INSERT INTO PlantedIn (bedID, plantID, percentage, staffID) VALUES (67, 1306, 3, 18);
INSERT INTO PlantedIn (bedID, plantID, percentage, staffID) VALUES (232, 2042, 3, 152);
INSERT INTO PlantedIn (bedID, plantID, percentage, staffID) VALUES (253, 1681, 2, 87);
INSERT INTO PlantedIn (bedID, plantID, percentage, staffID) VALUES (71, 3809, 1, 133);
INSERT INTO PlantedIn (bedID, plantID, percentage, staffID) VALUES (342, 560, 3, 76);
INSERT INTO PlantedIn (bedID, plantID, percentage, staffID) VALUES (299, 319, 1, 188);
INSERT INTO PlantedIn (bedID, plantID, percentage, staffID) VALUES (326, 1756, 1, 25);
INSERT INTO PlantedIn (bedID, plantID, percentage, staffID) VALUES (314, 1179, 4, 117);
INSERT INTO PlantedIn (bedID, plantID, percentage, staffID) VALUES (304, 2541, 1, 105);
INSERT INTO PlantedIn (bedID, plantID, percentage, staffID) VALUES (88, 976, 3, 131);
INSERT INTO PlantedIn (bedID, plantID, percentage, staffID) VALUES (23, 2472, 4, 15);
INSERT INTO PlantedIn (bedID, plantID, percentage, staffID) VALUES (371, 1702, 2, 84);
INSERT INTO PlantedIn (bedID, plantID, percentage, staffID) VALUES (248, 1283, 1, 90);
INSERT INTO PlantedIn (bedID, plantID, percentage, staffID) VALUES (372, 2158, 2, 59);
INSERT INTO PlantedIn (bedID, plantID, percentage, staffID) VALUES (409, 3321, 3, 52);
INSERT INTO PlantedIn (bedID, plantID, percentage, staffID) VALUES (245, 2956, 3, 131);
INSERT INTO PlantedIn (bedID, plantID, percentage, staffID) VALUES (8, 1072, 3, 86);
INSERT INTO PlantedIn (bedID, plantID, percentage, staffID) VALUES (161, 1592, 2, 111);
INSERT INTO PlantedIn (bedID, plantID, percentage, staffID) VALUES (426, 2665, 3, 161);
INSERT INTO PlantedIn (bedID, plantID, percentage, staffID) VALUES (118, 278, 1, 28);
INSERT INTO PlantedIn (bedID, plantID, percentage, staffID) VALUES (441, 1500, 2, 126);
INSERT INTO PlantedIn (bedID, plantID, percentage, staffID) VALUES (73, 985, 1, 31);
INSERT INTO PlantedIn (bedID, plantID, percentage, staffID) VALUES (252, 2208, 4, 179);
INSERT INTO PlantedIn (bedID, plantID, percentage, staffID) VALUES (465, 1601, 1, 53);
INSERT INTO PlantedIn (bedID, plantID, percentage, staffID) VALUES (12, 1614, 1, 178);
INSERT INTO PlantedIn (bedID, plantID, percentage, staffID) VALUES (467, 470, 4, 133);
INSERT INTO PlantedIn (bedID, plantID, percentage, staffID) VALUES (384, 1677, 1, 117);
INSERT INTO PlantedIn (bedID, plantID, percentage, staffID) VALUES (240, 2730, 2, 35);
INSERT INTO PlantedIn (bedID, plantID, percentage, staffID) VALUES (45, 3039, 1, 181);
INSERT INTO PlantedIn (bedID, plantID, percentage, staffID) VALUES (20, 131, 3, 85);
INSERT INTO PlantedIn (bedID, plantID, percentage, staffID) VALUES (287, 1120, 3, 91);
INSERT INTO PlantedIn (bedID, plantID, percentage, staffID) VALUES (333, 2723, 3, 127);
INSERT INTO PlantedIn (bedID, plantID, percentage, staffID) VALUES (58, 1903, 1, 165);
INSERT INTO PlantedIn (bedID, plantID, percentage, staffID) VALUES (420, 2181, 2, 99);
INSERT INTO PlantedIn (bedID, plantID, percentage, staffID) VALUES (128, 2521, 2, 170);
INSERT INTO PlantedIn (bedID, plantID, percentage, staffID) VALUES (208, 2759, 2, 125);
INSERT INTO PlantedIn (bedID, plantID, percentage, staffID) VALUES (354, 105, 2, 11);
INSERT INTO PlantedIn (bedID, plantID, percentage, staffID) VALUES (150, 1919, 1, 192);
INSERT INTO PlantedIn (bedID, plantID, percentage, staffID) VALUES (95, 2173, 2, 153);
INSERT INTO PlantedIn (bedID, plantID, percentage, staffID) VALUES (26, 2138, 3, 88);
INSERT INTO PlantedIn (bedID, plantID, percentage, staffID) VALUES (4, 1636, 4, 19);
INSERT INTO PlantedIn (bedID, plantID, percentage, staffID) VALUES (468, 2224, 2, 59);
INSERT INTO PlantedIn (bedID, plantID, percentage, staffID) VALUES (108, 450, 3, 127);
INSERT INTO PlantedIn (bedID, plantID, percentage, staffID) VALUES (393, 901, 3, 30);
INSERT INTO PlantedIn (bedID, plantID, percentage, staffID) VALUES (123, 758, 3, 190);
INSERT INTO PlantedIn (bedID, plantID, percentage, staffID) VALUES (328, 3360, 4, 122);
INSERT INTO PlantedIn (bedID, plantID, percentage, staffID) VALUES (205, 1336, 2, 45);
INSERT INTO PlantedIn (bedID, plantID, percentage, staffID) VALUES (426, 2497, 4, 32);
INSERT INTO PlantedIn (bedID, plantID, percentage, staffID) VALUES (389, 332, 1, 65);
INSERT INTO PlantedIn (bedID, plantID, percentage, staffID) VALUES (96, 3619, 1, 146);
INSERT INTO PlantedIn (bedID, plantID, percentage, staffID) VALUES (81, 3317, 2, 125);
INSERT INTO PlantedIn (bedID, plantID, percentage, staffID) VALUES (26, 2083, 3, 2);
INSERT INTO PlantedIn (bedID, plantID, percentage, staffID) VALUES (194, 2330, 4, 131);
INSERT INTO PlantedIn (bedID, plantID, percentage, staffID) VALUES (449, 3307, 4, 67);
INSERT INTO PlantedIn (bedID, plantID, percentage, staffID) VALUES (238, 1850, 3, 154);
INSERT INTO PlantedIn (bedID, plantID, percentage, staffID) VALUES (343, 2130, 3, 128);
INSERT INTO PlantedIn (bedID, plantID, percentage, staffID) VALUES (302, 3639, 4, 122);
INSERT INTO PlantedIn (bedID, plantID, percentage, staffID) VALUES (416, 1189, 1, 178);
INSERT INTO PlantedIn (bedID, plantID, percentage, staffID) VALUES (79, 1859, 1, 98);
INSERT INTO PlantedIn (bedID, plantID, percentage, staffID) VALUES (41, 2342, 1, 55);
INSERT INTO PlantedIn (bedID, plantID, percentage, staffID) VALUES (34, 2443, 4, 109);
INSERT INTO PlantedIn (bedID, plantID, percentage, staffID) VALUES (87, 622, 4, 70);
INSERT INTO PlantedIn (bedID, plantID, percentage, staffID) VALUES (49, 3612, 4, 135);
INSERT INTO PlantedIn (bedID, plantID, percentage, staffID) VALUES (115, 2049, 2, 6);
INSERT INTO PlantedIn (bedID, plantID, percentage, staffID) VALUES (6, 1947, 1, 128);
INSERT INTO PlantedIn (bedID, plantID, percentage, staffID) VALUES (467, 2295, 1, 94);
INSERT INTO PlantedIn (bedID, plantID, percentage, staffID) VALUES (95, 2804, 3, 22);
INSERT INTO PlantedIn (bedID, plantID, percentage, staffID) VALUES (151, 3806, 2, 128);
INSERT INTO PlantedIn (bedID, plantID, percentage, staffID) VALUES (292, 608, 4, 38);
INSERT INTO PlantedIn (bedID, plantID, percentage, staffID) VALUES (151, 2025, 2, 127);
INSERT INTO PlantedIn (bedID, plantID, percentage, staffID) VALUES (217, 1075, 3, 82);
INSERT INTO PlantedIn (bedID, plantID, percentage, staffID) VALUES (383, 1650, 4, 22);
INSERT INTO PlantedIn (bedID, plantID, percentage, staffID) VALUES (441, 2841, 4, 174);
INSERT INTO PlantedIn (bedID, plantID, percentage, staffID) VALUES (16, 356, 2, 39);
INSERT INTO PlantedIn (bedID, plantID, percentage, staffID) VALUES (37, 3140, 3, 151);
INSERT INTO PlantedIn (bedID, plantID, percentage, staffID) VALUES (459, 3565, 2, 101);
INSERT INTO PlantedIn (bedID, plantID, percentage, staffID) VALUES (212, 432, 4, 145);
INSERT INTO PlantedIn (bedID, plantID, percentage, staffID) VALUES (185, 414, 1, 124);
INSERT INTO PlantedIn (bedID, plantID, percentage, staffID) VALUES (253, 2752, 2, 4);
INSERT INTO PlantedIn (bedID, plantID, percentage, staffID) VALUES (212, 3348, 4, 78);
INSERT INTO PlantedIn (bedID, plantID, percentage, staffID) VALUES (83, 1422, 1, 62);
INSERT INTO PlantedIn (bedID, plantID, percentage, staffID) VALUES (218, 1901, 3, 114);
INSERT INTO PlantedIn (bedID, plantID, percentage, staffID) VALUES (144, 1148, 2, 47);
INSERT INTO PlantedIn (bedID, plantID, percentage, staffID) VALUES (104, 2792, 3, 115);
INSERT INTO PlantedIn (bedID, plantID, percentage, staffID) VALUES (395, 1035, 1, 117);
INSERT INTO PlantedIn (bedID, plantID, percentage, staffID) VALUES (178, 673, 4, 86);
INSERT INTO PlantedIn (bedID, plantID, percentage, staffID) VALUES (419, 1691, 2, 76);
INSERT INTO PlantedIn (bedID, plantID, percentage, staffID) VALUES (144, 2908, 2, 22);
INSERT INTO PlantedIn (bedID, plantID, percentage, staffID) VALUES (57, 1588, 3, 140);
INSERT INTO PlantedIn (bedID, plantID, percentage, staffID) VALUES (427, 936, 1, 24);
INSERT INTO PlantedIn (bedID, plantID, percentage, staffID) VALUES (255, 1337, 4, 98);
INSERT INTO PlantedIn (bedID, plantID, percentage, staffID) VALUES (146, 3840, 3, 26);
INSERT INTO PlantedIn (bedID, plantID, percentage, staffID) VALUES (80, 2111, 1, 121);
INSERT INTO PlantedIn (bedID, plantID, percentage, staffID) VALUES (466, 3723, 2, 79);
INSERT INTO PlantedIn (bedID, plantID, percentage, staffID) VALUES (339, 1907, 4, 156);
INSERT INTO PlantedIn (bedID, plantID, percentage, staffID) VALUES (428, 1734, 4, 85);
INSERT INTO PlantedIn (bedID, plantID, percentage, staffID) VALUES (327, 2054, 1, 3);
INSERT INTO PlantedIn (bedID, plantID, percentage, staffID) VALUES (253, 1592, 4, 173);
INSERT INTO PlantedIn (bedID, plantID, percentage, staffID) VALUES (192, 3756, 3, 107);
INSERT INTO PlantedIn (bedID, plantID, percentage, staffID) VALUES (245, 445, 3, 128);
INSERT INTO PlantedIn (bedID, plantID, percentage, staffID) VALUES (37, 45, 4, 161);
INSERT INTO PlantedIn (bedID, plantID, percentage, staffID) VALUES (239, 2135, 2, 129);
INSERT INTO PlantedIn (bedID, plantID, percentage, staffID) VALUES (1, 170, 3, 44);
INSERT INTO PlantedIn (bedID, plantID, percentage, staffID) VALUES (273, 881, 2, 188);
INSERT INTO PlantedIn (bedID, plantID, percentage, staffID) VALUES (341, 3515, 2, 82);
INSERT INTO PlantedIn (bedID, plantID, percentage, staffID) VALUES (152, 943, 3, 20);
INSERT INTO PlantedIn (bedID, plantID, percentage, staffID) VALUES (102, 2391, 3, 62);
INSERT INTO PlantedIn (bedID, plantID, percentage, staffID) VALUES (347, 3577, 4, 48);
INSERT INTO PlantedIn (bedID, plantID, percentage, staffID) VALUES (444, 86, 2, 124);
INSERT INTO PlantedIn (bedID, plantID, percentage, staffID) VALUES (272, 903, 3, 174);
INSERT INTO PlantedIn (bedID, plantID, percentage, staffID) VALUES (132, 254, 4, 55);
INSERT INTO PlantedIn (bedID, plantID, percentage, staffID) VALUES (139, 728, 1, 63);
INSERT INTO PlantedIn (bedID, plantID, percentage, staffID) VALUES (47, 2716, 2, 55);
INSERT INTO PlantedIn (bedID, plantID, percentage, staffID) VALUES (448, 1399, 1, 30);
INSERT INTO PlantedIn (bedID, plantID, percentage, staffID) VALUES (464, 1719, 3, 183);
INSERT INTO PlantedIn (bedID, plantID, percentage, staffID) VALUES (175, 499, 2, 108);
INSERT INTO PlantedIn (bedID, plantID, percentage, staffID) VALUES (72, 502, 3, 153);
INSERT INTO PlantedIn (bedID, plantID, percentage, staffID) VALUES (172, 2314, 3, 62);
INSERT INTO PlantedIn (bedID, plantID, percentage, staffID) VALUES (315, 2196, 4, 101);
INSERT INTO PlantedIn (bedID, plantID, percentage, staffID) VALUES (238, 923, 2, 56);
INSERT INTO PlantedIn (bedID, plantID, percentage, staffID) VALUES (284, 1614, 3, 125);
INSERT INTO PlantedIn (bedID, plantID, percentage, staffID) VALUES (408, 1950, 1, 61);
INSERT INTO PlantedIn (bedID, plantID, percentage, staffID) VALUES (300, 3168, 4, 110);
INSERT INTO PlantedIn (bedID, plantID, percentage, staffID) VALUES (450, 1110, 2, 105);
INSERT INTO PlantedIn (bedID, plantID, percentage, staffID) VALUES (180, 1729, 1, 104);
INSERT INTO PlantedIn (bedID, plantID, percentage, staffID) VALUES (340, 1012, 2, 40);
INSERT INTO PlantedIn (bedID, plantID, percentage, staffID) VALUES (322, 3111, 3, 184);
INSERT INTO PlantedIn (bedID, plantID, percentage, staffID) VALUES (147, 746, 4, 158);
INSERT INTO PlantedIn (bedID, plantID, percentage, staffID) VALUES (6, 1207, 4, 149);
INSERT INTO PlantedIn (bedID, plantID, percentage, staffID) VALUES (284, 921, 2, 56);
INSERT INTO PlantedIn (bedID, plantID, percentage, staffID) VALUES (24, 882, 2, 8);
INSERT INTO PlantedIn (bedID, plantID, percentage, staffID) VALUES (320, 2096, 4, 116);
INSERT INTO PlantedIn (bedID, plantID, percentage, staffID) VALUES (10, 2145, 3, 137);
INSERT INTO PlantedIn (bedID, plantID, percentage, staffID) VALUES (387, 3340, 2, 12);
INSERT INTO PlantedIn (bedID, plantID, percentage, staffID) VALUES (317, 3688, 4, 8);
INSERT INTO PlantedIn (bedID, plantID, percentage, staffID) VALUES (70, 3132, 1, 188);
INSERT INTO PlantedIn (bedID, plantID, percentage, staffID) VALUES (58, 2507, 3, 25);
INSERT INTO PlantedIn (bedID, plantID, percentage, staffID) VALUES (420, 1528, 4, 43);
INSERT INTO PlantedIn (bedID, plantID, percentage, staffID) VALUES (295, 932, 2, 75);
INSERT INTO PlantedIn (bedID, plantID, percentage, staffID) VALUES (371, 3600, 4, 45);
INSERT INTO PlantedIn (bedID, plantID, percentage, staffID) VALUES (230, 3436, 2, 111);
INSERT INTO PlantedIn (bedID, plantID, percentage, staffID) VALUES (357, 2310, 2, 163);
INSERT INTO PlantedIn (bedID, plantID, percentage, staffID) VALUES (261, 3227, 3, 82);
INSERT INTO PlantedIn (bedID, plantID, percentage, staffID) VALUES (306, 1241, 4, 175);
INSERT INTO PlantedIn (bedID, plantID, percentage, staffID) VALUES (459, 3781, 4, 100);
INSERT INTO PlantedIn (bedID, plantID, percentage, staffID) VALUES (177, 2686, 4, 162);
INSERT INTO PlantedIn (bedID, plantID, percentage, staffID) VALUES (443, 611, 3, 61);
INSERT INTO PlantedIn (bedID, plantID, percentage, staffID) VALUES (43, 1991, 3, 107);
INSERT INTO PlantedIn (bedID, plantID, percentage, staffID) VALUES (191, 250, 1, 180);
INSERT INTO PlantedIn (bedID, plantID, percentage, staffID) VALUES (314, 2612, 1, 119);
INSERT INTO PlantedIn (bedID, plantID, percentage, staffID) VALUES (242, 3782, 1, 186);
INSERT INTO PlantedIn (bedID, plantID, percentage, staffID) VALUES (142, 2972, 2, 189);
INSERT INTO PlantedIn (bedID, plantID, percentage, staffID) VALUES (354, 1591, 1, 26);
INSERT INTO PlantedIn (bedID, plantID, percentage, staffID) VALUES (51, 3543, 1, 24);
INSERT INTO PlantedIn (bedID, plantID, percentage, staffID) VALUES (36, 1592, 1, 156);
INSERT INTO PlantedIn (bedID, plantID, percentage, staffID) VALUES (439, 1096, 2, 151);
INSERT INTO PlantedIn (bedID, plantID, percentage, staffID) VALUES (165, 2383, 1, 100);
INSERT INTO PlantedIn (bedID, plantID, percentage, staffID) VALUES (139, 254, 4, 46);
INSERT INTO PlantedIn (bedID, plantID, percentage, staffID) VALUES (428, 3408, 3, 125);
INSERT INTO PlantedIn (bedID, plantID, percentage, staffID) VALUES (139, 2847, 2, 158);
INSERT INTO PlantedIn (bedID, plantID, percentage, staffID) VALUES (309, 3432, 3, 91);
INSERT INTO PlantedIn (bedID, plantID, percentage, staffID) VALUES (142, 782, 1, 182);
INSERT INTO PlantedIn (bedID, plantID, percentage, staffID) VALUES (230, 2433, 4, 114);
INSERT INTO PlantedIn (bedID, plantID, percentage, staffID) VALUES (117, 171, 3, 173);
INSERT INTO PlantedIn (bedID, plantID, percentage, staffID) VALUES (52, 258, 1, 70);
INSERT INTO PlantedIn (bedID, plantID, percentage, staffID) VALUES (96, 1158, 1, 102);
INSERT INTO PlantedIn (bedID, plantID, percentage, staffID) VALUES (86, 423, 2, 155);
INSERT INTO PlantedIn (bedID, plantID, percentage, staffID) VALUES (401, 2036, 2, 179);
INSERT INTO PlantedIn (bedID, plantID, percentage, staffID) VALUES (197, 1219, 3, 47);
INSERT INTO PlantedIn (bedID, plantID, percentage, staffID) VALUES (245, 451, 1, 192);
INSERT INTO PlantedIn (bedID, plantID, percentage, staffID) VALUES (353, 1924, 4, 171);
INSERT INTO PlantedIn (bedID, plantID, percentage, staffID) VALUES (257, 2631, 3, 109);
INSERT INTO PlantedIn (bedID, plantID, percentage, staffID) VALUES (354, 3367, 4, 165);
INSERT INTO PlantedIn (bedID, plantID, percentage, staffID) VALUES (81, 1171, 2, 11);
INSERT INTO PlantedIn (bedID, plantID, percentage, staffID) VALUES (195, 3129, 2, 169);
INSERT INTO PlantedIn (bedID, plantID, percentage, staffID) VALUES (159, 2705, 4, 155);
INSERT INTO PlantedIn (bedID, plantID, percentage, staffID) VALUES (8, 3798, 3, 95);
INSERT INTO PlantedIn (bedID, plantID, percentage, staffID) VALUES (47, 1567, 4, 110);
INSERT INTO PlantedIn (bedID, plantID, percentage, staffID) VALUES (428, 1441, 2, 171);
INSERT INTO PlantedIn (bedID, plantID, percentage, staffID) VALUES (26, 1420, 4, 20);
INSERT INTO PlantedIn (bedID, plantID, percentage, staffID) VALUES (113, 3487, 2, 153);
INSERT INTO PlantedIn (bedID, plantID, percentage, staffID) VALUES (97, 3105, 3, 156);
INSERT INTO PlantedIn (bedID, plantID, percentage, staffID) VALUES (290, 2267, 4, 179);
INSERT INTO PlantedIn (bedID, plantID, percentage, staffID) VALUES (136, 2442, 2, 143);
INSERT INTO PlantedIn (bedID, plantID, percentage, staffID) VALUES (291, 633, 3, 171);
INSERT INTO PlantedIn (bedID, plantID, percentage, staffID) VALUES (270, 1429, 2, 114);
INSERT INTO PlantedIn (bedID, plantID, percentage, staffID) VALUES (352, 1531, 4, 188);
INSERT INTO PlantedIn (bedID, plantID, percentage, staffID) VALUES (361, 54, 1, 122);
INSERT INTO PlantedIn (bedID, plantID, percentage, staffID) VALUES (434, 1338, 1, 84);
INSERT INTO PlantedIn (bedID, plantID, percentage, staffID) VALUES (71, 659, 4, 151);
INSERT INTO PlantedIn (bedID, plantID, percentage, staffID) VALUES (358, 2371, 1, 145);
INSERT INTO PlantedIn (bedID, plantID, percentage, staffID) VALUES (116, 1582, 4, 71);
INSERT INTO PlantedIn (bedID, plantID, percentage, staffID) VALUES (272, 690, 1, 117);
INSERT INTO PlantedIn (bedID, plantID, percentage, staffID) VALUES (260, 507, 2, 126);
INSERT INTO PlantedIn (bedID, plantID, percentage, staffID) VALUES (250, 2055, 2, 18);
INSERT INTO PlantedIn (bedID, plantID, percentage, staffID) VALUES (259, 2640, 2, 60);
INSERT INTO PlantedIn (bedID, plantID, percentage, staffID) VALUES (14, 2711, 1, 119);
INSERT INTO PlantedIn (bedID, plantID, percentage, staffID) VALUES (413, 1240, 3, 192);
INSERT INTO PlantedIn (bedID, plantID, percentage, staffID) VALUES (442, 2512, 1, 137);
INSERT INTO PlantedIn (bedID, plantID, percentage, staffID) VALUES (28, 62, 3, 8);
INSERT INTO PlantedIn (bedID, plantID, percentage, staffID) VALUES (92, 2360, 3, 158);
INSERT INTO PlantedIn (bedID, plantID, percentage, staffID) VALUES (351, 1502, 2, 7);
INSERT INTO PlantedIn (bedID, plantID, percentage, staffID) VALUES (436, 460, 2, 114);
INSERT INTO PlantedIn (bedID, plantID, percentage, staffID) VALUES (380, 3284, 4, 190);
INSERT INTO PlantedIn (bedID, plantID, percentage, staffID) VALUES (261, 1972, 2, 2);
INSERT INTO PlantedIn (bedID, plantID, percentage, staffID) VALUES (393, 3666, 4, 11);
INSERT INTO PlantedIn (bedID, plantID, percentage, staffID) VALUES (283, 2791, 3, 193);
INSERT INTO PlantedIn (bedID, plantID, percentage, staffID) VALUES (349, 3796, 4, 59);
INSERT INTO PlantedIn (bedID, plantID, percentage, staffID) VALUES (281, 245, 2, 138);
INSERT INTO PlantedIn (bedID, plantID, percentage, staffID) VALUES (214, 2731, 2, 123);
INSERT INTO PlantedIn (bedID, plantID, percentage, staffID) VALUES (391, 622, 3, 171);
INSERT INTO PlantedIn (bedID, plantID, percentage, staffID) VALUES (5, 2957, 3, 94);
INSERT INTO PlantedIn (bedID, plantID, percentage, staffID) VALUES (197, 133, 1, 178);
INSERT INTO PlantedIn (bedID, plantID, percentage, staffID) VALUES (358, 3149, 2, 137);
INSERT INTO PlantedIn (bedID, plantID, percentage, staffID) VALUES (377, 3711, 2, 87);
INSERT INTO PlantedIn (bedID, plantID, percentage, staffID) VALUES (11, 387, 2, 148);
INSERT INTO PlantedIn (bedID, plantID, percentage, staffID) VALUES (382, 1258, 3, 173);
INSERT INTO PlantedIn (bedID, plantID, percentage, staffID) VALUES (230, 2646, 2, 53);
INSERT INTO PlantedIn (bedID, plantID, percentage, staffID) VALUES (213, 2775, 3, 12);
INSERT INTO PlantedIn (bedID, plantID, percentage, staffID) VALUES (88, 162, 3, 170);
INSERT INTO PlantedIn (bedID, plantID, percentage, staffID) VALUES (37, 2710, 4, 126);
INSERT INTO PlantedIn (bedID, plantID, percentage, staffID) VALUES (244, 1103, 2, 67);
INSERT INTO PlantedIn (bedID, plantID, percentage, staffID) VALUES (116, 2911, 2, 143);
INSERT INTO PlantedIn (bedID, plantID, percentage, staffID) VALUES (404, 1639, 3, 152);
INSERT INTO PlantedIn (bedID, plantID, percentage, staffID) VALUES (355, 2280, 1, 60);
INSERT INTO PlantedIn (bedID, plantID, percentage, staffID) VALUES (130, 2131, 3, 150);
INSERT INTO PlantedIn (bedID, plantID, percentage, staffID) VALUES (128, 3055, 2, 92);
INSERT INTO PlantedIn (bedID, plantID, percentage, staffID) VALUES (394, 1077, 4, 12);
INSERT INTO PlantedIn (bedID, plantID, percentage, staffID) VALUES (464, 2585, 2, 152);
INSERT INTO PlantedIn (bedID, plantID, percentage, staffID) VALUES (452, 262, 1, 165);
INSERT INTO PlantedIn (bedID, plantID, percentage, staffID) VALUES (389, 1964, 3, 96);
INSERT INTO PlantedIn (bedID, plantID, percentage, staffID) VALUES (441, 813, 3, 68);
INSERT INTO PlantedIn (bedID, plantID, percentage, staffID) VALUES (379, 2416, 1, 188);
INSERT INTO PlantedIn (bedID, plantID, percentage, staffID) VALUES (84, 2508, 2, 163);
INSERT INTO PlantedIn (bedID, plantID, percentage, staffID) VALUES (208, 953, 2, 184);
INSERT INTO PlantedIn (bedID, plantID, percentage, staffID) VALUES (249, 3688, 3, 37);
INSERT INTO PlantedIn (bedID, plantID, percentage, staffID) VALUES (468, 3119, 4, 159);
INSERT INTO PlantedIn (bedID, plantID, percentage, staffID) VALUES (149, 939, 1, 99);
INSERT INTO PlantedIn (bedID, plantID, percentage, staffID) VALUES (215, 3151, 2, 190);
INSERT INTO PlantedIn (bedID, plantID, percentage, staffID) VALUES (209, 3266, 3, 67);
INSERT INTO PlantedIn (bedID, plantID, percentage, staffID) VALUES (234, 486, 4, 13);
INSERT INTO PlantedIn (bedID, plantID, percentage, staffID) VALUES (433, 1483, 3, 83);
INSERT INTO PlantedIn (bedID, plantID, percentage, staffID) VALUES (144, 1554, 2, 24);
INSERT INTO PlantedIn (bedID, plantID, percentage, staffID) VALUES (99, 3441, 3, 21);
INSERT INTO PlantedIn (bedID, plantID, percentage, staffID) VALUES (63, 2247, 3, 158);
INSERT INTO PlantedIn (bedID, plantID, percentage, staffID) VALUES (188, 2702, 4, 172);
INSERT INTO PlantedIn (bedID, plantID, percentage, staffID) VALUES (258, 643, 1, 93);
INSERT INTO PlantedIn (bedID, plantID, percentage, staffID) VALUES (226, 675, 2, 115);
INSERT INTO PlantedIn (bedID, plantID, percentage, staffID) VALUES (264, 3726, 4, 190);
INSERT INTO PlantedIn (bedID, plantID, percentage, staffID) VALUES (174, 169, 3, 32);
INSERT INTO PlantedIn (bedID, plantID, percentage, staffID) VALUES (442, 977, 1, 21);
INSERT INTO PlantedIn (bedID, plantID, percentage, staffID) VALUES (395, 3362, 1, 134);
INSERT INTO PlantedIn (bedID, plantID, percentage, staffID) VALUES (270, 1898, 1, 14);
INSERT INTO PlantedIn (bedID, plantID, percentage, staffID) VALUES (311, 2009, 4, 31);
INSERT INTO PlantedIn (bedID, plantID, percentage, staffID) VALUES (17, 467, 3, 126);
INSERT INTO PlantedIn (bedID, plantID, percentage, staffID) VALUES (140, 678, 4, 184);
INSERT INTO PlantedIn (bedID, plantID, percentage, staffID) VALUES (66, 3210, 3, 146);
INSERT INTO PlantedIn (bedID, plantID, percentage, staffID) VALUES (414, 3355, 4, 17);
INSERT INTO PlantedIn (bedID, plantID, percentage, staffID) VALUES (58, 691, 4, 179);
INSERT INTO PlantedIn (bedID, plantID, percentage, staffID) VALUES (23, 2034, 3, 38);
INSERT INTO PlantedIn (bedID, plantID, percentage, staffID) VALUES (9, 973, 3, 149);
INSERT INTO PlantedIn (bedID, plantID, percentage, staffID) VALUES (365, 3403, 4, 128);
INSERT INTO PlantedIn (bedID, plantID, percentage, staffID) VALUES (1, 918, 2, 65);
INSERT INTO PlantedIn (bedID, plantID, percentage, staffID) VALUES (196, 838, 3, 31);
INSERT INTO PlantedIn (bedID, plantID, percentage, staffID) VALUES (23, 3343, 4, 12);
INSERT INTO PlantedIn (bedID, plantID, percentage, staffID) VALUES (347, 527, 4, 149);
INSERT INTO PlantedIn (bedID, plantID, percentage, staffID) VALUES (149, 2328, 2, 165);
INSERT INTO PlantedIn (bedID, plantID, percentage, staffID) VALUES (116, 2746, 1, 168);
INSERT INTO PlantedIn (bedID, plantID, percentage, staffID) VALUES (280, 1717, 3, 168);
INSERT INTO PlantedIn (bedID, plantID, percentage, staffID) VALUES (323, 526, 1, 182);
INSERT INTO PlantedIn (bedID, plantID, percentage, staffID) VALUES (167, 146, 2, 132);
INSERT INTO PlantedIn (bedID, plantID, percentage, staffID) VALUES (427, 2715, 3, 66);
INSERT INTO PlantedIn (bedID, plantID, percentage, staffID) VALUES (397, 191, 1, 100);
INSERT INTO PlantedIn (bedID, plantID, percentage, staffID) VALUES (309, 1144, 4, 106);
INSERT INTO PlantedIn (bedID, plantID, percentage, staffID) VALUES (137, 1923, 3, 189);
INSERT INTO PlantedIn (bedID, plantID, percentage, staffID) VALUES (99, 2883, 4, 112);
INSERT INTO PlantedIn (bedID, plantID, percentage, staffID) VALUES (90, 1423, 4, 80);
INSERT INTO PlantedIn (bedID, plantID, percentage, staffID) VALUES (150, 2363, 1, 53);
INSERT INTO PlantedIn (bedID, plantID, percentage, staffID) VALUES (149, 2234, 1, 175);
INSERT INTO PlantedIn (bedID, plantID, percentage, staffID) VALUES (297, 1321, 2, 63);
INSERT INTO PlantedIn (bedID, plantID, percentage, staffID) VALUES (302, 3182, 4, 12);
INSERT INTO PlantedIn (bedID, plantID, percentage, staffID) VALUES (152, 3805, 3, 94);
INSERT INTO PlantedIn (bedID, plantID, percentage, staffID) VALUES (346, 23, 4, 67);
INSERT INTO PlantedIn (bedID, plantID, percentage, staffID) VALUES (471, 2926, 2, 150);
INSERT INTO PlantedIn (bedID, plantID, percentage, staffID) VALUES (175, 3834, 3, 108);
INSERT INTO PlantedIn (bedID, plantID, percentage, staffID) VALUES (270, 1478, 1, 171);
INSERT INTO PlantedIn (bedID, plantID, percentage, staffID) VALUES (343, 545, 2, 97);
INSERT INTO PlantedIn (bedID, plantID, percentage, staffID) VALUES (456, 2064, 2, 59);
INSERT INTO PlantedIn (bedID, plantID, percentage, staffID) VALUES (246, 2883, 1, 166);
INSERT INTO PlantedIn (bedID, plantID, percentage, staffID) VALUES (356, 539, 1, 35);
INSERT INTO PlantedIn (bedID, plantID, percentage, staffID) VALUES (405, 3710, 4, 1);
INSERT INTO PlantedIn (bedID, plantID, percentage, staffID) VALUES (346, 2669, 2, 157);
INSERT INTO PlantedIn (bedID, plantID, percentage, staffID) VALUES (35, 2328, 4, 102);
INSERT INTO PlantedIn (bedID, plantID, percentage, staffID) VALUES (91, 3108, 4, 56);
INSERT INTO PlantedIn (bedID, plantID, percentage, staffID) VALUES (447, 1705, 4, 14);
INSERT INTO PlantedIn (bedID, plantID, percentage, staffID) VALUES (190, 278, 1, 133);
INSERT INTO PlantedIn (bedID, plantID, percentage, staffID) VALUES (384, 3138, 3, 42);
INSERT INTO PlantedIn (bedID, plantID, percentage, staffID) VALUES (238, 3750, 3, 172);
INSERT INTO PlantedIn (bedID, plantID, percentage, staffID) VALUES (271, 1307, 2, 76);
INSERT INTO PlantedIn (bedID, plantID, percentage, staffID) VALUES (147, 2048, 4, 5);
INSERT INTO PlantedIn (bedID, plantID, percentage, staffID) VALUES (462, 52, 1, 172);
INSERT INTO PlantedIn (bedID, plantID, percentage, staffID) VALUES (387, 439, 4, 23);
INSERT INTO PlantedIn (bedID, plantID, percentage, staffID) VALUES (263, 686, 4, 115);
INSERT INTO PlantedIn (bedID, plantID, percentage, staffID) VALUES (118, 813, 1, 15);
INSERT INTO PlantedIn (bedID, plantID, percentage, staffID) VALUES (11, 1065, 3, 123);
INSERT INTO PlantedIn (bedID, plantID, percentage, staffID) VALUES (117, 1706, 4, 21);
INSERT INTO PlantedIn (bedID, plantID, percentage, staffID) VALUES (369, 1819, 1, 28);
INSERT INTO PlantedIn (bedID, plantID, percentage, staffID) VALUES (1, 601, 4, 185);
INSERT INTO PlantedIn (bedID, plantID, percentage, staffID) VALUES (80, 2889, 4, 29);
INSERT INTO PlantedIn (bedID, plantID, percentage, staffID) VALUES (408, 970, 2, 153);
INSERT INTO PlantedIn (bedID, plantID, percentage, staffID) VALUES (203, 1184, 3, 76);
INSERT INTO PlantedIn (bedID, plantID, percentage, staffID) VALUES (245, 1713, 3, 151);
INSERT INTO PlantedIn (bedID, plantID, percentage, staffID) VALUES (340, 1303, 4, 13);
INSERT INTO PlantedIn (bedID, plantID, percentage, staffID) VALUES (369, 625, 3, 160);
INSERT INTO PlantedIn (bedID, plantID, percentage, staffID) VALUES (299, 3539, 3, 133);
INSERT INTO PlantedIn (bedID, plantID, percentage, staffID) VALUES (34, 2142, 1, 124);
INSERT INTO PlantedIn (bedID, plantID, percentage, staffID) VALUES (143, 2896, 1, 46);
INSERT INTO PlantedIn (bedID, plantID, percentage, staffID) VALUES (1, 3755, 2, 118);
INSERT INTO PlantedIn (bedID, plantID, percentage, staffID) VALUES (132, 3665, 4, 22);
INSERT INTO PlantedIn (bedID, plantID, percentage, staffID) VALUES (186, 3258, 1, 68);
INSERT INTO PlantedIn (bedID, plantID, percentage, staffID) VALUES (86, 1527, 4, 16);
INSERT INTO PlantedIn (bedID, plantID, percentage, staffID) VALUES (264, 3309, 1, 106);
INSERT INTO PlantedIn (bedID, plantID, percentage, staffID) VALUES (365, 633, 4, 168);
INSERT INTO PlantedIn (bedID, plantID, percentage, staffID) VALUES (340, 1655, 1, 17);
INSERT INTO PlantedIn (bedID, plantID, percentage, staffID) VALUES (84, 1185, 1, 38);
INSERT INTO PlantedIn (bedID, plantID, percentage, staffID) VALUES (132, 2935, 3, 124);
INSERT INTO PlantedIn (bedID, plantID, percentage, staffID) VALUES (335, 2752, 1, 72);
INSERT INTO PlantedIn (bedID, plantID, percentage, staffID) VALUES (263, 2636, 3, 43);
INSERT INTO PlantedIn (bedID, plantID, percentage, staffID) VALUES (37, 1091, 3, 142);
INSERT INTO PlantedIn (bedID, plantID, percentage, staffID) VALUES (66, 807, 4, 168);
INSERT INTO PlantedIn (bedID, plantID, percentage, staffID) VALUES (177, 2484, 1, 154);
INSERT INTO PlantedIn (bedID, plantID, percentage, staffID) VALUES (34, 3222, 1, 23);
INSERT INTO PlantedIn (bedID, plantID, percentage, staffID) VALUES (67, 1125, 2, 87);
INSERT INTO PlantedIn (bedID, plantID, percentage, staffID) VALUES (352, 1248, 2, 175);
INSERT INTO PlantedIn (bedID, plantID, percentage, staffID) VALUES (3, 250, 1, 7);
INSERT INTO PlantedIn (bedID, plantID, percentage, staffID) VALUES (164, 2805, 2, 146);
INSERT INTO PlantedIn (bedID, plantID, percentage, staffID) VALUES (442, 2075, 2, 81);
INSERT INTO PlantedIn (bedID, plantID, percentage, staffID) VALUES (85, 566, 1, 81);
INSERT INTO PlantedIn (bedID, plantID, percentage, staffID) VALUES (464, 1958, 1, 102);
INSERT INTO PlantedIn (bedID, plantID, percentage, staffID) VALUES (378, 3570, 4, 110);
INSERT INTO PlantedIn (bedID, plantID, percentage, staffID) VALUES (452, 1975, 3, 124);
INSERT INTO PlantedIn (bedID, plantID, percentage, staffID) VALUES (249, 118, 4, 188);
INSERT INTO PlantedIn (bedID, plantID, percentage, staffID) VALUES (358, 2454, 3, 73);
INSERT INTO PlantedIn (bedID, plantID, percentage, staffID) VALUES (425, 1524, 4, 123);
INSERT INTO PlantedIn (bedID, plantID, percentage, staffID) VALUES (11, 2069, 4, 112);
INSERT INTO PlantedIn (bedID, plantID, percentage, staffID) VALUES (22, 585, 4, 139);
INSERT INTO PlantedIn (bedID, plantID, percentage, staffID) VALUES (290, 2607, 1, 147);
INSERT INTO PlantedIn (bedID, plantID, percentage, staffID) VALUES (334, 2466, 2, 3);
INSERT INTO PlantedIn (bedID, plantID, percentage, staffID) VALUES (130, 1427, 2, 31);
INSERT INTO PlantedIn (bedID, plantID, percentage, staffID) VALUES (58, 573, 1, 163);
INSERT INTO PlantedIn (bedID, plantID, percentage, staffID) VALUES (257, 1533, 2, 183);
INSERT INTO PlantedIn (bedID, plantID, percentage, staffID) VALUES (235, 3458, 3, 29);
INSERT INTO PlantedIn (bedID, plantID, percentage, staffID) VALUES (204, 2653, 2, 102);
INSERT INTO PlantedIn (bedID, plantID, percentage, staffID) VALUES (397, 669, 2, 73);
INSERT INTO PlantedIn (bedID, plantID, percentage, staffID) VALUES (401, 284, 3, 121);
INSERT INTO PlantedIn (bedID, plantID, percentage, staffID) VALUES (337, 2323, 4, 3);
INSERT INTO PlantedIn (bedID, plantID, percentage, staffID) VALUES (459, 632, 1, 88);
INSERT INTO PlantedIn (bedID, plantID, percentage, staffID) VALUES (148, 866, 4, 23);
INSERT INTO PlantedIn (bedID, plantID, percentage, staffID) VALUES (294, 27, 1, 61);
INSERT INTO PlantedIn (bedID, plantID, percentage, staffID) VALUES (427, 1690, 2, 130);
INSERT INTO PlantedIn (bedID, plantID, percentage, staffID) VALUES (59, 503, 4, 165);
INSERT INTO PlantedIn (bedID, plantID, percentage, staffID) VALUES (144, 627, 1, 84);
INSERT INTO PlantedIn (bedID, plantID, percentage, staffID) VALUES (112, 4, 4, 144);
INSERT INTO PlantedIn (bedID, plantID, percentage, staffID) VALUES (285, 2760, 3, 190);
INSERT INTO PlantedIn (bedID, plantID, percentage, staffID) VALUES (415, 1390, 1, 136);
INSERT INTO PlantedIn (bedID, plantID, percentage, staffID) VALUES (277, 2987, 1, 9);
INSERT INTO PlantedIn (bedID, plantID, percentage, staffID) VALUES (369, 1309, 3, 66);
INSERT INTO PlantedIn (bedID, plantID, percentage, staffID) VALUES (367, 3687, 4, 3);
INSERT INTO PlantedIn (bedID, plantID, percentage, staffID) VALUES (40, 3166, 2, 176);
INSERT INTO PlantedIn (bedID, plantID, percentage, staffID) VALUES (465, 1050, 1, 110);
INSERT INTO PlantedIn (bedID, plantID, percentage, staffID) VALUES (129, 920, 4, 34);
INSERT INTO PlantedIn (bedID, plantID, percentage, staffID) VALUES (451, 366, 4, 92);
INSERT INTO PlantedIn (bedID, plantID, percentage, staffID) VALUES (215, 422, 1, 4);
INSERT INTO PlantedIn (bedID, plantID, percentage, staffID) VALUES (418, 233, 3, 50);
INSERT INTO PlantedIn (bedID, plantID, percentage, staffID) VALUES (189, 2171, 1, 70);
INSERT INTO PlantedIn (bedID, plantID, percentage, staffID) VALUES (244, 1371, 3, 15);
INSERT INTO PlantedIn (bedID, plantID, percentage, staffID) VALUES (97, 2018, 2, 76);
INSERT INTO PlantedIn (bedID, plantID, percentage, staffID) VALUES (360, 2069, 3, 72);
INSERT INTO PlantedIn (bedID, plantID, percentage, staffID) VALUES (298, 3083, 1, 111);
INSERT INTO PlantedIn (bedID, plantID, percentage, staffID) VALUES (429, 2161, 4, 25);
INSERT INTO PlantedIn (bedID, plantID, percentage, staffID) VALUES (293, 1407, 1, 92);
INSERT INTO PlantedIn (bedID, plantID, percentage, staffID) VALUES (438, 3062, 2, 40);
INSERT INTO PlantedIn (bedID, plantID, percentage, staffID) VALUES (70, 1027, 2, 9);
INSERT INTO PlantedIn (bedID, plantID, percentage, staffID) VALUES (95, 99, 2, 97);
INSERT INTO PlantedIn (bedID, plantID, percentage, staffID) VALUES (259, 3273, 2, 180);
INSERT INTO PlantedIn (bedID, plantID, percentage, staffID) VALUES (181, 898, 1, 4);
INSERT INTO PlantedIn (bedID, plantID, percentage, staffID) VALUES (15, 2166, 4, 20);
INSERT INTO PlantedIn (bedID, plantID, percentage, staffID) VALUES (57, 843, 3, 148);
INSERT INTO PlantedIn (bedID, plantID, percentage, staffID) VALUES (276, 673, 3, 155);
INSERT INTO PlantedIn (bedID, plantID, percentage, staffID) VALUES (458, 3666, 1, 194);
INSERT INTO PlantedIn (bedID, plantID, percentage, staffID) VALUES (102, 3820, 2, 89);
INSERT INTO PlantedIn (bedID, plantID, percentage, staffID) VALUES (7, 3512, 3, 167);
INSERT INTO PlantedIn (bedID, plantID, percentage, staffID) VALUES (358, 2696, 1, 178);
INSERT INTO PlantedIn (bedID, plantID, percentage, staffID) VALUES (440, 3431, 4, 31);
INSERT INTO PlantedIn (bedID, plantID, percentage, staffID) VALUES (212, 947, 3, 183);
INSERT INTO PlantedIn (bedID, plantID, percentage, staffID) VALUES (219, 2396, 1, 63);
INSERT INTO PlantedIn (bedID, plantID, percentage, staffID) VALUES (376, 238, 4, 113);
INSERT INTO PlantedIn (bedID, plantID, percentage, staffID) VALUES (5, 1934, 1, 179);
INSERT INTO PlantedIn (bedID, plantID, percentage, staffID) VALUES (231, 1185, 3, 130);
INSERT INTO PlantedIn (bedID, plantID, percentage, staffID) VALUES (102, 1752, 4, 13);
INSERT INTO PlantedIn (bedID, plantID, percentage, staffID) VALUES (72, 3601, 1, 22);
INSERT INTO PlantedIn (bedID, plantID, percentage, staffID) VALUES (388, 992, 2, 9);
INSERT INTO PlantedIn (bedID, plantID, percentage, staffID) VALUES (238, 3615, 4, 171);
INSERT INTO PlantedIn (bedID, plantID, percentage, staffID) VALUES (263, 538, 2, 2);
INSERT INTO PlantedIn (bedID, plantID, percentage, staffID) VALUES (95, 2169, 1, 23);
INSERT INTO PlantedIn (bedID, plantID, percentage, staffID) VALUES (29, 3795, 3, 89);
INSERT INTO PlantedIn (bedID, plantID, percentage, staffID) VALUES (137, 274, 3, 11);
INSERT INTO PlantedIn (bedID, plantID, percentage, staffID) VALUES (248, 444, 3, 97);
INSERT INTO PlantedIn (bedID, plantID, percentage, staffID) VALUES (22, 2245, 4, 155);
INSERT INTO PlantedIn (bedID, plantID, percentage, staffID) VALUES (397, 3072, 2, 27);
INSERT INTO PlantedIn (bedID, plantID, percentage, staffID) VALUES (346, 3732, 2, 62);
INSERT INTO PlantedIn (bedID, plantID, percentage, staffID) VALUES (50, 1207, 2, 130);
INSERT INTO PlantedIn (bedID, plantID, percentage, staffID) VALUES (414, 2871, 4, 106);
INSERT INTO PlantedIn (bedID, plantID, percentage, staffID) VALUES (343, 3671, 1, 99);
INSERT INTO PlantedIn (bedID, plantID, percentage, staffID) VALUES (10, 2071, 3, 106);
INSERT INTO PlantedIn (bedID, plantID, percentage, staffID) VALUES (308, 3824, 3, 45);
INSERT INTO PlantedIn (bedID, plantID, percentage, staffID) VALUES (270, 3765, 2, 115);
INSERT INTO PlantedIn (bedID, plantID, percentage, staffID) VALUES (364, 2681, 2, 153);
INSERT INTO PlantedIn (bedID, plantID, percentage, staffID) VALUES (312, 191, 4, 160);
INSERT INTO PlantedIn (bedID, plantID, percentage, staffID) VALUES (172, 1613, 1, 15);
INSERT INTO PlantedIn (bedID, plantID, percentage, staffID) VALUES (76, 2259, 4, 35);
INSERT INTO PlantedIn (bedID, plantID, percentage, staffID) VALUES (253, 2527, 3, 183);
INSERT INTO PlantedIn (bedID, plantID, percentage, staffID) VALUES (90, 1596, 4, 21);
INSERT INTO PlantedIn (bedID, plantID, percentage, staffID) VALUES (191, 1230, 4, 110);
INSERT INTO PlantedIn (bedID, plantID, percentage, staffID) VALUES (139, 379, 1, 78);
INSERT INTO PlantedIn (bedID, plantID, percentage, staffID) VALUES (375, 487, 2, 115);
INSERT INTO PlantedIn (bedID, plantID, percentage, staffID) VALUES (83, 1327, 3, 44);
INSERT INTO PlantedIn (bedID, plantID, percentage, staffID) VALUES (360, 1093, 4, 158);
INSERT INTO PlantedIn (bedID, plantID, percentage, staffID) VALUES (411, 3638, 2, 165);
INSERT INTO PlantedIn (bedID, plantID, percentage, staffID) VALUES (54, 211, 3, 128);
INSERT INTO PlantedIn (bedID, plantID, percentage, staffID) VALUES (177, 621, 3, 100);
INSERT INTO PlantedIn (bedID, plantID, percentage, staffID) VALUES (123, 3353, 1, 149);
INSERT INTO PlantedIn (bedID, plantID, percentage, staffID) VALUES (470, 1105, 1, 103);
INSERT INTO PlantedIn (bedID, plantID, percentage, staffID) VALUES (298, 2762, 2, 144);
INSERT INTO PlantedIn (bedID, plantID, percentage, staffID) VALUES (472, 1843, 4, 64);
INSERT INTO PlantedIn (bedID, plantID, percentage, staffID) VALUES (198, 437, 1, 55);
INSERT INTO PlantedIn (bedID, plantID, percentage, staffID) VALUES (385, 853, 4, 163);
INSERT INTO PlantedIn (bedID, plantID, percentage, staffID) VALUES (131, 1629, 3, 91);
INSERT INTO PlantedIn (bedID, plantID, percentage, staffID) VALUES (276, 3597, 4, 64);
INSERT INTO PlantedIn (bedID, plantID, percentage, staffID) VALUES (378, 152, 4, 182);
INSERT INTO PlantedIn (bedID, plantID, percentage, staffID) VALUES (51, 2570, 1, 71);
INSERT INTO PlantedIn (bedID, plantID, percentage, staffID) VALUES (362, 897, 3, 117);
INSERT INTO PlantedIn (bedID, plantID, percentage, staffID) VALUES (214, 1428, 3, 104);
INSERT INTO PlantedIn (bedID, plantID, percentage, staffID) VALUES (375, 3669, 2, 77);
INSERT INTO PlantedIn (bedID, plantID, percentage, staffID) VALUES (417, 2660, 3, 44);
INSERT INTO PlantedIn (bedID, plantID, percentage, staffID) VALUES (344, 404, 1, 96);
INSERT INTO PlantedIn (bedID, plantID, percentage, staffID) VALUES (235, 1656, 3, 2);
INSERT INTO PlantedIn (bedID, plantID, percentage, staffID) VALUES (45, 1351, 1, 144);
INSERT INTO PlantedIn (bedID, plantID, percentage, staffID) VALUES (1, 2594, 4, 162);
INSERT INTO PlantedIn (bedID, plantID, percentage, staffID) VALUES (428, 1416, 2, 71);
INSERT INTO PlantedIn (bedID, plantID, percentage, staffID) VALUES (349, 3294, 3, 17);
INSERT INTO PlantedIn (bedID, plantID, percentage, staffID) VALUES (380, 1769, 3, 184);
INSERT INTO PlantedIn (bedID, plantID, percentage, staffID) VALUES (69, 438, 4, 74);
INSERT INTO PlantedIn (bedID, plantID, percentage, staffID) VALUES (103, 3198, 3, 189);
INSERT INTO PlantedIn (bedID, plantID, percentage, staffID) VALUES (121, 3601, 2, 65);
INSERT INTO PlantedIn (bedID, plantID, percentage, staffID) VALUES (133, 72, 2, 120);
INSERT INTO PlantedIn (bedID, plantID, percentage, staffID) VALUES (327, 1459, 3, 11);
INSERT INTO PlantedIn (bedID, plantID, percentage, staffID) VALUES (352, 1529, 2, 194);
INSERT INTO PlantedIn (bedID, plantID, percentage, staffID) VALUES (118, 118, 1, 2);
INSERT INTO PlantedIn (bedID, plantID, percentage, staffID) VALUES (231, 3501, 3, 149);
INSERT INTO PlantedIn (bedID, plantID, percentage, staffID) VALUES (9, 342, 1, 104);
INSERT INTO PlantedIn (bedID, plantID, percentage, staffID) VALUES (434, 1670, 1, 194);
INSERT INTO PlantedIn (bedID, plantID, percentage, staffID) VALUES (172, 1019, 3, 107);
INSERT INTO PlantedIn (bedID, plantID, percentage, staffID) VALUES (134, 402, 4, 190);
INSERT INTO PlantedIn (bedID, plantID, percentage, staffID) VALUES (228, 3776, 1, 116);
INSERT INTO PlantedIn (bedID, plantID, percentage, staffID) VALUES (177, 1980, 3, 144);
INSERT INTO PlantedIn (bedID, plantID, percentage, staffID) VALUES (257, 2748, 1, 137);
INSERT INTO PlantedIn (bedID, plantID, percentage, staffID) VALUES (292, 1541, 3, 136);
INSERT INTO PlantedIn (bedID, plantID, percentage, staffID) VALUES (231, 662, 2, 178);
INSERT INTO PlantedIn (bedID, plantID, percentage, staffID) VALUES (286, 3172, 4, 118);
INSERT INTO PlantedIn (bedID, plantID, percentage, staffID) VALUES (40, 367, 2, 125);
INSERT INTO PlantedIn (bedID, plantID, percentage, staffID) VALUES (95, 2081, 3, 70);
INSERT INTO PlantedIn (bedID, plantID, percentage, staffID) VALUES (244, 3490, 4, 185);
INSERT INTO PlantedIn (bedID, plantID, percentage, staffID) VALUES (197, 2358, 4, 104);
INSERT INTO PlantedIn (bedID, plantID, percentage, staffID) VALUES (272, 2522, 1, 117);
INSERT INTO PlantedIn (bedID, plantID, percentage, staffID) VALUES (390, 1717, 2, 95);
INSERT INTO PlantedIn (bedID, plantID, percentage, staffID) VALUES (126, 149, 2, 81);
INSERT INTO PlantedIn (bedID, plantID, percentage, staffID) VALUES (64, 18, 2, 146);
INSERT INTO PlantedIn (bedID, plantID, percentage, staffID) VALUES (257, 208, 1, 3);
INSERT INTO PlantedIn (bedID, plantID, percentage, staffID) VALUES (453, 3548, 2, 193);
INSERT INTO PlantedIn (bedID, plantID, percentage, staffID) VALUES (250, 1749, 4, 68);
INSERT INTO PlantedIn (bedID, plantID, percentage, staffID) VALUES (298, 1227, 1, 161);
INSERT INTO PlantedIn (bedID, plantID, percentage, staffID) VALUES (459, 1387, 4, 54);
INSERT INTO PlantedIn (bedID, plantID, percentage, staffID) VALUES (380, 2812, 1, 45);
INSERT INTO PlantedIn (bedID, plantID, percentage, staffID) VALUES (363, 2371, 4, 85);
INSERT INTO PlantedIn (bedID, plantID, percentage, staffID) VALUES (293, 510, 1, 48);
INSERT INTO PlantedIn (bedID, plantID, percentage, staffID) VALUES (88, 943, 1, 45);
INSERT INTO PlantedIn (bedID, plantID, percentage, staffID) VALUES (77, 637, 3, 105);
INSERT INTO PlantedIn (bedID, plantID, percentage, staffID) VALUES (292, 3259, 1, 110);
INSERT INTO PlantedIn (bedID, plantID, percentage, staffID) VALUES (76, 1256, 1, 92);
INSERT INTO PlantedIn (bedID, plantID, percentage, staffID) VALUES (324, 2748, 2, 189);
INSERT INTO PlantedIn (bedID, plantID, percentage, staffID) VALUES (208, 556, 1, 114);
INSERT INTO PlantedIn (bedID, plantID, percentage, staffID) VALUES (359, 3751, 2, 22);
INSERT INTO PlantedIn (bedID, plantID, percentage, staffID) VALUES (49, 1293, 2, 110);
INSERT INTO PlantedIn (bedID, plantID, percentage, staffID) VALUES (274, 2920, 3, 88);
INSERT INTO PlantedIn (bedID, plantID, percentage, staffID) VALUES (436, 3648, 3, 88);
INSERT INTO PlantedIn (bedID, plantID, percentage, staffID) VALUES (373, 3745, 4, 160);
INSERT INTO PlantedIn (bedID, plantID, percentage, staffID) VALUES (139, 888, 4, 16);
INSERT INTO PlantedIn (bedID, plantID, percentage, staffID) VALUES (445, 4, 2, 95);
INSERT INTO PlantedIn (bedID, plantID, percentage, staffID) VALUES (69, 70, 4, 119);
INSERT INTO PlantedIn (bedID, plantID, percentage, staffID) VALUES (468, 2651, 1, 57);
INSERT INTO PlantedIn (bedID, plantID, percentage, staffID) VALUES (10, 3142, 3, 78);
INSERT INTO PlantedIn (bedID, plantID, percentage, staffID) VALUES (269, 3123, 2, 70);
INSERT INTO PlantedIn (bedID, plantID, percentage, staffID) VALUES (356, 2973, 3, 6);
INSERT INTO PlantedIn (bedID, plantID, percentage, staffID) VALUES (350, 3122, 1, 100);
INSERT INTO PlantedIn (bedID, plantID, percentage, staffID) VALUES (18, 2176, 4, 2);
INSERT INTO PlantedIn (bedID, plantID, percentage, staffID) VALUES (267, 1829, 3, 73);
INSERT INTO PlantedIn (bedID, plantID, percentage, staffID) VALUES (233, 3628, 2, 125);
INSERT INTO PlantedIn (bedID, plantID, percentage, staffID) VALUES (296, 3427, 3, 117);
INSERT INTO PlantedIn (bedID, plantID, percentage, staffID) VALUES (331, 3663, 2, 50);
INSERT INTO PlantedIn (bedID, plantID, percentage, staffID) VALUES (358, 2250, 3, 155);
INSERT INTO PlantedIn (bedID, plantID, percentage, staffID) VALUES (167, 3021, 1, 10);
INSERT INTO PlantedIn (bedID, plantID, percentage, staffID) VALUES (279, 2053, 3, 25);
INSERT INTO PlantedIn (bedID, plantID, percentage, staffID) VALUES (45, 501, 3, 124);
INSERT INTO PlantedIn (bedID, plantID, percentage, staffID) VALUES (286, 3709, 1, 75);
INSERT INTO PlantedIn (bedID, plantID, percentage, staffID) VALUES (425, 3772, 3, 117);
INSERT INTO PlantedIn (bedID, plantID, percentage, staffID) VALUES (408, 551, 3, 34);
INSERT INTO PlantedIn (bedID, plantID, percentage, staffID) VALUES (43, 1584, 4, 170);
INSERT INTO PlantedIn (bedID, plantID, percentage, staffID) VALUES (470, 2264, 2, 73);
INSERT INTO PlantedIn (bedID, plantID, percentage, staffID) VALUES (174, 1542, 4, 89);
INSERT INTO PlantedIn (bedID, plantID, percentage, staffID) VALUES (440, 2136, 1, 119);
INSERT INTO PlantedIn (bedID, plantID, percentage, staffID) VALUES (323, 719, 2, 140);
INSERT INTO PlantedIn (bedID, plantID, percentage, staffID) VALUES (69, 184, 1, 78);
INSERT INTO PlantedIn (bedID, plantID, percentage, staffID) VALUES (12, 3676, 4, 116);
INSERT INTO PlantedIn (bedID, plantID, percentage, staffID) VALUES (45, 2831, 1, 92);
INSERT INTO PlantedIn (bedID, plantID, percentage, staffID) VALUES (68, 1072, 1, 6);
INSERT INTO PlantedIn (bedID, plantID, percentage, staffID) VALUES (409, 1478, 1, 98);
INSERT INTO PlantedIn (bedID, plantID, percentage, staffID) VALUES (370, 3512, 3, 39);
INSERT INTO PlantedIn (bedID, plantID, percentage, staffID) VALUES (219, 2972, 1, 150);
INSERT INTO PlantedIn (bedID, plantID, percentage, staffID) VALUES (452, 1609, 1, 88);
INSERT INTO PlantedIn (bedID, plantID, percentage, staffID) VALUES (220, 3115, 2, 30);
INSERT INTO PlantedIn (bedID, plantID, percentage, staffID) VALUES (358, 2740, 4, 77);
INSERT INTO PlantedIn (bedID, plantID, percentage, staffID) VALUES (209, 3171, 3, 7);
INSERT INTO PlantedIn (bedID, plantID, percentage, staffID) VALUES (47, 242, 4, 147);
INSERT INTO PlantedIn (bedID, plantID, percentage, staffID) VALUES (211, 748, 1, 39);
INSERT INTO PlantedIn (bedID, plantID, percentage, staffID) VALUES (49, 1458, 3, 192);
INSERT INTO PlantedIn (bedID, plantID, percentage, staffID) VALUES (69, 2596, 1, 145);
INSERT INTO PlantedIn (bedID, plantID, percentage, staffID) VALUES (42, 517, 3, 41);
INSERT INTO PlantedIn (bedID, plantID, percentage, staffID) VALUES (445, 1328, 3, 8);
INSERT INTO PlantedIn (bedID, plantID, percentage, staffID) VALUES (110, 2239, 2, 16);
INSERT INTO PlantedIn (bedID, plantID, percentage, staffID) VALUES (304, 3065, 1, 59);
INSERT INTO PlantedIn (bedID, plantID, percentage, staffID) VALUES (467, 1855, 1, 64);
INSERT INTO PlantedIn (bedID, plantID, percentage, staffID) VALUES (406, 965, 1, 133);
INSERT INTO PlantedIn (bedID, plantID, percentage, staffID) VALUES (436, 1382, 1, 22);
INSERT INTO PlantedIn (bedID, plantID, percentage, staffID) VALUES (233, 1173, 2, 115);
INSERT INTO PlantedIn (bedID, plantID, percentage, staffID) VALUES (307, 2313, 3, 26);
INSERT INTO PlantedIn (bedID, plantID, percentage, staffID) VALUES (5, 2598, 1, 40);
INSERT INTO PlantedIn (bedID, plantID, percentage, staffID) VALUES (119, 1039, 4, 117);
INSERT INTO PlantedIn (bedID, plantID, percentage, staffID) VALUES (160, 1131, 1, 28);
INSERT INTO PlantedIn (bedID, plantID, percentage, staffID) VALUES (257, 3046, 2, 41);
INSERT INTO PlantedIn (bedID, plantID, percentage, staffID) VALUES (69, 1162, 3, 97);
INSERT INTO PlantedIn (bedID, plantID, percentage, staffID) VALUES (286, 125, 2, 14);
INSERT INTO PlantedIn (bedID, plantID, percentage, staffID) VALUES (299, 744, 3, 194);
INSERT INTO PlantedIn (bedID, plantID, percentage, staffID) VALUES (409, 552, 1, 180);
INSERT INTO PlantedIn (bedID, plantID, percentage, staffID) VALUES (195, 1734, 2, 2);
INSERT INTO PlantedIn (bedID, plantID, percentage, staffID) VALUES (145, 3820, 3, 107);
INSERT INTO PlantedIn (bedID, plantID, percentage, staffID) VALUES (133, 2544, 4, 172);
INSERT INTO PlantedIn (bedID, plantID, percentage, staffID) VALUES (211, 141, 3, 59);
INSERT INTO PlantedIn (bedID, plantID, percentage, staffID) VALUES (160, 2931, 4, 47);
INSERT INTO PlantedIn (bedID, plantID, percentage, staffID) VALUES (374, 1136, 2, 40);
INSERT INTO PlantedIn (bedID, plantID, percentage, staffID) VALUES (230, 550, 2, 13);
INSERT INTO PlantedIn (bedID, plantID, percentage, staffID) VALUES (135, 3634, 3, 96);
INSERT INTO PlantedIn (bedID, plantID, percentage, staffID) VALUES (184, 1835, 3, 35);
INSERT INTO PlantedIn (bedID, plantID, percentage, staffID) VALUES (219, 2672, 3, 70);
INSERT INTO PlantedIn (bedID, plantID, percentage, staffID) VALUES (166, 687, 4, 116);
INSERT INTO PlantedIn (bedID, plantID, percentage, staffID) VALUES (102, 3296, 3, 79);
INSERT INTO PlantedIn (bedID, plantID, percentage, staffID) VALUES (290, 2373, 2, 101);
INSERT INTO PlantedIn (bedID, plantID, percentage, staffID) VALUES (430, 2643, 2, 168);
INSERT INTO PlantedIn (bedID, plantID, percentage, staffID) VALUES (391, 3413, 1, 152);
INSERT INTO PlantedIn (bedID, plantID, percentage, staffID) VALUES (390, 815, 1, 165);
INSERT INTO PlantedIn (bedID, plantID, percentage, staffID) VALUES (325, 3777, 1, 185);
INSERT INTO PlantedIn (bedID, plantID, percentage, staffID) VALUES (317, 947, 1, 182);
INSERT INTO PlantedIn (bedID, plantID, percentage, staffID) VALUES (200, 1772, 3, 166);
INSERT INTO PlantedIn (bedID, plantID, percentage, staffID) VALUES (148, 770, 4, 39);
INSERT INTO PlantedIn (bedID, plantID, percentage, staffID) VALUES (385, 2625, 3, 67);
INSERT INTO PlantedIn (bedID, plantID, percentage, staffID) VALUES (172, 565, 1, 24);
INSERT INTO PlantedIn (bedID, plantID, percentage, staffID) VALUES (14, 3320, 4, 62);
INSERT INTO PlantedIn (bedID, plantID, percentage, staffID) VALUES (40, 3748, 4, 185);
INSERT INTO PlantedIn (bedID, plantID, percentage, staffID) VALUES (102, 3073, 3, 158);
INSERT INTO PlantedIn (bedID, plantID, percentage, staffID) VALUES (120, 2253, 3, 56);
INSERT INTO PlantedIn (bedID, plantID, percentage, staffID) VALUES (370, 1783, 3, 100);
INSERT INTO PlantedIn (bedID, plantID, percentage, staffID) VALUES (67, 3131, 3, 65);
INSERT INTO PlantedIn (bedID, plantID, percentage, staffID) VALUES (453, 1661, 4, 142);
INSERT INTO PlantedIn (bedID, plantID, percentage, staffID) VALUES (137, 3834, 2, 171);
INSERT INTO PlantedIn (bedID, plantID, percentage, staffID) VALUES (47, 3482, 1, 24);
INSERT INTO PlantedIn (bedID, plantID, percentage, staffID) VALUES (412, 62, 1, 191);
INSERT INTO PlantedIn (bedID, plantID, percentage, staffID) VALUES (384, 2730, 1, 148);
INSERT INTO PlantedIn (bedID, plantID, percentage, staffID) VALUES (137, 3851, 1, 129);
INSERT INTO PlantedIn (bedID, plantID, percentage, staffID) VALUES (217, 444, 3, 136);
INSERT INTO PlantedIn (bedID, plantID, percentage, staffID) VALUES (438, 3791, 4, 21);
INSERT INTO PlantedIn (bedID, plantID, percentage, staffID) VALUES (195, 3066, 3, 177);
INSERT INTO PlantedIn (bedID, plantID, percentage, staffID) VALUES (372, 2718, 4, 12);
INSERT INTO PlantedIn (bedID, plantID, percentage, staffID) VALUES (286, 657, 2, 14);
INSERT INTO PlantedIn (bedID, plantID, percentage, staffID) VALUES (88, 17, 4, 115);
INSERT INTO PlantedIn (bedID, plantID, percentage, staffID) VALUES (337, 1089, 4, 13);
INSERT INTO PlantedIn (bedID, plantID, percentage, staffID) VALUES (132, 2664, 3, 15);
INSERT INTO PlantedIn (bedID, plantID, percentage, staffID) VALUES (381, 2845, 3, 68);
INSERT INTO PlantedIn (bedID, plantID, percentage, staffID) VALUES (340, 1679, 1, 125);
INSERT INTO PlantedIn (bedID, plantID, percentage, staffID) VALUES (108, 1836, 1, 169);
INSERT INTO PlantedIn (bedID, plantID, percentage, staffID) VALUES (85, 3414, 4, 183);
INSERT INTO PlantedIn (bedID, plantID, percentage, staffID) VALUES (26, 3730, 1, 53);
INSERT INTO PlantedIn (bedID, plantID, percentage, staffID) VALUES (459, 3152, 3, 49);
INSERT INTO PlantedIn (bedID, plantID, percentage, staffID) VALUES (46, 1145, 2, 139);
INSERT INTO PlantedIn (bedID, plantID, percentage, staffID) VALUES (467, 2899, 4, 23);
INSERT INTO PlantedIn (bedID, plantID, percentage, staffID) VALUES (230, 1715, 1, 106);
INSERT INTO PlantedIn (bedID, plantID, percentage, staffID) VALUES (416, 489, 1, 68);
INSERT INTO PlantedIn (bedID, plantID, percentage, staffID) VALUES (285, 603, 4, 25);
INSERT INTO PlantedIn (bedID, plantID, percentage, staffID) VALUES (19, 59, 1, 115);
INSERT INTO PlantedIn (bedID, plantID, percentage, staffID) VALUES (464, 3159, 4, 68);
INSERT INTO PlantedIn (bedID, plantID, percentage, staffID) VALUES (300, 2191, 3, 129);
INSERT INTO PlantedIn (bedID, plantID, percentage, staffID) VALUES (409, 1194, 4, 22);
INSERT INTO PlantedIn (bedID, plantID, percentage, staffID) VALUES (28, 832, 3, 131);
INSERT INTO PlantedIn (bedID, plantID, percentage, staffID) VALUES (312, 598, 3, 153);
INSERT INTO PlantedIn (bedID, plantID, percentage, staffID) VALUES (133, 296, 4, 131);
INSERT INTO PlantedIn (bedID, plantID, percentage, staffID) VALUES (110, 2937, 2, 135);
INSERT INTO PlantedIn (bedID, plantID, percentage, staffID) VALUES (367, 860, 4, 75);
INSERT INTO PlantedIn (bedID, plantID, percentage, staffID) VALUES (19, 2687, 3, 144);
INSERT INTO PlantedIn (bedID, plantID, percentage, staffID) VALUES (124, 1290, 1, 82);
INSERT INTO PlantedIn (bedID, plantID, percentage, staffID) VALUES (342, 2360, 2, 51);
INSERT INTO PlantedIn (bedID, plantID, percentage, staffID) VALUES (362, 3834, 1, 188);
INSERT INTO PlantedIn (bedID, plantID, percentage, staffID) VALUES (151, 2279, 1, 117);
INSERT INTO PlantedIn (bedID, plantID, percentage, staffID) VALUES (385, 3620, 4, 174);
INSERT INTO PlantedIn (bedID, plantID, percentage, staffID) VALUES (299, 2137, 4, 107);
INSERT INTO PlantedIn (bedID, plantID, percentage, staffID) VALUES (420, 3579, 3, 4);
INSERT INTO PlantedIn (bedID, plantID, percentage, staffID) VALUES (205, 3832, 1, 47);
INSERT INTO PlantedIn (bedID, plantID, percentage, staffID) VALUES (285, 1834, 2, 109);
INSERT INTO PlantedIn (bedID, plantID, percentage, staffID) VALUES (221, 1742, 3, 85);
INSERT INTO PlantedIn (bedID, plantID, percentage, staffID) VALUES (5, 1318, 2, 171);
INSERT INTO PlantedIn (bedID, plantID, percentage, staffID) VALUES (441, 1580, 3, 86);
INSERT INTO PlantedIn (bedID, plantID, percentage, staffID) VALUES (164, 1041, 4, 122);
INSERT INTO PlantedIn (bedID, plantID, percentage, staffID) VALUES (389, 457, 3, 178);
INSERT INTO PlantedIn (bedID, plantID, percentage, staffID) VALUES (21, 3436, 2, 49);
INSERT INTO PlantedIn (bedID, plantID, percentage, staffID) VALUES (417, 1802, 2, 129);
INSERT INTO PlantedIn (bedID, plantID, percentage, staffID) VALUES (445, 634, 2, 174);
INSERT INTO PlantedIn (bedID, plantID, percentage, staffID) VALUES (291, 1012, 3, 193);
INSERT INTO PlantedIn (bedID, plantID, percentage, staffID) VALUES (89, 1440, 3, 57);
INSERT INTO PlantedIn (bedID, plantID, percentage, staffID) VALUES (304, 3362, 2, 104);
INSERT INTO PlantedIn (bedID, plantID, percentage, staffID) VALUES (468, 1465, 1, 36);
INSERT INTO PlantedIn (bedID, plantID, percentage, staffID) VALUES (127, 1580, 1, 104);
INSERT INTO PlantedIn (bedID, plantID, percentage, staffID) VALUES (414, 535, 4, 129);
INSERT INTO PlantedIn (bedID, plantID, percentage, staffID) VALUES (143, 1851, 4, 46);
INSERT INTO PlantedIn (bedID, plantID, percentage, staffID) VALUES (351, 633, 2, 111);
INSERT INTO PlantedIn (bedID, plantID, percentage, staffID) VALUES (446, 1901, 1, 179);
INSERT INTO PlantedIn (bedID, plantID, percentage, staffID) VALUES (409, 587, 3, 135);
INSERT INTO PlantedIn (bedID, plantID, percentage, staffID) VALUES (259, 547, 4, 9);
INSERT INTO PlantedIn (bedID, plantID, percentage, staffID) VALUES (326, 2291, 4, 49);
INSERT INTO PlantedIn (bedID, plantID, percentage, staffID) VALUES (34, 1786, 4, 185);
INSERT INTO PlantedIn (bedID, plantID, percentage, staffID) VALUES (296, 1728, 3, 32);
INSERT INTO PlantedIn (bedID, plantID, percentage, staffID) VALUES (445, 121, 4, 142);
INSERT INTO PlantedIn (bedID, plantID, percentage, staffID) VALUES (87, 1370, 1, 63);
INSERT INTO PlantedIn (bedID, plantID, percentage, staffID) VALUES (247, 1075, 1, 44);
INSERT INTO PlantedIn (bedID, plantID, percentage, staffID) VALUES (199, 987, 4, 181);
INSERT INTO PlantedIn (bedID, plantID, percentage, staffID) VALUES (381, 3270, 2, 81);
INSERT INTO PlantedIn (bedID, plantID, percentage, staffID) VALUES (208, 2452, 3, 99);
INSERT INTO PlantedIn (bedID, plantID, percentage, staffID) VALUES (46, 1503, 3, 66);
INSERT INTO PlantedIn (bedID, plantID, percentage, staffID) VALUES (396, 1844, 4, 59);
INSERT INTO PlantedIn (bedID, plantID, percentage, staffID) VALUES (241, 3804, 3, 118);
INSERT INTO PlantedIn (bedID, plantID, percentage, staffID) VALUES (160, 3425, 4, 183);
INSERT INTO PlantedIn (bedID, plantID, percentage, staffID) VALUES (78, 423, 3, 190);
INSERT INTO PlantedIn (bedID, plantID, percentage, staffID) VALUES (173, 3142, 1, 113);
INSERT INTO PlantedIn (bedID, plantID, percentage, staffID) VALUES (312, 3660, 1, 135);
INSERT INTO PlantedIn (bedID, plantID, percentage, staffID) VALUES (275, 556, 3, 124);
INSERT INTO PlantedIn (bedID, plantID, percentage, staffID) VALUES (252, 3592, 2, 82);
INSERT INTO PlantedIn (bedID, plantID, percentage, staffID) VALUES (193, 2662, 4, 30);
INSERT INTO PlantedIn (bedID, plantID, percentage, staffID) VALUES (319, 2785, 1, 124);
INSERT INTO PlantedIn (bedID, plantID, percentage, staffID) VALUES (287, 1937, 4, 178);
INSERT INTO PlantedIn (bedID, plantID, percentage, staffID) VALUES (289, 3094, 4, 73);
INSERT INTO PlantedIn (bedID, plantID, percentage, staffID) VALUES (291, 3502, 2, 30);
INSERT INTO PlantedIn (bedID, plantID, percentage, staffID) VALUES (404, 3112, 2, 76);
INSERT INTO PlantedIn (bedID, plantID, percentage, staffID) VALUES (449, 3774, 2, 23);
INSERT INTO PlantedIn (bedID, plantID, percentage, staffID) VALUES (429, 1974, 2, 174);
INSERT INTO PlantedIn (bedID, plantID, percentage, staffID) VALUES (95, 3839, 4, 47);
INSERT INTO PlantedIn (bedID, plantID, percentage, staffID) VALUES (338, 3214, 2, 181);
INSERT INTO PlantedIn (bedID, plantID, percentage, staffID) VALUES (158, 2915, 4, 19);
INSERT INTO PlantedIn (bedID, plantID, percentage, staffID) VALUES (263, 1716, 1, 188);
INSERT INTO PlantedIn (bedID, plantID, percentage, staffID) VALUES (166, 236, 1, 90);
INSERT INTO PlantedIn (bedID, plantID, percentage, staffID) VALUES (410, 3126, 4, 130);
INSERT INTO PlantedIn (bedID, plantID, percentage, staffID) VALUES (372, 2889, 3, 61);
INSERT INTO PlantedIn (bedID, plantID, percentage, staffID) VALUES (123, 567, 2, 1);
INSERT INTO PlantedIn (bedID, plantID, percentage, staffID) VALUES (67, 884, 4, 68);
INSERT INTO PlantedIn (bedID, plantID, percentage, staffID) VALUES (29, 819, 2, 36);
INSERT INTO PlantedIn (bedID, plantID, percentage, staffID) VALUES (457, 1020, 3, 69);
INSERT INTO PlantedIn (bedID, plantID, percentage, staffID) VALUES (335, 976, 1, 141);
INSERT INTO PlantedIn (bedID, plantID, percentage, staffID) VALUES (149, 493, 1, 53);
INSERT INTO PlantedIn (bedID, plantID, percentage, staffID) VALUES (305, 1124, 4, 85);
INSERT INTO PlantedIn (bedID, plantID, percentage, staffID) VALUES (207, 1602, 3, 74);
INSERT INTO PlantedIn (bedID, plantID, percentage, staffID) VALUES (305, 2658, 3, 88);
INSERT INTO PlantedIn (bedID, plantID, percentage, staffID) VALUES (426, 2334, 4, 20);
INSERT INTO PlantedIn (bedID, plantID, percentage, staffID) VALUES (411, 1665, 3, 79);
INSERT INTO PlantedIn (bedID, plantID, percentage, staffID) VALUES (324, 283, 4, 129);
INSERT INTO PlantedIn (bedID, plantID, percentage, staffID) VALUES (95, 3448, 1, 36);
INSERT INTO PlantedIn (bedID, plantID, percentage, staffID) VALUES (373, 656, 2, 176);
INSERT INTO PlantedIn (bedID, plantID, percentage, staffID) VALUES (218, 1045, 4, 68);
INSERT INTO PlantedIn (bedID, plantID, percentage, staffID) VALUES (324, 2674, 2, 97);
INSERT INTO PlantedIn (bedID, plantID, percentage, staffID) VALUES (180, 3498, 2, 7);
INSERT INTO PlantedIn (bedID, plantID, percentage, staffID) VALUES (241, 489, 2, 30);
INSERT INTO PlantedIn (bedID, plantID, percentage, staffID) VALUES (285, 2255, 4, 49);
INSERT INTO PlantedIn (bedID, plantID, percentage, staffID) VALUES (225, 1592, 2, 192);
INSERT INTO PlantedIn (bedID, plantID, percentage, staffID) VALUES (276, 3085, 1, 142);
INSERT INTO PlantedIn (bedID, plantID, percentage, staffID) VALUES (341, 1600, 1, 17);
INSERT INTO PlantedIn (bedID, plantID, percentage, staffID) VALUES (151, 430, 4, 78);
INSERT INTO PlantedIn (bedID, plantID, percentage, staffID) VALUES (113, 2016, 4, 42);
INSERT INTO PlantedIn (bedID, plantID, percentage, staffID) VALUES (24, 596, 3, 8);
INSERT INTO PlantedIn (bedID, plantID, percentage, staffID) VALUES (349, 1048, 1, 94);
INSERT INTO PlantedIn (bedID, plantID, percentage, staffID) VALUES (324, 1530, 2, 98);
INSERT INTO PlantedIn (bedID, plantID, percentage, staffID) VALUES (92, 662, 2, 63);
INSERT INTO PlantedIn (bedID, plantID, percentage, staffID) VALUES (95, 950, 4, 3);
INSERT INTO PlantedIn (bedID, plantID, percentage, staffID) VALUES (312, 368, 4, 4);
INSERT INTO PlantedIn (bedID, plantID, percentage, staffID) VALUES (98, 1528, 2, 165);
INSERT INTO PlantedIn (bedID, plantID, percentage, staffID) VALUES (434, 33, 4, 49);
INSERT INTO PlantedIn (bedID, plantID, percentage, staffID) VALUES (77, 1056, 4, 127);
INSERT INTO PlantedIn (bedID, plantID, percentage, staffID) VALUES (258, 294, 1, 24);
INSERT INTO PlantedIn (bedID, plantID, percentage, staffID) VALUES (224, 2278, 3, 101);
INSERT INTO PlantedIn (bedID, plantID, percentage, staffID) VALUES (360, 3085, 4, 190);
INSERT INTO PlantedIn (bedID, plantID, percentage, staffID) VALUES (21, 3642, 3, 180);
INSERT INTO PlantedIn (bedID, plantID, percentage, staffID) VALUES (18, 3465, 1, 139);
INSERT INTO PlantedIn (bedID, plantID, percentage, staffID) VALUES (138, 1880, 1, 141);
INSERT INTO PlantedIn (bedID, plantID, percentage, staffID) VALUES (234, 3580, 3, 36);
INSERT INTO PlantedIn (bedID, plantID, percentage, staffID) VALUES (95, 3075, 3, 114);
INSERT INTO PlantedIn (bedID, plantID, percentage, staffID) VALUES (123, 1789, 1, 2);
INSERT INTO PlantedIn (bedID, plantID, percentage, staffID) VALUES (416, 3316, 4, 2);
INSERT INTO PlantedIn (bedID, plantID, percentage, staffID) VALUES (83, 3273, 3, 52);
INSERT INTO PlantedIn (bedID, plantID, percentage, staffID) VALUES (366, 1659, 4, 67);
INSERT INTO PlantedIn (bedID, plantID, percentage, staffID) VALUES (107, 3414, 1, 147);
INSERT INTO PlantedIn (bedID, plantID, percentage, staffID) VALUES (262, 2654, 4, 90);
INSERT INTO PlantedIn (bedID, plantID, percentage, staffID) VALUES (71, 1731, 2, 170);
INSERT INTO PlantedIn (bedID, plantID, percentage, staffID) VALUES (182, 3137, 2, 146);
INSERT INTO PlantedIn (bedID, plantID, percentage, staffID) VALUES (317, 2789, 2, 37);
INSERT INTO PlantedIn (bedID, plantID, percentage, staffID) VALUES (194, 1303, 3, 96);
INSERT INTO PlantedIn (bedID, plantID, percentage, staffID) VALUES (87, 2795, 4, 52);
INSERT INTO PlantedIn (bedID, plantID, percentage, staffID) VALUES (72, 2240, 2, 190);
INSERT INTO PlantedIn (bedID, plantID, percentage, staffID) VALUES (219, 2491, 1, 97);
INSERT INTO PlantedIn (bedID, plantID, percentage, staffID) VALUES (157, 3523, 2, 170);
INSERT INTO PlantedIn (bedID, plantID, percentage, staffID) VALUES (170, 2554, 3, 182);
INSERT INTO PlantedIn (bedID, plantID, percentage, staffID) VALUES (224, 2337, 1, 1);
INSERT INTO PlantedIn (bedID, plantID, percentage, staffID) VALUES (155, 706, 3, 116);
INSERT INTO PlantedIn (bedID, plantID, percentage, staffID) VALUES (246, 133, 3, 66);
INSERT INTO PlantedIn (bedID, plantID, percentage, staffID) VALUES (359, 2215, 4, 135);
INSERT INTO PlantedIn (bedID, plantID, percentage, staffID) VALUES (72, 2275, 3, 59);
INSERT INTO PlantedIn (bedID, plantID, percentage, staffID) VALUES (111, 2932, 3, 129);
INSERT INTO PlantedIn (bedID, plantID, percentage, staffID) VALUES (317, 1776, 1, 10);
INSERT INTO PlantedIn (bedID, plantID, percentage, staffID) VALUES (57, 3612, 3, 158);
INSERT INTO PlantedIn (bedID, plantID, percentage, staffID) VALUES (255, 3002, 4, 150);
INSERT INTO PlantedIn (bedID, plantID, percentage, staffID) VALUES (454, 1156, 2, 123);
INSERT INTO PlantedIn (bedID, plantID, percentage, staffID) VALUES (158, 3556, 1, 38);
INSERT INTO PlantedIn (bedID, plantID, percentage, staffID) VALUES (234, 3253, 3, 1);
INSERT INTO PlantedIn (bedID, plantID, percentage, staffID) VALUES (204, 1108, 3, 54);
INSERT INTO PlantedIn (bedID, plantID, percentage, staffID) VALUES (22, 3443, 3, 47);
INSERT INTO PlantedIn (bedID, plantID, percentage, staffID) VALUES (166, 1047, 2, 152);
INSERT INTO PlantedIn (bedID, plantID, percentage, staffID) VALUES (98, 1994, 3, 13);
INSERT INTO PlantedIn (bedID, plantID, percentage, staffID) VALUES (139, 3077, 2, 125);
INSERT INTO PlantedIn (bedID, plantID, percentage, staffID) VALUES (45, 808, 2, 149);
INSERT INTO PlantedIn (bedID, plantID, percentage, staffID) VALUES (61, 3525, 3, 106);
INSERT INTO PlantedIn (bedID, plantID, percentage, staffID) VALUES (357, 2009, 1, 55);
INSERT INTO PlantedIn (bedID, plantID, percentage, staffID) VALUES (382, 2036, 4, 173);
INSERT INTO PlantedIn (bedID, plantID, percentage, staffID) VALUES (198, 282, 4, 116);
INSERT INTO PlantedIn (bedID, plantID, percentage, staffID) VALUES (163, 1200, 3, 49);
INSERT INTO PlantedIn (bedID, plantID, percentage, staffID) VALUES (391, 1158, 1, 60);
INSERT INTO PlantedIn (bedID, plantID, percentage, staffID) VALUES (46, 3485, 1, 76);
INSERT INTO PlantedIn (bedID, plantID, percentage, staffID) VALUES (53, 387, 1, 127);
INSERT INTO PlantedIn (bedID, plantID, percentage, staffID) VALUES (6, 535, 4, 176);
INSERT INTO PlantedIn (bedID, plantID, percentage, staffID) VALUES (312, 496, 2, 194);
INSERT INTO PlantedIn (bedID, plantID, percentage, staffID) VALUES (310, 3072, 1, 65);
INSERT INTO PlantedIn (bedID, plantID, percentage, staffID) VALUES (411, 3407, 1, 172);
INSERT INTO PlantedIn (bedID, plantID, percentage, staffID) VALUES (91, 298, 1, 156);
INSERT INTO PlantedIn (bedID, plantID, percentage, staffID) VALUES (179, 204, 2, 28);
INSERT INTO PlantedIn (bedID, plantID, percentage, staffID) VALUES (452, 1956, 1, 136);
INSERT INTO PlantedIn (bedID, plantID, percentage, staffID) VALUES (287, 1089, 3, 63);
INSERT INTO PlantedIn (bedID, plantID, percentage, staffID) VALUES (199, 642, 1, 79);
INSERT INTO PlantedIn (bedID, plantID, percentage, staffID) VALUES (140, 1282, 4, 111);
INSERT INTO PlantedIn (bedID, plantID, percentage, staffID) VALUES (60, 3312, 4, 5);
INSERT INTO PlantedIn (bedID, plantID, percentage, staffID) VALUES (350, 3327, 4, 42);
INSERT INTO PlantedIn (bedID, plantID, percentage, staffID) VALUES (444, 3730, 2, 194);
INSERT INTO PlantedIn (bedID, plantID, percentage, staffID) VALUES (9, 323, 4, 161);
INSERT INTO PlantedIn (bedID, plantID, percentage, staffID) VALUES (279, 1734, 1, 8);
INSERT INTO PlantedIn (bedID, plantID, percentage, staffID) VALUES (346, 1321, 1, 166);
INSERT INTO PlantedIn (bedID, plantID, percentage, staffID) VALUES (241, 758, 4, 47);
INSERT INTO PlantedIn (bedID, plantID, percentage, staffID) VALUES (250, 2974, 3, 154);
INSERT INTO PlantedIn (bedID, plantID, percentage, staffID) VALUES (297, 2984, 2, 133);
INSERT INTO PlantedIn (bedID, plantID, percentage, staffID) VALUES (300, 3297, 3, 61);
INSERT INTO PlantedIn (bedID, plantID, percentage, staffID) VALUES (387, 936, 4, 181);
INSERT INTO PlantedIn (bedID, plantID, percentage, staffID) VALUES (154, 2590, 4, 165);
INSERT INTO PlantedIn (bedID, plantID, percentage, staffID) VALUES (57, 3265, 4, 23);
INSERT INTO PlantedIn (bedID, plantID, percentage, staffID) VALUES (57, 876, 3, 102);
INSERT INTO PlantedIn (bedID, plantID, percentage, staffID) VALUES (472, 954, 3, 62);
INSERT INTO PlantedIn (bedID, plantID, percentage, staffID) VALUES (379, 1087, 3, 46);
INSERT INTO PlantedIn (bedID, plantID, percentage, staffID) VALUES (248, 408, 4, 93);
INSERT INTO PlantedIn (bedID, plantID, percentage, staffID) VALUES (367, 1013, 4, 156);
INSERT INTO PlantedIn (bedID, plantID, percentage, staffID) VALUES (51, 3376, 2, 152);
INSERT INTO PlantedIn (bedID, plantID, percentage, staffID) VALUES (458, 1866, 4, 115);
INSERT INTO PlantedIn (bedID, plantID, percentage, staffID) VALUES (345, 3332, 3, 120);
INSERT INTO PlantedIn (bedID, plantID, percentage, staffID) VALUES (384, 2212, 3, 82);
INSERT INTO PlantedIn (bedID, plantID, percentage, staffID) VALUES (404, 2398, 2, 47);
INSERT INTO PlantedIn (bedID, plantID, percentage, staffID) VALUES (344, 2646, 3, 46);
INSERT INTO PlantedIn (bedID, plantID, percentage, staffID) VALUES (448, 3818, 1, 81);
INSERT INTO PlantedIn (bedID, plantID, percentage, staffID) VALUES (408, 531, 3, 71);
INSERT INTO PlantedIn (bedID, plantID, percentage, staffID) VALUES (416, 1287, 4, 117);
INSERT INTO PlantedIn (bedID, plantID, percentage, staffID) VALUES (386, 518, 3, 166);
INSERT INTO PlantedIn (bedID, plantID, percentage, staffID) VALUES (472, 1527, 4, 60);
INSERT INTO PlantedIn (bedID, plantID, percentage, staffID) VALUES (458, 2674, 4, 86);
INSERT INTO PlantedIn (bedID, plantID, percentage, staffID) VALUES (148, 2504, 1, 41);
INSERT INTO PlantedIn (bedID, plantID, percentage, staffID) VALUES (158, 1627, 2, 110);
INSERT INTO PlantedIn (bedID, plantID, percentage, staffID) VALUES (194, 3609, 2, 68);
INSERT INTO PlantedIn (bedID, plantID, percentage, staffID) VALUES (34, 2619, 4, 190);
INSERT INTO PlantedIn (bedID, plantID, percentage, staffID) VALUES (5, 1929, 4, 163);
INSERT INTO PlantedIn (bedID, plantID, percentage, staffID) VALUES (300, 2338, 3, 76);
INSERT INTO PlantedIn (bedID, plantID, percentage, staffID) VALUES (473, 2565, 4, 89);
INSERT INTO PlantedIn (bedID, plantID, percentage, staffID) VALUES (169, 3296, 3, 161);
INSERT INTO PlantedIn (bedID, plantID, percentage, staffID) VALUES (237, 3802, 4, 144);
INSERT INTO PlantedIn (bedID, plantID, percentage, staffID) VALUES (192, 942, 4, 23);
INSERT INTO PlantedIn (bedID, plantID, percentage, staffID) VALUES (84, 1713, 1, 17);
INSERT INTO PlantedIn (bedID, plantID, percentage, staffID) VALUES (58, 34, 1, 41);
INSERT INTO PlantedIn (bedID, plantID, percentage, staffID) VALUES (283, 1267, 3, 157);
INSERT INTO PlantedIn (bedID, plantID, percentage, staffID) VALUES (469, 791, 2, 116);
INSERT INTO PlantedIn (bedID, plantID, percentage, staffID) VALUES (28, 1361, 3, 3);
INSERT INTO PlantedIn (bedID, plantID, percentage, staffID) VALUES (159, 2777, 3, 80);
INSERT INTO PlantedIn (bedID, plantID, percentage, staffID) VALUES (456, 1939, 1, 113);
INSERT INTO PlantedIn (bedID, plantID, percentage, staffID) VALUES (447, 2455, 1, 79);
INSERT INTO PlantedIn (bedID, plantID, percentage, staffID) VALUES (305, 2259, 1, 41);
INSERT INTO PlantedIn (bedID, plantID, percentage, staffID) VALUES (273, 592, 1, 60);
INSERT INTO PlantedIn (bedID, plantID, percentage, staffID) VALUES (228, 238, 2, 158);
INSERT INTO PlantedIn (bedID, plantID, percentage, staffID) VALUES (126, 1302, 2, 167);
INSERT INTO PlantedIn (bedID, plantID, percentage, staffID) VALUES (326, 3214, 1, 180);
INSERT INTO PlantedIn (bedID, plantID, percentage, staffID) VALUES (261, 1049, 3, 156);
INSERT INTO PlantedIn (bedID, plantID, percentage, staffID) VALUES (366, 1226, 3, 133);
INSERT INTO PlantedIn (bedID, plantID, percentage, staffID) VALUES (451, 148, 3, 160);
INSERT INTO PlantedIn (bedID, plantID, percentage, staffID) VALUES (295, 3785, 1, 153);
INSERT INTO PlantedIn (bedID, plantID, percentage, staffID) VALUES (63, 152, 3, 77);
INSERT INTO PlantedIn (bedID, plantID, percentage, staffID) VALUES (48, 566, 2, 18);
INSERT INTO PlantedIn (bedID, plantID, percentage, staffID) VALUES (229, 3489, 1, 141);
INSERT INTO PlantedIn (bedID, plantID, percentage, staffID) VALUES (348, 2207, 2, 40);
INSERT INTO PlantedIn (bedID, plantID, percentage, staffID) VALUES (399, 3711, 3, 163);
INSERT INTO PlantedIn (bedID, plantID, percentage, staffID) VALUES (132, 1726, 1, 68);
INSERT INTO PlantedIn (bedID, plantID, percentage, staffID) VALUES (230, 447, 1, 169);
INSERT INTO PlantedIn (bedID, plantID, percentage, staffID) VALUES (45, 2213, 1, 63);
INSERT INTO PlantedIn (bedID, plantID, percentage, staffID) VALUES (290, 2632, 3, 172);
INSERT INTO PlantedIn (bedID, plantID, percentage, staffID) VALUES (392, 3574, 2, 17);
INSERT INTO PlantedIn (bedID, plantID, percentage, staffID) VALUES (392, 2972, 3, 99);
INSERT INTO PlantedIn (bedID, plantID, percentage, staffID) VALUES (161, 2618, 1, 173);
INSERT INTO PlantedIn (bedID, plantID, percentage, staffID) VALUES (302, 2476, 4, 163);
INSERT INTO PlantedIn (bedID, plantID, percentage, staffID) VALUES (42, 503, 3, 30);
INSERT INTO PlantedIn (bedID, plantID, percentage, staffID) VALUES (117, 3747, 2, 139);
INSERT INTO PlantedIn (bedID, plantID, percentage, staffID) VALUES (257, 3810, 1, 116);
INSERT INTO PlantedIn (bedID, plantID, percentage, staffID) VALUES (316, 1572, 2, 177);
INSERT INTO PlantedIn (bedID, plantID, percentage, staffID) VALUES (157, 3650, 1, 164);
INSERT INTO PlantedIn (bedID, plantID, percentage, staffID) VALUES (338, 1101, 1, 147);
INSERT INTO PlantedIn (bedID, plantID, percentage, staffID) VALUES (456, 2181, 3, 48);
INSERT INTO PlantedIn (bedID, plantID, percentage, staffID) VALUES (97, 125, 2, 105);
INSERT INTO PlantedIn (bedID, plantID, percentage, staffID) VALUES (77, 2544, 2, 177);
INSERT INTO PlantedIn (bedID, plantID, percentage, staffID) VALUES (297, 2096, 1, 153);
INSERT INTO PlantedIn (bedID, plantID, percentage, staffID) VALUES (250, 1216, 1, 66);
INSERT INTO PlantedIn (bedID, plantID, percentage, staffID) VALUES (342, 725, 1, 141);
INSERT INTO PlantedIn (bedID, plantID, percentage, staffID) VALUES (63, 1898, 4, 43);
INSERT INTO PlantedIn (bedID, plantID, percentage, staffID) VALUES (367, 3596, 3, 184);
INSERT INTO PlantedIn (bedID, plantID, percentage, staffID) VALUES (234, 514, 3, 69);
INSERT INTO PlantedIn (bedID, plantID, percentage, staffID) VALUES (241, 3303, 1, 150);
INSERT INTO PlantedIn (bedID, plantID, percentage, staffID) VALUES (188, 1866, 4, 63);
INSERT INTO PlantedIn (bedID, plantID, percentage, staffID) VALUES (378, 2424, 3, 25);
INSERT INTO PlantedIn (bedID, plantID, percentage, staffID) VALUES (386, 3117, 4, 117);
INSERT INTO PlantedIn (bedID, plantID, percentage, staffID) VALUES (141, 3021, 1, 162);
INSERT INTO PlantedIn (bedID, plantID, percentage, staffID) VALUES (337, 2663, 1, 166);
INSERT INTO PlantedIn (bedID, plantID, percentage, staffID) VALUES (389, 572, 4, 185);
INSERT INTO PlantedIn (bedID, plantID, percentage, staffID) VALUES (473, 3465, 3, 65);
INSERT INTO PlantedIn (bedID, plantID, percentage, staffID) VALUES (356, 191, 1, 132);
INSERT INTO PlantedIn (bedID, plantID, percentage, staffID) VALUES (252, 3668, 2, 15);
INSERT INTO PlantedIn (bedID, plantID, percentage, staffID) VALUES (273, 740, 2, 173);
INSERT INTO PlantedIn (bedID, plantID, percentage, staffID) VALUES (472, 1617, 2, 69);
INSERT INTO PlantedIn (bedID, plantID, percentage, staffID) VALUES (95, 495, 4, 76);
INSERT INTO PlantedIn (bedID, plantID, percentage, staffID) VALUES (387, 692, 3, 25);
INSERT INTO PlantedIn (bedID, plantID, percentage, staffID) VALUES (155, 91, 2, 128);
INSERT INTO PlantedIn (bedID, plantID, percentage, staffID) VALUES (436, 3633, 3, 170);
INSERT INTO PlantedIn (bedID, plantID, percentage, staffID) VALUES (468, 1845, 3, 168);
INSERT INTO PlantedIn (bedID, plantID, percentage, staffID) VALUES (202, 3445, 1, 174);
INSERT INTO PlantedIn (bedID, plantID, percentage, staffID) VALUES (39, 2696, 1, 81);
INSERT INTO PlantedIn (bedID, plantID, percentage, staffID) VALUES (55, 2821, 2, 77);
INSERT INTO PlantedIn (bedID, plantID, percentage, staffID) VALUES (406, 2873, 3, 47);
INSERT INTO PlantedIn (bedID, plantID, percentage, staffID) VALUES (437, 1334, 1, 64);
INSERT INTO PlantedIn (bedID, plantID, percentage, staffID) VALUES (175, 3629, 2, 118);
INSERT INTO PlantedIn (bedID, plantID, percentage, staffID) VALUES (419, 3007, 2, 80);
INSERT INTO PlantedIn (bedID, plantID, percentage, staffID) VALUES (317, 925, 4, 64);
INSERT INTO PlantedIn (bedID, plantID, percentage, staffID) VALUES (444, 2728, 1, 170);
INSERT INTO PlantedIn (bedID, plantID, percentage, staffID) VALUES (207, 798, 2, 76);
INSERT INTO PlantedIn (bedID, plantID, percentage, staffID) VALUES (445, 1089, 2, 25);
INSERT INTO PlantedIn (bedID, plantID, percentage, staffID) VALUES (105, 2683, 1, 122);
INSERT INTO PlantedIn (bedID, plantID, percentage, staffID) VALUES (159, 1378, 1, 61);
INSERT INTO PlantedIn (bedID, plantID, percentage, staffID) VALUES (282, 2354, 3, 154);
INSERT INTO PlantedIn (bedID, plantID, percentage, staffID) VALUES (149, 2264, 4, 120);
INSERT INTO PlantedIn (bedID, plantID, percentage, staffID) VALUES (375, 3682, 3, 9);
INSERT INTO PlantedIn (bedID, plantID, percentage, staffID) VALUES (260, 47, 2, 126);
INSERT INTO PlantedIn (bedID, plantID, percentage, staffID) VALUES (139, 2833, 3, 163);
INSERT INTO PlantedIn (bedID, plantID, percentage, staffID) VALUES (202, 1521, 3, 126);
INSERT INTO PlantedIn (bedID, plantID, percentage, staffID) VALUES (450, 2244, 2, 105);
INSERT INTO PlantedIn (bedID, plantID, percentage, staffID) VALUES (444, 3131, 3, 59);
INSERT INTO PlantedIn (bedID, plantID, percentage, staffID) VALUES (199, 159, 3, 14);
INSERT INTO PlantedIn (bedID, plantID, percentage, staffID) VALUES (297, 2510, 2, 99);
INSERT INTO PlantedIn (bedID, plantID, percentage, staffID) VALUES (256, 2987, 4, 130);
INSERT INTO PlantedIn (bedID, plantID, percentage, staffID) VALUES (240, 1676, 4, 71);
INSERT INTO PlantedIn (bedID, plantID, percentage, staffID) VALUES (392, 3716, 4, 95);
INSERT INTO PlantedIn (bedID, plantID, percentage, staffID) VALUES (257, 3768, 2, 13);
INSERT INTO PlantedIn (bedID, plantID, percentage, staffID) VALUES (372, 1342, 1, 3);
INSERT INTO PlantedIn (bedID, plantID, percentage, staffID) VALUES (184, 294, 1, 192);
INSERT INTO PlantedIn (bedID, plantID, percentage, staffID) VALUES (344, 1632, 2, 89);
INSERT INTO PlantedIn (bedID, plantID, percentage, staffID) VALUES (450, 2292, 2, 98);
INSERT INTO PlantedIn (bedID, plantID, percentage, staffID) VALUES (173, 439, 4, 67);
INSERT INTO PlantedIn (bedID, plantID, percentage, staffID) VALUES (259, 2599, 2, 164);
INSERT INTO PlantedIn (bedID, plantID, percentage, staffID) VALUES (300, 1023, 1, 31);
INSERT INTO PlantedIn (bedID, plantID, percentage, staffID) VALUES (114, 816, 1, 134);
INSERT INTO PlantedIn (bedID, plantID, percentage, staffID) VALUES (264, 2572, 4, 47);
INSERT INTO PlantedIn (bedID, plantID, percentage, staffID) VALUES (279, 1521, 3, 162);
INSERT INTO PlantedIn (bedID, plantID, percentage, staffID) VALUES (467, 1044, 2, 6);
INSERT INTO PlantedIn (bedID, plantID, percentage, staffID) VALUES (182, 1364, 4, 46);
INSERT INTO PlantedIn (bedID, plantID, percentage, staffID) VALUES (12, 105, 3, 63);
INSERT INTO PlantedIn (bedID, plantID, percentage, staffID) VALUES (139, 1760, 3, 171);
INSERT INTO PlantedIn (bedID, plantID, percentage, staffID) VALUES (316, 1886, 1, 114);
INSERT INTO PlantedIn (bedID, plantID, percentage, staffID) VALUES (73, 3028, 4, 35);
INSERT INTO PlantedIn (bedID, plantID, percentage, staffID) VALUES (449, 507, 3, 74);
INSERT INTO PlantedIn (bedID, plantID, percentage, staffID) VALUES (249, 598, 3, 16);
INSERT INTO PlantedIn (bedID, plantID, percentage, staffID) VALUES (201, 401, 4, 177);
INSERT INTO PlantedIn (bedID, plantID, percentage, staffID) VALUES (216, 334, 2, 151);
INSERT INTO PlantedIn (bedID, plantID, percentage, staffID) VALUES (54, 167, 2, 29);
INSERT INTO PlantedIn (bedID, plantID, percentage, staffID) VALUES (236, 3765, 1, 192);
INSERT INTO PlantedIn (bedID, plantID, percentage, staffID) VALUES (219, 1901, 3, 80);
INSERT INTO PlantedIn (bedID, plantID, percentage, staffID) VALUES (131, 2165, 1, 104);
INSERT INTO PlantedIn (bedID, plantID, percentage, staffID) VALUES (327, 3365, 1, 156);
INSERT INTO PlantedIn (bedID, plantID, percentage, staffID) VALUES (12, 3233, 2, 149);
INSERT INTO PlantedIn (bedID, plantID, percentage, staffID) VALUES (445, 2279, 2, 53);
INSERT INTO PlantedIn (bedID, plantID, percentage, staffID) VALUES (320, 3851, 4, 180);
INSERT INTO PlantedIn (bedID, plantID, percentage, staffID) VALUES (19, 71, 3, 40);
INSERT INTO PlantedIn (bedID, plantID, percentage, staffID) VALUES (470, 506, 2, 144);
INSERT INTO PlantedIn (bedID, plantID, percentage, staffID) VALUES (295, 357, 4, 15);
INSERT INTO PlantedIn (bedID, plantID, percentage, staffID) VALUES (309, 2235, 2, 25);
INSERT INTO PlantedIn (bedID, plantID, percentage, staffID) VALUES (213, 3415, 2, 115);
INSERT INTO PlantedIn (bedID, plantID, percentage, staffID) VALUES (341, 1104, 3, 189);
INSERT INTO PlantedIn (bedID, plantID, percentage, staffID) VALUES (414, 700, 3, 12);
INSERT INTO PlantedIn (bedID, plantID, percentage, staffID) VALUES (84, 3613, 1, 70);
INSERT INTO PlantedIn (bedID, plantID, percentage, staffID) VALUES (451, 2066, 4, 155);
INSERT INTO PlantedIn (bedID, plantID, percentage, staffID) VALUES (315, 1770, 2, 82);
INSERT INTO PlantedIn (bedID, plantID, percentage, staffID) VALUES (261, 1807, 1, 38);
INSERT INTO PlantedIn (bedID, plantID, percentage, staffID) VALUES (22, 1189, 2, 112);
INSERT INTO PlantedIn (bedID, plantID, percentage, staffID) VALUES (185, 3443, 2, 117);
INSERT INTO PlantedIn (bedID, plantID, percentage, staffID) VALUES (34, 2425, 1, 167);
INSERT INTO PlantedIn (bedID, plantID, percentage, staffID) VALUES (266, 602, 3, 96);
INSERT INTO PlantedIn (bedID, plantID, percentage, staffID) VALUES (327, 855, 2, 94);
INSERT INTO PlantedIn (bedID, plantID, percentage, staffID) VALUES (322, 3318, 1, 132);
INSERT INTO PlantedIn (bedID, plantID, percentage, staffID) VALUES (155, 3201, 2, 89);
INSERT INTO PlantedIn (bedID, plantID, percentage, staffID) VALUES (65, 3778, 2, 177);
INSERT INTO PlantedIn (bedID, plantID, percentage, staffID) VALUES (39, 3218, 2, 49);
INSERT INTO PlantedIn (bedID, plantID, percentage, staffID) VALUES (343, 3124, 4, 151);
INSERT INTO PlantedIn (bedID, plantID, percentage, staffID) VALUES (206, 2137, 4, 9);
INSERT INTO PlantedIn (bedID, plantID, percentage, staffID) VALUES (336, 1972, 2, 105);
INSERT INTO PlantedIn (bedID, plantID, percentage, staffID) VALUES (346, 3756, 2, 154);
INSERT INTO PlantedIn (bedID, plantID, percentage, staffID) VALUES (393, 1533, 1, 131);
INSERT INTO PlantedIn (bedID, plantID, percentage, staffID) VALUES (107, 273, 2, 108);
INSERT INTO PlantedIn (bedID, plantID, percentage, staffID) VALUES (23, 1514, 1, 141);
INSERT INTO PlantedIn (bedID, plantID, percentage, staffID) VALUES (106, 3572, 4, 123);
INSERT INTO PlantedIn (bedID, plantID, percentage, staffID) VALUES (347, 1311, 1, 152);
INSERT INTO PlantedIn (bedID, plantID, percentage, staffID) VALUES (422, 3038, 3, 34);
INSERT INTO PlantedIn (bedID, plantID, percentage, staffID) VALUES (307, 2910, 2, 90);
INSERT INTO PlantedIn (bedID, plantID, percentage, staffID) VALUES (71, 294, 2, 130);
INSERT INTO PlantedIn (bedID, plantID, percentage, staffID) VALUES (70, 619, 1, 150);
INSERT INTO PlantedIn (bedID, plantID, percentage, staffID) VALUES (261, 1626, 4, 67);
INSERT INTO PlantedIn (bedID, plantID, percentage, staffID) VALUES (164, 3582, 1, 148);
INSERT INTO PlantedIn (bedID, plantID, percentage, staffID) VALUES (126, 1796, 1, 50);
INSERT INTO PlantedIn (bedID, plantID, percentage, staffID) VALUES (119, 1579, 3, 155);
INSERT INTO PlantedIn (bedID, plantID, percentage, staffID) VALUES (41, 2927, 3, 117);
INSERT INTO PlantedIn (bedID, plantID, percentage, staffID) VALUES (242, 40, 3, 44);
INSERT INTO PlantedIn (bedID, plantID, percentage, staffID) VALUES (41, 3264, 1, 7);
INSERT INTO PlantedIn (bedID, plantID, percentage, staffID) VALUES (3, 2964, 3, 88);
INSERT INTO PlantedIn (bedID, plantID, percentage, staffID) VALUES (89, 2906, 3, 68);
INSERT INTO PlantedIn (bedID, plantID, percentage, staffID) VALUES (321, 210, 4, 125);
INSERT INTO PlantedIn (bedID, plantID, percentage, staffID) VALUES (246, 3296, 4, 21);
INSERT INTO PlantedIn (bedID, plantID, percentage, staffID) VALUES (124, 3324, 2, 65);
INSERT INTO PlantedIn (bedID, plantID, percentage, staffID) VALUES (292, 3436, 1, 17);
INSERT INTO PlantedIn (bedID, plantID, percentage, staffID) VALUES (426, 1122, 4, 161);
INSERT INTO PlantedIn (bedID, plantID, percentage, staffID) VALUES (64, 3165, 1, 45);
INSERT INTO PlantedIn (bedID, plantID, percentage, staffID) VALUES (277, 2493, 4, 142);
INSERT INTO PlantedIn (bedID, plantID, percentage, staffID) VALUES (188, 103, 1, 63);
INSERT INTO PlantedIn (bedID, plantID, percentage, staffID) VALUES (39, 3531, 3, 4);
INSERT INTO PlantedIn (bedID, plantID, percentage, staffID) VALUES (363, 466, 1, 76);
INSERT INTO PlantedIn (bedID, plantID, percentage, staffID) VALUES (464, 2645, 3, 77);
INSERT INTO PlantedIn (bedID, plantID, percentage, staffID) VALUES (271, 1748, 2, 148);
INSERT INTO PlantedIn (bedID, plantID, percentage, staffID) VALUES (352, 1973, 4, 94);
INSERT INTO PlantedIn (bedID, plantID, percentage, staffID) VALUES (156, 2608, 4, 4);
INSERT INTO PlantedIn (bedID, plantID, percentage, staffID) VALUES (152, 2746, 3, 141);
INSERT INTO PlantedIn (bedID, plantID, percentage, staffID) VALUES (349, 3835, 4, 162);
INSERT INTO PlantedIn (bedID, plantID, percentage, staffID) VALUES (429, 3130, 3, 86);
INSERT INTO PlantedIn (bedID, plantID, percentage, staffID) VALUES (441, 3037, 4, 143);
INSERT INTO PlantedIn (bedID, plantID, percentage, staffID) VALUES (223, 278, 1, 104);
INSERT INTO PlantedIn (bedID, plantID, percentage, staffID) VALUES (248, 898, 2, 105);
INSERT INTO PlantedIn (bedID, plantID, percentage, staffID) VALUES (352, 3755, 1, 30);
INSERT INTO PlantedIn (bedID, plantID, percentage, staffID) VALUES (411, 2603, 3, 140);
INSERT INTO PlantedIn (bedID, plantID, percentage, staffID) VALUES (315, 1829, 3, 87);
INSERT INTO PlantedIn (bedID, plantID, percentage, staffID) VALUES (134, 3246, 1, 50);
INSERT INTO PlantedIn (bedID, plantID, percentage, staffID) VALUES (296, 3639, 1, 26);
INSERT INTO PlantedIn (bedID, plantID, percentage, staffID) VALUES (7, 2441, 3, 29);
INSERT INTO PlantedIn (bedID, plantID, percentage, staffID) VALUES (409, 2520, 3, 164);
INSERT INTO PlantedIn (bedID, plantID, percentage, staffID) VALUES (295, 3658, 2, 139);
INSERT INTO PlantedIn (bedID, plantID, percentage, staffID) VALUES (50, 2566, 4, 48);
INSERT INTO PlantedIn (bedID, plantID, percentage, staffID) VALUES (160, 3545, 1, 119);
INSERT INTO PlantedIn (bedID, plantID, percentage, staffID) VALUES (185, 6, 3, 118);
INSERT INTO PlantedIn (bedID, plantID, percentage, staffID) VALUES (398, 3156, 2, 181);
INSERT INTO PlantedIn (bedID, plantID, percentage, staffID) VALUES (359, 38, 4, 115);
INSERT INTO PlantedIn (bedID, plantID, percentage, staffID) VALUES (304, 2701, 3, 63);
INSERT INTO PlantedIn (bedID, plantID, percentage, staffID) VALUES (166, 434, 4, 23);
INSERT INTO PlantedIn (bedID, plantID, percentage, staffID) VALUES (28, 3050, 1, 50);
INSERT INTO PlantedIn (bedID, plantID, percentage, staffID) VALUES (215, 1850, 4, 28);
INSERT INTO PlantedIn (bedID, plantID, percentage, staffID) VALUES (188, 2764, 4, 162);
INSERT INTO PlantedIn (bedID, plantID, percentage, staffID) VALUES (339, 1416, 3, 94);
INSERT INTO PlantedIn (bedID, plantID, percentage, staffID) VALUES (87, 1334, 4, 5);
INSERT INTO PlantedIn (bedID, plantID, percentage, staffID) VALUES (168, 2263, 4, 146);
INSERT INTO PlantedIn (bedID, plantID, percentage, staffID) VALUES (135, 80, 3, 103);
INSERT INTO PlantedIn (bedID, plantID, percentage, staffID) VALUES (63, 2367, 1, 125);
INSERT INTO PlantedIn (bedID, plantID, percentage, staffID) VALUES (190, 3294, 4, 73);
INSERT INTO PlantedIn (bedID, plantID, percentage, staffID) VALUES (157, 1896, 3, 132);
INSERT INTO PlantedIn (bedID, plantID, percentage, staffID) VALUES (98, 1689, 4, 105);
INSERT INTO PlantedIn (bedID, plantID, percentage, staffID) VALUES (380, 3753, 4, 98);
INSERT INTO PlantedIn (bedID, plantID, percentage, staffID) VALUES (150, 1947, 3, 189);
INSERT INTO PlantedIn (bedID, plantID, percentage, staffID) VALUES (43, 2467, 2, 136);
INSERT INTO PlantedIn (bedID, plantID, percentage, staffID) VALUES (312, 649, 4, 2);
INSERT INTO PlantedIn (bedID, plantID, percentage, staffID) VALUES (223, 1301, 4, 8);
INSERT INTO PlantedIn (bedID, plantID, percentage, staffID) VALUES (392, 2630, 1, 108);
INSERT INTO PlantedIn (bedID, plantID, percentage, staffID) VALUES (5, 1678, 2, 185);
INSERT INTO PlantedIn (bedID, plantID, percentage, staffID) VALUES (223, 2561, 1, 82);
INSERT INTO PlantedIn (bedID, plantID, percentage, staffID) VALUES (393, 1579, 3, 188);
INSERT INTO PlantedIn (bedID, plantID, percentage, staffID) VALUES (13, 3487, 2, 162);
INSERT INTO PlantedIn (bedID, plantID, percentage, staffID) VALUES (113, 3201, 1, 61);
INSERT INTO PlantedIn (bedID, plantID, percentage, staffID) VALUES (407, 204, 4, 112);
INSERT INTO PlantedIn (bedID, plantID, percentage, staffID) VALUES (231, 1744, 2, 40);
INSERT INTO PlantedIn (bedID, plantID, percentage, staffID) VALUES (134, 736, 4, 93);
INSERT INTO PlantedIn (bedID, plantID, percentage, staffID) VALUES (404, 3291, 3, 180);
INSERT INTO PlantedIn (bedID, plantID, percentage, staffID) VALUES (123, 3099, 2, 60);
INSERT INTO PlantedIn (bedID, plantID, percentage, staffID) VALUES (333, 332, 4, 160);
INSERT INTO PlantedIn (bedID, plantID, percentage, staffID) VALUES (433, 290, 2, 2);
INSERT INTO PlantedIn (bedID, plantID, percentage, staffID) VALUES (424, 411, 4, 10);
INSERT INTO PlantedIn (bedID, plantID, percentage, staffID) VALUES (76, 2294, 3, 128);
INSERT INTO PlantedIn (bedID, plantID, percentage, staffID) VALUES (22, 3167, 2, 15);
INSERT INTO PlantedIn (bedID, plantID, percentage, staffID) VALUES (5, 2015, 4, 17);
INSERT INTO PlantedIn (bedID, plantID, percentage, staffID) VALUES (177, 3721, 3, 112);
INSERT INTO PlantedIn (bedID, plantID, percentage, staffID) VALUES (362, 3243, 2, 188);
INSERT INTO PlantedIn (bedID, plantID, percentage, staffID) VALUES (438, 2696, 4, 84);
INSERT INTO PlantedIn (bedID, plantID, percentage, staffID) VALUES (366, 1617, 3, 54);
INSERT INTO PlantedIn (bedID, plantID, percentage, staffID) VALUES (249, 1193, 3, 87);
INSERT INTO PlantedIn (bedID, plantID, percentage, staffID) VALUES (427, 189, 4, 68);
INSERT INTO PlantedIn (bedID, plantID, percentage, staffID) VALUES (411, 1544, 4, 56);
INSERT INTO PlantedIn (bedID, plantID, percentage, staffID) VALUES (436, 1373, 2, 151);
INSERT INTO PlantedIn (bedID, plantID, percentage, staffID) VALUES (151, 1104, 1, 189);
INSERT INTO PlantedIn (bedID, plantID, percentage, staffID) VALUES (59, 3258, 1, 113);
INSERT INTO PlantedIn (bedID, plantID, percentage, staffID) VALUES (256, 3711, 2, 182);
INSERT INTO PlantedIn (bedID, plantID, percentage, staffID) VALUES (216, 1563, 2, 120);
INSERT INTO PlantedIn (bedID, plantID, percentage, staffID) VALUES (215, 3539, 2, 63);
INSERT INTO PlantedIn (bedID, plantID, percentage, staffID) VALUES (149, 2241, 1, 41);
INSERT INTO PlantedIn (bedID, plantID, percentage, staffID) VALUES (443, 3631, 2, 108);
INSERT INTO PlantedIn (bedID, plantID, percentage, staffID) VALUES (107, 1755, 2, 69);
INSERT INTO PlantedIn (bedID, plantID, percentage, staffID) VALUES (141, 3418, 4, 82);
INSERT INTO PlantedIn (bedID, plantID, percentage, staffID) VALUES (400, 1102, 1, 31);
INSERT INTO PlantedIn (bedID, plantID, percentage, staffID) VALUES (205, 500, 4, 26);
INSERT INTO PlantedIn (bedID, plantID, percentage, staffID) VALUES (297, 2140, 4, 63);
INSERT INTO PlantedIn (bedID, plantID, percentage, staffID) VALUES (64, 1963, 1, 37);
INSERT INTO PlantedIn (bedID, plantID, percentage, staffID) VALUES (212, 2730, 3, 66);
INSERT INTO PlantedIn (bedID, plantID, percentage, staffID) VALUES (76, 2531, 2, 5);
INSERT INTO PlantedIn (bedID, plantID, percentage, staffID) VALUES (255, 1616, 2, 60);
INSERT INTO PlantedIn (bedID, plantID, percentage, staffID) VALUES (333, 1710, 1, 124);
INSERT INTO PlantedIn (bedID, plantID, percentage, staffID) VALUES (271, 2826, 1, 6);
INSERT INTO PlantedIn (bedID, plantID, percentage, staffID) VALUES (210, 1061, 1, 19);
INSERT INTO PlantedIn (bedID, plantID, percentage, staffID) VALUES (392, 1551, 4, 3);
INSERT INTO PlantedIn (bedID, plantID, percentage, staffID) VALUES (430, 737, 2, 6);
INSERT INTO PlantedIn (bedID, plantID, percentage, staffID) VALUES (425, 1352, 1, 6);
INSERT INTO PlantedIn (bedID, plantID, percentage, staffID) VALUES (3, 184, 3, 105);
INSERT INTO PlantedIn (bedID, plantID, percentage, staffID) VALUES (221, 3119, 1, 190);
INSERT INTO PlantedIn (bedID, plantID, percentage, staffID) VALUES (118, 2058, 4, 63);
INSERT INTO PlantedIn (bedID, plantID, percentage, staffID) VALUES (125, 1280, 3, 190);
INSERT INTO PlantedIn (bedID, plantID, percentage, staffID) VALUES (287, 74, 2, 159);
INSERT INTO PlantedIn (bedID, plantID, percentage, staffID) VALUES (199, 3054, 2, 81);
INSERT INTO PlantedIn (bedID, plantID, percentage, staffID) VALUES (464, 1640, 4, 140);
INSERT INTO PlantedIn (bedID, plantID, percentage, staffID) VALUES (367, 2751, 4, 191);
INSERT INTO PlantedIn (bedID, plantID, percentage, staffID) VALUES (360, 1728, 1, 66);
INSERT INTO PlantedIn (bedID, plantID, percentage, staffID) VALUES (121, 962, 3, 81);
INSERT INTO PlantedIn (bedID, plantID, percentage, staffID) VALUES (370, 2700, 1, 67);
INSERT INTO PlantedIn (bedID, plantID, percentage, staffID) VALUES (15, 970, 3, 154);
INSERT INTO PlantedIn (bedID, plantID, percentage, staffID) VALUES (128, 2044, 3, 15);
INSERT INTO PlantedIn (bedID, plantID, percentage, staffID) VALUES (151, 1793, 2, 4);
INSERT INTO PlantedIn (bedID, plantID, percentage, staffID) VALUES (420, 2720, 3, 36);
INSERT INTO PlantedIn (bedID, plantID, percentage, staffID) VALUES (197, 424, 1, 90);
INSERT INTO PlantedIn (bedID, plantID, percentage, staffID) VALUES (264, 2948, 4, 82);
INSERT INTO PlantedIn (bedID, plantID, percentage, staffID) VALUES (6, 3065, 4, 65);
INSERT INTO PlantedIn (bedID, plantID, percentage, staffID) VALUES (233, 2467, 3, 171);
INSERT INTO PlantedIn (bedID, plantID, percentage, staffID) VALUES (421, 2278, 1, 32);
INSERT INTO PlantedIn (bedID, plantID, percentage, staffID) VALUES (56, 871, 2, 174);
INSERT INTO PlantedIn (bedID, plantID, percentage, staffID) VALUES (326, 3354, 3, 151);
INSERT INTO PlantedIn (bedID, plantID, percentage, staffID) VALUES (271, 3523, 4, 49);
INSERT INTO PlantedIn (bedID, plantID, percentage, staffID) VALUES (209, 2168, 2, 80);
INSERT INTO PlantedIn (bedID, plantID, percentage, staffID) VALUES (168, 2715, 4, 51);
INSERT INTO PlantedIn (bedID, plantID, percentage, staffID) VALUES (162, 323, 1, 75);
INSERT INTO PlantedIn (bedID, plantID, percentage, staffID) VALUES (319, 2022, 4, 80);
INSERT INTO PlantedIn (bedID, plantID, percentage, staffID) VALUES (354, 915, 2, 47);
INSERT INTO PlantedIn (bedID, plantID, percentage, staffID) VALUES (50, 3720, 3, 3);
INSERT INTO PlantedIn (bedID, plantID, percentage, staffID) VALUES (414, 977, 4, 136);
INSERT INTO PlantedIn (bedID, plantID, percentage, staffID) VALUES (441, 3186, 2, 97);
INSERT INTO PlantedIn (bedID, plantID, percentage, staffID) VALUES (183, 3330, 3, 169);
INSERT INTO PlantedIn (bedID, plantID, percentage, staffID) VALUES (267, 279, 4, 120);
INSERT INTO PlantedIn (bedID, plantID, percentage, staffID) VALUES (74, 3676, 4, 28);
INSERT INTO PlantedIn (bedID, plantID, percentage, staffID) VALUES (225, 2016, 1, 127);
INSERT INTO PlantedIn (bedID, plantID, percentage, staffID) VALUES (359, 3269, 4, 135);
INSERT INTO PlantedIn (bedID, plantID, percentage, staffID) VALUES (383, 2603, 3, 110);
INSERT INTO PlantedIn (bedID, plantID, percentage, staffID) VALUES (439, 778, 4, 118);
INSERT INTO PlantedIn (bedID, plantID, percentage, staffID) VALUES (12, 194, 2, 48);
INSERT INTO PlantedIn (bedID, plantID, percentage, staffID) VALUES (432, 223, 2, 31);
INSERT INTO PlantedIn (bedID, plantID, percentage, staffID) VALUES (62, 2834, 2, 78);
INSERT INTO PlantedIn (bedID, plantID, percentage, staffID) VALUES (324, 1985, 1, 24);
INSERT INTO PlantedIn (bedID, plantID, percentage, staffID) VALUES (17, 2830, 4, 78);
INSERT INTO PlantedIn (bedID, plantID, percentage, staffID) VALUES (274, 152, 2, 134);
INSERT INTO PlantedIn (bedID, plantID, percentage, staffID) VALUES (338, 751, 3, 14);
INSERT INTO PlantedIn (bedID, plantID, percentage, staffID) VALUES (187, 2492, 2, 102);
INSERT INTO PlantedIn (bedID, plantID, percentage, staffID) VALUES (329, 2813, 3, 170);
INSERT INTO PlantedIn (bedID, plantID, percentage, staffID) VALUES (372, 3786, 4, 17);
INSERT INTO PlantedIn (bedID, plantID, percentage, staffID) VALUES (337, 1783, 2, 41);
INSERT INTO PlantedIn (bedID, plantID, percentage, staffID) VALUES (461, 1214, 1, 114);
INSERT INTO PlantedIn (bedID, plantID, percentage, staffID) VALUES (22, 3611, 3, 164);
INSERT INTO PlantedIn (bedID, plantID, percentage, staffID) VALUES (461, 1773, 3, 2);
INSERT INTO PlantedIn (bedID, plantID, percentage, staffID) VALUES (309, 296, 1, 67);
INSERT INTO PlantedIn (bedID, plantID, percentage, staffID) VALUES (342, 3174, 2, 96);
INSERT INTO PlantedIn (bedID, plantID, percentage, staffID) VALUES (260, 1156, 2, 5);
INSERT INTO PlantedIn (bedID, plantID, percentage, staffID) VALUES (132, 398, 4, 51);
INSERT INTO PlantedIn (bedID, plantID, percentage, staffID) VALUES (267, 1738, 3, 80);
INSERT INTO PlantedIn (bedID, plantID, percentage, staffID) VALUES (362, 3639, 4, 112);
INSERT INTO PlantedIn (bedID, plantID, percentage, staffID) VALUES (415, 1356, 4, 89);
INSERT INTO PlantedIn (bedID, plantID, percentage, staffID) VALUES (383, 1708, 2, 110);
INSERT INTO PlantedIn (bedID, plantID, percentage, staffID) VALUES (246, 3322, 1, 105);
INSERT INTO PlantedIn (bedID, plantID, percentage, staffID) VALUES (322, 3783, 1, 134);
INSERT INTO PlantedIn (bedID, plantID, percentage, staffID) VALUES (132, 2615, 3, 115);
INSERT INTO PlantedIn (bedID, plantID, percentage, staffID) VALUES (369, 3140, 2, 112);
INSERT INTO PlantedIn (bedID, plantID, percentage, staffID) VALUES (124, 3612, 1, 180);
INSERT INTO PlantedIn (bedID, plantID, percentage, staffID) VALUES (415, 1662, 4, 171);
INSERT INTO PlantedIn (bedID, plantID, percentage, staffID) VALUES (370, 1035, 3, 123);
INSERT INTO PlantedIn (bedID, plantID, percentage, staffID) VALUES (336, 522, 1, 11);
INSERT INTO PlantedIn (bedID, plantID, percentage, staffID) VALUES (471, 2172, 3, 96);
INSERT INTO PlantedIn (bedID, plantID, percentage, staffID) VALUES (256, 472, 4, 185);
INSERT INTO PlantedIn (bedID, plantID, percentage, staffID) VALUES (378, 1806, 3, 77);
INSERT INTO PlantedIn (bedID, plantID, percentage, staffID) VALUES (133, 3561, 3, 188);
INSERT INTO PlantedIn (bedID, plantID, percentage, staffID) VALUES (405, 3103, 3, 116);
INSERT INTO PlantedIn (bedID, plantID, percentage, staffID) VALUES (111, 1554, 1, 99);
INSERT INTO PlantedIn (bedID, plantID, percentage, staffID) VALUES (317, 320, 2, 123);
INSERT INTO PlantedIn (bedID, plantID, percentage, staffID) VALUES (103, 2530, 1, 124);
INSERT INTO PlantedIn (bedID, plantID, percentage, staffID) VALUES (103, 286, 4, 181);
INSERT INTO PlantedIn (bedID, plantID, percentage, staffID) VALUES (93, 3057, 4, 118);
INSERT INTO PlantedIn (bedID, plantID, percentage, staffID) VALUES (122, 3667, 3, 117);
INSERT INTO PlantedIn (bedID, plantID, percentage, staffID) VALUES (412, 1907, 3, 17);
INSERT INTO PlantedIn (bedID, plantID, percentage, staffID) VALUES (141, 2497, 3, 94);
INSERT INTO PlantedIn (bedID, plantID, percentage, staffID) VALUES (23, 3629, 3, 111);
INSERT INTO PlantedIn (bedID, plantID, percentage, staffID) VALUES (11, 560, 1, 20);
INSERT INTO PlantedIn (bedID, plantID, percentage, staffID) VALUES (379, 2719, 1, 92);
INSERT INTO PlantedIn (bedID, plantID, percentage, staffID) VALUES (368, 1306, 4, 158);
INSERT INTO PlantedIn (bedID, plantID, percentage, staffID) VALUES (140, 2088, 1, 189);
INSERT INTO PlantedIn (bedID, plantID, percentage, staffID) VALUES (16, 11, 2, 182);
INSERT INTO PlantedIn (bedID, plantID, percentage, staffID) VALUES (307, 1342, 3, 176);
INSERT INTO PlantedIn (bedID, plantID, percentage, staffID) VALUES (136, 1546, 2, 85);
INSERT INTO PlantedIn (bedID, plantID, percentage, staffID) VALUES (258, 1975, 2, 112);
INSERT INTO PlantedIn (bedID, plantID, percentage, staffID) VALUES (102, 3854, 4, 74);
INSERT INTO PlantedIn (bedID, plantID, percentage, staffID) VALUES (227, 3605, 4, 174);
INSERT INTO PlantedIn (bedID, plantID, percentage, staffID) VALUES (224, 2989, 3, 192);
INSERT INTO PlantedIn (bedID, plantID, percentage, staffID) VALUES (367, 3209, 2, 171);
INSERT INTO PlantedIn (bedID, plantID, percentage, staffID) VALUES (84, 2681, 2, 25);
INSERT INTO PlantedIn (bedID, plantID, percentage, staffID) VALUES (45, 2070, 3, 158);
INSERT INTO PlantedIn (bedID, plantID, percentage, staffID) VALUES (149, 1320, 3, 52);
INSERT INTO PlantedIn (bedID, plantID, percentage, staffID) VALUES (224, 837, 4, 23);
INSERT INTO PlantedIn (bedID, plantID, percentage, staffID) VALUES (71, 3716, 3, 149);
INSERT INTO PlantedIn (bedID, plantID, percentage, staffID) VALUES (348, 2572, 3, 27);
INSERT INTO PlantedIn (bedID, plantID, percentage, staffID) VALUES (235, 3722, 3, 191);
INSERT INTO PlantedIn (bedID, plantID, percentage, staffID) VALUES (311, 217, 3, 28);
INSERT INTO PlantedIn (bedID, plantID, percentage, staffID) VALUES (280, 3504, 3, 80);
INSERT INTO PlantedIn (bedID, plantID, percentage, staffID) VALUES (106, 1429, 3, 184);
INSERT INTO PlantedIn (bedID, plantID, percentage, staffID) VALUES (337, 578, 1, 38);
INSERT INTO PlantedIn (bedID, plantID, percentage, staffID) VALUES (174, 1152, 3, 28);
INSERT INTO PlantedIn (bedID, plantID, percentage, staffID) VALUES (123, 3331, 4, 28);
INSERT INTO PlantedIn (bedID, plantID, percentage, staffID) VALUES (250, 1021, 1, 103);
INSERT INTO PlantedIn (bedID, plantID, percentage, staffID) VALUES (108, 1698, 4, 142);
INSERT INTO PlantedIn (bedID, plantID, percentage, staffID) VALUES (235, 3213, 1, 130);
INSERT INTO PlantedIn (bedID, plantID, percentage, staffID) VALUES (349, 79, 4, 148);
INSERT INTO PlantedIn (bedID, plantID, percentage, staffID) VALUES (185, 2405, 1, 102);
INSERT INTO PlantedIn (bedID, plantID, percentage, staffID) VALUES (366, 2646, 1, 59);
INSERT INTO PlantedIn (bedID, plantID, percentage, staffID) VALUES (465, 1628, 1, 134);
INSERT INTO PlantedIn (bedID, plantID, percentage, staffID) VALUES (134, 3050, 4, 49);
INSERT INTO PlantedIn (bedID, plantID, percentage, staffID) VALUES (26, 2860, 2, 170);
INSERT INTO PlantedIn (bedID, plantID, percentage, staffID) VALUES (85, 2037, 3, 34);
INSERT INTO PlantedIn (bedID, plantID, percentage, staffID) VALUES (170, 3074, 1, 156);
INSERT INTO PlantedIn (bedID, plantID, percentage, staffID) VALUES (386, 1876, 1, 12);
INSERT INTO PlantedIn (bedID, plantID, percentage, staffID) VALUES (51, 2145, 4, 63);
INSERT INTO PlantedIn (bedID, plantID, percentage, staffID) VALUES (114, 2287, 1, 4);
INSERT INTO PlantedIn (bedID, plantID, percentage, staffID) VALUES (7, 2588, 2, 95);
INSERT INTO PlantedIn (bedID, plantID, percentage, staffID) VALUES (217, 2703, 3, 22);
INSERT INTO PlantedIn (bedID, plantID, percentage, staffID) VALUES (208, 3621, 3, 162);
INSERT INTO PlantedIn (bedID, plantID, percentage, staffID) VALUES (220, 3686, 4, 60);
INSERT INTO PlantedIn (bedID, plantID, percentage, staffID) VALUES (355, 205, 3, 188);
INSERT INTO PlantedIn (bedID, plantID, percentage, staffID) VALUES (255, 3763, 3, 158);
INSERT INTO PlantedIn (bedID, plantID, percentage, staffID) VALUES (250, 297, 4, 108);
INSERT INTO PlantedIn (bedID, plantID, percentage, staffID) VALUES (73, 316, 3, 37);
INSERT INTO PlantedIn (bedID, plantID, percentage, staffID) VALUES (9, 3758, 2, 43);
INSERT INTO PlantedIn (bedID, plantID, percentage, staffID) VALUES (438, 1939, 3, 62);
INSERT INTO PlantedIn (bedID, plantID, percentage, staffID) VALUES (263, 851, 1, 49);
INSERT INTO PlantedIn (bedID, plantID, percentage, staffID) VALUES (92, 37, 3, 151);
INSERT INTO PlantedIn (bedID, plantID, percentage, staffID) VALUES (41, 1018, 4, 100);
INSERT INTO PlantedIn (bedID, plantID, percentage, staffID) VALUES (381, 1854, 1, 89);
INSERT INTO PlantedIn (bedID, plantID, percentage, staffID) VALUES (442, 1593, 1, 140);
INSERT INTO PlantedIn (bedID, plantID, percentage, staffID) VALUES (234, 3352, 3, 138);
INSERT INTO PlantedIn (bedID, plantID, percentage, staffID) VALUES (184, 1148, 4, 90);
INSERT INTO PlantedIn (bedID, plantID, percentage, staffID) VALUES (245, 2625, 3, 8);
INSERT INTO PlantedIn (bedID, plantID, percentage, staffID) VALUES (326, 2989, 4, 89);
INSERT INTO PlantedIn (bedID, plantID, percentage, staffID) VALUES (18, 3567, 4, 108);
INSERT INTO PlantedIn (bedID, plantID, percentage, staffID) VALUES (191, 3729, 2, 176);
INSERT INTO PlantedIn (bedID, plantID, percentage, staffID) VALUES (179, 2104, 4, 86);
INSERT INTO PlantedIn (bedID, plantID, percentage, staffID) VALUES (195, 371, 2, 79);
INSERT INTO PlantedIn (bedID, plantID, percentage, staffID) VALUES (465, 1454, 2, 4);
INSERT INTO PlantedIn (bedID, plantID, percentage, staffID) VALUES (319, 1762, 1, 64);
INSERT INTO PlantedIn (bedID, plantID, percentage, staffID) VALUES (64, 1337, 4, 184);
INSERT INTO PlantedIn (bedID, plantID, percentage, staffID) VALUES (57, 1290, 1, 123);
INSERT INTO PlantedIn (bedID, plantID, percentage, staffID) VALUES (190, 1596, 4, 70);
INSERT INTO PlantedIn (bedID, plantID, percentage, staffID) VALUES (241, 2790, 2, 13);
INSERT INTO PlantedIn (bedID, plantID, percentage, staffID) VALUES (47, 304, 4, 176);
INSERT INTO PlantedIn (bedID, plantID, percentage, staffID) VALUES (245, 3332, 3, 101);
INSERT INTO PlantedIn (bedID, plantID, percentage, staffID) VALUES (93, 351, 2, 162);
INSERT INTO PlantedIn (bedID, plantID, percentage, staffID) VALUES (104, 3050, 2, 23);
INSERT INTO PlantedIn (bedID, plantID, percentage, staffID) VALUES (306, 401, 1, 159);
INSERT INTO PlantedIn (bedID, plantID, percentage, staffID) VALUES (245, 457, 1, 175);
INSERT INTO PlantedIn (bedID, plantID, percentage, staffID) VALUES (398, 3556, 4, 106);
INSERT INTO PlantedIn (bedID, plantID, percentage, staffID) VALUES (473, 1450, 3, 145);
INSERT INTO PlantedIn (bedID, plantID, percentage, staffID) VALUES (258, 2590, 1, 42);
INSERT INTO PlantedIn (bedID, plantID, percentage, staffID) VALUES (252, 2684, 3, 143);
INSERT INTO PlantedIn (bedID, plantID, percentage, staffID) VALUES (372, 1888, 1, 37);
INSERT INTO PlantedIn (bedID, plantID, percentage, staffID) VALUES (132, 1120, 4, 64);
INSERT INTO PlantedIn (bedID, plantID, percentage, staffID) VALUES (100, 3188, 1, 191);
INSERT INTO PlantedIn (bedID, plantID, percentage, staffID) VALUES (391, 2694, 2, 57);
INSERT INTO PlantedIn (bedID, plantID, percentage, staffID) VALUES (174, 1845, 4, 89);
INSERT INTO PlantedIn (bedID, plantID, percentage, staffID) VALUES (82, 500, 4, 128);
INSERT INTO PlantedIn (bedID, plantID, percentage, staffID) VALUES (46, 1054, 2, 167);
INSERT INTO PlantedIn (bedID, plantID, percentage, staffID) VALUES (173, 3033, 3, 82);
INSERT INTO PlantedIn (bedID, plantID, percentage, staffID) VALUES (289, 1285, 2, 128);
INSERT INTO PlantedIn (bedID, plantID, percentage, staffID) VALUES (370, 2369, 3, 20);
INSERT INTO PlantedIn (bedID, plantID, percentage, staffID) VALUES (402, 1582, 1, 118);
INSERT INTO PlantedIn (bedID, plantID, percentage, staffID) VALUES (4, 3619, 1, 11);
INSERT INTO PlantedIn (bedID, plantID, percentage, staffID) VALUES (99, 3356, 3, 121);
INSERT INTO PlantedIn (bedID, plantID, percentage, staffID) VALUES (309, 3822, 2, 31);
INSERT INTO PlantedIn (bedID, plantID, percentage, staffID) VALUES (152, 2985, 1, 126);
INSERT INTO PlantedIn (bedID, plantID, percentage, staffID) VALUES (183, 2753, 3, 145);
INSERT INTO PlantedIn (bedID, plantID, percentage, staffID) VALUES (40, 2658, 4, 76);
INSERT INTO PlantedIn (bedID, plantID, percentage, staffID) VALUES (71, 3596, 1, 162);
INSERT INTO PlantedIn (bedID, plantID, percentage, staffID) VALUES (410, 3256, 1, 53);
INSERT INTO PlantedIn (bedID, plantID, percentage, staffID) VALUES (337, 3288, 2, 133);
INSERT INTO PlantedIn (bedID, plantID, percentage, staffID) VALUES (398, 3076, 1, 128);
INSERT INTO PlantedIn (bedID, plantID, percentage, staffID) VALUES (269, 933, 4, 54);
INSERT INTO PlantedIn (bedID, plantID, percentage, staffID) VALUES (451, 3765, 1, 133);
INSERT INTO PlantedIn (bedID, plantID, percentage, staffID) VALUES (458, 3573, 1, 81);
INSERT INTO PlantedIn (bedID, plantID, percentage, staffID) VALUES (405, 717, 3, 56);
INSERT INTO PlantedIn (bedID, plantID, percentage, staffID) VALUES (14, 2058, 3, 163);
INSERT INTO PlantedIn (bedID, plantID, percentage, staffID) VALUES (182, 1719, 1, 21);
INSERT INTO PlantedIn (bedID, plantID, percentage, staffID) VALUES (114, 2809, 4, 79);
INSERT INTO PlantedIn (bedID, plantID, percentage, staffID) VALUES (458, 2500, 4, 156);
INSERT INTO PlantedIn (bedID, plantID, percentage, staffID) VALUES (204, 3594, 2, 9);
INSERT INTO PlantedIn (bedID, plantID, percentage, staffID) VALUES (404, 1682, 3, 105);
INSERT INTO PlantedIn (bedID, plantID, percentage, staffID) VALUES (294, 3036, 3, 88);
INSERT INTO PlantedIn (bedID, plantID, percentage, staffID) VALUES (151, 874, 3, 79);
INSERT INTO PlantedIn (bedID, plantID, percentage, staffID) VALUES (318, 1886, 4, 189);
INSERT INTO PlantedIn (bedID, plantID, percentage, staffID) VALUES (102, 1184, 1, 147);
INSERT INTO PlantedIn (bedID, plantID, percentage, staffID) VALUES (451, 1860, 3, 22);
INSERT INTO PlantedIn (bedID, plantID, percentage, staffID) VALUES (422, 243, 2, 175);
INSERT INTO PlantedIn (bedID, plantID, percentage, staffID) VALUES (470, 3470, 4, 147);
INSERT INTO PlantedIn (bedID, plantID, percentage, staffID) VALUES (158, 884, 4, 114);
INSERT INTO PlantedIn (bedID, plantID, percentage, staffID) VALUES (7, 3806, 2, 123);
INSERT INTO PlantedIn (bedID, plantID, percentage, staffID) VALUES (100, 3819, 4, 7);
INSERT INTO PlantedIn (bedID, plantID, percentage, staffID) VALUES (226, 3695, 3, 162);
INSERT INTO PlantedIn (bedID, plantID, percentage, staffID) VALUES (125, 1979, 1, 179);
INSERT INTO PlantedIn (bedID, plantID, percentage, staffID) VALUES (470, 3774, 4, 162);
INSERT INTO PlantedIn (bedID, plantID, percentage, staffID) VALUES (19, 2497, 1, 42);
INSERT INTO PlantedIn (bedID, plantID, percentage, staffID) VALUES (258, 3557, 4, 180);
INSERT INTO PlantedIn (bedID, plantID, percentage, staffID) VALUES (71, 1674, 1, 170);
INSERT INTO PlantedIn (bedID, plantID, percentage, staffID) VALUES (198, 1669, 3, 101);
INSERT INTO PlantedIn (bedID, plantID, percentage, staffID) VALUES (199, 2038, 4, 105);
INSERT INTO PlantedIn (bedID, plantID, percentage, staffID) VALUES (229, 1169, 3, 120);
INSERT INTO PlantedIn (bedID, plantID, percentage, staffID) VALUES (206, 2899, 2, 142);
INSERT INTO PlantedIn (bedID, plantID, percentage, staffID) VALUES (188, 3462, 4, 104);
INSERT INTO PlantedIn (bedID, plantID, percentage, staffID) VALUES (386, 1482, 4, 167);
INSERT INTO PlantedIn (bedID, plantID, percentage, staffID) VALUES (387, 2498, 1, 27);
INSERT INTO PlantedIn (bedID, plantID, percentage, staffID) VALUES (37, 2405, 2, 177);
INSERT INTO PlantedIn (bedID, plantID, percentage, staffID) VALUES (71, 1441, 3, 81);
INSERT INTO PlantedIn (bedID, plantID, percentage, staffID) VALUES (320, 3781, 2, 77);
INSERT INTO PlantedIn (bedID, plantID, percentage, staffID) VALUES (207, 1307, 4, 61);
INSERT INTO PlantedIn (bedID, plantID, percentage, staffID) VALUES (42, 3819, 2, 71);
INSERT INTO PlantedIn (bedID, plantID, percentage, staffID) VALUES (111, 926, 1, 136);
INSERT INTO PlantedIn (bedID, plantID, percentage, staffID) VALUES (419, 3059, 4, 58);
INSERT INTO PlantedIn (bedID, plantID, percentage, staffID) VALUES (196, 567, 3, 95);
INSERT INTO PlantedIn (bedID, plantID, percentage, staffID) VALUES (246, 3299, 1, 40);
INSERT INTO PlantedIn (bedID, plantID, percentage, staffID) VALUES (394, 2212, 2, 140);
INSERT INTO PlantedIn (bedID, plantID, percentage, staffID) VALUES (431, 3788, 4, 29);
INSERT INTO PlantedIn (bedID, plantID, percentage, staffID) VALUES (458, 1865, 4, 99);
INSERT INTO PlantedIn (bedID, plantID, percentage, staffID) VALUES (158, 3499, 3, 113);
INSERT INTO PlantedIn (bedID, plantID, percentage, staffID) VALUES (69, 829, 1, 126);
INSERT INTO PlantedIn (bedID, plantID, percentage, staffID) VALUES (146, 683, 1, 155);
INSERT INTO PlantedIn (bedID, plantID, percentage, staffID) VALUES (355, 1707, 3, 84);
INSERT INTO PlantedIn (bedID, plantID, percentage, staffID) VALUES (200, 2109, 2, 134);
INSERT INTO PlantedIn (bedID, plantID, percentage, staffID) VALUES (14, 536, 2, 50);
INSERT INTO PlantedIn (bedID, plantID, percentage, staffID) VALUES (21, 3057, 1, 189);
INSERT INTO PlantedIn (bedID, plantID, percentage, staffID) VALUES (3, 2085, 1, 45);
INSERT INTO PlantedIn (bedID, plantID, percentage, staffID) VALUES (316, 1593, 4, 10);
INSERT INTO PlantedIn (bedID, plantID, percentage, staffID) VALUES (279, 3108, 2, 24);
INSERT INTO PlantedIn (bedID, plantID, percentage, staffID) VALUES (375, 1146, 4, 94);
INSERT INTO PlantedIn (bedID, plantID, percentage, staffID) VALUES (42, 1477, 1, 5);
INSERT INTO PlantedIn (bedID, plantID, percentage, staffID) VALUES (436, 935, 2, 22);
INSERT INTO PlantedIn (bedID, plantID, percentage, staffID) VALUES (215, 2064, 1, 172);
INSERT INTO PlantedIn (bedID, plantID, percentage, staffID) VALUES (448, 3426, 3, 20);
INSERT INTO PlantedIn (bedID, plantID, percentage, staffID) VALUES (327, 827, 4, 178);
INSERT INTO PlantedIn (bedID, plantID, percentage, staffID) VALUES (349, 3353, 4, 123);
INSERT INTO PlantedIn (bedID, plantID, percentage, staffID) VALUES (246, 2546, 2, 185);
INSERT INTO PlantedIn (bedID, plantID, percentage, staffID) VALUES (452, 1394, 1, 30);
INSERT INTO PlantedIn (bedID, plantID, percentage, staffID) VALUES (352, 653, 3, 28);
INSERT INTO PlantedIn (bedID, plantID, percentage, staffID) VALUES (195, 924, 4, 5);
INSERT INTO PlantedIn (bedID, plantID, percentage, staffID) VALUES (355, 328, 2, 52);
INSERT INTO PlantedIn (bedID, plantID, percentage, staffID) VALUES (142, 483, 1, 77);
INSERT INTO PlantedIn (bedID, plantID, percentage, staffID) VALUES (470, 3780, 3, 172);
INSERT INTO PlantedIn (bedID, plantID, percentage, staffID) VALUES (302, 2881, 3, 168);
INSERT INTO PlantedIn (bedID, plantID, percentage, staffID) VALUES (50, 3746, 4, 130);
INSERT INTO PlantedIn (bedID, plantID, percentage, staffID) VALUES (66, 2973, 3, 105);
INSERT INTO PlantedIn (bedID, plantID, percentage, staffID) VALUES (4, 2064, 4, 85);
INSERT INTO PlantedIn (bedID, plantID, percentage, staffID) VALUES (188, 1546, 1, 102);
INSERT INTO PlantedIn (bedID, plantID, percentage, staffID) VALUES (230, 2911, 4, 120);
INSERT INTO PlantedIn (bedID, plantID, percentage, staffID) VALUES (416, 3710, 4, 167);
INSERT INTO PlantedIn (bedID, plantID, percentage, staffID) VALUES (444, 2553, 3, 79);
INSERT INTO PlantedIn (bedID, plantID, percentage, staffID) VALUES (192, 797, 3, 34);
INSERT INTO PlantedIn (bedID, plantID, percentage, staffID) VALUES (83, 3091, 2, 74);
INSERT INTO PlantedIn (bedID, plantID, percentage, staffID) VALUES (270, 3367, 3, 176);
INSERT INTO PlantedIn (bedID, plantID, percentage, staffID) VALUES (192, 1061, 4, 73);
INSERT INTO PlantedIn (bedID, plantID, percentage, staffID) VALUES (319, 3314, 1, 194);
INSERT INTO PlantedIn (bedID, plantID, percentage, staffID) VALUES (289, 2055, 2, 193);
INSERT INTO PlantedIn (bedID, plantID, percentage, staffID) VALUES (233, 2938, 2, 74);
INSERT INTO PlantedIn (bedID, plantID, percentage, staffID) VALUES (199, 2867, 4, 1);
INSERT INTO PlantedIn (bedID, plantID, percentage, staffID) VALUES (449, 652, 1, 69);
INSERT INTO PlantedIn (bedID, plantID, percentage, staffID) VALUES (458, 2694, 3, 90);
INSERT INTO PlantedIn (bedID, plantID, percentage, staffID) VALUES (269, 1151, 4, 24);
INSERT INTO PlantedIn (bedID, plantID, percentage, staffID) VALUES (271, 1821, 1, 159);
INSERT INTO PlantedIn (bedID, plantID, percentage, staffID) VALUES (156, 2789, 4, 83);
INSERT INTO PlantedIn (bedID, plantID, percentage, staffID) VALUES (120, 1339, 3, 88);
INSERT INTO PlantedIn (bedID, plantID, percentage, staffID) VALUES (51, 3040, 3, 36);
INSERT INTO PlantedIn (bedID, plantID, percentage, staffID) VALUES (250, 683, 2, 73);
INSERT INTO PlantedIn (bedID, plantID, percentage, staffID) VALUES (164, 2670, 2, 123);
INSERT INTO PlantedIn (bedID, plantID, percentage, staffID) VALUES (184, 137, 4, 174);
INSERT INTO PlantedIn (bedID, plantID, percentage, staffID) VALUES (158, 3723, 4, 190);
INSERT INTO PlantedIn (bedID, plantID, percentage, staffID) VALUES (206, 2718, 4, 31);
INSERT INTO PlantedIn (bedID, plantID, percentage, staffID) VALUES (201, 2151, 3, 144);
INSERT INTO PlantedIn (bedID, plantID, percentage, staffID) VALUES (428, 501, 1, 87);
INSERT INTO PlantedIn (bedID, plantID, percentage, staffID) VALUES (434, 2304, 2, 110);
INSERT INTO PlantedIn (bedID, plantID, percentage, staffID) VALUES (366, 3438, 1, 188);
INSERT INTO PlantedIn (bedID, plantID, percentage, staffID) VALUES (275, 2006, 4, 88);
INSERT INTO PlantedIn (bedID, plantID, percentage, staffID) VALUES (263, 1083, 4, 189);
INSERT INTO PlantedIn (bedID, plantID, percentage, staffID) VALUES (116, 3292, 3, 162);
INSERT INTO PlantedIn (bedID, plantID, percentage, staffID) VALUES (263, 3648, 4, 90);
INSERT INTO PlantedIn (bedID, plantID, percentage, staffID) VALUES (237, 552, 2, 135);
INSERT INTO PlantedIn (bedID, plantID, percentage, staffID) VALUES (129, 309, 1, 85);
INSERT INTO PlantedIn (bedID, plantID, percentage, staffID) VALUES (320, 3665, 2, 129);
INSERT INTO PlantedIn (bedID, plantID, percentage, staffID) VALUES (397, 2134, 2, 116);
INSERT INTO PlantedIn (bedID, plantID, percentage, staffID) VALUES (34, 3850, 3, 79);
INSERT INTO PlantedIn (bedID, plantID, percentage, staffID) VALUES (131, 1190, 3, 105);
INSERT INTO PlantedIn (bedID, plantID, percentage, staffID) VALUES (76, 1177, 3, 41);
INSERT INTO PlantedIn (bedID, plantID, percentage, staffID) VALUES (118, 2467, 3, 142);
INSERT INTO PlantedIn (bedID, plantID, percentage, staffID) VALUES (370, 1357, 1, 31);
INSERT INTO PlantedIn (bedID, plantID, percentage, staffID) VALUES (204, 2177, 1, 50);
INSERT INTO PlantedIn (bedID, plantID, percentage, staffID) VALUES (242, 3375, 2, 114);
INSERT INTO PlantedIn (bedID, plantID, percentage, staffID) VALUES (201, 465, 2, 157);
INSERT INTO PlantedIn (bedID, plantID, percentage, staffID) VALUES (55, 585, 2, 25);
INSERT INTO PlantedIn (bedID, plantID, percentage, staffID) VALUES (218, 2446, 3, 187);
INSERT INTO PlantedIn (bedID, plantID, percentage, staffID) VALUES (444, 424, 1, 68);
INSERT INTO PlantedIn (bedID, plantID, percentage, staffID) VALUES (354, 102, 3, 191);
INSERT INTO PlantedIn (bedID, plantID, percentage, staffID) VALUES (179, 328, 4, 119);
INSERT INTO PlantedIn (bedID, plantID, percentage, staffID) VALUES (307, 3180, 1, 187);
INSERT INTO PlantedIn (bedID, plantID, percentage, staffID) VALUES (330, 1811, 1, 104);
INSERT INTO PlantedIn (bedID, plantID, percentage, staffID) VALUES (279, 1062, 3, 126);
INSERT INTO PlantedIn (bedID, plantID, percentage, staffID) VALUES (202, 2849, 4, 20);
INSERT INTO PlantedIn (bedID, plantID, percentage, staffID) VALUES (175, 37, 2, 103);
INSERT INTO PlantedIn (bedID, plantID, percentage, staffID) VALUES (57, 3231, 4, 101);
INSERT INTO PlantedIn (bedID, plantID, percentage, staffID) VALUES (408, 1648, 1, 81);
INSERT INTO PlantedIn (bedID, plantID, percentage, staffID) VALUES (242, 3778, 1, 10);
INSERT INTO PlantedIn (bedID, plantID, percentage, staffID) VALUES (379, 3716, 2, 65);
INSERT INTO PlantedIn (bedID, plantID, percentage, staffID) VALUES (204, 3196, 1, 126);
INSERT INTO PlantedIn (bedID, plantID, percentage, staffID) VALUES (48, 899, 3, 148);
INSERT INTO PlantedIn (bedID, plantID, percentage, staffID) VALUES (459, 3172, 2, 85);
INSERT INTO PlantedIn (bedID, plantID, percentage, staffID) VALUES (66, 3155, 3, 126);
INSERT INTO PlantedIn (bedID, plantID, percentage, staffID) VALUES (101, 3297, 1, 16);
INSERT INTO PlantedIn (bedID, plantID, percentage, staffID) VALUES (263, 1873, 2, 60);
INSERT INTO PlantedIn (bedID, plantID, percentage, staffID) VALUES (48, 1198, 2, 99);
INSERT INTO PlantedIn (bedID, plantID, percentage, staffID) VALUES (16, 37, 4, 62);
INSERT INTO PlantedIn (bedID, plantID, percentage, staffID) VALUES (200, 2480, 2, 140);
INSERT INTO PlantedIn (bedID, plantID, percentage, staffID) VALUES (137, 2447, 2, 19);
INSERT INTO PlantedIn (bedID, plantID, percentage, staffID) VALUES (263, 264, 2, 174);
INSERT INTO PlantedIn (bedID, plantID, percentage, staffID) VALUES (144, 3243, 4, 65);
INSERT INTO PlantedIn (bedID, plantID, percentage, staffID) VALUES (154, 2350, 2, 49);
INSERT INTO PlantedIn (bedID, plantID, percentage, staffID) VALUES (346, 230, 1, 165);
INSERT INTO PlantedIn (bedID, plantID, percentage, staffID) VALUES (332, 1887, 4, 100);
INSERT INTO PlantedIn (bedID, plantID, percentage, staffID) VALUES (58, 2231, 3, 85);
INSERT INTO PlantedIn (bedID, plantID, percentage, staffID) VALUES (132, 1574, 4, 48);
INSERT INTO PlantedIn (bedID, plantID, percentage, staffID) VALUES (225, 314, 4, 59);
INSERT INTO PlantedIn (bedID, plantID, percentage, staffID) VALUES (436, 2341, 1, 130);
INSERT INTO PlantedIn (bedID, plantID, percentage, staffID) VALUES (102, 3382, 1, 137);
INSERT INTO PlantedIn (bedID, plantID, percentage, staffID) VALUES (282, 1643, 2, 17);
INSERT INTO PlantedIn (bedID, plantID, percentage, staffID) VALUES (230, 3427, 1, 98);
INSERT INTO PlantedIn (bedID, plantID, percentage, staffID) VALUES (178, 3734, 2, 36);
INSERT INTO PlantedIn (bedID, plantID, percentage, staffID) VALUES (257, 2275, 4, 14);
INSERT INTO PlantedIn (bedID, plantID, percentage, staffID) VALUES (471, 1149, 2, 134);
INSERT INTO PlantedIn (bedID, plantID, percentage, staffID) VALUES (180, 3653, 2, 51);
INSERT INTO PlantedIn (bedID, plantID, percentage, staffID) VALUES (261, 3427, 4, 111);
INSERT INTO PlantedIn (bedID, plantID, percentage, staffID) VALUES (361, 814, 2, 183);
INSERT INTO PlantedIn (bedID, plantID, percentage, staffID) VALUES (301, 3778, 1, 140);
INSERT INTO PlantedIn (bedID, plantID, percentage, staffID) VALUES (409, 621, 1, 63);
INSERT INTO PlantedIn (bedID, plantID, percentage, staffID) VALUES (60, 1847, 3, 150);
INSERT INTO PlantedIn (bedID, plantID, percentage, staffID) VALUES (32, 3095, 1, 101);
INSERT INTO PlantedIn (bedID, plantID, percentage, staffID) VALUES (47, 571, 2, 109);
INSERT INTO PlantedIn (bedID, plantID, percentage, staffID) VALUES (44, 3026, 3, 159);
INSERT INTO PlantedIn (bedID, plantID, percentage, staffID) VALUES (317, 1228, 2, 84);
INSERT INTO PlantedIn (bedID, plantID, percentage, staffID) VALUES (250, 1170, 1, 161);
INSERT INTO PlantedIn (bedID, plantID, percentage, staffID) VALUES (133, 1821, 1, 58);
INSERT INTO PlantedIn (bedID, plantID, percentage, staffID) VALUES (299, 2270, 4, 79);
INSERT INTO PlantedIn (bedID, plantID, percentage, staffID) VALUES (31, 455, 1, 88);
INSERT INTO PlantedIn (bedID, plantID, percentage, staffID) VALUES (435, 3553, 1, 40);
INSERT INTO PlantedIn (bedID, plantID, percentage, staffID) VALUES (32, 2806, 1, 101);
INSERT INTO PlantedIn (bedID, plantID, percentage, staffID) VALUES (241, 1035, 1, 164);
INSERT INTO PlantedIn (bedID, plantID, percentage, staffID) VALUES (277, 811, 1, 125);
INSERT INTO PlantedIn (bedID, plantID, percentage, staffID) VALUES (243, 1535, 4, 57);
INSERT INTO PlantedIn (bedID, plantID, percentage, staffID) VALUES (411, 2162, 2, 192);
INSERT INTO PlantedIn (bedID, plantID, percentage, staffID) VALUES (70, 1235, 1, 53);
INSERT INTO PlantedIn (bedID, plantID, percentage, staffID) VALUES (207, 2648, 2, 70);
INSERT INTO PlantedIn (bedID, plantID, percentage, staffID) VALUES (286, 2070, 3, 76);
INSERT INTO PlantedIn (bedID, plantID, percentage, staffID) VALUES (124, 3339, 4, 170);
INSERT INTO PlantedIn (bedID, plantID, percentage, staffID) VALUES (63, 2445, 3, 194);
INSERT INTO PlantedIn (bedID, plantID, percentage, staffID) VALUES (399, 2154, 2, 170);
INSERT INTO PlantedIn (bedID, plantID, percentage, staffID) VALUES (452, 410, 4, 30);
INSERT INTO PlantedIn (bedID, plantID, percentage, staffID) VALUES (315, 322, 4, 66);
INSERT INTO PlantedIn (bedID, plantID, percentage, staffID) VALUES (191, 2240, 4, 5);
INSERT INTO PlantedIn (bedID, plantID, percentage, staffID) VALUES (126, 1412, 4, 40);
INSERT INTO PlantedIn (bedID, plantID, percentage, staffID) VALUES (426, 2188, 1, 111);
INSERT INTO PlantedIn (bedID, plantID, percentage, staffID) VALUES (204, 1431, 3, 191);
INSERT INTO PlantedIn (bedID, plantID, percentage, staffID) VALUES (2, 3404, 4, 57);
INSERT INTO PlantedIn (bedID, plantID, percentage, staffID) VALUES (208, 412, 2, 41);
INSERT INTO PlantedIn (bedID, plantID, percentage, staffID) VALUES (101, 1338, 4, 44);
INSERT INTO PlantedIn (bedID, plantID, percentage, staffID) VALUES (204, 2074, 4, 141);
INSERT INTO PlantedIn (bedID, plantID, percentage, staffID) VALUES (55, 2753, 2, 138);
INSERT INTO PlantedIn (bedID, plantID, percentage, staffID) VALUES (37, 3350, 4, 51);
INSERT INTO PlantedIn (bedID, plantID, percentage, staffID) VALUES (205, 3053, 4, 29);
INSERT INTO PlantedIn (bedID, plantID, percentage, staffID) VALUES (76, 279, 1, 87);
INSERT INTO PlantedIn (bedID, plantID, percentage, staffID) VALUES (451, 2706, 2, 2);
INSERT INTO PlantedIn (bedID, plantID, percentage, staffID) VALUES (382, 801, 1, 160);
INSERT INTO PlantedIn (bedID, plantID, percentage, staffID) VALUES (262, 3855, 4, 183);
INSERT INTO PlantedIn (bedID, plantID, percentage, staffID) VALUES (253, 2266, 3, 167);
INSERT INTO PlantedIn (bedID, plantID, percentage, staffID) VALUES (142, 1882, 2, 7);
INSERT INTO PlantedIn (bedID, plantID, percentage, staffID) VALUES (168, 1084, 4, 73);
INSERT INTO PlantedIn (bedID, plantID, percentage, staffID) VALUES (34, 1908, 1, 133);
INSERT INTO PlantedIn (bedID, plantID, percentage, staffID) VALUES (268, 274, 3, 81);
INSERT INTO PlantedIn (bedID, plantID, percentage, staffID) VALUES (365, 1549, 3, 186);
INSERT INTO PlantedIn (bedID, plantID, percentage, staffID) VALUES (288, 2673, 1, 122);
INSERT INTO PlantedIn (bedID, plantID, percentage, staffID) VALUES (326, 1908, 1, 30);
INSERT INTO PlantedIn (bedID, plantID, percentage, staffID) VALUES (38, 3707, 2, 178);
INSERT INTO PlantedIn (bedID, plantID, percentage, staffID) VALUES (211, 3490, 4, 154);
INSERT INTO PlantedIn (bedID, plantID, percentage, staffID) VALUES (87, 415, 2, 120);
INSERT INTO PlantedIn (bedID, plantID, percentage, staffID) VALUES (285, 900, 1, 99);
INSERT INTO PlantedIn (bedID, plantID, percentage, staffID) VALUES (144, 3389, 1, 140);
INSERT INTO PlantedIn (bedID, plantID, percentage, staffID) VALUES (91, 758, 1, 168);
INSERT INTO PlantedIn (bedID, plantID, percentage, staffID) VALUES (451, 1524, 1, 32);
INSERT INTO PlantedIn (bedID, plantID, percentage, staffID) VALUES (464, 1578, 1, 135);
INSERT INTO PlantedIn (bedID, plantID, percentage, staffID) VALUES (422, 3200, 4, 106);
INSERT INTO PlantedIn (bedID, plantID, percentage, staffID) VALUES (243, 2281, 1, 10);
INSERT INTO PlantedIn (bedID, plantID, percentage, staffID) VALUES (115, 3599, 2, 80);
INSERT INTO PlantedIn (bedID, plantID, percentage, staffID) VALUES (463, 1408, 1, 48);
INSERT INTO PlantedIn (bedID, plantID, percentage, staffID) VALUES (265, 212, 3, 65);
INSERT INTO PlantedIn (bedID, plantID, percentage, staffID) VALUES (121, 3529, 1, 123);
INSERT INTO PlantedIn (bedID, plantID, percentage, staffID) VALUES (146, 2915, 2, 55);
INSERT INTO PlantedIn (bedID, plantID, percentage, staffID) VALUES (77, 3595, 1, 102);
INSERT INTO PlantedIn (bedID, plantID, percentage, staffID) VALUES (359, 53, 2, 168);
INSERT INTO PlantedIn (bedID, plantID, percentage, staffID) VALUES (286, 3356, 4, 77);
INSERT INTO PlantedIn (bedID, plantID, percentage, staffID) VALUES (379, 2963, 4, 69);
INSERT INTO PlantedIn (bedID, plantID, percentage, staffID) VALUES (62, 2202, 3, 193);
INSERT INTO PlantedIn (bedID, plantID, percentage, staffID) VALUES (296, 1017, 4, 66);
INSERT INTO PlantedIn (bedID, plantID, percentage, staffID) VALUES (84, 3553, 2, 18);
INSERT INTO PlantedIn (bedID, plantID, percentage, staffID) VALUES (319, 1374, 4, 157);
INSERT INTO PlantedIn (bedID, plantID, percentage, staffID) VALUES (135, 1034, 1, 182);
INSERT INTO PlantedIn (bedID, plantID, percentage, staffID) VALUES (133, 2753, 4, 64);
INSERT INTO PlantedIn (bedID, plantID, percentage, staffID) VALUES (275, 2664, 2, 150);
INSERT INTO PlantedIn (bedID, plantID, percentage, staffID) VALUES (216, 260, 3, 32);
INSERT INTO PlantedIn (bedID, plantID, percentage, staffID) VALUES (302, 395, 2, 57);
INSERT INTO PlantedIn (bedID, plantID, percentage, staffID) VALUES (173, 2308, 3, 29);
INSERT INTO PlantedIn (bedID, plantID, percentage, staffID) VALUES (245, 874, 1, 5);
INSERT INTO PlantedIn (bedID, plantID, percentage, staffID) VALUES (275, 3067, 4, 6);
INSERT INTO PlantedIn (bedID, plantID, percentage, staffID) VALUES (29, 3535, 2, 186);
INSERT INTO PlantedIn (bedID, plantID, percentage, staffID) VALUES (297, 861, 1, 47);
INSERT INTO PlantedIn (bedID, plantID, percentage, staffID) VALUES (432, 3700, 2, 120);
INSERT INTO PlantedIn (bedID, plantID, percentage, staffID) VALUES (400, 895, 1, 188);
INSERT INTO PlantedIn (bedID, plantID, percentage, staffID) VALUES (392, 236, 2, 154);
INSERT INTO PlantedIn (bedID, plantID, percentage, staffID) VALUES (136, 2998, 4, 109);
INSERT INTO PlantedIn (bedID, plantID, percentage, staffID) VALUES (270, 2159, 3, 150);
INSERT INTO PlantedIn (bedID, plantID, percentage, staffID) VALUES (411, 768, 4, 63);
INSERT INTO PlantedIn (bedID, plantID, percentage, staffID) VALUES (74, 3451, 1, 30);
INSERT INTO PlantedIn (bedID, plantID, percentage, staffID) VALUES (301, 386, 2, 172);
INSERT INTO PlantedIn (bedID, plantID, percentage, staffID) VALUES (157, 2945, 1, 142);
INSERT INTO PlantedIn (bedID, plantID, percentage, staffID) VALUES (390, 1714, 1, 103);
INSERT INTO PlantedIn (bedID, plantID, percentage, staffID) VALUES (282, 2755, 1, 86);
INSERT INTO PlantedIn (bedID, plantID, percentage, staffID) VALUES (169, 1507, 1, 35);
INSERT INTO PlantedIn (bedID, plantID, percentage, staffID) VALUES (279, 1832, 3, 1);
INSERT INTO PlantedIn (bedID, plantID, percentage, staffID) VALUES (174, 576, 1, 189);
INSERT INTO PlantedIn (bedID, plantID, percentage, staffID) VALUES (118, 2953, 3, 99);
INSERT INTO PlantedIn (bedID, plantID, percentage, staffID) VALUES (249, 681, 2, 151);
INSERT INTO PlantedIn (bedID, plantID, percentage, staffID) VALUES (293, 941, 4, 94);
INSERT INTO PlantedIn (bedID, plantID, percentage, staffID) VALUES (133, 1686, 4, 128);
INSERT INTO PlantedIn (bedID, plantID, percentage, staffID) VALUES (71, 172, 3, 193);
INSERT INTO PlantedIn (bedID, plantID, percentage, staffID) VALUES (206, 435, 1, 149);
INSERT INTO PlantedIn (bedID, plantID, percentage, staffID) VALUES (278, 2835, 4, 157);
INSERT INTO PlantedIn (bedID, plantID, percentage, staffID) VALUES (215, 1701, 4, 146);
INSERT INTO PlantedIn (bedID, plantID, percentage, staffID) VALUES (292, 1742, 1, 67);
INSERT INTO PlantedIn (bedID, plantID, percentage, staffID) VALUES (329, 3040, 4, 16);
INSERT INTO PlantedIn (bedID, plantID, percentage, staffID) VALUES (106, 2707, 2, 174);
INSERT INTO PlantedIn (bedID, plantID, percentage, staffID) VALUES (353, 3074, 1, 180);
INSERT INTO PlantedIn (bedID, plantID, percentage, staffID) VALUES (430, 2352, 2, 42);
INSERT INTO PlantedIn (bedID, plantID, percentage, staffID) VALUES (162, 3741, 1, 92);
INSERT INTO PlantedIn (bedID, plantID, percentage, staffID) VALUES (312, 1557, 1, 73);
INSERT INTO PlantedIn (bedID, plantID, percentage, staffID) VALUES (399, 255, 2, 19);
INSERT INTO PlantedIn (bedID, plantID, percentage, staffID) VALUES (245, 1623, 1, 142);
INSERT INTO PlantedIn (bedID, plantID, percentage, staffID) VALUES (98, 2968, 2, 38);
INSERT INTO PlantedIn (bedID, plantID, percentage, staffID) VALUES (222, 135, 1, 164);
INSERT INTO PlantedIn (bedID, plantID, percentage, staffID) VALUES (281, 897, 3, 129);
INSERT INTO PlantedIn (bedID, plantID, percentage, staffID) VALUES (322, 3295, 1, 45);
INSERT INTO PlantedIn (bedID, plantID, percentage, staffID) VALUES (99, 1275, 2, 189);
INSERT INTO PlantedIn (bedID, plantID, percentage, staffID) VALUES (200, 1481, 4, 162);
INSERT INTO PlantedIn (bedID, plantID, percentage, staffID) VALUES (37, 3863, 4, 10);
INSERT INTO PlantedIn (bedID, plantID, percentage, staffID) VALUES (87, 1843, 1, 64);
INSERT INTO PlantedIn (bedID, plantID, percentage, staffID) VALUES (372, 942, 1, 104);
INSERT INTO PlantedIn (bedID, plantID, percentage, staffID) VALUES (413, 265, 3, 143);
INSERT INTO PlantedIn (bedID, plantID, percentage, staffID) VALUES (136, 3012, 3, 191);
INSERT INTO PlantedIn (bedID, plantID, percentage, staffID) VALUES (333, 793, 1, 8);
INSERT INTO PlantedIn (bedID, plantID, percentage, staffID) VALUES (471, 3396, 4, 34);
INSERT INTO PlantedIn (bedID, plantID, percentage, staffID) VALUES (438, 31, 2, 37);
INSERT INTO PlantedIn (bedID, plantID, percentage, staffID) VALUES (152, 1530, 4, 139);
INSERT INTO PlantedIn (bedID, plantID, percentage, staffID) VALUES (211, 2460, 1, 156);
INSERT INTO PlantedIn (bedID, plantID, percentage, staffID) VALUES (417, 1041, 4, 51);
INSERT INTO PlantedIn (bedID, plantID, percentage, staffID) VALUES (160, 3658, 3, 98);
INSERT INTO PlantedIn (bedID, plantID, percentage, staffID) VALUES (344, 1581, 2, 49);
INSERT INTO PlantedIn (bedID, plantID, percentage, staffID) VALUES (291, 1073, 3, 106);
INSERT INTO PlantedIn (bedID, plantID, percentage, staffID) VALUES (74, 2625, 1, 123);
INSERT INTO PlantedIn (bedID, plantID, percentage, staffID) VALUES (325, 3013, 1, 99);
INSERT INTO PlantedIn (bedID, plantID, percentage, staffID) VALUES (83, 636, 3, 174);
INSERT INTO PlantedIn (bedID, plantID, percentage, staffID) VALUES (379, 2372, 3, 174);
INSERT INTO PlantedIn (bedID, plantID, percentage, staffID) VALUES (418, 383, 1, 89);
INSERT INTO PlantedIn (bedID, plantID, percentage, staffID) VALUES (22, 3518, 4, 173);
INSERT INTO PlantedIn (bedID, plantID, percentage, staffID) VALUES (151, 327, 4, 41);
INSERT INTO PlantedIn (bedID, plantID, percentage, staffID) VALUES (172, 2768, 3, 111);
INSERT INTO PlantedIn (bedID, plantID, percentage, staffID) VALUES (187, 556, 1, 123);
INSERT INTO PlantedIn (bedID, plantID, percentage, staffID) VALUES (437, 325, 1, 19);
INSERT INTO PlantedIn (bedID, plantID, percentage, staffID) VALUES (263, 2193, 2, 149);
INSERT INTO PlantedIn (bedID, plantID, percentage, staffID) VALUES (316, 632, 3, 135);
INSERT INTO PlantedIn (bedID, plantID, percentage, staffID) VALUES (35, 1945, 2, 99);
INSERT INTO PlantedIn (bedID, plantID, percentage, staffID) VALUES (278, 2639, 4, 67);
INSERT INTO PlantedIn (bedID, plantID, percentage, staffID) VALUES (189, 3351, 4, 96);
INSERT INTO PlantedIn (bedID, plantID, percentage, staffID) VALUES (5, 258, 4, 179);
INSERT INTO PlantedIn (bedID, plantID, percentage, staffID) VALUES (72, 3732, 2, 7);
INSERT INTO PlantedIn (bedID, plantID, percentage, staffID) VALUES (430, 2897, 2, 92);
INSERT INTO PlantedIn (bedID, plantID, percentage, staffID) VALUES (150, 691, 4, 184);
INSERT INTO PlantedIn (bedID, plantID, percentage, staffID) VALUES (162, 2166, 2, 142);
INSERT INTO PlantedIn (bedID, plantID, percentage, staffID) VALUES (30, 685, 3, 165);
INSERT INTO PlantedIn (bedID, plantID, percentage, staffID) VALUES (407, 514, 2, 123);
INSERT INTO PlantedIn (bedID, plantID, percentage, staffID) VALUES (473, 259, 1, 11);
INSERT INTO PlantedIn (bedID, plantID, percentage, staffID) VALUES (64, 3587, 2, 193);
INSERT INTO PlantedIn (bedID, plantID, percentage, staffID) VALUES (423, 3771, 4, 140);
INSERT INTO PlantedIn (bedID, plantID, percentage, staffID) VALUES (343, 509, 1, 54);
INSERT INTO PlantedIn (bedID, plantID, percentage, staffID) VALUES (147, 639, 3, 6);
INSERT INTO PlantedIn (bedID, plantID, percentage, staffID) VALUES (344, 2780, 4, 14);
INSERT INTO PlantedIn (bedID, plantID, percentage, staffID) VALUES (424, 3382, 4, 90);
INSERT INTO PlantedIn (bedID, plantID, percentage, staffID) VALUES (4, 152, 1, 3);
INSERT INTO PlantedIn (bedID, plantID, percentage, staffID) VALUES (51, 258, 1, 4);
INSERT INTO PlantedIn (bedID, plantID, percentage, staffID) VALUES (471, 3716, 4, 107);
INSERT INTO PlantedIn (bedID, plantID, percentage, staffID) VALUES (444, 798, 3, 141);
INSERT INTO PlantedIn (bedID, plantID, percentage, staffID) VALUES (160, 3680, 3, 144);
INSERT INTO PlantedIn (bedID, plantID, percentage, staffID) VALUES (56, 2816, 4, 62);
INSERT INTO PlantedIn (bedID, plantID, percentage, staffID) VALUES (212, 1421, 2, 129);
INSERT INTO PlantedIn (bedID, plantID, percentage, staffID) VALUES (115, 274, 2, 21);
INSERT INTO PlantedIn (bedID, plantID, percentage, staffID) VALUES (52, 443, 1, 53);
INSERT INTO PlantedIn (bedID, plantID, percentage, staffID) VALUES (86, 1064, 1, 93);
INSERT INTO PlantedIn (bedID, plantID, percentage, staffID) VALUES (112, 3782, 1, 13);
INSERT INTO PlantedIn (bedID, plantID, percentage, staffID) VALUES (88, 2904, 3, 171);
INSERT INTO PlantedIn (bedID, plantID, percentage, staffID) VALUES (333, 2083, 4, 35);
INSERT INTO PlantedIn (bedID, plantID, percentage, staffID) VALUES (127, 1819, 3, 136);
INSERT INTO PlantedIn (bedID, plantID, percentage, staffID) VALUES (397, 1140, 1, 13);
INSERT INTO PlantedIn (bedID, plantID, percentage, staffID) VALUES (173, 615, 2, 68);
INSERT INTO PlantedIn (bedID, plantID, percentage, staffID) VALUES (130, 2275, 2, 142);
INSERT INTO PlantedIn (bedID, plantID, percentage, staffID) VALUES (409, 567, 1, 129);
INSERT INTO PlantedIn (bedID, plantID, percentage, staffID) VALUES (60, 2679, 2, 56);
INSERT INTO PlantedIn (bedID, plantID, percentage, staffID) VALUES (211, 420, 1, 170);
INSERT INTO PlantedIn (bedID, plantID, percentage, staffID) VALUES (224, 2442, 2, 129);
INSERT INTO PlantedIn (bedID, plantID, percentage, staffID) VALUES (439, 2662, 2, 80);
INSERT INTO PlantedIn (bedID, plantID, percentage, staffID) VALUES (401, 2793, 1, 157);
INSERT INTO PlantedIn (bedID, plantID, percentage, staffID) VALUES (148, 1774, 1, 118);
INSERT INTO PlantedIn (bedID, plantID, percentage, staffID) VALUES (287, 795, 3, 57);
INSERT INTO PlantedIn (bedID, plantID, percentage, staffID) VALUES (426, 2118, 2, 9);
INSERT INTO PlantedIn (bedID, plantID, percentage, staffID) VALUES (311, 3370, 2, 101);
INSERT INTO PlantedIn (bedID, plantID, percentage, staffID) VALUES (414, 1775, 2, 45);
INSERT INTO PlantedIn (bedID, plantID, percentage, staffID) VALUES (43, 3281, 1, 135);
INSERT INTO PlantedIn (bedID, plantID, percentage, staffID) VALUES (255, 194, 2, 64);
INSERT INTO PlantedIn (bedID, plantID, percentage, staffID) VALUES (366, 296, 1, 104);
INSERT INTO PlantedIn (bedID, plantID, percentage, staffID) VALUES (254, 315, 1, 53);
INSERT INTO PlantedIn (bedID, plantID, percentage, staffID) VALUES (136, 2059, 1, 178);
INSERT INTO PlantedIn (bedID, plantID, percentage, staffID) VALUES (39, 3519, 3, 108);
INSERT INTO PlantedIn (bedID, plantID, percentage, staffID) VALUES (371, 76, 3, 9);
INSERT INTO PlantedIn (bedID, plantID, percentage, staffID) VALUES (227, 1006, 3, 1);
INSERT INTO PlantedIn (bedID, plantID, percentage, staffID) VALUES (52, 2560, 3, 120);
INSERT INTO PlantedIn (bedID, plantID, percentage, staffID) VALUES (337, 3460, 2, 7);
INSERT INTO PlantedIn (bedID, plantID, percentage, staffID) VALUES (460, 2075, 3, 116);
INSERT INTO PlantedIn (bedID, plantID, percentage, staffID) VALUES (293, 3195, 4, 133);
INSERT INTO PlantedIn (bedID, plantID, percentage, staffID) VALUES (170, 2002, 2, 19);
INSERT INTO PlantedIn (bedID, plantID, percentage, staffID) VALUES (203, 2395, 1, 37);
INSERT INTO PlantedIn (bedID, plantID, percentage, staffID) VALUES (303, 843, 1, 177);
INSERT INTO PlantedIn (bedID, plantID, percentage, staffID) VALUES (227, 3367, 3, 141);
INSERT INTO PlantedIn (bedID, plantID, percentage, staffID) VALUES (253, 1055, 1, 48);
INSERT INTO PlantedIn (bedID, plantID, percentage, staffID) VALUES (80, 1022, 1, 150);
INSERT INTO PlantedIn (bedID, plantID, percentage, staffID) VALUES (379, 1157, 2, 132);
INSERT INTO PlantedIn (bedID, plantID, percentage, staffID) VALUES (60, 1134, 2, 67);
INSERT INTO PlantedIn (bedID, plantID, percentage, staffID) VALUES (384, 1603, 1, 189);
INSERT INTO PlantedIn (bedID, plantID, percentage, staffID) VALUES (17, 390, 3, 92);
INSERT INTO PlantedIn (bedID, plantID, percentage, staffID) VALUES (151, 1224, 4, 162);
INSERT INTO PlantedIn (bedID, plantID, percentage, staffID) VALUES (89, 1845, 3, 79);
INSERT INTO PlantedIn (bedID, plantID, percentage, staffID) VALUES (418, 2696, 3, 12);
INSERT INTO PlantedIn (bedID, plantID, percentage, staffID) VALUES (472, 2720, 1, 21);
INSERT INTO PlantedIn (bedID, plantID, percentage, staffID) VALUES (472, 1647, 4, 124);
INSERT INTO PlantedIn (bedID, plantID, percentage, staffID) VALUES (398, 2053, 4, 10);
INSERT INTO PlantedIn (bedID, plantID, percentage, staffID) VALUES (299, 1920, 4, 112);
INSERT INTO PlantedIn (bedID, plantID, percentage, staffID) VALUES (385, 1309, 1, 153);
INSERT INTO PlantedIn (bedID, plantID, percentage, staffID) VALUES (386, 509, 3, 148);
INSERT INTO PlantedIn (bedID, plantID, percentage, staffID) VALUES (355, 2661, 3, 99);
INSERT INTO PlantedIn (bedID, plantID, percentage, staffID) VALUES (183, 2093, 2, 64);
INSERT INTO PlantedIn (bedID, plantID, percentage, staffID) VALUES (116, 1606, 1, 103);
INSERT INTO PlantedIn (bedID, plantID, percentage, staffID) VALUES (398, 430, 3, 11);
INSERT INTO PlantedIn (bedID, plantID, percentage, staffID) VALUES (304, 373, 2, 114);
INSERT INTO PlantedIn (bedID, plantID, percentage, staffID) VALUES (281, 406, 2, 46);
INSERT INTO PlantedIn (bedID, plantID, percentage, staffID) VALUES (210, 3759, 2, 83);
INSERT INTO PlantedIn (bedID, plantID, percentage, staffID) VALUES (50, 497, 4, 169);
INSERT INTO PlantedIn (bedID, plantID, percentage, staffID) VALUES (387, 1196, 1, 99);
INSERT INTO PlantedIn (bedID, plantID, percentage, staffID) VALUES (403, 3082, 1, 120);
INSERT INTO PlantedIn (bedID, plantID, percentage, staffID) VALUES (101, 344, 1, 69);
INSERT INTO PlantedIn (bedID, plantID, percentage, staffID) VALUES (95, 1494, 4, 151);
INSERT INTO PlantedIn (bedID, plantID, percentage, staffID) VALUES (229, 1134, 1, 24);
INSERT INTO PlantedIn (bedID, plantID, percentage, staffID) VALUES (189, 1320, 4, 99);
INSERT INTO PlantedIn (bedID, plantID, percentage, staffID) VALUES (149, 3435, 2, 21);
INSERT INTO PlantedIn (bedID, plantID, percentage, staffID) VALUES (9, 3583, 4, 56);
INSERT INTO PlantedIn (bedID, plantID, percentage, staffID) VALUES (112, 2918, 1, 8);
INSERT INTO PlantedIn (bedID, plantID, percentage, staffID) VALUES (262, 2399, 4, 38);
INSERT INTO PlantedIn (bedID, plantID, percentage, staffID) VALUES (336, 2006, 4, 168);
INSERT INTO PlantedIn (bedID, plantID, percentage, staffID) VALUES (429, 2147, 2, 154);
INSERT INTO PlantedIn (bedID, plantID, percentage, staffID) VALUES (402, 3357, 1, 95);
INSERT INTO PlantedIn (bedID, plantID, percentage, staffID) VALUES (100, 3656, 3, 19);
INSERT INTO PlantedIn (bedID, plantID, percentage, staffID) VALUES (395, 737, 4, 193);
INSERT INTO PlantedIn (bedID, plantID, percentage, staffID) VALUES (56, 822, 2, 140);
INSERT INTO PlantedIn (bedID, plantID, percentage, staffID) VALUES (458, 2787, 3, 90);
INSERT INTO PlantedIn (bedID, plantID, percentage, staffID) VALUES (162, 2404, 1, 59);
INSERT INTO PlantedIn (bedID, plantID, percentage, staffID) VALUES (312, 2757, 3, 89);
INSERT INTO PlantedIn (bedID, plantID, percentage, staffID) VALUES (276, 3471, 4, 155);
INSERT INTO PlantedIn (bedID, plantID, percentage, staffID) VALUES (400, 3263, 3, 65);
INSERT INTO PlantedIn (bedID, plantID, percentage, staffID) VALUES (17, 991, 1, 108);
INSERT INTO PlantedIn (bedID, plantID, percentage, staffID) VALUES (222, 828, 2, 104);
INSERT INTO PlantedIn (bedID, plantID, percentage, staffID) VALUES (269, 929, 3, 67);
INSERT INTO PlantedIn (bedID, plantID, percentage, staffID) VALUES (163, 1119, 1, 154);
INSERT INTO PlantedIn (bedID, plantID, percentage, staffID) VALUES (2, 730, 3, 105);
INSERT INTO PlantedIn (bedID, plantID, percentage, staffID) VALUES (42, 1029, 4, 77);
INSERT INTO PlantedIn (bedID, plantID, percentage, staffID) VALUES (53, 2669, 1, 125);
INSERT INTO PlantedIn (bedID, plantID, percentage, staffID) VALUES (448, 532, 2, 61);
INSERT INTO PlantedIn (bedID, plantID, percentage, staffID) VALUES (167, 3105, 2, 174);
INSERT INTO PlantedIn (bedID, plantID, percentage, staffID) VALUES (355, 3121, 2, 116);
INSERT INTO PlantedIn (bedID, plantID, percentage, staffID) VALUES (23, 3449, 2, 6);
INSERT INTO PlantedIn (bedID, plantID, percentage, staffID) VALUES (86, 3015, 1, 81);
INSERT INTO PlantedIn (bedID, plantID, percentage, staffID) VALUES (459, 3501, 1, 157);
INSERT INTO PlantedIn (bedID, plantID, percentage, staffID) VALUES (395, 2296, 4, 88);
INSERT INTO PlantedIn (bedID, plantID, percentage, staffID) VALUES (347, 2800, 1, 41);
INSERT INTO PlantedIn (bedID, plantID, percentage, staffID) VALUES (250, 185, 2, 76);
INSERT INTO PlantedIn (bedID, plantID, percentage, staffID) VALUES (405, 3612, 4, 122);
INSERT INTO PlantedIn (bedID, plantID, percentage, staffID) VALUES (391, 2391, 1, 61);
INSERT INTO PlantedIn (bedID, plantID, percentage, staffID) VALUES (189, 2663, 2, 40);
INSERT INTO PlantedIn (bedID, plantID, percentage, staffID) VALUES (282, 3713, 4, 87);
INSERT INTO PlantedIn (bedID, plantID, percentage, staffID) VALUES (50, 1577, 4, 10);
INSERT INTO PlantedIn (bedID, plantID, percentage, staffID) VALUES (1, 1837, 3, 147);
INSERT INTO PlantedIn (bedID, plantID, percentage, staffID) VALUES (95, 3539, 3, 167);
INSERT INTO PlantedIn (bedID, plantID, percentage, staffID) VALUES (456, 725, 4, 1);
INSERT INTO PlantedIn (bedID, plantID, percentage, staffID) VALUES (58, 2308, 4, 148);
INSERT INTO PlantedIn (bedID, plantID, percentage, staffID) VALUES (52, 1560, 1, 14);
INSERT INTO PlantedIn (bedID, plantID, percentage, staffID) VALUES (384, 437, 4, 32);
INSERT INTO PlantedIn (bedID, plantID, percentage, staffID) VALUES (279, 3370, 4, 112);
INSERT INTO PlantedIn (bedID, plantID, percentage, staffID) VALUES (373, 1408, 4, 106);
INSERT INTO PlantedIn (bedID, plantID, percentage, staffID) VALUES (261, 2006, 3, 117);
INSERT INTO PlantedIn (bedID, plantID, percentage, staffID) VALUES (55, 1122, 2, 127);
INSERT INTO PlantedIn (bedID, plantID, percentage, staffID) VALUES (145, 2238, 1, 193);
INSERT INTO PlantedIn (bedID, plantID, percentage, staffID) VALUES (345, 3583, 4, 63);
INSERT INTO PlantedIn (bedID, plantID, percentage, staffID) VALUES (157, 1440, 1, 11);
INSERT INTO PlantedIn (bedID, plantID, percentage, staffID) VALUES (37, 1941, 4, 176);
INSERT INTO PlantedIn (bedID, plantID, percentage, staffID) VALUES (410, 1454, 2, 126);
INSERT INTO PlantedIn (bedID, plantID, percentage, staffID) VALUES (424, 711, 1, 19);
INSERT INTO PlantedIn (bedID, plantID, percentage, staffID) VALUES (225, 2758, 4, 70);
INSERT INTO PlantedIn (bedID, plantID, percentage, staffID) VALUES (139, 1114, 1, 161);
INSERT INTO PlantedIn (bedID, plantID, percentage, staffID) VALUES (102, 375, 3, 176);
INSERT INTO PlantedIn (bedID, plantID, percentage, staffID) VALUES (222, 3518, 4, 141);
INSERT INTO PlantedIn (bedID, plantID, percentage, staffID) VALUES (55, 2481, 1, 6);
INSERT INTO PlantedIn (bedID, plantID, percentage, staffID) VALUES (69, 3436, 1, 12);
INSERT INTO PlantedIn (bedID, plantID, percentage, staffID) VALUES (126, 2586, 1, 88);
INSERT INTO PlantedIn (bedID, plantID, percentage, staffID) VALUES (404, 2006, 2, 35);
INSERT INTO PlantedIn (bedID, plantID, percentage, staffID) VALUES (110, 1985, 3, 22);
INSERT INTO PlantedIn (bedID, plantID, percentage, staffID) VALUES (380, 3462, 1, 112);
INSERT INTO PlantedIn (bedID, plantID, percentage, staffID) VALUES (470, 1561, 2, 115);
INSERT INTO PlantedIn (bedID, plantID, percentage, staffID) VALUES (149, 962, 2, 85);
INSERT INTO PlantedIn (bedID, plantID, percentage, staffID) VALUES (422, 1716, 1, 127);
INSERT INTO PlantedIn (bedID, plantID, percentage, staffID) VALUES (158, 2603, 3, 10);
INSERT INTO PlantedIn (bedID, plantID, percentage, staffID) VALUES (162, 1824, 1, 155);
INSERT INTO PlantedIn (bedID, plantID, percentage, staffID) VALUES (209, 2431, 1, 153);
INSERT INTO PlantedIn (bedID, plantID, percentage, staffID) VALUES (249, 1134, 3, 53);
INSERT INTO PlantedIn (bedID, plantID, percentage, staffID) VALUES (34, 1526, 4, 90);
INSERT INTO PlantedIn (bedID, plantID, percentage, staffID) VALUES (346, 154, 1, 157);
INSERT INTO PlantedIn (bedID, plantID, percentage, staffID) VALUES (242, 2032, 3, 55);
INSERT INTO PlantedIn (bedID, plantID, percentage, staffID) VALUES (215, 3058, 4, 148);
INSERT INTO PlantedIn (bedID, plantID, percentage, staffID) VALUES (199, 1829, 4, 29);
INSERT INTO PlantedIn (bedID, plantID, percentage, staffID) VALUES (363, 1538, 2, 95);
INSERT INTO PlantedIn (bedID, plantID, percentage, staffID) VALUES (104, 1703, 2, 97);
INSERT INTO PlantedIn (bedID, plantID, percentage, staffID) VALUES (396, 3530, 3, 52);
INSERT INTO PlantedIn (bedID, plantID, percentage, staffID) VALUES (460, 950, 3, 173);
INSERT INTO PlantedIn (bedID, plantID, percentage, staffID) VALUES (135, 2370, 4, 159);
INSERT INTO PlantedIn (bedID, plantID, percentage, staffID) VALUES (66, 176, 3, 61);
INSERT INTO PlantedIn (bedID, plantID, percentage, staffID) VALUES (396, 94, 2, 100);
INSERT INTO PlantedIn (bedID, plantID, percentage, staffID) VALUES (236, 2420, 2, 42);
INSERT INTO PlantedIn (bedID, plantID, percentage, staffID) VALUES (12, 2562, 1, 149);
INSERT INTO PlantedIn (bedID, plantID, percentage, staffID) VALUES (49, 777, 4, 109);
INSERT INTO PlantedIn (bedID, plantID, percentage, staffID) VALUES (55, 3025, 1, 125);
INSERT INTO PlantedIn (bedID, plantID, percentage, staffID) VALUES (14, 1766, 2, 161);
INSERT INTO PlantedIn (bedID, plantID, percentage, staffID) VALUES (34, 2184, 1, 23);
INSERT INTO PlantedIn (bedID, plantID, percentage, staffID) VALUES (289, 1581, 2, 164);
INSERT INTO PlantedIn (bedID, plantID, percentage, staffID) VALUES (205, 1117, 4, 144);
INSERT INTO PlantedIn (bedID, plantID, percentage, staffID) VALUES (433, 3498, 4, 40);
INSERT INTO PlantedIn (bedID, plantID, percentage, staffID) VALUES (269, 3557, 3, 38);
INSERT INTO PlantedIn (bedID, plantID, percentage, staffID) VALUES (58, 2759, 1, 125);
INSERT INTO PlantedIn (bedID, plantID, percentage, staffID) VALUES (235, 857, 3, 66);
INSERT INTO PlantedIn (bedID, plantID, percentage, staffID) VALUES (321, 423, 3, 171);
INSERT INTO PlantedIn (bedID, plantID, percentage, staffID) VALUES (169, 2931, 4, 150);
INSERT INTO PlantedIn (bedID, plantID, percentage, staffID) VALUES (23, 1684, 4, 147);
INSERT INTO PlantedIn (bedID, plantID, percentage, staffID) VALUES (161, 3530, 4, 184);
INSERT INTO PlantedIn (bedID, plantID, percentage, staffID) VALUES (395, 317, 4, 119);
INSERT INTO PlantedIn (bedID, plantID, percentage, staffID) VALUES (377, 729, 2, 39);
INSERT INTO PlantedIn (bedID, plantID, percentage, staffID) VALUES (194, 1974, 1, 167);
INSERT INTO PlantedIn (bedID, plantID, percentage, staffID) VALUES (294, 2527, 2, 171);
INSERT INTO PlantedIn (bedID, plantID, percentage, staffID) VALUES (285, 3068, 4, 119);
INSERT INTO PlantedIn (bedID, plantID, percentage, staffID) VALUES (261, 1202, 3, 153);
INSERT INTO PlantedIn (bedID, plantID, percentage, staffID) VALUES (354, 1806, 1, 115);
INSERT INTO PlantedIn (bedID, plantID, percentage, staffID) VALUES (258, 2218, 2, 35);
INSERT INTO PlantedIn (bedID, plantID, percentage, staffID) VALUES (361, 1385, 1, 129);
INSERT INTO PlantedIn (bedID, plantID, percentage, staffID) VALUES (411, 1728, 2, 54);
INSERT INTO PlantedIn (bedID, plantID, percentage, staffID) VALUES (48, 375, 3, 160);
INSERT INTO PlantedIn (bedID, plantID, percentage, staffID) VALUES (422, 1401, 2, 135);
INSERT INTO PlantedIn (bedID, plantID, percentage, staffID) VALUES (319, 1575, 2, 9);
INSERT INTO PlantedIn (bedID, plantID, percentage, staffID) VALUES (414, 2328, 2, 104);
INSERT INTO PlantedIn (bedID, plantID, percentage, staffID) VALUES (31, 1938, 3, 96);
INSERT INTO PlantedIn (bedID, plantID, percentage, staffID) VALUES (36, 2462, 4, 194);
INSERT INTO PlantedIn (bedID, plantID, percentage, staffID) VALUES (471, 2231, 4, 2);
INSERT INTO PlantedIn (bedID, plantID, percentage, staffID) VALUES (12, 1042, 1, 72);
INSERT INTO PlantedIn (bedID, plantID, percentage, staffID) VALUES (174, 527, 2, 169);
INSERT INTO PlantedIn (bedID, plantID, percentage, staffID) VALUES (236, 1880, 1, 143);
INSERT INTO PlantedIn (bedID, plantID, percentage, staffID) VALUES (423, 2862, 4, 121);
INSERT INTO PlantedIn (bedID, plantID, percentage, staffID) VALUES (163, 380, 2, 5);
INSERT INTO PlantedIn (bedID, plantID, percentage, staffID) VALUES (284, 1900, 3, 3);
INSERT INTO PlantedIn (bedID, plantID, percentage, staffID) VALUES (61, 3710, 1, 105);
INSERT INTO PlantedIn (bedID, plantID, percentage, staffID) VALUES (374, 1315, 1, 140);
INSERT INTO PlantedIn (bedID, plantID, percentage, staffID) VALUES (226, 1978, 4, 85);
INSERT INTO PlantedIn (bedID, plantID, percentage, staffID) VALUES (473, 436, 4, 30);
INSERT INTO PlantedIn (bedID, plantID, percentage, staffID) VALUES (396, 2639, 2, 123);
INSERT INTO PlantedIn (bedID, plantID, percentage, staffID) VALUES (83, 2380, 2, 23);
INSERT INTO PlantedIn (bedID, plantID, percentage, staffID) VALUES (273, 2404, 1, 87);
INSERT INTO PlantedIn (bedID, plantID, percentage, staffID) VALUES (68, 1595, 4, 138);
INSERT INTO PlantedIn (bedID, plantID, percentage, staffID) VALUES (356, 1383, 1, 19);
INSERT INTO PlantedIn (bedID, plantID, percentage, staffID) VALUES (412, 1946, 4, 42);
INSERT INTO PlantedIn (bedID, plantID, percentage, staffID) VALUES (292, 1353, 2, 155);
INSERT INTO PlantedIn (bedID, plantID, percentage, staffID) VALUES (42, 1618, 4, 136);
INSERT INTO PlantedIn (bedID, plantID, percentage, staffID) VALUES (48, 1034, 2, 74);
INSERT INTO PlantedIn (bedID, plantID, percentage, staffID) VALUES (418, 1819, 2, 118);
INSERT INTO PlantedIn (bedID, plantID, percentage, staffID) VALUES (44, 13, 1, 117);
INSERT INTO PlantedIn (bedID, plantID, percentage, staffID) VALUES (197, 940, 1, 35);
INSERT INTO PlantedIn (bedID, plantID, percentage, staffID) VALUES (285, 996, 2, 81);
INSERT INTO PlantedIn (bedID, plantID, percentage, staffID) VALUES (360, 2321, 2, 69);
INSERT INTO PlantedIn (bedID, plantID, percentage, staffID) VALUES (450, 371, 1, 173);
INSERT INTO PlantedIn (bedID, plantID, percentage, staffID) VALUES (369, 1248, 3, 182);
INSERT INTO PlantedIn (bedID, plantID, percentage, staffID) VALUES (376, 1812, 4, 25);
INSERT INTO PlantedIn (bedID, plantID, percentage, staffID) VALUES (224, 2670, 4, 25);
INSERT INTO PlantedIn (bedID, plantID, percentage, staffID) VALUES (442, 1115, 3, 12);
INSERT INTO PlantedIn (bedID, plantID, percentage, staffID) VALUES (259, 1751, 2, 1);
INSERT INTO PlantedIn (bedID, plantID, percentage, staffID) VALUES (26, 1321, 1, 140);
INSERT INTO PlantedIn (bedID, plantID, percentage, staffID) VALUES (207, 2049, 4, 9);
INSERT INTO PlantedIn (bedID, plantID, percentage, staffID) VALUES (20, 17, 4, 116);
INSERT INTO PlantedIn (bedID, plantID, percentage, staffID) VALUES (155, 1772, 1, 99);
INSERT INTO PlantedIn (bedID, plantID, percentage, staffID) VALUES (439, 2327, 2, 2);
INSERT INTO PlantedIn (bedID, plantID, percentage, staffID) VALUES (139, 490, 1, 59);
INSERT INTO PlantedIn (bedID, plantID, percentage, staffID) VALUES (197, 1322, 4, 156);
INSERT INTO PlantedIn (bedID, plantID, percentage, staffID) VALUES (376, 2961, 4, 55);
INSERT INTO PlantedIn (bedID, plantID, percentage, staffID) VALUES (51, 3678, 3, 174);
INSERT INTO PlantedIn (bedID, plantID, percentage, staffID) VALUES (228, 3452, 3, 102);
INSERT INTO PlantedIn (bedID, plantID, percentage, staffID) VALUES (425, 249, 1, 70);
INSERT INTO PlantedIn (bedID, plantID, percentage, staffID) VALUES (248, 3187, 2, 71);
INSERT INTO PlantedIn (bedID, plantID, percentage, staffID) VALUES (202, 1358, 3, 173);
INSERT INTO PlantedIn (bedID, plantID, percentage, staffID) VALUES (226, 519, 4, 193);
INSERT INTO PlantedIn (bedID, plantID, percentage, staffID) VALUES (226, 2734, 2, 175);
INSERT INTO PlantedIn (bedID, plantID, percentage, staffID) VALUES (224, 471, 3, 25);
INSERT INTO PlantedIn (bedID, plantID, percentage, staffID) VALUES (35, 3749, 3, 26);
INSERT INTO PlantedIn (bedID, plantID, percentage, staffID) VALUES (409, 2408, 4, 16);
INSERT INTO PlantedIn (bedID, plantID, percentage, staffID) VALUES (116, 1277, 3, 135);
INSERT INTO PlantedIn (bedID, plantID, percentage, staffID) VALUES (323, 1960, 1, 80);
INSERT INTO PlantedIn (bedID, plantID, percentage, staffID) VALUES (304, 1298, 1, 11);
INSERT INTO PlantedIn (bedID, plantID, percentage, staffID) VALUES (21, 3502, 3, 80);
INSERT INTO PlantedIn (bedID, plantID, percentage, staffID) VALUES (14, 1957, 1, 20);
INSERT INTO PlantedIn (bedID, plantID, percentage, staffID) VALUES (226, 864, 2, 134);
INSERT INTO PlantedIn (bedID, plantID, percentage, staffID) VALUES (401, 2835, 3, 21);
INSERT INTO PlantedIn (bedID, plantID, percentage, staffID) VALUES (73, 327, 2, 152);
INSERT INTO PlantedIn (bedID, plantID, percentage, staffID) VALUES (197, 1555, 1, 15);
INSERT INTO PlantedIn (bedID, plantID, percentage, staffID) VALUES (431, 1774, 3, 53);
INSERT INTO PlantedIn (bedID, plantID, percentage, staffID) VALUES (376, 1188, 4, 137);
INSERT INTO PlantedIn (bedID, plantID, percentage, staffID) VALUES (101, 213, 1, 73);
INSERT INTO PlantedIn (bedID, plantID, percentage, staffID) VALUES (266, 1745, 1, 70);
INSERT INTO PlantedIn (bedID, plantID, percentage, staffID) VALUES (320, 3857, 3, 77);
INSERT INTO PlantedIn (bedID, plantID, percentage, staffID) VALUES (346, 1839, 4, 12);
INSERT INTO PlantedIn (bedID, plantID, percentage, staffID) VALUES (265, 3084, 4, 58);
INSERT INTO PlantedIn (bedID, plantID, percentage, staffID) VALUES (95, 1361, 1, 15);
INSERT INTO PlantedIn (bedID, plantID, percentage, staffID) VALUES (384, 1262, 3, 135);
INSERT INTO PlantedIn (bedID, plantID, percentage, staffID) VALUES (181, 3082, 4, 18);
INSERT INTO PlantedIn (bedID, plantID, percentage, staffID) VALUES (203, 1377, 1, 91);
INSERT INTO PlantedIn (bedID, plantID, percentage, staffID) VALUES (394, 1931, 2, 9);
INSERT INTO PlantedIn (bedID, plantID, percentage, staffID) VALUES (141, 1261, 2, 75);
INSERT INTO PlantedIn (bedID, plantID, percentage, staffID) VALUES (321, 1692, 2, 124);
INSERT INTO PlantedIn (bedID, plantID, percentage, staffID) VALUES (362, 1029, 2, 20);
INSERT INTO PlantedIn (bedID, plantID, percentage, staffID) VALUES (281, 2079, 4, 50);
INSERT INTO PlantedIn (bedID, plantID, percentage, staffID) VALUES (159, 1284, 3, 188);
INSERT INTO PlantedIn (bedID, plantID, percentage, staffID) VALUES (361, 3470, 1, 104);
INSERT INTO PlantedIn (bedID, plantID, percentage, staffID) VALUES (121, 3680, 1, 71);
INSERT INTO PlantedIn (bedID, plantID, percentage, staffID) VALUES (214, 1511, 3, 98);
INSERT INTO PlantedIn (bedID, plantID, percentage, staffID) VALUES (340, 3264, 2, 51);
INSERT INTO PlantedIn (bedID, plantID, percentage, staffID) VALUES (134, 3296, 1, 181);
INSERT INTO PlantedIn (bedID, plantID, percentage, staffID) VALUES (57, 3783, 3, 91);
INSERT INTO PlantedIn (bedID, plantID, percentage, staffID) VALUES (245, 2660, 4, 141);
INSERT INTO PlantedIn (bedID, plantID, percentage, staffID) VALUES (10, 2336, 4, 89);
INSERT INTO PlantedIn (bedID, plantID, percentage, staffID) VALUES (424, 1230, 2, 172);
INSERT INTO PlantedIn (bedID, plantID, percentage, staffID) VALUES (336, 1235, 2, 20);
INSERT INTO PlantedIn (bedID, plantID, percentage, staffID) VALUES (78, 1317, 2, 168);
INSERT INTO PlantedIn (bedID, plantID, percentage, staffID) VALUES (92, 2726, 2, 101);
INSERT INTO PlantedIn (bedID, plantID, percentage, staffID) VALUES (324, 3616, 1, 5);
INSERT INTO PlantedIn (bedID, plantID, percentage, staffID) VALUES (295, 2749, 3, 11);
INSERT INTO PlantedIn (bedID, plantID, percentage, staffID) VALUES (150, 1885, 4, 87);
INSERT INTO PlantedIn (bedID, plantID, percentage, staffID) VALUES (204, 1531, 2, 118);
INSERT INTO PlantedIn (bedID, plantID, percentage, staffID) VALUES (338, 1606, 2, 137);
INSERT INTO PlantedIn (bedID, plantID, percentage, staffID) VALUES (348, 2958, 4, 174);
INSERT INTO PlantedIn (bedID, plantID, percentage, staffID) VALUES (51, 2590, 2, 71);
INSERT INTO PlantedIn (bedID, plantID, percentage, staffID) VALUES (178, 3233, 1, 125);
INSERT INTO PlantedIn (bedID, plantID, percentage, staffID) VALUES (366, 2459, 2, 54);
INSERT INTO PlantedIn (bedID, plantID, percentage, staffID) VALUES (165, 1206, 3, 8);
INSERT INTO PlantedIn (bedID, plantID, percentage, staffID) VALUES (379, 1795, 1, 98);
INSERT INTO PlantedIn (bedID, plantID, percentage, staffID) VALUES (407, 207, 3, 114);
INSERT INTO PlantedIn (bedID, plantID, percentage, staffID) VALUES (469, 3272, 1, 21);
INSERT INTO PlantedIn (bedID, plantID, percentage, staffID) VALUES (245, 1728, 4, 81);
INSERT INTO PlantedIn (bedID, plantID, percentage, staffID) VALUES (135, 29, 1, 194);
INSERT INTO PlantedIn (bedID, plantID, percentage, staffID) VALUES (305, 815, 4, 92);
INSERT INTO PlantedIn (bedID, plantID, percentage, staffID) VALUES (248, 1894, 2, 134);
INSERT INTO PlantedIn (bedID, plantID, percentage, staffID) VALUES (452, 514, 4, 113);
INSERT INTO PlantedIn (bedID, plantID, percentage, staffID) VALUES (89, 413, 3, 80);
INSERT INTO PlantedIn (bedID, plantID, percentage, staffID) VALUES (157, 1494, 2, 176);
INSERT INTO PlantedIn (bedID, plantID, percentage, staffID) VALUES (111, 3716, 3, 86);
INSERT INTO PlantedIn (bedID, plantID, percentage, staffID) VALUES (194, 3146, 3, 131);
INSERT INTO PlantedIn (bedID, plantID, percentage, staffID) VALUES (389, 2286, 2, 153);
INSERT INTO PlantedIn (bedID, plantID, percentage, staffID) VALUES (380, 765, 2, 93);
INSERT INTO PlantedIn (bedID, plantID, percentage, staffID) VALUES (326, 418, 3, 132);
INSERT INTO PlantedIn (bedID, plantID, percentage, staffID) VALUES (115, 770, 2, 94);
INSERT INTO PlantedIn (bedID, plantID, percentage, staffID) VALUES (145, 3267, 3, 17);
INSERT INTO PlantedIn (bedID, plantID, percentage, staffID) VALUES (428, 1460, 2, 44);
INSERT INTO PlantedIn (bedID, plantID, percentage, staffID) VALUES (91, 3300, 1, 1);
INSERT INTO PlantedIn (bedID, plantID, percentage, staffID) VALUES (211, 2900, 1, 98);
INSERT INTO PlantedIn (bedID, plantID, percentage, staffID) VALUES (449, 3604, 3, 117);
INSERT INTO PlantedIn (bedID, plantID, percentage, staffID) VALUES (20, 846, 2, 57);
INSERT INTO PlantedIn (bedID, plantID, percentage, staffID) VALUES (198, 2837, 3, 145);
INSERT INTO PlantedIn (bedID, plantID, percentage, staffID) VALUES (274, 3059, 4, 74);
INSERT INTO PlantedIn (bedID, plantID, percentage, staffID) VALUES (347, 1238, 3, 57);
INSERT INTO PlantedIn (bedID, plantID, percentage, staffID) VALUES (331, 1887, 4, 194);
INSERT INTO PlantedIn (bedID, plantID, percentage, staffID) VALUES (162, 3674, 4, 184);
INSERT INTO PlantedIn (bedID, plantID, percentage, staffID) VALUES (332, 1465, 3, 8);
INSERT INTO PlantedIn (bedID, plantID, percentage, staffID) VALUES (148, 2344, 2, 59);
INSERT INTO PlantedIn (bedID, plantID, percentage, staffID) VALUES (391, 2175, 1, 130);
INSERT INTO PlantedIn (bedID, plantID, percentage, staffID) VALUES (63, 1266, 4, 141);
INSERT INTO PlantedIn (bedID, plantID, percentage, staffID) VALUES (307, 3716, 2, 103);
INSERT INTO PlantedIn (bedID, plantID, percentage, staffID) VALUES (213, 1736, 4, 48);
INSERT INTO PlantedIn (bedID, plantID, percentage, staffID) VALUES (189, 528, 1, 119);
INSERT INTO PlantedIn (bedID, plantID, percentage, staffID) VALUES (244, 2370, 4, 153);
INSERT INTO PlantedIn (bedID, plantID, percentage, staffID) VALUES (104, 131, 1, 37);
INSERT INTO PlantedIn (bedID, plantID, percentage, staffID) VALUES (283, 3134, 4, 59);
INSERT INTO PlantedIn (bedID, plantID, percentage, staffID) VALUES (73, 982, 2, 157);
INSERT INTO PlantedIn (bedID, plantID, percentage, staffID) VALUES (276, 1760, 1, 31);
INSERT INTO PlantedIn (bedID, plantID, percentage, staffID) VALUES (198, 2524, 4, 118);
INSERT INTO PlantedIn (bedID, plantID, percentage, staffID) VALUES (49, 3129, 3, 135);
INSERT INTO PlantedIn (bedID, plantID, percentage, staffID) VALUES (448, 914, 2, 123);
INSERT INTO PlantedIn (bedID, plantID, percentage, staffID) VALUES (402, 1355, 1, 59);
INSERT INTO PlantedIn (bedID, plantID, percentage, staffID) VALUES (182, 1801, 4, 24);
INSERT INTO PlantedIn (bedID, plantID, percentage, staffID) VALUES (131, 1550, 2, 179);
INSERT INTO PlantedIn (bedID, plantID, percentage, staffID) VALUES (310, 2483, 1, 146);
INSERT INTO PlantedIn (bedID, plantID, percentage, staffID) VALUES (47, 3346, 3, 95);
INSERT INTO PlantedIn (bedID, plantID, percentage, staffID) VALUES (246, 156, 3, 78);
INSERT INTO PlantedIn (bedID, plantID, percentage, staffID) VALUES (402, 146, 4, 25);
INSERT INTO PlantedIn (bedID, plantID, percentage, staffID) VALUES (130, 2797, 1, 53);
INSERT INTO PlantedIn (bedID, plantID, percentage, staffID) VALUES (35, 2106, 2, 40);
INSERT INTO PlantedIn (bedID, plantID, percentage, staffID) VALUES (6, 1182, 2, 90);
INSERT INTO PlantedIn (bedID, plantID, percentage, staffID) VALUES (335, 1208, 2, 147);
INSERT INTO PlantedIn (bedID, plantID, percentage, staffID) VALUES (452, 1666, 1, 123);
INSERT INTO PlantedIn (bedID, plantID, percentage, staffID) VALUES (141, 248, 4, 116);
INSERT INTO PlantedIn (bedID, plantID, percentage, staffID) VALUES (50, 3656, 4, 89);
INSERT INTO PlantedIn (bedID, plantID, percentage, staffID) VALUES (466, 2156, 2, 153);
INSERT INTO PlantedIn (bedID, plantID, percentage, staffID) VALUES (133, 25, 2, 78);
INSERT INTO PlantedIn (bedID, plantID, percentage, staffID) VALUES (261, 2215, 3, 166);
INSERT INTO PlantedIn (bedID, plantID, percentage, staffID) VALUES (416, 975, 3, 174);
INSERT INTO PlantedIn (bedID, plantID, percentage, staffID) VALUES (268, 2188, 3, 194);
INSERT INTO PlantedIn (bedID, plantID, percentage, staffID) VALUES (472, 2110, 2, 117);
INSERT INTO PlantedIn (bedID, plantID, percentage, staffID) VALUES (289, 530, 3, 23);
INSERT INTO PlantedIn (bedID, plantID, percentage, staffID) VALUES (40, 2104, 1, 137);
INSERT INTO PlantedIn (bedID, plantID, percentage, staffID) VALUES (49, 1616, 2, 66);
INSERT INTO PlantedIn (bedID, plantID, percentage, staffID) VALUES (201, 2720, 4, 151);
INSERT INTO PlantedIn (bedID, plantID, percentage, staffID) VALUES (380, 1496, 2, 152);
INSERT INTO PlantedIn (bedID, plantID, percentage, staffID) VALUES (451, 2659, 4, 181);
INSERT INTO PlantedIn (bedID, plantID, percentage, staffID) VALUES (111, 1771, 4, 50);
INSERT INTO PlantedIn (bedID, plantID, percentage, staffID) VALUES (282, 1360, 3, 114);
INSERT INTO PlantedIn (bedID, plantID, percentage, staffID) VALUES (424, 876, 4, 152);
INSERT INTO PlantedIn (bedID, plantID, percentage, staffID) VALUES (305, 257, 1, 78);
INSERT INTO PlantedIn (bedID, plantID, percentage, staffID) VALUES (365, 458, 1, 10);
INSERT INTO PlantedIn (bedID, plantID, percentage, staffID) VALUES (317, 2250, 2, 42);
INSERT INTO PlantedIn (bedID, plantID, percentage, staffID) VALUES (459, 3642, 4, 172);
INSERT INTO PlantedIn (bedID, plantID, percentage, staffID) VALUES (299, 2811, 4, 178);
INSERT INTO PlantedIn (bedID, plantID, percentage, staffID) VALUES (88, 445, 4, 145);
INSERT INTO PlantedIn (bedID, plantID, percentage, staffID) VALUES (221, 1027, 2, 94);
INSERT INTO PlantedIn (bedID, plantID, percentage, staffID) VALUES (233, 778, 1, 74);
INSERT INTO PlantedIn (bedID, plantID, percentage, staffID) VALUES (127, 2865, 1, 42);
INSERT INTO PlantedIn (bedID, plantID, percentage, staffID) VALUES (407, 965, 3, 18);
INSERT INTO PlantedIn (bedID, plantID, percentage, staffID) VALUES (394, 1105, 4, 1);
INSERT INTO PlantedIn (bedID, plantID, percentage, staffID) VALUES (108, 3255, 4, 148);
INSERT INTO PlantedIn (bedID, plantID, percentage, staffID) VALUES (270, 2297, 4, 148);
INSERT INTO PlantedIn (bedID, plantID, percentage, staffID) VALUES (336, 1659, 1, 110);
INSERT INTO PlantedIn (bedID, plantID, percentage, staffID) VALUES (329, 3835, 1, 110);
INSERT INTO PlantedIn (bedID, plantID, percentage, staffID) VALUES (92, 3475, 2, 66);
INSERT INTO PlantedIn (bedID, plantID, percentage, staffID) VALUES (303, 2041, 2, 102);
INSERT INTO PlantedIn (bedID, plantID, percentage, staffID) VALUES (368, 2252, 3, 6);
INSERT INTO PlantedIn (bedID, plantID, percentage, staffID) VALUES (411, 116, 1, 84);
INSERT INTO PlantedIn (bedID, plantID, percentage, staffID) VALUES (344, 2611, 2, 40);
INSERT INTO PlantedIn (bedID, plantID, percentage, staffID) VALUES (50, 2822, 4, 125);
INSERT INTO PlantedIn (bedID, plantID, percentage, staffID) VALUES (24, 1193, 3, 77);
INSERT INTO PlantedIn (bedID, plantID, percentage, staffID) VALUES (396, 3381, 3, 39);
INSERT INTO PlantedIn (bedID, plantID, percentage, staffID) VALUES (217, 839, 2, 46);
INSERT INTO PlantedIn (bedID, plantID, percentage, staffID) VALUES (117, 2445, 1, 86);
INSERT INTO PlantedIn (bedID, plantID, percentage, staffID) VALUES (362, 1450, 2, 115);
INSERT INTO PlantedIn (bedID, plantID, percentage, staffID) VALUES (24, 2920, 1, 190);
INSERT INTO PlantedIn (bedID, plantID, percentage, staffID) VALUES (326, 3632, 3, 26);
INSERT INTO PlantedIn (bedID, plantID, percentage, staffID) VALUES (118, 1931, 1, 87);
INSERT INTO PlantedIn (bedID, plantID, percentage, staffID) VALUES (177, 2377, 4, 143);
INSERT INTO PlantedIn (bedID, plantID, percentage, staffID) VALUES (394, 3560, 1, 32);
INSERT INTO PlantedIn (bedID, plantID, percentage, staffID) VALUES (262, 2232, 2, 41);
INSERT INTO PlantedIn (bedID, plantID, percentage, staffID) VALUES (451, 2927, 1, 166);
INSERT INTO PlantedIn (bedID, plantID, percentage, staffID) VALUES (130, 431, 4, 42);
INSERT INTO PlantedIn (bedID, plantID, percentage, staffID) VALUES (392, 482, 1, 79);
INSERT INTO PlantedIn (bedID, plantID, percentage, staffID) VALUES (350, 316, 3, 7);
INSERT INTO PlantedIn (bedID, plantID, percentage, staffID) VALUES (2, 733, 3, 133);
INSERT INTO PlantedIn (bedID, plantID, percentage, staffID) VALUES (363, 3274, 3, 179);
INSERT INTO PlantedIn (bedID, plantID, percentage, staffID) VALUES (286, 2641, 1, 148);
INSERT INTO PlantedIn (bedID, plantID, percentage, staffID) VALUES (198, 3399, 3, 24);
INSERT INTO PlantedIn (bedID, plantID, percentage, staffID) VALUES (469, 1239, 1, 134);
INSERT INTO PlantedIn (bedID, plantID, percentage, staffID) VALUES (308, 1360, 2, 70);
INSERT INTO PlantedIn (bedID, plantID, percentage, staffID) VALUES (226, 2801, 1, 139);
INSERT INTO PlantedIn (bedID, plantID, percentage, staffID) VALUES (382, 2755, 4, 161);
INSERT INTO PlantedIn (bedID, plantID, percentage, staffID) VALUES (427, 1687, 3, 75);
INSERT INTO PlantedIn (bedID, plantID, percentage, staffID) VALUES (135, 926, 4, 80);
INSERT INTO PlantedIn (bedID, plantID, percentage, staffID) VALUES (437, 426, 2, 1);
INSERT INTO PlantedIn (bedID, plantID, percentage, staffID) VALUES (469, 462, 4, 7);
INSERT INTO PlantedIn (bedID, plantID, percentage, staffID) VALUES (209, 2653, 1, 5);
INSERT INTO PlantedIn (bedID, plantID, percentage, staffID) VALUES (18, 1404, 3, 116);
INSERT INTO PlantedIn (bedID, plantID, percentage, staffID) VALUES (42, 949, 4, 149);
INSERT INTO PlantedIn (bedID, plantID, percentage, staffID) VALUES (454, 1998, 4, 144);
INSERT INTO PlantedIn (bedID, plantID, percentage, staffID) VALUES (451, 265, 1, 108);
INSERT INTO PlantedIn (bedID, plantID, percentage, staffID) VALUES (146, 3546, 1, 26);
INSERT INTO PlantedIn (bedID, plantID, percentage, staffID) VALUES (14, 500, 1, 117);
INSERT INTO PlantedIn (bedID, plantID, percentage, staffID) VALUES (138, 76, 2, 159);
INSERT INTO PlantedIn (bedID, plantID, percentage, staffID) VALUES (182, 1326, 2, 172);
INSERT INTO PlantedIn (bedID, plantID, percentage, staffID) VALUES (279, 2215, 3, 75);
INSERT INTO PlantedIn (bedID, plantID, percentage, staffID) VALUES (43, 263, 1, 83);
INSERT INTO PlantedIn (bedID, plantID, percentage, staffID) VALUES (65, 3617, 2, 58);
INSERT INTO PlantedIn (bedID, plantID, percentage, staffID) VALUES (404, 1564, 4, 138);
INSERT INTO PlantedIn (bedID, plantID, percentage, staffID) VALUES (253, 950, 4, 184);
INSERT INTO PlantedIn (bedID, plantID, percentage, staffID) VALUES (403, 3459, 1, 96);
INSERT INTO PlantedIn (bedID, plantID, percentage, staffID) VALUES (433, 957, 2, 96);
INSERT INTO PlantedIn (bedID, plantID, percentage, staffID) VALUES (280, 1209, 1, 157);
INSERT INTO PlantedIn (bedID, plantID, percentage, staffID) VALUES (420, 513, 4, 148);
INSERT INTO PlantedIn (bedID, plantID, percentage, staffID) VALUES (95, 509, 2, 4);
INSERT INTO PlantedIn (bedID, plantID, percentage, staffID) VALUES (32, 1156, 4, 160);
INSERT INTO PlantedIn (bedID, plantID, percentage, staffID) VALUES (333, 1758, 1, 164);
INSERT INTO PlantedIn (bedID, plantID, percentage, staffID) VALUES (332, 2700, 3, 4);
INSERT INTO PlantedIn (bedID, plantID, percentage, staffID) VALUES (281, 1892, 3, 142);
INSERT INTO PlantedIn (bedID, plantID, percentage, staffID) VALUES (349, 624, 2, 165);
INSERT INTO PlantedIn (bedID, plantID, percentage, staffID) VALUES (225, 2216, 2, 104);
INSERT INTO PlantedIn (bedID, plantID, percentage, staffID) VALUES (334, 894, 4, 69);
INSERT INTO PlantedIn (bedID, plantID, percentage, staffID) VALUES (172, 1372, 2, 50);
INSERT INTO PlantedIn (bedID, plantID, percentage, staffID) VALUES (310, 90, 2, 72);
INSERT INTO PlantedIn (bedID, plantID, percentage, staffID) VALUES (227, 585, 1, 122);
INSERT INTO PlantedIn (bedID, plantID, percentage, staffID) VALUES (402, 2370, 2, 149);
INSERT INTO PlantedIn (bedID, plantID, percentage, staffID) VALUES (49, 1627, 4, 194);
INSERT INTO PlantedIn (bedID, plantID, percentage, staffID) VALUES (276, 2922, 1, 34);
INSERT INTO PlantedIn (bedID, plantID, percentage, staffID) VALUES (156, 2600, 1, 85);
INSERT INTO PlantedIn (bedID, plantID, percentage, staffID) VALUES (428, 2909, 2, 192);
INSERT INTO PlantedIn (bedID, plantID, percentage, staffID) VALUES (51, 711, 4, 143);
INSERT INTO PlantedIn (bedID, plantID, percentage, staffID) VALUES (98, 184, 3, 25);
INSERT INTO PlantedIn (bedID, plantID, percentage, staffID) VALUES (94, 2753, 1, 177);
INSERT INTO PlantedIn (bedID, plantID, percentage, staffID) VALUES (154, 2291, 2, 101);
INSERT INTO PlantedIn (bedID, plantID, percentage, staffID) VALUES (7, 1708, 3, 55);
INSERT INTO PlantedIn (bedID, plantID, percentage, staffID) VALUES (94, 1676, 3, 134);
INSERT INTO PlantedIn (bedID, plantID, percentage, staffID) VALUES (51, 266, 1, 115);
INSERT INTO PlantedIn (bedID, plantID, percentage, staffID) VALUES (389, 1943, 4, 57);
INSERT INTO PlantedIn (bedID, plantID, percentage, staffID) VALUES (325, 3764, 4, 141);
INSERT INTO PlantedIn (bedID, plantID, percentage, staffID) VALUES (11, 3121, 1, 119);
INSERT INTO PlantedIn (bedID, plantID, percentage, staffID) VALUES (246, 1709, 4, 55);
INSERT INTO PlantedIn (bedID, plantID, percentage, staffID) VALUES (17, 2935, 1, 56);
INSERT INTO PlantedIn (bedID, plantID, percentage, staffID) VALUES (96, 2085, 2, 132);
INSERT INTO PlantedIn (bedID, plantID, percentage, staffID) VALUES (461, 1144, 1, 189);
INSERT INTO PlantedIn (bedID, plantID, percentage, staffID) VALUES (173, 1884, 1, 19);
INSERT INTO PlantedIn (bedID, plantID, percentage, staffID) VALUES (469, 1414, 3, 24);
INSERT INTO PlantedIn (bedID, plantID, percentage, staffID) VALUES (161, 3105, 2, 117);
INSERT INTO PlantedIn (bedID, plantID, percentage, staffID) VALUES (289, 575, 1, 119);
INSERT INTO PlantedIn (bedID, plantID, percentage, staffID) VALUES (288, 955, 4, 138);
INSERT INTO PlantedIn (bedID, plantID, percentage, staffID) VALUES (372, 1227, 4, 43);
INSERT INTO PlantedIn (bedID, plantID, percentage, staffID) VALUES (291, 517, 4, 171);
INSERT INTO PlantedIn (bedID, plantID, percentage, staffID) VALUES (294, 3582, 3, 34);
INSERT INTO PlantedIn (bedID, plantID, percentage, staffID) VALUES (139, 1072, 3, 59);
INSERT INTO PlantedIn (bedID, plantID, percentage, staffID) VALUES (3, 2215, 3, 168);
INSERT INTO PlantedIn (bedID, plantID, percentage, staffID) VALUES (200, 3077, 1, 46);
INSERT INTO PlantedIn (bedID, plantID, percentage, staffID) VALUES (21, 3463, 4, 172);
INSERT INTO PlantedIn (bedID, plantID, percentage, staffID) VALUES (101, 178, 4, 120);
INSERT INTO PlantedIn (bedID, plantID, percentage, staffID) VALUES (85, 1646, 4, 165);
INSERT INTO PlantedIn (bedID, plantID, percentage, staffID) VALUES (167, 3740, 3, 84);
INSERT INTO PlantedIn (bedID, plantID, percentage, staffID) VALUES (116, 2700, 2, 57);
INSERT INTO PlantedIn (bedID, plantID, percentage, staffID) VALUES (263, 1040, 3, 4);
INSERT INTO PlantedIn (bedID, plantID, percentage, staffID) VALUES (300, 1471, 3, 60);
INSERT INTO PlantedIn (bedID, plantID, percentage, staffID) VALUES (131, 507, 2, 104);
INSERT INTO PlantedIn (bedID, plantID, percentage, staffID) VALUES (84, 364, 2, 65);
INSERT INTO PlantedIn (bedID, plantID, percentage, staffID) VALUES (42, 2197, 2, 106);
INSERT INTO PlantedIn (bedID, plantID, percentage, staffID) VALUES (127, 3065, 4, 135);
INSERT INTO PlantedIn (bedID, plantID, percentage, staffID) VALUES (30, 2607, 4, 79);
INSERT INTO PlantedIn (bedID, plantID, percentage, staffID) VALUES (243, 2097, 1, 35);
INSERT INTO PlantedIn (bedID, plantID, percentage, staffID) VALUES (437, 1779, 1, 169);
INSERT INTO PlantedIn (bedID, plantID, percentage, staffID) VALUES (280, 1274, 4, 141);
INSERT INTO PlantedIn (bedID, plantID, percentage, staffID) VALUES (201, 19, 4, 26);
INSERT INTO PlantedIn (bedID, plantID, percentage, staffID) VALUES (60, 1091, 1, 167);
INSERT INTO PlantedIn (bedID, plantID, percentage, staffID) VALUES (403, 1282, 1, 112);
INSERT INTO PlantedIn (bedID, plantID, percentage, staffID) VALUES (59, 784, 1, 192);
INSERT INTO PlantedIn (bedID, plantID, percentage, staffID) VALUES (415, 1253, 2, 19);
INSERT INTO PlantedIn (bedID, plantID, percentage, staffID) VALUES (410, 995, 4, 110);
INSERT INTO PlantedIn (bedID, plantID, percentage, staffID) VALUES (327, 2620, 1, 16);
INSERT INTO PlantedIn (bedID, plantID, percentage, staffID) VALUES (323, 783, 4, 12);
INSERT INTO PlantedIn (bedID, plantID, percentage, staffID) VALUES (230, 3368, 2, 5);
INSERT INTO PlantedIn (bedID, plantID, percentage, staffID) VALUES (96, 2186, 2, 93);
INSERT INTO PlantedIn (bedID, plantID, percentage, staffID) VALUES (364, 1517, 3, 105);
INSERT INTO PlantedIn (bedID, plantID, percentage, staffID) VALUES (339, 2334, 3, 8);
INSERT INTO PlantedIn (bedID, plantID, percentage, staffID) VALUES (408, 2208, 3, 77);
INSERT INTO PlantedIn (bedID, plantID, percentage, staffID) VALUES (441, 1398, 3, 182);
INSERT INTO PlantedIn (bedID, plantID, percentage, staffID) VALUES (19, 3729, 3, 150);
INSERT INTO PlantedIn (bedID, plantID, percentage, staffID) VALUES (80, 3052, 3, 109);
INSERT INTO PlantedIn (bedID, plantID, percentage, staffID) VALUES (55, 1698, 4, 39);
INSERT INTO PlantedIn (bedID, plantID, percentage, staffID) VALUES (394, 2725, 3, 109);
INSERT INTO PlantedIn (bedID, plantID, percentage, staffID) VALUES (147, 2182, 1, 27);
INSERT INTO PlantedIn (bedID, plantID, percentage, staffID) VALUES (65, 1949, 1, 153);
INSERT INTO PlantedIn (bedID, plantID, percentage, staffID) VALUES (410, 2458, 4, 141);
INSERT INTO PlantedIn (bedID, plantID, percentage, staffID) VALUES (285, 1626, 4, 129);
INSERT INTO PlantedIn (bedID, plantID, percentage, staffID) VALUES (100, 610, 4, 86);
INSERT INTO PlantedIn (bedID, plantID, percentage, staffID) VALUES (335, 1570, 4, 150);
INSERT INTO PlantedIn (bedID, plantID, percentage, staffID) VALUES (400, 3578, 3, 145);
INSERT INTO PlantedIn (bedID, plantID, percentage, staffID) VALUES (299, 919, 4, 46);
INSERT INTO PlantedIn (bedID, plantID, percentage, staffID) VALUES (380, 1379, 4, 23);
INSERT INTO PlantedIn (bedID, plantID, percentage, staffID) VALUES (408, 3315, 3, 1);
INSERT INTO PlantedIn (bedID, plantID, percentage, staffID) VALUES (234, 2673, 1, 129);
INSERT INTO PlantedIn (bedID, plantID, percentage, staffID) VALUES (53, 1003, 2, 176);
INSERT INTO PlantedIn (bedID, plantID, percentage, staffID) VALUES (198, 1086, 1, 40);
INSERT INTO PlantedIn (bedID, plantID, percentage, staffID) VALUES (325, 3587, 3, 194);
INSERT INTO PlantedIn (bedID, plantID, percentage, staffID) VALUES (404, 2542, 2, 43);
INSERT INTO PlantedIn (bedID, plantID, percentage, staffID) VALUES (424, 1680, 3, 87);
INSERT INTO PlantedIn (bedID, plantID, percentage, staffID) VALUES (375, 2058, 3, 130);
INSERT INTO PlantedIn (bedID, plantID, percentage, staffID) VALUES (185, 2471, 4, 78);
INSERT INTO PlantedIn (bedID, plantID, percentage, staffID) VALUES (128, 3242, 3, 157);
INSERT INTO PlantedIn (bedID, plantID, percentage, staffID) VALUES (57, 3704, 4, 166);
INSERT INTO PlantedIn (bedID, plantID, percentage, staffID) VALUES (420, 2940, 3, 70);
INSERT INTO PlantedIn (bedID, plantID, percentage, staffID) VALUES (198, 2118, 2, 46);
INSERT INTO PlantedIn (bedID, plantID, percentage, staffID) VALUES (465, 2500, 4, 3);
INSERT INTO PlantedIn (bedID, plantID, percentage, staffID) VALUES (85, 2495, 3, 87);
INSERT INTO PlantedIn (bedID, plantID, percentage, staffID) VALUES (135, 3106, 3, 93);
INSERT INTO PlantedIn (bedID, plantID, percentage, staffID) VALUES (385, 1660, 1, 12);
INSERT INTO PlantedIn (bedID, plantID, percentage, staffID) VALUES (127, 3181, 2, 157);
INSERT INTO PlantedIn (bedID, plantID, percentage, staffID) VALUES (370, 2244, 3, 40);
INSERT INTO PlantedIn (bedID, plantID, percentage, staffID) VALUES (162, 2059, 4, 83);
INSERT INTO PlantedIn (bedID, plantID, percentage, staffID) VALUES (39, 2436, 1, 15);
INSERT INTO PlantedIn (bedID, plantID, percentage, staffID) VALUES (131, 321, 2, 171);
INSERT INTO PlantedIn (bedID, plantID, percentage, staffID) VALUES (345, 1011, 1, 6);
INSERT INTO PlantedIn (bedID, plantID, percentage, staffID) VALUES (31, 1844, 4, 129);
INSERT INTO PlantedIn (bedID, plantID, percentage, staffID) VALUES (241, 2824, 2, 115);
INSERT INTO PlantedIn (bedID, plantID, percentage, staffID) VALUES (137, 1406, 2, 84);
INSERT INTO PlantedIn (bedID, plantID, percentage, staffID) VALUES (471, 1871, 2, 89);
INSERT INTO PlantedIn (bedID, plantID, percentage, staffID) VALUES (269, 1037, 2, 149);
INSERT INTO PlantedIn (bedID, plantID, percentage, staffID) VALUES (251, 2905, 3, 63);
INSERT INTO PlantedIn (bedID, plantID, percentage, staffID) VALUES (109, 3616, 1, 97);
INSERT INTO PlantedIn (bedID, plantID, percentage, staffID) VALUES (294, 1680, 1, 64);
INSERT INTO PlantedIn (bedID, plantID, percentage, staffID) VALUES (79, 3368, 2, 86);
INSERT INTO PlantedIn (bedID, plantID, percentage, staffID) VALUES (297, 1461, 4, 27);
INSERT INTO PlantedIn (bedID, plantID, percentage, staffID) VALUES (351, 2088, 3, 59);
INSERT INTO PlantedIn (bedID, plantID, percentage, staffID) VALUES (12, 2771, 3, 2);
INSERT INTO PlantedIn (bedID, plantID, percentage, staffID) VALUES (466, 2832, 3, 181);
INSERT INTO PlantedIn (bedID, plantID, percentage, staffID) VALUES (229, 746, 3, 23);
INSERT INTO PlantedIn (bedID, plantID, percentage, staffID) VALUES (61, 2253, 3, 173);
INSERT INTO PlantedIn (bedID, plantID, percentage, staffID) VALUES (9, 607, 1, 180);
INSERT INTO PlantedIn (bedID, plantID, percentage, staffID) VALUES (14, 1164, 3, 135);
INSERT INTO PlantedIn (bedID, plantID, percentage, staffID) VALUES (322, 3044, 2, 117);
INSERT INTO PlantedIn (bedID, plantID, percentage, staffID) VALUES (155, 3310, 2, 32);
INSERT INTO PlantedIn (bedID, plantID, percentage, staffID) VALUES (272, 626, 3, 193);
INSERT INTO PlantedIn (bedID, plantID, percentage, staffID) VALUES (424, 3198, 2, 15);
INSERT INTO PlantedIn (bedID, plantID, percentage, staffID) VALUES (10, 705, 1, 19);
INSERT INTO PlantedIn (bedID, plantID, percentage, staffID) VALUES (362, 3629, 4, 184);
INSERT INTO PlantedIn (bedID, plantID, percentage, staffID) VALUES (38, 2413, 4, 160);
INSERT INTO PlantedIn (bedID, plantID, percentage, staffID) VALUES (195, 1357, 3, 37);
INSERT INTO PlantedIn (bedID, plantID, percentage, staffID) VALUES (99, 1295, 4, 19);
INSERT INTO PlantedIn (bedID, plantID, percentage, staffID) VALUES (235, 127, 2, 70);
INSERT INTO PlantedIn (bedID, plantID, percentage, staffID) VALUES (407, 1590, 4, 158);
INSERT INTO PlantedIn (bedID, plantID, percentage, staffID) VALUES (281, 3329, 2, 6);
INSERT INTO PlantedIn (bedID, plantID, percentage, staffID) VALUES (379, 3583, 4, 29);
INSERT INTO PlantedIn (bedID, plantID, percentage, staffID) VALUES (334, 413, 4, 4);
INSERT INTO PlantedIn (bedID, plantID, percentage, staffID) VALUES (346, 3088, 1, 111);
INSERT INTO PlantedIn (bedID, plantID, percentage, staffID) VALUES (71, 2794, 2, 180);
INSERT INTO PlantedIn (bedID, plantID, percentage, staffID) VALUES (28, 3759, 3, 29);
INSERT INTO PlantedIn (bedID, plantID, percentage, staffID) VALUES (3, 1841, 4, 193);
INSERT INTO PlantedIn (bedID, plantID, percentage, staffID) VALUES (420, 2767, 2, 153);
INSERT INTO PlantedIn (bedID, plantID, percentage, staffID) VALUES (273, 2991, 2, 172);
INSERT INTO PlantedIn (bedID, plantID, percentage, staffID) VALUES (332, 3792, 2, 56);
INSERT INTO PlantedIn (bedID, plantID, percentage, staffID) VALUES (42, 1128, 4, 40);
INSERT INTO PlantedIn (bedID, plantID, percentage, staffID) VALUES (217, 3258, 3, 122);
INSERT INTO PlantedIn (bedID, plantID, percentage, staffID) VALUES (386, 2842, 4, 15);
INSERT INTO PlantedIn (bedID, plantID, percentage, staffID) VALUES (100, 65, 1, 140);
INSERT INTO PlantedIn (bedID, plantID, percentage, staffID) VALUES (347, 1664, 2, 119);
INSERT INTO PlantedIn (bedID, plantID, percentage, staffID) VALUES (97, 1622, 4, 140);
INSERT INTO PlantedIn (bedID, plantID, percentage, staffID) VALUES (190, 3704, 2, 64);
INSERT INTO PlantedIn (bedID, plantID, percentage, staffID) VALUES (119, 1947, 2, 63);
INSERT INTO PlantedIn (bedID, plantID, percentage, staffID) VALUES (114, 1035, 3, 119);
INSERT INTO PlantedIn (bedID, plantID, percentage, staffID) VALUES (53, 690, 4, 44);
INSERT INTO PlantedIn (bedID, plantID, percentage, staffID) VALUES (433, 1102, 1, 153);
INSERT INTO PlantedIn (bedID, plantID, percentage, staffID) VALUES (143, 1667, 1, 46);
INSERT INTO PlantedIn (bedID, plantID, percentage, staffID) VALUES (408, 3105, 1, 71);
INSERT INTO PlantedIn (bedID, plantID, percentage, staffID) VALUES (468, 1093, 1, 23);
INSERT INTO PlantedIn (bedID, plantID, percentage, staffID) VALUES (372, 1617, 1, 118);
INSERT INTO PlantedIn (bedID, plantID, percentage, staffID) VALUES (325, 616, 4, 148);
INSERT INTO PlantedIn (bedID, plantID, percentage, staffID) VALUES (160, 3624, 2, 148);
INSERT INTO PlantedIn (bedID, plantID, percentage, staffID) VALUES (106, 1809, 3, 77);
INSERT INTO PlantedIn (bedID, plantID, percentage, staffID) VALUES (426, 2319, 4, 114);
INSERT INTO PlantedIn (bedID, plantID, percentage, staffID) VALUES (191, 3486, 3, 169);
INSERT INTO PlantedIn (bedID, plantID, percentage, staffID) VALUES (441, 3084, 4, 51);
INSERT INTO PlantedIn (bedID, plantID, percentage, staffID) VALUES (369, 2844, 2, 183);
INSERT INTO PlantedIn (bedID, plantID, percentage, staffID) VALUES (424, 2380, 1, 54);
INSERT INTO PlantedIn (bedID, plantID, percentage, staffID) VALUES (262, 3799, 4, 99);
INSERT INTO PlantedIn (bedID, plantID, percentage, staffID) VALUES (214, 3324, 2, 62);
INSERT INTO PlantedIn (bedID, plantID, percentage, staffID) VALUES (218, 3316, 4, 23);
INSERT INTO PlantedIn (bedID, plantID, percentage, staffID) VALUES (360, 3624, 3, 100);
INSERT INTO PlantedIn (bedID, plantID, percentage, staffID) VALUES (348, 2853, 4, 125);
INSERT INTO PlantedIn (bedID, plantID, percentage, staffID) VALUES (47, 2968, 4, 140);
INSERT INTO PlantedIn (bedID, plantID, percentage, staffID) VALUES (239, 2223, 2, 70);
INSERT INTO PlantedIn (bedID, plantID, percentage, staffID) VALUES (91, 2330, 3, 129);
INSERT INTO PlantedIn (bedID, plantID, percentage, staffID) VALUES (278, 443, 1, 106);
INSERT INTO PlantedIn (bedID, plantID, percentage, staffID) VALUES (461, 3163, 2, 79);
INSERT INTO PlantedIn (bedID, plantID, percentage, staffID) VALUES (320, 1922, 2, 61);
INSERT INTO PlantedIn (bedID, plantID, percentage, staffID) VALUES (206, 3040, 1, 26);
INSERT INTO PlantedIn (bedID, plantID, percentage, staffID) VALUES (240, 2583, 1, 103);
INSERT INTO PlantedIn (bedID, plantID, percentage, staffID) VALUES (115, 3256, 2, 84);
INSERT INTO PlantedIn (bedID, plantID, percentage, staffID) VALUES (211, 147, 1, 37);
INSERT INTO PlantedIn (bedID, plantID, percentage, staffID) VALUES (73, 2690, 1, 14);
INSERT INTO PlantedIn (bedID, plantID, percentage, staffID) VALUES (244, 1754, 1, 115);
INSERT INTO PlantedIn (bedID, plantID, percentage, staffID) VALUES (450, 3320, 2, 128);
INSERT INTO PlantedIn (bedID, plantID, percentage, staffID) VALUES (306, 2912, 1, 114);
INSERT INTO PlantedIn (bedID, plantID, percentage, staffID) VALUES (233, 2090, 4, 162);
INSERT INTO PlantedIn (bedID, plantID, percentage, staffID) VALUES (99, 1134, 2, 2);
INSERT INTO PlantedIn (bedID, plantID, percentage, staffID) VALUES (65, 1597, 3, 181);
INSERT INTO PlantedIn (bedID, plantID, percentage, staffID) VALUES (214, 243, 3, 125);
INSERT INTO PlantedIn (bedID, plantID, percentage, staffID) VALUES (359, 2625, 2, 150);
INSERT INTO PlantedIn (bedID, plantID, percentage, staffID) VALUES (63, 1130, 1, 95);
INSERT INTO PlantedIn (bedID, plantID, percentage, staffID) VALUES (72, 345, 4, 96);
INSERT INTO PlantedIn (bedID, plantID, percentage, staffID) VALUES (268, 2934, 4, 68);
INSERT INTO PlantedIn (bedID, plantID, percentage, staffID) VALUES (355, 433, 1, 157);
INSERT INTO PlantedIn (bedID, plantID, percentage, staffID) VALUES (83, 1471, 4, 164);
INSERT INTO PlantedIn (bedID, plantID, percentage, staffID) VALUES (29, 2066, 1, 42);
INSERT INTO PlantedIn (bedID, plantID, percentage, staffID) VALUES (392, 2585, 4, 57);
INSERT INTO PlantedIn (bedID, plantID, percentage, staffID) VALUES (359, 2883, 3, 159);
INSERT INTO PlantedIn (bedID, plantID, percentage, staffID) VALUES (365, 2865, 2, 191);
INSERT INTO PlantedIn (bedID, plantID, percentage, staffID) VALUES (237, 1021, 3, 23);
INSERT INTO PlantedIn (bedID, plantID, percentage, staffID) VALUES (284, 1298, 2, 152);
INSERT INTO PlantedIn (bedID, plantID, percentage, staffID) VALUES (212, 1968, 3, 113);
INSERT INTO PlantedIn (bedID, plantID, percentage, staffID) VALUES (421, 1366, 4, 114);
INSERT INTO PlantedIn (bedID, plantID, percentage, staffID) VALUES (420, 2942, 3, 29);
INSERT INTO PlantedIn (bedID, plantID, percentage, staffID) VALUES (204, 1616, 1, 142);
INSERT INTO PlantedIn (bedID, plantID, percentage, staffID) VALUES (78, 1808, 4, 161);
INSERT INTO PlantedIn (bedID, plantID, percentage, staffID) VALUES (99, 2789, 3, 55);
INSERT INTO PlantedIn (bedID, plantID, percentage, staffID) VALUES (467, 1466, 3, 54);
INSERT INTO PlantedIn (bedID, plantID, percentage, staffID) VALUES (339, 6, 1, 191);
INSERT INTO PlantedIn (bedID, plantID, percentage, staffID) VALUES (242, 1873, 2, 161);
INSERT INTO PlantedIn (bedID, plantID, percentage, staffID) VALUES (397, 1316, 3, 72);
INSERT INTO PlantedIn (bedID, plantID, percentage, staffID) VALUES (48, 1896, 3, 90);
INSERT INTO PlantedIn (bedID, plantID, percentage, staffID) VALUES (430, 515, 1, 147);
INSERT INTO PlantedIn (bedID, plantID, percentage, staffID) VALUES (285, 1956, 4, 2);
INSERT INTO PlantedIn (bedID, plantID, percentage, staffID) VALUES (108, 1067, 1, 106);
INSERT INTO PlantedIn (bedID, plantID, percentage, staffID) VALUES (310, 3012, 2, 163);
INSERT INTO PlantedIn (bedID, plantID, percentage, staffID) VALUES (370, 2836, 2, 109);
INSERT INTO PlantedIn (bedID, plantID, percentage, staffID) VALUES (104, 1228, 1, 141);
INSERT INTO PlantedIn (bedID, plantID, percentage, staffID) VALUES (251, 859, 2, 60);
INSERT INTO PlantedIn (bedID, plantID, percentage, staffID) VALUES (169, 34, 4, 105);
INSERT INTO PlantedIn (bedID, plantID, percentage, staffID) VALUES (244, 2001, 3, 157);
INSERT INTO PlantedIn (bedID, plantID, percentage, staffID) VALUES (30, 2913, 4, 168);
INSERT INTO PlantedIn (bedID, plantID, percentage, staffID) VALUES (231, 1360, 3, 28);
INSERT INTO PlantedIn (bedID, plantID, percentage, staffID) VALUES (317, 3187, 2, 156);
INSERT INTO PlantedIn (bedID, plantID, percentage, staffID) VALUES (409, 2100, 2, 18);
INSERT INTO PlantedIn (bedID, plantID, percentage, staffID) VALUES (362, 1457, 1, 170);
INSERT INTO PlantedIn (bedID, plantID, percentage, staffID) VALUES (183, 1329, 4, 16);
INSERT INTO PlantedIn (bedID, plantID, percentage, staffID) VALUES (408, 3253, 3, 131);
INSERT INTO PlantedIn (bedID, plantID, percentage, staffID) VALUES (60, 2307, 1, 22);
INSERT INTO PlantedIn (bedID, plantID, percentage, staffID) VALUES (166, 3566, 4, 7);
INSERT INTO PlantedIn (bedID, plantID, percentage, staffID) VALUES (130, 635, 4, 111);
INSERT INTO PlantedIn (bedID, plantID, percentage, staffID) VALUES (468, 1177, 4, 56);
INSERT INTO PlantedIn (bedID, plantID, percentage, staffID) VALUES (401, 1381, 3, 51);
INSERT INTO PlantedIn (bedID, plantID, percentage, staffID) VALUES (348, 307, 1, 150);
INSERT INTO PlantedIn (bedID, plantID, percentage, staffID) VALUES (201, 3129, 2, 4);
INSERT INTO PlantedIn (bedID, plantID, percentage, staffID) VALUES (308, 2556, 4, 192);
INSERT INTO PlantedIn (bedID, plantID, percentage, staffID) VALUES (457, 3841, 1, 91);
INSERT INTO PlantedIn (bedID, plantID, percentage, staffID) VALUES (75, 3822, 1, 38);
INSERT INTO PlantedIn (bedID, plantID, percentage, staffID) VALUES (384, 950, 3, 154);
INSERT INTO PlantedIn (bedID, plantID, percentage, staffID) VALUES (154, 1881, 3, 136);
INSERT INTO PlantedIn (bedID, plantID, percentage, staffID) VALUES (141, 2640, 4, 7);
INSERT INTO PlantedIn (bedID, plantID, percentage, staffID) VALUES (163, 3756, 3, 148);
INSERT INTO PlantedIn (bedID, plantID, percentage, staffID) VALUES (7, 2655, 4, 43);
INSERT INTO PlantedIn (bedID, plantID, percentage, staffID) VALUES (322, 2537, 4, 45);
INSERT INTO PlantedIn (bedID, plantID, percentage, staffID) VALUES (405, 3804, 3, 17);
INSERT INTO PlantedIn (bedID, plantID, percentage, staffID) VALUES (109, 3216, 3, 44);
INSERT INTO PlantedIn (bedID, plantID, percentage, staffID) VALUES (151, 3384, 3, 62);
INSERT INTO PlantedIn (bedID, plantID, percentage, staffID) VALUES (265, 1297, 4, 115);
INSERT INTO PlantedIn (bedID, plantID, percentage, staffID) VALUES (146, 1103, 2, 104);
INSERT INTO PlantedIn (bedID, plantID, percentage, staffID) VALUES (460, 2765, 3, 62);
INSERT INTO PlantedIn (bedID, plantID, percentage, staffID) VALUES (176, 2016, 1, 101);
INSERT INTO PlantedIn (bedID, plantID, percentage, staffID) VALUES (218, 128, 3, 92);
INSERT INTO PlantedIn (bedID, plantID, percentage, staffID) VALUES (410, 2547, 1, 50);
INSERT INTO PlantedIn (bedID, plantID, percentage, staffID) VALUES (253, 2117, 1, 163);
INSERT INTO PlantedIn (bedID, plantID, percentage, staffID) VALUES (306, 1935, 3, 105);
INSERT INTO PlantedIn (bedID, plantID, percentage, staffID) VALUES (103, 3145, 3, 56);
INSERT INTO PlantedIn (bedID, plantID, percentage, staffID) VALUES (159, 2941, 2, 124);
INSERT INTO PlantedIn (bedID, plantID, percentage, staffID) VALUES (112, 2160, 3, 8);
INSERT INTO PlantedIn (bedID, plantID, percentage, staffID) VALUES (280, 1880, 2, 79);
INSERT INTO PlantedIn (bedID, plantID, percentage, staffID) VALUES (69, 2438, 3, 131);
INSERT INTO PlantedIn (bedID, plantID, percentage, staffID) VALUES (85, 1695, 1, 158);
INSERT INTO PlantedIn (bedID, plantID, percentage, staffID) VALUES (378, 2968, 2, 52);
INSERT INTO PlantedIn (bedID, plantID, percentage, staffID) VALUES (127, 2950, 2, 13);
INSERT INTO PlantedIn (bedID, plantID, percentage, staffID) VALUES (273, 1280, 4, 15);
INSERT INTO PlantedIn (bedID, plantID, percentage, staffID) VALUES (44, 2612, 2, 35);
INSERT INTO PlantedIn (bedID, plantID, percentage, staffID) VALUES (111, 812, 4, 6);
INSERT INTO PlantedIn (bedID, plantID, percentage, staffID) VALUES (330, 1589, 4, 58);
INSERT INTO PlantedIn (bedID, plantID, percentage, staffID) VALUES (20, 3569, 1, 107);
INSERT INTO PlantedIn (bedID, plantID, percentage, staffID) VALUES (172, 1131, 1, 58);
INSERT INTO PlantedIn (bedID, plantID, percentage, staffID) VALUES (29, 2058, 2, 124);
INSERT INTO PlantedIn (bedID, plantID, percentage, staffID) VALUES (140, 2573, 4, 166);
INSERT INTO PlantedIn (bedID, plantID, percentage, staffID) VALUES (472, 3418, 1, 160);
INSERT INTO PlantedIn (bedID, plantID, percentage, staffID) VALUES (265, 3690, 4, 86);
INSERT INTO PlantedIn (bedID, plantID, percentage, staffID) VALUES (78, 1707, 4, 127);
INSERT INTO PlantedIn (bedID, plantID, percentage, staffID) VALUES (404, 3492, 4, 144);
INSERT INTO PlantedIn (bedID, plantID, percentage, staffID) VALUES (391, 859, 1, 24);
INSERT INTO PlantedIn (bedID, plantID, percentage, staffID) VALUES (244, 1530, 3, 72);
INSERT INTO PlantedIn (bedID, plantID, percentage, staffID) VALUES (439, 3683, 1, 185);
INSERT INTO PlantedIn (bedID, plantID, percentage, staffID) VALUES (293, 2769, 3, 20);
INSERT INTO PlantedIn (bedID, plantID, percentage, staffID) VALUES (285, 3400, 1, 144);
INSERT INTO PlantedIn (bedID, plantID, percentage, staffID) VALUES (266, 2224, 2, 176);
INSERT INTO PlantedIn (bedID, plantID, percentage, staffID) VALUES (227, 2167, 2, 63);
INSERT INTO PlantedIn (bedID, plantID, percentage, staffID) VALUES (371, 1635, 2, 101);
INSERT INTO PlantedIn (bedID, plantID, percentage, staffID) VALUES (388, 3256, 3, 178);
INSERT INTO PlantedIn (bedID, plantID, percentage, staffID) VALUES (233, 254, 1, 6);
INSERT INTO PlantedIn (bedID, plantID, percentage, staffID) VALUES (448, 2828, 4, 52);
INSERT INTO PlantedIn (bedID, plantID, percentage, staffID) VALUES (403, 806, 2, 159);
INSERT INTO PlantedIn (bedID, plantID, percentage, staffID) VALUES (371, 2460, 2, 169);
INSERT INTO PlantedIn (bedID, plantID, percentage, staffID) VALUES (94, 524, 4, 116);
INSERT INTO PlantedIn (bedID, plantID, percentage, staffID) VALUES (264, 237, 2, 57);
INSERT INTO PlantedIn (bedID, plantID, percentage, staffID) VALUES (428, 576, 3, 26);
INSERT INTO PlantedIn (bedID, plantID, percentage, staffID) VALUES (438, 361, 2, 23);
INSERT INTO PlantedIn (bedID, plantID, percentage, staffID) VALUES (76, 543, 1, 105);
INSERT INTO PlantedIn (bedID, plantID, percentage, staffID) VALUES (413, 2953, 3, 181);
INSERT INTO PlantedIn (bedID, plantID, percentage, staffID) VALUES (460, 2554, 4, 28);
INSERT INTO PlantedIn (bedID, plantID, percentage, staffID) VALUES (141, 3725, 2, 4);
INSERT INTO PlantedIn (bedID, plantID, percentage, staffID) VALUES (47, 2264, 3, 97);
INSERT INTO PlantedIn (bedID, plantID, percentage, staffID) VALUES (306, 2897, 3, 7);
INSERT INTO PlantedIn (bedID, plantID, percentage, staffID) VALUES (425, 606, 4, 51);
INSERT INTO PlantedIn (bedID, plantID, percentage, staffID) VALUES (119, 1394, 2, 50);
INSERT INTO PlantedIn (bedID, plantID, percentage, staffID) VALUES (237, 2904, 2, 105);
INSERT INTO PlantedIn (bedID, plantID, percentage, staffID) VALUES (244, 1531, 2, 20);
INSERT INTO PlantedIn (bedID, plantID, percentage, staffID) VALUES (27, 901, 2, 50);
INSERT INTO PlantedIn (bedID, plantID, percentage, staffID) VALUES (93, 1009, 2, 173);
INSERT INTO PlantedIn (bedID, plantID, percentage, staffID) VALUES (68, 1127, 2, 162);
INSERT INTO PlantedIn (bedID, plantID, percentage, staffID) VALUES (309, 122, 1, 164);
INSERT INTO PlantedIn (bedID, plantID, percentage, staffID) VALUES (371, 1214, 2, 108);
INSERT INTO PlantedIn (bedID, plantID, percentage, staffID) VALUES (336, 2404, 4, 161);
INSERT INTO PlantedIn (bedID, plantID, percentage, staffID) VALUES (405, 107, 1, 25);
INSERT INTO PlantedIn (bedID, plantID, percentage, staffID) VALUES (137, 3739, 1, 71);
INSERT INTO PlantedIn (bedID, plantID, percentage, staffID) VALUES (136, 1155, 2, 129);
INSERT INTO PlantedIn (bedID, plantID, percentage, staffID) VALUES (135, 2593, 2, 66);
INSERT INTO PlantedIn (bedID, plantID, percentage, staffID) VALUES (456, 441, 3, 168);
INSERT INTO PlantedIn (bedID, plantID, percentage, staffID) VALUES (69, 2400, 4, 157);
INSERT INTO PlantedIn (bedID, plantID, percentage, staffID) VALUES (443, 1131, 3, 47);
INSERT INTO PlantedIn (bedID, plantID, percentage, staffID) VALUES (433, 41, 4, 84);
INSERT INTO PlantedIn (bedID, plantID, percentage, staffID) VALUES (18, 2056, 2, 168);
INSERT INTO PlantedIn (bedID, plantID, percentage, staffID) VALUES (237, 645, 4, 95);
INSERT INTO PlantedIn (bedID, plantID, percentage, staffID) VALUES (221, 343, 4, 29);
INSERT INTO PlantedIn (bedID, plantID, percentage, staffID) VALUES (360, 1798, 3, 37);
INSERT INTO PlantedIn (bedID, plantID, percentage, staffID) VALUES (274, 3853, 3, 69);
INSERT INTO PlantedIn (bedID, plantID, percentage, staffID) VALUES (293, 397, 3, 134);
INSERT INTO PlantedIn (bedID, plantID, percentage, staffID) VALUES (187, 3396, 2, 41);
INSERT INTO PlantedIn (bedID, plantID, percentage, staffID) VALUES (421, 2353, 4, 17);
INSERT INTO PlantedIn (bedID, plantID, percentage, staffID) VALUES (67, 3476, 3, 52);
INSERT INTO PlantedIn (bedID, plantID, percentage, staffID) VALUES (32, 2761, 3, 87);
INSERT INTO PlantedIn (bedID, plantID, percentage, staffID) VALUES (380, 2193, 3, 58);
INSERT INTO PlantedIn (bedID, plantID, percentage, staffID) VALUES (16, 1774, 3, 58);
INSERT INTO PlantedIn (bedID, plantID, percentage, staffID) VALUES (216, 2394, 1, 69);
INSERT INTO PlantedIn (bedID, plantID, percentage, staffID) VALUES (342, 3821, 1, 128);
INSERT INTO PlantedIn (bedID, plantID, percentage, staffID) VALUES (411, 3178, 4, 88);
INSERT INTO PlantedIn (bedID, plantID, percentage, staffID) VALUES (204, 1954, 3, 140);
INSERT INTO PlantedIn (bedID, plantID, percentage, staffID) VALUES (192, 3620, 2, 44);
INSERT INTO PlantedIn (bedID, plantID, percentage, staffID) VALUES (308, 2460, 2, 1);
INSERT INTO PlantedIn (bedID, plantID, percentage, staffID) VALUES (97, 1098, 1, 4);
INSERT INTO PlantedIn (bedID, plantID, percentage, staffID) VALUES (352, 1156, 1, 173);
INSERT INTO PlantedIn (bedID, plantID, percentage, staffID) VALUES (435, 707, 3, 56);
INSERT INTO PlantedIn (bedID, plantID, percentage, staffID) VALUES (82, 3463, 1, 155);
INSERT INTO PlantedIn (bedID, plantID, percentage, staffID) VALUES (340, 710, 1, 163);
INSERT INTO PlantedIn (bedID, plantID, percentage, staffID) VALUES (326, 1848, 1, 147);
INSERT INTO PlantedIn (bedID, plantID, percentage, staffID) VALUES (197, 3599, 1, 116);
INSERT INTO PlantedIn (bedID, plantID, percentage, staffID) VALUES (269, 2190, 4, 106);
INSERT INTO PlantedIn (bedID, plantID, percentage, staffID) VALUES (403, 2066, 3, 2);
INSERT INTO PlantedIn (bedID, plantID, percentage, staffID) VALUES (395, 3301, 4, 162);
INSERT INTO PlantedIn (bedID, plantID, percentage, staffID) VALUES (18, 239, 1, 80);
INSERT INTO PlantedIn (bedID, plantID, percentage, staffID) VALUES (453, 576, 3, 51);
INSERT INTO PlantedIn (bedID, plantID, percentage, staffID) VALUES (158, 160, 1, 169);
INSERT INTO PlantedIn (bedID, plantID, percentage, staffID) VALUES (246, 2103, 4, 24);
INSERT INTO PlantedIn (bedID, plantID, percentage, staffID) VALUES (117, 2002, 1, 166);
INSERT INTO PlantedIn (bedID, plantID, percentage, staffID) VALUES (319, 1854, 3, 131);
INSERT INTO PlantedIn (bedID, plantID, percentage, staffID) VALUES (257, 113, 2, 188);
INSERT INTO PlantedIn (bedID, plantID, percentage, staffID) VALUES (85, 642, 3, 36);
INSERT INTO PlantedIn (bedID, plantID, percentage, staffID) VALUES (99, 3860, 3, 109);
INSERT INTO PlantedIn (bedID, plantID, percentage, staffID) VALUES (257, 2500, 1, 135);
INSERT INTO PlantedIn (bedID, plantID, percentage, staffID) VALUES (155, 2548, 3, 13);
INSERT INTO PlantedIn (bedID, plantID, percentage, staffID) VALUES (84, 3377, 1, 137);
INSERT INTO PlantedIn (bedID, plantID, percentage, staffID) VALUES (329, 1377, 2, 24);
INSERT INTO PlantedIn (bedID, plantID, percentage, staffID) VALUES (396, 2909, 2, 17);
INSERT INTO PlantedIn (bedID, plantID, percentage, staffID) VALUES (370, 3860, 4, 179);
INSERT INTO PlantedIn (bedID, plantID, percentage, staffID) VALUES (78, 197, 2, 96);
INSERT INTO PlantedIn (bedID, plantID, percentage, staffID) VALUES (24, 7, 3, 21);
INSERT INTO PlantedIn (bedID, plantID, percentage, staffID) VALUES (307, 2933, 4, 125);
INSERT INTO PlantedIn (bedID, plantID, percentage, staffID) VALUES (198, 2590, 3, 112);
INSERT INTO PlantedIn (bedID, plantID, percentage, staffID) VALUES (258, 825, 1, 169);
INSERT INTO PlantedIn (bedID, plantID, percentage, staffID) VALUES (270, 3629, 2, 124);
INSERT INTO PlantedIn (bedID, plantID, percentage, staffID) VALUES (327, 2648, 2, 160);
INSERT INTO PlantedIn (bedID, plantID, percentage, staffID) VALUES (324, 2547, 4, 89);
INSERT INTO PlantedIn (bedID, plantID, percentage, staffID) VALUES (336, 3489, 4, 45);
INSERT INTO PlantedIn (bedID, plantID, percentage, staffID) VALUES (428, 1231, 3, 72);
INSERT INTO PlantedIn (bedID, plantID, percentage, staffID) VALUES (37, 3716, 2, 108);
INSERT INTO PlantedIn (bedID, plantID, percentage, staffID) VALUES (299, 284, 1, 19);
INSERT INTO PlantedIn (bedID, plantID, percentage, staffID) VALUES (136, 3531, 4, 85);
INSERT INTO PlantedIn (bedID, plantID, percentage, staffID) VALUES (404, 71, 3, 54);
INSERT INTO PlantedIn (bedID, plantID, percentage, staffID) VALUES (333, 171, 2, 4);
INSERT INTO PlantedIn (bedID, plantID, percentage, staffID) VALUES (333, 1735, 2, 48);
INSERT INTO PlantedIn (bedID, plantID, percentage, staffID) VALUES (167, 1758, 2, 36);
INSERT INTO PlantedIn (bedID, plantID, percentage, staffID) VALUES (366, 2022, 4, 165);
INSERT INTO PlantedIn (bedID, plantID, percentage, staffID) VALUES (230, 1298, 1, 71);
INSERT INTO PlantedIn (bedID, plantID, percentage, staffID) VALUES (194, 1680, 3, 60);
INSERT INTO PlantedIn (bedID, plantID, percentage, staffID) VALUES (165, 2720, 1, 113);
INSERT INTO PlantedIn (bedID, plantID, percentage, staffID) VALUES (342, 3145, 2, 152);
INSERT INTO PlantedIn (bedID, plantID, percentage, staffID) VALUES (406, 2939, 3, 166);
INSERT INTO PlantedIn (bedID, plantID, percentage, staffID) VALUES (237, 559, 2, 167);
INSERT INTO PlantedIn (bedID, plantID, percentage, staffID) VALUES (316, 2414, 1, 26);
INSERT INTO PlantedIn (bedID, plantID, percentage, staffID) VALUES (455, 1815, 2, 55);
INSERT INTO PlantedIn (bedID, plantID, percentage, staffID) VALUES (428, 2160, 2, 14);
INSERT INTO PlantedIn (bedID, plantID, percentage, staffID) VALUES (125, 2385, 4, 93);
INSERT INTO PlantedIn (bedID, plantID, percentage, staffID) VALUES (204, 759, 2, 84);
INSERT INTO PlantedIn (bedID, plantID, percentage, staffID) VALUES (453, 852, 1, 174);
INSERT INTO PlantedIn (bedID, plantID, percentage, staffID) VALUES (126, 3174, 4, 149);
INSERT INTO PlantedIn (bedID, plantID, percentage, staffID) VALUES (457, 2095, 3, 9);
INSERT INTO PlantedIn (bedID, plantID, percentage, staffID) VALUES (79, 639, 1, 161);
INSERT INTO PlantedIn (bedID, plantID, percentage, staffID) VALUES (301, 205, 3, 102);
INSERT INTO PlantedIn (bedID, plantID, percentage, staffID) VALUES (290, 2167, 4, 162);
INSERT INTO PlantedIn (bedID, plantID, percentage, staffID) VALUES (85, 940, 3, 176);
INSERT INTO PlantedIn (bedID, plantID, percentage, staffID) VALUES (208, 1033, 2, 183);
INSERT INTO PlantedIn (bedID, plantID, percentage, staffID) VALUES (231, 2878, 4, 115);
INSERT INTO PlantedIn (bedID, plantID, percentage, staffID) VALUES (268, 1110, 3, 107);
INSERT INTO PlantedIn (bedID, plantID, percentage, staffID) VALUES (450, 470, 1, 74);
INSERT INTO PlantedIn (bedID, plantID, percentage, staffID) VALUES (292, 3477, 1, 126);
INSERT INTO PlantedIn (bedID, plantID, percentage, staffID) VALUES (327, 1886, 4, 73);
INSERT INTO PlantedIn (bedID, plantID, percentage, staffID) VALUES (164, 3725, 3, 76);
INSERT INTO PlantedIn (bedID, plantID, percentage, staffID) VALUES (407, 2970, 3, 21);
INSERT INTO PlantedIn (bedID, plantID, percentage, staffID) VALUES (156, 3303, 3, 35);
INSERT INTO PlantedIn (bedID, plantID, percentage, staffID) VALUES (178, 2712, 4, 91);
INSERT INTO PlantedIn (bedID, plantID, percentage, staffID) VALUES (410, 1703, 4, 136);
INSERT INTO PlantedIn (bedID, plantID, percentage, staffID) VALUES (266, 93, 1, 167);
INSERT INTO PlantedIn (bedID, plantID, percentage, staffID) VALUES (437, 1667, 3, 73);
INSERT INTO PlantedIn (bedID, plantID, percentage, staffID) VALUES (435, 2754, 2, 112);
INSERT INTO PlantedIn (bedID, plantID, percentage, staffID) VALUES (320, 3554, 3, 180);
INSERT INTO PlantedIn (bedID, plantID, percentage, staffID) VALUES (326, 3786, 1, 29);
INSERT INTO PlantedIn (bedID, plantID, percentage, staffID) VALUES (395, 1201, 1, 130);
INSERT INTO PlantedIn (bedID, plantID, percentage, staffID) VALUES (6, 306, 4, 30);
INSERT INTO PlantedIn (bedID, plantID, percentage, staffID) VALUES (246, 3125, 1, 142);
INSERT INTO PlantedIn (bedID, plantID, percentage, staffID) VALUES (394, 1973, 4, 54);
INSERT INTO PlantedIn (bedID, plantID, percentage, staffID) VALUES (446, 2387, 4, 76);
INSERT INTO PlantedIn (bedID, plantID, percentage, staffID) VALUES (157, 3542, 1, 26);
INSERT INTO PlantedIn (bedID, plantID, percentage, staffID) VALUES (396, 19, 3, 111);
INSERT INTO PlantedIn (bedID, plantID, percentage, staffID) VALUES (466, 2636, 4, 111);
INSERT INTO PlantedIn (bedID, plantID, percentage, staffID) VALUES (470, 672, 1, 6);
INSERT INTO PlantedIn (bedID, plantID, percentage, staffID) VALUES (120, 668, 4, 180);
INSERT INTO PlantedIn (bedID, plantID, percentage, staffID) VALUES (465, 2224, 4, 175);
INSERT INTO PlantedIn (bedID, plantID, percentage, staffID) VALUES (41, 442, 1, 117);
INSERT INTO PlantedIn (bedID, plantID, percentage, staffID) VALUES (347, 3630, 1, 182);
INSERT INTO PlantedIn (bedID, plantID, percentage, staffID) VALUES (405, 56, 3, 14);
INSERT INTO PlantedIn (bedID, plantID, percentage, staffID) VALUES (10, 2355, 1, 44);
INSERT INTO PlantedIn (bedID, plantID, percentage, staffID) VALUES (138, 2915, 2, 168);
INSERT INTO PlantedIn (bedID, plantID, percentage, staffID) VALUES (439, 3283, 1, 59);
INSERT INTO PlantedIn (bedID, plantID, percentage, staffID) VALUES (353, 3117, 4, 167);
INSERT INTO PlantedIn (bedID, plantID, percentage, staffID) VALUES (436, 1495, 3, 176);
INSERT INTO PlantedIn (bedID, plantID, percentage, staffID) VALUES (155, 2889, 1, 146);
INSERT INTO PlantedIn (bedID, plantID, percentage, staffID) VALUES (361, 3022, 4, 178);
INSERT INTO PlantedIn (bedID, plantID, percentage, staffID) VALUES (185, 334, 3, 161);
INSERT INTO PlantedIn (bedID, plantID, percentage, staffID) VALUES (216, 982, 2, 194);
INSERT INTO PlantedIn (bedID, plantID, percentage, staffID) VALUES (201, 3486, 1, 99);
INSERT INTO PlantedIn (bedID, plantID, percentage, staffID) VALUES (335, 1155, 3, 1);
INSERT INTO PlantedIn (bedID, plantID, percentage, staffID) VALUES (325, 3328, 1, 58);
INSERT INTO PlantedIn (bedID, plantID, percentage, staffID) VALUES (288, 3848, 2, 40);
INSERT INTO PlantedIn (bedID, plantID, percentage, staffID) VALUES (368, 251, 1, 31);
INSERT INTO PlantedIn (bedID, plantID, percentage, staffID) VALUES (72, 3619, 4, 174);
INSERT INTO PlantedIn (bedID, plantID, percentage, staffID) VALUES (257, 3155, 4, 156);
INSERT INTO PlantedIn (bedID, plantID, percentage, staffID) VALUES (34, 2740, 2, 98);
INSERT INTO PlantedIn (bedID, plantID, percentage, staffID) VALUES (289, 3705, 2, 136);
INSERT INTO PlantedIn (bedID, plantID, percentage, staffID) VALUES (122, 2576, 4, 194);
INSERT INTO PlantedIn (bedID, plantID, percentage, staffID) VALUES (107, 567, 1, 104);
INSERT INTO PlantedIn (bedID, plantID, percentage, staffID) VALUES (100, 2541, 2, 35);
INSERT INTO PlantedIn (bedID, plantID, percentage, staffID) VALUES (281, 77, 1, 73);
INSERT INTO PlantedIn (bedID, plantID, percentage, staffID) VALUES (396, 440, 4, 28);
INSERT INTO PlantedIn (bedID, plantID, percentage, staffID) VALUES (390, 2368, 2, 82);
INSERT INTO PlantedIn (bedID, plantID, percentage, staffID) VALUES (271, 252, 4, 154);
INSERT INTO PlantedIn (bedID, plantID, percentage, staffID) VALUES (347, 2707, 2, 158);
INSERT INTO PlantedIn (bedID, plantID, percentage, staffID) VALUES (440, 2802, 1, 81);
INSERT INTO PlantedIn (bedID, plantID, percentage, staffID) VALUES (413, 3482, 1, 32);
INSERT INTO PlantedIn (bedID, plantID, percentage, staffID) VALUES (264, 1255, 1, 91);
INSERT INTO PlantedIn (bedID, plantID, percentage, staffID) VALUES (163, 3089, 1, 59);
INSERT INTO PlantedIn (bedID, plantID, percentage, staffID) VALUES (432, 1639, 3, 18);
INSERT INTO PlantedIn (bedID, plantID, percentage, staffID) VALUES (18, 1881, 3, 35);
INSERT INTO PlantedIn (bedID, plantID, percentage, staffID) VALUES (261, 3562, 2, 89);
INSERT INTO PlantedIn (bedID, plantID, percentage, staffID) VALUES (295, 800, 3, 111);
INSERT INTO PlantedIn (bedID, plantID, percentage, staffID) VALUES (441, 3621, 4, 144);
INSERT INTO PlantedIn (bedID, plantID, percentage, staffID) VALUES (397, 3323, 2, 181);
INSERT INTO PlantedIn (bedID, plantID, percentage, staffID) VALUES (88, 1280, 3, 112);
INSERT INTO PlantedIn (bedID, plantID, percentage, staffID) VALUES (62, 3230, 1, 145);
INSERT INTO PlantedIn (bedID, plantID, percentage, staffID) VALUES (123, 3072, 2, 159);
INSERT INTO PlantedIn (bedID, plantID, percentage, staffID) VALUES (134, 3662, 4, 185);
INSERT INTO PlantedIn (bedID, plantID, percentage, staffID) VALUES (411, 1313, 2, 24);
INSERT INTO PlantedIn (bedID, plantID, percentage, staffID) VALUES (259, 2543, 2, 9);
INSERT INTO PlantedIn (bedID, plantID, percentage, staffID) VALUES (282, 2883, 2, 58);
INSERT INTO PlantedIn (bedID, plantID, percentage, staffID) VALUES (287, 646, 4, 169);
INSERT INTO PlantedIn (bedID, plantID, percentage, staffID) VALUES (236, 1448, 3, 65);
INSERT INTO PlantedIn (bedID, plantID, percentage, staffID) VALUES (100, 104, 2, 137);
INSERT INTO PlantedIn (bedID, plantID, percentage, staffID) VALUES (389, 1738, 1, 157);
INSERT INTO PlantedIn (bedID, plantID, percentage, staffID) VALUES (188, 2586, 2, 191);
INSERT INTO PlantedIn (bedID, plantID, percentage, staffID) VALUES (4, 199, 3, 155);
INSERT INTO PlantedIn (bedID, plantID, percentage, staffID) VALUES (336, 3083, 2, 7);
INSERT INTO PlantedIn (bedID, plantID, percentage, staffID) VALUES (258, 1215, 1, 151);
INSERT INTO PlantedIn (bedID, plantID, percentage, staffID) VALUES (228, 2178, 4, 192);
INSERT INTO PlantedIn (bedID, plantID, percentage, staffID) VALUES (444, 993, 1, 124);
INSERT INTO PlantedIn (bedID, plantID, percentage, staffID) VALUES (135, 1076, 1, 126);
INSERT INTO PlantedIn (bedID, plantID, percentage, staffID) VALUES (345, 1480, 1, 43);
INSERT INTO PlantedIn (bedID, plantID, percentage, staffID) VALUES (93, 567, 4, 126);
INSERT INTO PlantedIn (bedID, plantID, percentage, staffID) VALUES (447, 2505, 2, 43);
INSERT INTO PlantedIn (bedID, plantID, percentage, staffID) VALUES (456, 3648, 2, 130);
INSERT INTO PlantedIn (bedID, plantID, percentage, staffID) VALUES (240, 2225, 2, 87);
INSERT INTO PlantedIn (bedID, plantID, percentage, staffID) VALUES (394, 117, 1, 121);
INSERT INTO PlantedIn (bedID, plantID, percentage, staffID) VALUES (146, 815, 1, 46);
INSERT INTO PlantedIn (bedID, plantID, percentage, staffID) VALUES (271, 2130, 4, 144);
INSERT INTO PlantedIn (bedID, plantID, percentage, staffID) VALUES (331, 1239, 3, 137);
INSERT INTO PlantedIn (bedID, plantID, percentage, staffID) VALUES (459, 3398, 4, 27);
INSERT INTO PlantedIn (bedID, plantID, percentage, staffID) VALUES (390, 2964, 2, 77);
INSERT INTO PlantedIn (bedID, plantID, percentage, staffID) VALUES (162, 3081, 1, 159);
INSERT INTO PlantedIn (bedID, plantID, percentage, staffID) VALUES (392, 1424, 1, 60);
INSERT INTO PlantedIn (bedID, plantID, percentage, staffID) VALUES (274, 1979, 1, 36);
INSERT INTO PlantedIn (bedID, plantID, percentage, staffID) VALUES (445, 1286, 3, 167);
INSERT INTO PlantedIn (bedID, plantID, percentage, staffID) VALUES (419, 2022, 3, 58);
INSERT INTO PlantedIn (bedID, plantID, percentage, staffID) VALUES (399, 3676, 4, 46);
INSERT INTO PlantedIn (bedID, plantID, percentage, staffID) VALUES (56, 3801, 4, 95);
INSERT INTO PlantedIn (bedID, plantID, percentage, staffID) VALUES (359, 2464, 1, 152);
INSERT INTO PlantedIn (bedID, plantID, percentage, staffID) VALUES (439, 3389, 2, 144);
INSERT INTO PlantedIn (bedID, plantID, percentage, staffID) VALUES (24, 3395, 2, 78);
INSERT INTO PlantedIn (bedID, plantID, percentage, staffID) VALUES (330, 3453, 1, 55);
INSERT INTO PlantedIn (bedID, plantID, percentage, staffID) VALUES (82, 3272, 1, 13);
INSERT INTO PlantedIn (bedID, plantID, percentage, staffID) VALUES (292, 2349, 3, 111);
INSERT INTO PlantedIn (bedID, plantID, percentage, staffID) VALUES (280, 24, 2, 133);
INSERT INTO PlantedIn (bedID, plantID, percentage, staffID) VALUES (305, 1502, 3, 98);
INSERT INTO PlantedIn (bedID, plantID, percentage, staffID) VALUES (126, 704, 2, 3);
INSERT INTO PlantedIn (bedID, plantID, percentage, staffID) VALUES (29, 1515, 4, 142);
INSERT INTO PlantedIn (bedID, plantID, percentage, staffID) VALUES (382, 147, 4, 119);
INSERT INTO PlantedIn (bedID, plantID, percentage, staffID) VALUES (432, 2077, 3, 62);
INSERT INTO PlantedIn (bedID, plantID, percentage, staffID) VALUES (69, 3263, 3, 54);
INSERT INTO PlantedIn (bedID, plantID, percentage, staffID) VALUES (403, 3519, 2, 18);
INSERT INTO PlantedIn (bedID, plantID, percentage, staffID) VALUES (142, 2173, 3, 14);
INSERT INTO PlantedIn (bedID, plantID, percentage, staffID) VALUES (352, 296, 4, 180);
INSERT INTO PlantedIn (bedID, plantID, percentage, staffID) VALUES (222, 2217, 4, 115);
INSERT INTO PlantedIn (bedID, plantID, percentage, staffID) VALUES (253, 2073, 2, 44);
INSERT INTO PlantedIn (bedID, plantID, percentage, staffID) VALUES (272, 3072, 2, 45);
INSERT INTO PlantedIn (bedID, plantID, percentage, staffID) VALUES (158, 2005, 2, 4);
INSERT INTO PlantedIn (bedID, plantID, percentage, staffID) VALUES (172, 1077, 1, 44);
INSERT INTO PlantedIn (bedID, plantID, percentage, staffID) VALUES (90, 1156, 2, 145);
INSERT INTO PlantedIn (bedID, plantID, percentage, staffID) VALUES (408, 2982, 3, 11);
INSERT INTO PlantedIn (bedID, plantID, percentage, staffID) VALUES (401, 3594, 2, 84);
INSERT INTO PlantedIn (bedID, plantID, percentage, staffID) VALUES (238, 3751, 1, 15);
INSERT INTO PlantedIn (bedID, plantID, percentage, staffID) VALUES (240, 1088, 1, 78);
INSERT INTO PlantedIn (bedID, plantID, percentage, staffID) VALUES (37, 2304, 2, 116);
INSERT INTO PlantedIn (bedID, plantID, percentage, staffID) VALUES (55, 2254, 2, 181);
INSERT INTO PlantedIn (bedID, plantID, percentage, staffID) VALUES (408, 383, 1, 141);
INSERT INTO PlantedIn (bedID, plantID, percentage, staffID) VALUES (189, 1532, 2, 110);
INSERT INTO PlantedIn (bedID, plantID, percentage, staffID) VALUES (80, 2280, 1, 177);
INSERT INTO PlantedIn (bedID, plantID, percentage, staffID) VALUES (246, 1059, 1, 68);
INSERT INTO PlantedIn (bedID, plantID, percentage, staffID) VALUES (116, 1550, 4, 13);
INSERT INTO PlantedIn (bedID, plantID, percentage, staffID) VALUES (323, 1692, 4, 170);
INSERT INTO PlantedIn (bedID, plantID, percentage, staffID) VALUES (16, 1543, 1, 35);
INSERT INTO PlantedIn (bedID, plantID, percentage, staffID) VALUES (465, 203, 4, 128);
INSERT INTO PlantedIn (bedID, plantID, percentage, staffID) VALUES (72, 1217, 3, 183);
INSERT INTO PlantedIn (bedID, plantID, percentage, staffID) VALUES (337, 1674, 4, 165);
INSERT INTO PlantedIn (bedID, plantID, percentage, staffID) VALUES (11, 2600, 3, 183);
INSERT INTO PlantedIn (bedID, plantID, percentage, staffID) VALUES (448, 871, 1, 116);
INSERT INTO PlantedIn (bedID, plantID, percentage, staffID) VALUES (297, 2414, 2, 193);
INSERT INTO PlantedIn (bedID, plantID, percentage, staffID) VALUES (30, 2992, 1, 14);
INSERT INTO PlantedIn (bedID, plantID, percentage, staffID) VALUES (82, 903, 1, 50);
INSERT INTO PlantedIn (bedID, plantID, percentage, staffID) VALUES (155, 3074, 2, 158);
INSERT INTO PlantedIn (bedID, plantID, percentage, staffID) VALUES (222, 2576, 2, 182);
INSERT INTO PlantedIn (bedID, plantID, percentage, staffID) VALUES (422, 1766, 3, 124);
INSERT INTO PlantedIn (bedID, plantID, percentage, staffID) VALUES (39, 2117, 1, 169);
INSERT INTO PlantedIn (bedID, plantID, percentage, staffID) VALUES (153, 3450, 2, 49);
INSERT INTO PlantedIn (bedID, plantID, percentage, staffID) VALUES (60, 1864, 2, 133);
INSERT INTO PlantedIn (bedID, plantID, percentage, staffID) VALUES (166, 2510, 3, 174);
INSERT INTO PlantedIn (bedID, plantID, percentage, staffID) VALUES (258, 3232, 4, 88);
INSERT INTO PlantedIn (bedID, plantID, percentage, staffID) VALUES (299, 773, 1, 45);
INSERT INTO PlantedIn (bedID, plantID, percentage, staffID) VALUES (410, 433, 4, 105);
INSERT INTO PlantedIn (bedID, plantID, percentage, staffID) VALUES (269, 462, 3, 57);
INSERT INTO PlantedIn (bedID, plantID, percentage, staffID) VALUES (316, 393, 4, 162);
INSERT INTO PlantedIn (bedID, plantID, percentage, staffID) VALUES (471, 124, 1, 99);
INSERT INTO PlantedIn (bedID, plantID, percentage, staffID) VALUES (244, 514, 4, 109);
INSERT INTO PlantedIn (bedID, plantID, percentage, staffID) VALUES (370, 1475, 2, 82);
INSERT INTO PlantedIn (bedID, plantID, percentage, staffID) VALUES (103, 3191, 4, 40);
INSERT INTO PlantedIn (bedID, plantID, percentage, staffID) VALUES (13, 1608, 4, 194);
INSERT INTO PlantedIn (bedID, plantID, percentage, staffID) VALUES (250, 1788, 1, 133);
INSERT INTO PlantedIn (bedID, plantID, percentage, staffID) VALUES (276, 3577, 1, 153);
INSERT INTO PlantedIn (bedID, plantID, percentage, staffID) VALUES (13, 2086, 1, 49);
INSERT INTO PlantedIn (bedID, plantID, percentage, staffID) VALUES (271, 2784, 1, 29);
INSERT INTO PlantedIn (bedID, plantID, percentage, staffID) VALUES (404, 2603, 3, 194);
INSERT INTO PlantedIn (bedID, plantID, percentage, staffID) VALUES (83, 604, 1, 25);
INSERT INTO PlantedIn (bedID, plantID, percentage, staffID) VALUES (271, 272, 1, 19);
INSERT INTO PlantedIn (bedID, plantID, percentage, staffID) VALUES (252, 2866, 1, 41);
INSERT INTO PlantedIn (bedID, plantID, percentage, staffID) VALUES (316, 3643, 3, 75);
INSERT INTO PlantedIn (bedID, plantID, percentage, staffID) VALUES (229, 2322, 1, 146);
INSERT INTO PlantedIn (bedID, plantID, percentage, staffID) VALUES (152, 3309, 1, 29);
INSERT INTO PlantedIn (bedID, plantID, percentage, staffID) VALUES (251, 349, 3, 165);
INSERT INTO PlantedIn (bedID, plantID, percentage, staffID) VALUES (208, 2973, 3, 175);
INSERT INTO PlantedIn (bedID, plantID, percentage, staffID) VALUES (438, 3781, 2, 166);
INSERT INTO PlantedIn (bedID, plantID, percentage, staffID) VALUES (23, 3494, 3, 122);
INSERT INTO PlantedIn (bedID, plantID, percentage, staffID) VALUES (306, 3066, 2, 142);
INSERT INTO PlantedIn (bedID, plantID, percentage, staffID) VALUES (349, 228, 1, 2);
INSERT INTO PlantedIn (bedID, plantID, percentage, staffID) VALUES (312, 2786, 4, 56);
INSERT INTO PlantedIn (bedID, plantID, percentage, staffID) VALUES (273, 1592, 1, 32);
INSERT INTO PlantedIn (bedID, plantID, percentage, staffID) VALUES (238, 3720, 4, 141);
INSERT INTO PlantedIn (bedID, plantID, percentage, staffID) VALUES (346, 2112, 3, 113);
INSERT INTO PlantedIn (bedID, plantID, percentage, staffID) VALUES (249, 1414, 3, 32);
INSERT INTO PlantedIn (bedID, plantID, percentage, staffID) VALUES (128, 2903, 4, 32);
INSERT INTO PlantedIn (bedID, plantID, percentage, staffID) VALUES (258, 3284, 2, 47);
INSERT INTO PlantedIn (bedID, plantID, percentage, staffID) VALUES (430, 900, 3, 102);
INSERT INTO PlantedIn (bedID, plantID, percentage, staffID) VALUES (451, 2976, 3, 112);
INSERT INTO PlantedIn (bedID, plantID, percentage, staffID) VALUES (86, 2713, 3, 130);
INSERT INTO PlantedIn (bedID, plantID, percentage, staffID) VALUES (315, 1258, 2, 128);
INSERT INTO PlantedIn (bedID, plantID, percentage, staffID) VALUES (413, 687, 2, 11);
INSERT INTO PlantedIn (bedID, plantID, percentage, staffID) VALUES (453, 476, 3, 149);
INSERT INTO PlantedIn (bedID, plantID, percentage, staffID) VALUES (461, 3690, 4, 160);
INSERT INTO PlantedIn (bedID, plantID, percentage, staffID) VALUES (89, 1078, 1, 92);
INSERT INTO PlantedIn (bedID, plantID, percentage, staffID) VALUES (24, 3856, 1, 137);
INSERT INTO PlantedIn (bedID, plantID, percentage, staffID) VALUES (331, 1184, 2, 187);
INSERT INTO PlantedIn (bedID, plantID, percentage, staffID) VALUES (299, 2080, 3, 155);
INSERT INTO PlantedIn (bedID, plantID, percentage, staffID) VALUES (339, 3134, 2, 184);
INSERT INTO PlantedIn (bedID, plantID, percentage, staffID) VALUES (8, 3358, 4, 15);
INSERT INTO PlantedIn (bedID, plantID, percentage, staffID) VALUES (470, 3090, 4, 97);
INSERT INTO PlantedIn (bedID, plantID, percentage, staffID) VALUES (357, 985, 4, 173);
INSERT INTO PlantedIn (bedID, plantID, percentage, staffID) VALUES (253, 1142, 3, 17);
INSERT INTO PlantedIn (bedID, plantID, percentage, staffID) VALUES (139, 2908, 4, 166);
INSERT INTO PlantedIn (bedID, plantID, percentage, staffID) VALUES (28, 2810, 3, 73);
INSERT INTO PlantedIn (bedID, plantID, percentage, staffID) VALUES (126, 443, 4, 40);
INSERT INTO PlantedIn (bedID, plantID, percentage, staffID) VALUES (438, 359, 4, 49);
INSERT INTO PlantedIn (bedID, plantID, percentage, staffID) VALUES (455, 1203, 4, 187);
INSERT INTO PlantedIn (bedID, plantID, percentage, staffID) VALUES (53, 1503, 4, 188);
INSERT INTO PlantedIn (bedID, plantID, percentage, staffID) VALUES (305, 2953, 1, 165);
INSERT INTO PlantedIn (bedID, plantID, percentage, staffID) VALUES (28, 3431, 2, 155);
INSERT INTO PlantedIn (bedID, plantID, percentage, staffID) VALUES (303, 2213, 3, 71);
INSERT INTO PlantedIn (bedID, plantID, percentage, staffID) VALUES (142, 2704, 3, 80);
INSERT INTO PlantedIn (bedID, plantID, percentage, staffID) VALUES (385, 2248, 3, 112);
INSERT INTO PlantedIn (bedID, plantID, percentage, staffID) VALUES (319, 3031, 3, 139);
INSERT INTO PlantedIn (bedID, plantID, percentage, staffID) VALUES (45, 2301, 1, 121);
INSERT INTO PlantedIn (bedID, plantID, percentage, staffID) VALUES (466, 1960, 3, 15);
INSERT INTO PlantedIn (bedID, plantID, percentage, staffID) VALUES (129, 3386, 2, 165);
INSERT INTO PlantedIn (bedID, plantID, percentage, staffID) VALUES (362, 2181, 2, 140);
INSERT INTO PlantedIn (bedID, plantID, percentage, staffID) VALUES (65, 98, 2, 21);
INSERT INTO PlantedIn (bedID, plantID, percentage, staffID) VALUES (343, 1893, 3, 1);
INSERT INTO PlantedIn (bedID, plantID, percentage, staffID) VALUES (34, 2106, 3, 57);
INSERT INTO PlantedIn (bedID, plantID, percentage, staffID) VALUES (156, 3703, 2, 78);
INSERT INTO PlantedIn (bedID, plantID, percentage, staffID) VALUES (262, 3750, 3, 129);
INSERT INTO PlantedIn (bedID, plantID, percentage, staffID) VALUES (226, 2706, 3, 34);
INSERT INTO PlantedIn (bedID, plantID, percentage, staffID) VALUES (273, 3744, 2, 16);
INSERT INTO PlantedIn (bedID, plantID, percentage, staffID) VALUES (252, 2933, 3, 152);
INSERT INTO PlantedIn (bedID, plantID, percentage, staffID) VALUES (371, 3265, 3, 22);
INSERT INTO PlantedIn (bedID, plantID, percentage, staffID) VALUES (159, 409, 2, 10);
INSERT INTO PlantedIn (bedID, plantID, percentage, staffID) VALUES (308, 1256, 4, 31);
INSERT INTO PlantedIn (bedID, plantID, percentage, staffID) VALUES (134, 2057, 4, 83);
INSERT INTO PlantedIn (bedID, plantID, percentage, staffID) VALUES (238, 128, 4, 77);
INSERT INTO PlantedIn (bedID, plantID, percentage, staffID) VALUES (347, 2076, 2, 149);
INSERT INTO PlantedIn (bedID, plantID, percentage, staffID) VALUES (240, 3108, 1, 133);
INSERT INTO PlantedIn (bedID, plantID, percentage, staffID) VALUES (267, 1515, 2, 145);
INSERT INTO PlantedIn (bedID, plantID, percentage, staffID) VALUES (112, 3143, 3, 175);
INSERT INTO PlantedIn (bedID, plantID, percentage, staffID) VALUES (108, 493, 3, 112);
INSERT INTO PlantedIn (bedID, plantID, percentage, staffID) VALUES (312, 3680, 1, 71);
INSERT INTO PlantedIn (bedID, plantID, percentage, staffID) VALUES (466, 2780, 3, 29);
INSERT INTO PlantedIn (bedID, plantID, percentage, staffID) VALUES (122, 3352, 4, 6);
INSERT INTO PlantedIn (bedID, plantID, percentage, staffID) VALUES (318, 2612, 1, 164);
INSERT INTO PlantedIn (bedID, plantID, percentage, staffID) VALUES (32, 1964, 2, 119);
INSERT INTO PlantedIn (bedID, plantID, percentage, staffID) VALUES (152, 1688, 1, 179);
INSERT INTO PlantedIn (bedID, plantID, percentage, staffID) VALUES (161, 3291, 3, 166);
INSERT INTO PlantedIn (bedID, plantID, percentage, staffID) VALUES (463, 1384, 3, 17);
INSERT INTO PlantedIn (bedID, plantID, percentage, staffID) VALUES (147, 1643, 2, 164);
INSERT INTO PlantedIn (bedID, plantID, percentage, staffID) VALUES (69, 3633, 2, 3);
INSERT INTO PlantedIn (bedID, plantID, percentage, staffID) VALUES (382, 156, 2, 34);
INSERT INTO PlantedIn (bedID, plantID, percentage, staffID) VALUES (339, 3721, 4, 146);
INSERT INTO PlantedIn (bedID, plantID, percentage, staffID) VALUES (223, 1133, 4, 18);
INSERT INTO PlantedIn (bedID, plantID, percentage, staffID) VALUES (346, 3720, 1, 7);
INSERT INTO PlantedIn (bedID, plantID, percentage, staffID) VALUES (385, 3250, 4, 131);
INSERT INTO PlantedIn (bedID, plantID, percentage, staffID) VALUES (94, 2767, 3, 88);
INSERT INTO PlantedIn (bedID, plantID, percentage, staffID) VALUES (67, 890, 2, 164);
INSERT INTO PlantedIn (bedID, plantID, percentage, staffID) VALUES (81, 3157, 4, 140);
INSERT INTO PlantedIn (bedID, plantID, percentage, staffID) VALUES (406, 3277, 3, 93);
INSERT INTO PlantedIn (bedID, plantID, percentage, staffID) VALUES (384, 647, 2, 73);
INSERT INTO PlantedIn (bedID, plantID, percentage, staffID) VALUES (218, 1716, 1, 15);
INSERT INTO PlantedIn (bedID, plantID, percentage, staffID) VALUES (193, 402, 1, 53);
INSERT INTO PlantedIn (bedID, plantID, percentage, staffID) VALUES (447, 3466, 1, 3);
INSERT INTO PlantedIn (bedID, plantID, percentage, staffID) VALUES (290, 1712, 4, 133);
INSERT INTO PlantedIn (bedID, plantID, percentage, staffID) VALUES (319, 1760, 4, 8);
INSERT INTO PlantedIn (bedID, plantID, percentage, staffID) VALUES (129, 2798, 1, 168);
INSERT INTO PlantedIn (bedID, plantID, percentage, staffID) VALUES (271, 1065, 2, 144);
INSERT INTO PlantedIn (bedID, plantID, percentage, staffID) VALUES (210, 225, 4, 136);
INSERT INTO PlantedIn (bedID, plantID, percentage, staffID) VALUES (238, 2841, 4, 19);
INSERT INTO PlantedIn (bedID, plantID, percentage, staffID) VALUES (397, 1360, 4, 27);
INSERT INTO PlantedIn (bedID, plantID, percentage, staffID) VALUES (118, 542, 4, 190);
INSERT INTO PlantedIn (bedID, plantID, percentage, staffID) VALUES (276, 2238, 2, 126);
INSERT INTO PlantedIn (bedID, plantID, percentage, staffID) VALUES (17, 2521, 2, 21);
INSERT INTO PlantedIn (bedID, plantID, percentage, staffID) VALUES (178, 3554, 4, 89);
INSERT INTO PlantedIn (bedID, plantID, percentage, staffID) VALUES (93, 529, 3, 68);
INSERT INTO PlantedIn (bedID, plantID, percentage, staffID) VALUES (93, 3834, 3, 111);
INSERT INTO PlantedIn (bedID, plantID, percentage, staffID) VALUES (344, 2446, 3, 124);
INSERT INTO PlantedIn (bedID, plantID, percentage, staffID) VALUES (413, 1069, 2, 20);
INSERT INTO PlantedIn (bedID, plantID, percentage, staffID) VALUES (405, 2735, 4, 146);
INSERT INTO PlantedIn (bedID, plantID, percentage, staffID) VALUES (171, 3134, 3, 40);
INSERT INTO PlantedIn (bedID, plantID, percentage, staffID) VALUES (346, 2437, 4, 140);
INSERT INTO PlantedIn (bedID, plantID, percentage, staffID) VALUES (363, 47, 4, 115);
INSERT INTO PlantedIn (bedID, plantID, percentage, staffID) VALUES (2, 397, 3, 135);
INSERT INTO PlantedIn (bedID, plantID, percentage, staffID) VALUES (348, 1019, 3, 61);
INSERT INTO PlantedIn (bedID, plantID, percentage, staffID) VALUES (437, 179, 4, 67);
INSERT INTO PlantedIn (bedID, plantID, percentage, staffID) VALUES (357, 140, 1, 136);
INSERT INTO PlantedIn (bedID, plantID, percentage, staffID) VALUES (401, 3332, 3, 174);
INSERT INTO PlantedIn (bedID, plantID, percentage, staffID) VALUES (233, 2057, 2, 103);
INSERT INTO PlantedIn (bedID, plantID, percentage, staffID) VALUES (258, 248, 3, 46);
INSERT INTO PlantedIn (bedID, plantID, percentage, staffID) VALUES (79, 3403, 4, 57);
INSERT INTO PlantedIn (bedID, plantID, percentage, staffID) VALUES (69, 2224, 1, 127);
INSERT INTO PlantedIn (bedID, plantID, percentage, staffID) VALUES (105, 2219, 1, 2);
INSERT INTO PlantedIn (bedID, plantID, percentage, staffID) VALUES (294, 1290, 2, 188);
INSERT INTO PlantedIn (bedID, plantID, percentage, staffID) VALUES (175, 2269, 1, 100);
INSERT INTO PlantedIn (bedID, plantID, percentage, staffID) VALUES (213, 1303, 4, 162);
INSERT INTO PlantedIn (bedID, plantID, percentage, staffID) VALUES (412, 1141, 2, 42);
INSERT INTO PlantedIn (bedID, plantID, percentage, staffID) VALUES (144, 929, 2, 88);
INSERT INTO PlantedIn (bedID, plantID, percentage, staffID) VALUES (386, 187, 1, 120);
INSERT INTO PlantedIn (bedID, plantID, percentage, staffID) VALUES (295, 2306, 1, 37);
INSERT INTO PlantedIn (bedID, plantID, percentage, staffID) VALUES (440, 386, 2, 126);
INSERT INTO PlantedIn (bedID, plantID, percentage, staffID) VALUES (325, 404, 1, 106);
INSERT INTO PlantedIn (bedID, plantID, percentage, staffID) VALUES (209, 1199, 2, 16);
INSERT INTO PlantedIn (bedID, plantID, percentage, staffID) VALUES (287, 1075, 4, 148);
INSERT INTO PlantedIn (bedID, plantID, percentage, staffID) VALUES (332, 2648, 1, 100);
INSERT INTO PlantedIn (bedID, plantID, percentage, staffID) VALUES (438, 3544, 3, 93);
INSERT INTO PlantedIn (bedID, plantID, percentage, staffID) VALUES (457, 150, 3, 159);
INSERT INTO PlantedIn (bedID, plantID, percentage, staffID) VALUES (301, 3698, 3, 170);
INSERT INTO PlantedIn (bedID, plantID, percentage, staffID) VALUES (27, 1725, 3, 177);
INSERT INTO PlantedIn (bedID, plantID, percentage, staffID) VALUES (261, 1476, 4, 180);
INSERT INTO PlantedIn (bedID, plantID, percentage, staffID) VALUES (328, 3692, 2, 62);
INSERT INTO PlantedIn (bedID, plantID, percentage, staffID) VALUES (111, 99, 4, 54);
INSERT INTO PlantedIn (bedID, plantID, percentage, staffID) VALUES (337, 2904, 3, 192);
INSERT INTO PlantedIn (bedID, plantID, percentage, staffID) VALUES (316, 1504, 3, 77);
INSERT INTO PlantedIn (bedID, plantID, percentage, staffID) VALUES (203, 594, 1, 45);
INSERT INTO PlantedIn (bedID, plantID, percentage, staffID) VALUES (53, 193, 1, 129);
INSERT INTO PlantedIn (bedID, plantID, percentage, staffID) VALUES (235, 1906, 1, 186);
INSERT INTO PlantedIn (bedID, plantID, percentage, staffID) VALUES (414, 3045, 3, 8);
INSERT INTO PlantedIn (bedID, plantID, percentage, staffID) VALUES (352, 1315, 4, 177);
INSERT INTO PlantedIn (bedID, plantID, percentage, staffID) VALUES (173, 486, 1, 186);
INSERT INTO PlantedIn (bedID, plantID, percentage, staffID) VALUES (415, 3277, 3, 146);
INSERT INTO PlantedIn (bedID, plantID, percentage, staffID) VALUES (112, 342, 3, 37);
INSERT INTO PlantedIn (bedID, plantID, percentage, staffID) VALUES (115, 1538, 2, 149);
INSERT INTO PlantedIn (bedID, plantID, percentage, staffID) VALUES (212, 1370, 4, 106);
INSERT INTO PlantedIn (bedID, plantID, percentage, staffID) VALUES (102, 109, 4, 60);
INSERT INTO PlantedIn (bedID, plantID, percentage, staffID) VALUES (175, 593, 3, 191);
INSERT INTO PlantedIn (bedID, plantID, percentage, staffID) VALUES (247, 2708, 3, 190);
INSERT INTO PlantedIn (bedID, plantID, percentage, staffID) VALUES (416, 2289, 2, 174);
INSERT INTO PlantedIn (bedID, plantID, percentage, staffID) VALUES (151, 789, 3, 148);
INSERT INTO PlantedIn (bedID, plantID, percentage, staffID) VALUES (342, 2579, 1, 107);
INSERT INTO PlantedIn (bedID, plantID, percentage, staffID) VALUES (311, 939, 3, 75);
INSERT INTO PlantedIn (bedID, plantID, percentage, staffID) VALUES (252, 1247, 3, 11);
INSERT INTO PlantedIn (bedID, plantID, percentage, staffID) VALUES (283, 466, 1, 162);
INSERT INTO PlantedIn (bedID, plantID, percentage, staffID) VALUES (389, 2784, 3, 149);
INSERT INTO PlantedIn (bedID, plantID, percentage, staffID) VALUES (372, 2700, 3, 62);
INSERT INTO PlantedIn (bedID, plantID, percentage, staffID) VALUES (173, 3186, 1, 135);
INSERT INTO PlantedIn (bedID, plantID, percentage, staffID) VALUES (32, 84, 3, 145);
INSERT INTO PlantedIn (bedID, plantID, percentage, staffID) VALUES (163, 2944, 3, 59);
INSERT INTO PlantedIn (bedID, plantID, percentage, staffID) VALUES (260, 965, 1, 144);
INSERT INTO PlantedIn (bedID, plantID, percentage, staffID) VALUES (176, 1906, 1, 55);
INSERT INTO PlantedIn (bedID, plantID, percentage, staffID) VALUES (101, 3848, 3, 182);
INSERT INTO PlantedIn (bedID, plantID, percentage, staffID) VALUES (273, 3343, 2, 32);
INSERT INTO PlantedIn (bedID, plantID, percentage, staffID) VALUES (267, 1778, 4, 178);
INSERT INTO PlantedIn (bedID, plantID, percentage, staffID) VALUES (260, 2550, 4, 194);
INSERT INTO PlantedIn (bedID, plantID, percentage, staffID) VALUES (200, 912, 4, 101);
INSERT INTO PlantedIn (bedID, plantID, percentage, staffID) VALUES (230, 754, 4, 24);
INSERT INTO PlantedIn (bedID, plantID, percentage, staffID) VALUES (326, 1477, 4, 10);
INSERT INTO PlantedIn (bedID, plantID, percentage, staffID) VALUES (179, 3619, 4, 88);
INSERT INTO PlantedIn (bedID, plantID, percentage, staffID) VALUES (379, 2253, 2, 65);
INSERT INTO PlantedIn (bedID, plantID, percentage, staffID) VALUES (21, 727, 2, 60);
INSERT INTO PlantedIn (bedID, plantID, percentage, staffID) VALUES (339, 945, 2, 139);
INSERT INTO PlantedIn (bedID, plantID, percentage, staffID) VALUES (410, 2521, 2, 61);
INSERT INTO PlantedIn (bedID, plantID, percentage, staffID) VALUES (401, 1593, 3, 42);
INSERT INTO PlantedIn (bedID, plantID, percentage, staffID) VALUES (376, 975, 1, 90);
INSERT INTO PlantedIn (bedID, plantID, percentage, staffID) VALUES (90, 3338, 4, 26);
INSERT INTO PlantedIn (bedID, plantID, percentage, staffID) VALUES (212, 1714, 2, 73);
INSERT INTO PlantedIn (bedID, plantID, percentage, staffID) VALUES (299, 2497, 2, 167);
INSERT INTO PlantedIn (bedID, plantID, percentage, staffID) VALUES (422, 1912, 4, 125);
INSERT INTO PlantedIn (bedID, plantID, percentage, staffID) VALUES (59, 2976, 4, 25);
INSERT INTO PlantedIn (bedID, plantID, percentage, staffID) VALUES (200, 1606, 2, 70);
INSERT INTO PlantedIn (bedID, plantID, percentage, staffID) VALUES (392, 2107, 3, 165);
INSERT INTO PlantedIn (bedID, plantID, percentage, staffID) VALUES (378, 933, 4, 162);
INSERT INTO PlantedIn (bedID, plantID, percentage, staffID) VALUES (172, 1266, 4, 9);
INSERT INTO PlantedIn (bedID, plantID, percentage, staffID) VALUES (461, 3310, 4, 70);
INSERT INTO PlantedIn (bedID, plantID, percentage, staffID) VALUES (166, 3682, 2, 135);
INSERT INTO PlantedIn (bedID, plantID, percentage, staffID) VALUES (342, 3007, 1, 95);
INSERT INTO PlantedIn (bedID, plantID, percentage, staffID) VALUES (92, 3102, 1, 85);
INSERT INTO PlantedIn (bedID, plantID, percentage, staffID) VALUES (165, 842, 1, 132);
INSERT INTO PlantedIn (bedID, plantID, percentage, staffID) VALUES (217, 1683, 3, 27);
INSERT INTO PlantedIn (bedID, plantID, percentage, staffID) VALUES (168, 403, 3, 24);
INSERT INTO PlantedIn (bedID, plantID, percentage, staffID) VALUES (205, 597, 2, 146);
INSERT INTO PlantedIn (bedID, plantID, percentage, staffID) VALUES (5, 200, 2, 55);
INSERT INTO PlantedIn (bedID, plantID, percentage, staffID) VALUES (2, 3580, 3, 171);
INSERT INTO PlantedIn (bedID, plantID, percentage, staffID) VALUES (333, 1156, 4, 178);
INSERT INTO PlantedIn (bedID, plantID, percentage, staffID) VALUES (48, 1096, 2, 188);
INSERT INTO PlantedIn (bedID, plantID, percentage, staffID) VALUES (238, 2165, 4, 122);
INSERT INTO PlantedIn (bedID, plantID, percentage, staffID) VALUES (471, 2794, 2, 107);
INSERT INTO PlantedIn (bedID, plantID, percentage, staffID) VALUES (392, 2464, 2, 14);
INSERT INTO PlantedIn (bedID, plantID, percentage, staffID) VALUES (375, 3007, 4, 136);
INSERT INTO PlantedIn (bedID, plantID, percentage, staffID) VALUES (473, 2163, 2, 115);
INSERT INTO PlantedIn (bedID, plantID, percentage, staffID) VALUES (204, 1773, 3, 82);
INSERT INTO PlantedIn (bedID, plantID, percentage, staffID) VALUES (179, 3281, 4, 44);
INSERT INTO PlantedIn (bedID, plantID, percentage, staffID) VALUES (210, 675, 1, 191);
INSERT INTO PlantedIn (bedID, plantID, percentage, staffID) VALUES (165, 968, 1, 26);
INSERT INTO PlantedIn (bedID, plantID, percentage, staffID) VALUES (44, 3052, 1, 144);
INSERT INTO PlantedIn (bedID, plantID, percentage, staffID) VALUES (166, 1021, 4, 80);
INSERT INTO PlantedIn (bedID, plantID, percentage, staffID) VALUES (342, 3058, 1, 101);
INSERT INTO PlantedIn (bedID, plantID, percentage, staffID) VALUES (303, 2733, 1, 8);
INSERT INTO PlantedIn (bedID, plantID, percentage, staffID) VALUES (417, 3740, 3, 51);
INSERT INTO PlantedIn (bedID, plantID, percentage, staffID) VALUES (118, 922, 3, 187);
INSERT INTO PlantedIn (bedID, plantID, percentage, staffID) VALUES (232, 161, 2, 148);
INSERT INTO PlantedIn (bedID, plantID, percentage, staffID) VALUES (460, 2632, 1, 51);
INSERT INTO PlantedIn (bedID, plantID, percentage, staffID) VALUES (223, 3672, 4, 32);
INSERT INTO PlantedIn (bedID, plantID, percentage, staffID) VALUES (102, 2116, 4, 123);
INSERT INTO PlantedIn (bedID, plantID, percentage, staffID) VALUES (161, 352, 4, 8);
INSERT INTO PlantedIn (bedID, plantID, percentage, staffID) VALUES (378, 276, 3, 13);
INSERT INTO PlantedIn (bedID, plantID, percentage, staffID) VALUES (19, 1187, 2, 53);
INSERT INTO PlantedIn (bedID, plantID, percentage, staffID) VALUES (259, 670, 1, 181);
INSERT INTO PlantedIn (bedID, plantID, percentage, staffID) VALUES (102, 2362, 1, 90);
INSERT INTO PlantedIn (bedID, plantID, percentage, staffID) VALUES (192, 2249, 4, 174);
INSERT INTO PlantedIn (bedID, plantID, percentage, staffID) VALUES (86, 3035, 2, 60);
INSERT INTO PlantedIn (bedID, plantID, percentage, staffID) VALUES (389, 1043, 4, 15);
INSERT INTO PlantedIn (bedID, plantID, percentage, staffID) VALUES (157, 2895, 3, 190);
INSERT INTO PlantedIn (bedID, plantID, percentage, staffID) VALUES (4, 847, 1, 38);
INSERT INTO PlantedIn (bedID, plantID, percentage, staffID) VALUES (50, 839, 3, 81);
INSERT INTO PlantedIn (bedID, plantID, percentage, staffID) VALUES (310, 2247, 2, 2);
INSERT INTO PlantedIn (bedID, plantID, percentage, staffID) VALUES (167, 3169, 3, 39);
INSERT INTO PlantedIn (bedID, plantID, percentage, staffID) VALUES (287, 1855, 2, 164);
INSERT INTO PlantedIn (bedID, plantID, percentage, staffID) VALUES (355, 3374, 1, 65);
INSERT INTO PlantedIn (bedID, plantID, percentage, staffID) VALUES (295, 963, 3, 147);
INSERT INTO PlantedIn (bedID, plantID, percentage, staffID) VALUES (222, 3476, 3, 166);
INSERT INTO PlantedIn (bedID, plantID, percentage, staffID) VALUES (55, 799, 4, 60);
INSERT INTO PlantedIn (bedID, plantID, percentage, staffID) VALUES (373, 1154, 3, 22);
INSERT INTO PlantedIn (bedID, plantID, percentage, staffID) VALUES (247, 2928, 2, 190);
INSERT INTO PlantedIn (bedID, plantID, percentage, staffID) VALUES (299, 957, 2, 72);
INSERT INTO PlantedIn (bedID, plantID, percentage, staffID) VALUES (235, 262, 4, 180);
INSERT INTO PlantedIn (bedID, plantID, percentage, staffID) VALUES (458, 2677, 1, 110);
INSERT INTO PlantedIn (bedID, plantID, percentage, staffID) VALUES (426, 3203, 3, 174);
INSERT INTO PlantedIn (bedID, plantID, percentage, staffID) VALUES (61, 3708, 1, 63);
INSERT INTO PlantedIn (bedID, plantID, percentage, staffID) VALUES (18, 612, 4, 126);
INSERT INTO PlantedIn (bedID, plantID, percentage, staffID) VALUES (95, 2207, 3, 90);
INSERT INTO PlantedIn (bedID, plantID, percentage, staffID) VALUES (292, 1336, 1, 43);
INSERT INTO PlantedIn (bedID, plantID, percentage, staffID) VALUES (196, 358, 2, 16);
INSERT INTO PlantedIn (bedID, plantID, percentage, staffID) VALUES (372, 2383, 3, 95);
INSERT INTO PlantedIn (bedID, plantID, percentage, staffID) VALUES (211, 1219, 3, 76);
INSERT INTO PlantedIn (bedID, plantID, percentage, staffID) VALUES (130, 2611, 2, 157);
INSERT INTO PlantedIn (bedID, plantID, percentage, staffID) VALUES (395, 1489, 1, 51);
INSERT INTO PlantedIn (bedID, plantID, percentage, staffID) VALUES (453, 2661, 2, 155);
INSERT INTO PlantedIn (bedID, plantID, percentage, staffID) VALUES (28, 2904, 3, 50);
INSERT INTO PlantedIn (bedID, plantID, percentage, staffID) VALUES (46, 1755, 3, 161);
INSERT INTO PlantedIn (bedID, plantID, percentage, staffID) VALUES (259, 3342, 2, 182);
INSERT INTO PlantedIn (bedID, plantID, percentage, staffID) VALUES (228, 1366, 4, 4);
INSERT INTO PlantedIn (bedID, plantID, percentage, staffID) VALUES (317, 1494, 4, 102);
INSERT INTO PlantedIn (bedID, plantID, percentage, staffID) VALUES (30, 1027, 4, 53);
INSERT INTO PlantedIn (bedID, plantID, percentage, staffID) VALUES (308, 1949, 3, 190);
INSERT INTO PlantedIn (bedID, plantID, percentage, staffID) VALUES (92, 2654, 2, 182);
INSERT INTO PlantedIn (bedID, plantID, percentage, staffID) VALUES (208, 522, 3, 189);
INSERT INTO PlantedIn (bedID, plantID, percentage, staffID) VALUES (279, 2748, 1, 10);
INSERT INTO PlantedIn (bedID, plantID, percentage, staffID) VALUES (273, 3613, 1, 96);
INSERT INTO PlantedIn (bedID, plantID, percentage, staffID) VALUES (412, 1855, 4, 184);
INSERT INTO PlantedIn (bedID, plantID, percentage, staffID) VALUES (353, 600, 2, 169);
INSERT INTO PlantedIn (bedID, plantID, percentage, staffID) VALUES (312, 2921, 4, 1);
INSERT INTO PlantedIn (bedID, plantID, percentage, staffID) VALUES (210, 3462, 4, 21);
INSERT INTO PlantedIn (bedID, plantID, percentage, staffID) VALUES (15, 101, 3, 85);
INSERT INTO PlantedIn (bedID, plantID, percentage, staffID) VALUES (349, 1775, 2, 155);
INSERT INTO PlantedIn (bedID, plantID, percentage, staffID) VALUES (187, 860, 3, 76);
INSERT INTO PlantedIn (bedID, plantID, percentage, staffID) VALUES (334, 1356, 3, 131);
INSERT INTO PlantedIn (bedID, plantID, percentage, staffID) VALUES (157, 3761, 1, 72);
INSERT INTO PlantedIn (bedID, plantID, percentage, staffID) VALUES (462, 792, 4, 108);
INSERT INTO PlantedIn (bedID, plantID, percentage, staffID) VALUES (146, 1581, 2, 185);
INSERT INTO PlantedIn (bedID, plantID, percentage, staffID) VALUES (390, 2021, 2, 15);
INSERT INTO PlantedIn (bedID, plantID, percentage, staffID) VALUES (170, 794, 4, 21);
INSERT INTO PlantedIn (bedID, plantID, percentage, staffID) VALUES (369, 3601, 2, 109);
INSERT INTO PlantedIn (bedID, plantID, percentage, staffID) VALUES (241, 879, 2, 126);
INSERT INTO PlantedIn (bedID, plantID, percentage, staffID) VALUES (275, 2712, 4, 94);
INSERT INTO PlantedIn (bedID, plantID, percentage, staffID) VALUES (110, 1275, 3, 19);
INSERT INTO PlantedIn (bedID, plantID, percentage, staffID) VALUES (111, 1641, 4, 95);
INSERT INTO PlantedIn (bedID, plantID, percentage, staffID) VALUES (234, 2880, 4, 7);
INSERT INTO PlantedIn (bedID, plantID, percentage, staffID) VALUES (200, 2065, 4, 128);
INSERT INTO PlantedIn (bedID, plantID, percentage, staffID) VALUES (312, 1195, 1, 164);
INSERT INTO PlantedIn (bedID, plantID, percentage, staffID) VALUES (254, 1615, 1, 133);
INSERT INTO PlantedIn (bedID, plantID, percentage, staffID) VALUES (57, 407, 2, 184);
INSERT INTO PlantedIn (bedID, plantID, percentage, staffID) VALUES (198, 1748, 4, 87);
INSERT INTO PlantedIn (bedID, plantID, percentage, staffID) VALUES (94, 1769, 3, 161);
INSERT INTO PlantedIn (bedID, plantID, percentage, staffID) VALUES (470, 1602, 3, 81);
INSERT INTO PlantedIn (bedID, plantID, percentage, staffID) VALUES (68, 665, 4, 51);
INSERT INTO PlantedIn (bedID, plantID, percentage, staffID) VALUES (223, 2381, 3, 28);
INSERT INTO PlantedIn (bedID, plantID, percentage, staffID) VALUES (342, 137, 1, 192);
INSERT INTO PlantedIn (bedID, plantID, percentage, staffID) VALUES (14, 3591, 2, 169);
INSERT INTO PlantedIn (bedID, plantID, percentage, staffID) VALUES (181, 960, 3, 73);
INSERT INTO PlantedIn (bedID, plantID, percentage, staffID) VALUES (334, 561, 3, 41);
INSERT INTO PlantedIn (bedID, plantID, percentage, staffID) VALUES (265, 2294, 3, 88);
INSERT INTO PlantedIn (bedID, plantID, percentage, staffID) VALUES (363, 2621, 1, 103);
INSERT INTO PlantedIn (bedID, plantID, percentage, staffID) VALUES (346, 1819, 1, 54);
INSERT INTO PlantedIn (bedID, plantID, percentage, staffID) VALUES (41, 1539, 4, 162);
INSERT INTO PlantedIn (bedID, plantID, percentage, staffID) VALUES (312, 3047, 1, 186);
INSERT INTO PlantedIn (bedID, plantID, percentage, staffID) VALUES (18, 1022, 3, 127);
INSERT INTO PlantedIn (bedID, plantID, percentage, staffID) VALUES (194, 3150, 4, 90);
INSERT INTO PlantedIn (bedID, plantID, percentage, staffID) VALUES (194, 3356, 1, 137);
INSERT INTO PlantedIn (bedID, plantID, percentage, staffID) VALUES (259, 668, 2, 86);
INSERT INTO PlantedIn (bedID, plantID, percentage, staffID) VALUES (305, 2645, 3, 98);
INSERT INTO PlantedIn (bedID, plantID, percentage, staffID) VALUES (39, 1036, 3, 110);
INSERT INTO PlantedIn (bedID, plantID, percentage, staffID) VALUES (137, 3418, 2, 143);
INSERT INTO PlantedIn (bedID, plantID, percentage, staffID) VALUES (71, 1225, 3, 14);
INSERT INTO PlantedIn (bedID, plantID, percentage, staffID) VALUES (63, 1964, 3, 108);
INSERT INTO PlantedIn (bedID, plantID, percentage, staffID) VALUES (178, 763, 4, 146);
INSERT INTO PlantedIn (bedID, plantID, percentage, staffID) VALUES (175, 517, 1, 41);
INSERT INTO PlantedIn (bedID, plantID, percentage, staffID) VALUES (387, 2615, 4, 152);
INSERT INTO PlantedIn (bedID, plantID, percentage, staffID) VALUES (447, 1082, 4, 85);
INSERT INTO PlantedIn (bedID, plantID, percentage, staffID) VALUES (370, 1520, 1, 123);
INSERT INTO PlantedIn (bedID, plantID, percentage, staffID) VALUES (220, 3804, 4, 153);
INSERT INTO PlantedIn (bedID, plantID, percentage, staffID) VALUES (242, 1109, 3, 72);
INSERT INTO PlantedIn (bedID, plantID, percentage, staffID) VALUES (1, 1049, 1, 16);
INSERT INTO PlantedIn (bedID, plantID, percentage, staffID) VALUES (395, 3295, 1, 19);
INSERT INTO PlantedIn (bedID, plantID, percentage, staffID) VALUES (127, 131, 3, 183);
INSERT INTO PlantedIn (bedID, plantID, percentage, staffID) VALUES (300, 3731, 4, 192);
INSERT INTO PlantedIn (bedID, plantID, percentage, staffID) VALUES (172, 1411, 4, 112);
INSERT INTO PlantedIn (bedID, plantID, percentage, staffID) VALUES (166, 1140, 4, 164);
INSERT INTO PlantedIn (bedID, plantID, percentage, staffID) VALUES (276, 578, 3, 116);
INSERT INTO PlantedIn (bedID, plantID, percentage, staffID) VALUES (200, 2497, 4, 147);
INSERT INTO PlantedIn (bedID, plantID, percentage, staffID) VALUES (349, 2583, 3, 8);
INSERT INTO PlantedIn (bedID, plantID, percentage, staffID) VALUES (247, 498, 4, 140);
INSERT INTO PlantedIn (bedID, plantID, percentage, staffID) VALUES (77, 2237, 4, 92);
INSERT INTO PlantedIn (bedID, plantID, percentage, staffID) VALUES (258, 1505, 4, 149);
INSERT INTO PlantedIn (bedID, plantID, percentage, staffID) VALUES (357, 1070, 1, 150);
INSERT INTO PlantedIn (bedID, plantID, percentage, staffID) VALUES (323, 2052, 1, 151);
INSERT INTO PlantedIn (bedID, plantID, percentage, staffID) VALUES (57, 123, 3, 99);
INSERT INTO PlantedIn (bedID, plantID, percentage, staffID) VALUES (76, 652, 2, 88);
INSERT INTO PlantedIn (bedID, plantID, percentage, staffID) VALUES (354, 3398, 2, 25);
INSERT INTO PlantedIn (bedID, plantID, percentage, staffID) VALUES (127, 3278, 1, 41);
INSERT INTO PlantedIn (bedID, plantID, percentage, staffID) VALUES (42, 3285, 3, 30);
INSERT INTO PlantedIn (bedID, plantID, percentage, staffID) VALUES (277, 963, 1, 163);
INSERT INTO PlantedIn (bedID, plantID, percentage, staffID) VALUES (115, 2742, 2, 32);
INSERT INTO PlantedIn (bedID, plantID, percentage, staffID) VALUES (92, 3077, 2, 89);
INSERT INTO PlantedIn (bedID, plantID, percentage, staffID) VALUES (107, 2930, 1, 23);
INSERT INTO PlantedIn (bedID, plantID, percentage, staffID) VALUES (415, 1552, 3, 76);
INSERT INTO PlantedIn (bedID, plantID, percentage, staffID) VALUES (284, 1524, 3, 174);
INSERT INTO PlantedIn (bedID, plantID, percentage, staffID) VALUES (188, 535, 4, 47);
INSERT INTO PlantedIn (bedID, plantID, percentage, staffID) VALUES (184, 84, 3, 4);
INSERT INTO PlantedIn (bedID, plantID, percentage, staffID) VALUES (346, 672, 4, 185);
INSERT INTO PlantedIn (bedID, plantID, percentage, staffID) VALUES (459, 1316, 1, 59);
INSERT INTO PlantedIn (bedID, plantID, percentage, staffID) VALUES (47, 1536, 4, 61);
INSERT INTO PlantedIn (bedID, plantID, percentage, staffID) VALUES (378, 2592, 2, 143);
INSERT INTO PlantedIn (bedID, plantID, percentage, staffID) VALUES (31, 2129, 3, 190);
INSERT INTO PlantedIn (bedID, plantID, percentage, staffID) VALUES (46, 3553, 2, 40);
INSERT INTO PlantedIn (bedID, plantID, percentage, staffID) VALUES (28, 1614, 2, 97);
INSERT INTO PlantedIn (bedID, plantID, percentage, staffID) VALUES (208, 1903, 1, 16);
INSERT INTO PlantedIn (bedID, plantID, percentage, staffID) VALUES (315, 3789, 3, 20);
INSERT INTO PlantedIn (bedID, plantID, percentage, staffID) VALUES (152, 1477, 2, 170);
INSERT INTO PlantedIn (bedID, plantID, percentage, staffID) VALUES (369, 498, 3, 81);
INSERT INTO PlantedIn (bedID, plantID, percentage, staffID) VALUES (306, 3489, 3, 92);
INSERT INTO PlantedIn (bedID, plantID, percentage, staffID) VALUES (389, 2474, 4, 49);
INSERT INTO PlantedIn (bedID, plantID, percentage, staffID) VALUES (28, 2747, 2, 67);
INSERT INTO PlantedIn (bedID, plantID, percentage, staffID) VALUES (96, 1545, 4, 136);
INSERT INTO PlantedIn (bedID, plantID, percentage, staffID) VALUES (180, 2943, 3, 103);
INSERT INTO PlantedIn (bedID, plantID, percentage, staffID) VALUES (68, 1292, 4, 25);
INSERT INTO PlantedIn (bedID, plantID, percentage, staffID) VALUES (219, 1988, 2, 103);
INSERT INTO PlantedIn (bedID, plantID, percentage, staffID) VALUES (289, 1845, 2, 26);
INSERT INTO PlantedIn (bedID, plantID, percentage, staffID) VALUES (102, 905, 2, 17);
INSERT INTO PlantedIn (bedID, plantID, percentage, staffID) VALUES (447, 1569, 1, 157);
INSERT INTO PlantedIn (bedID, plantID, percentage, staffID) VALUES (382, 1681, 1, 4);
INSERT INTO PlantedIn (bedID, plantID, percentage, staffID) VALUES (93, 2009, 2, 181);
INSERT INTO PlantedIn (bedID, plantID, percentage, staffID) VALUES (404, 22, 2, 54);
INSERT INTO PlantedIn (bedID, plantID, percentage, staffID) VALUES (246, 2953, 1, 119);
INSERT INTO PlantedIn (bedID, plantID, percentage, staffID) VALUES (115, 2723, 3, 79);
INSERT INTO PlantedIn (bedID, plantID, percentage, staffID) VALUES (428, 2956, 2, 115);
INSERT INTO PlantedIn (bedID, plantID, percentage, staffID) VALUES (253, 2737, 4, 24);
INSERT INTO PlantedIn (bedID, plantID, percentage, staffID) VALUES (343, 1165, 1, 34);
INSERT INTO PlantedIn (bedID, plantID, percentage, staffID) VALUES (89, 1946, 1, 20);
INSERT INTO PlantedIn (bedID, plantID, percentage, staffID) VALUES (363, 1601, 3, 146);
INSERT INTO PlantedIn (bedID, plantID, percentage, staffID) VALUES (470, 3254, 3, 158);
INSERT INTO PlantedIn (bedID, plantID, percentage, staffID) VALUES (102, 1812, 1, 46);
INSERT INTO PlantedIn (bedID, plantID, percentage, staffID) VALUES (111, 3035, 4, 88);
INSERT INTO PlantedIn (bedID, plantID, percentage, staffID) VALUES (234, 2112, 1, 150);
INSERT INTO PlantedIn (bedID, plantID, percentage, staffID) VALUES (401, 3469, 1, 94);
INSERT INTO PlantedIn (bedID, plantID, percentage, staffID) VALUES (190, 2158, 1, 47);
INSERT INTO PlantedIn (bedID, plantID, percentage, staffID) VALUES (460, 3636, 4, 143);
INSERT INTO PlantedIn (bedID, plantID, percentage, staffID) VALUES (371, 1809, 1, 136);
INSERT INTO PlantedIn (bedID, plantID, percentage, staffID) VALUES (407, 2465, 1, 126);
INSERT INTO PlantedIn (bedID, plantID, percentage, staffID) VALUES (51, 3249, 2, 40);
INSERT INTO PlantedIn (bedID, plantID, percentage, staffID) VALUES (296, 2417, 1, 22);
INSERT INTO PlantedIn (bedID, plantID, percentage, staffID) VALUES (82, 3244, 1, 69);
INSERT INTO PlantedIn (bedID, plantID, percentage, staffID) VALUES (349, 3079, 1, 12);
INSERT INTO PlantedIn (bedID, plantID, percentage, staffID) VALUES (168, 1093, 2, 63);
INSERT INTO PlantedIn (bedID, plantID, percentage, staffID) VALUES (106, 6, 1, 60);
INSERT INTO PlantedIn (bedID, plantID, percentage, staffID) VALUES (222, 3686, 2, 3);
INSERT INTO PlantedIn (bedID, plantID, percentage, staffID) VALUES (280, 2435, 3, 83);
INSERT INTO PlantedIn (bedID, plantID, percentage, staffID) VALUES (223, 2318, 1, 8);
INSERT INTO PlantedIn (bedID, plantID, percentage, staffID) VALUES (107, 551, 2, 44);
INSERT INTO PlantedIn (bedID, plantID, percentage, staffID) VALUES (465, 2129, 3, 85);
INSERT INTO PlantedIn (bedID, plantID, percentage, staffID) VALUES (165, 1819, 3, 175);
INSERT INTO PlantedIn (bedID, plantID, percentage, staffID) VALUES (357, 622, 4, 6);
INSERT INTO PlantedIn (bedID, plantID, percentage, staffID) VALUES (296, 1412, 1, 115);
INSERT INTO PlantedIn (bedID, plantID, percentage, staffID) VALUES (457, 2320, 1, 40);
INSERT INTO PlantedIn (bedID, plantID, percentage, staffID) VALUES (352, 1572, 3, 120);
INSERT INTO PlantedIn (bedID, plantID, percentage, staffID) VALUES (453, 9, 2, 91);
INSERT INTO PlantedIn (bedID, plantID, percentage, staffID) VALUES (224, 1156, 1, 2);
INSERT INTO PlantedIn (bedID, plantID, percentage, staffID) VALUES (218, 139, 3, 42);
INSERT INTO PlantedIn (bedID, plantID, percentage, staffID) VALUES (169, 712, 3, 52);
INSERT INTO PlantedIn (bedID, plantID, percentage, staffID) VALUES (85, 830, 4, 102);
INSERT INTO PlantedIn (bedID, plantID, percentage, staffID) VALUES (275, 234, 3, 184);
INSERT INTO PlantedIn (bedID, plantID, percentage, staffID) VALUES (313, 360, 2, 150);
INSERT INTO PlantedIn (bedID, plantID, percentage, staffID) VALUES (237, 1239, 2, 26);
INSERT INTO PlantedIn (bedID, plantID, percentage, staffID) VALUES (153, 2203, 4, 156);
INSERT INTO PlantedIn (bedID, plantID, percentage, staffID) VALUES (411, 2971, 2, 5);
INSERT INTO PlantedIn (bedID, plantID, percentage, staffID) VALUES (381, 864, 1, 194);
INSERT INTO PlantedIn (bedID, plantID, percentage, staffID) VALUES (193, 791, 3, 162);
INSERT INTO PlantedIn (bedID, plantID, percentage, staffID) VALUES (199, 1123, 4, 80);
INSERT INTO PlantedIn (bedID, plantID, percentage, staffID) VALUES (166, 1133, 1, 111);
INSERT INTO PlantedIn (bedID, plantID, percentage, staffID) VALUES (183, 1076, 4, 85);
INSERT INTO PlantedIn (bedID, plantID, percentage, staffID) VALUES (284, 2093, 4, 70);
INSERT INTO PlantedIn (bedID, plantID, percentage, staffID) VALUES (53, 405, 4, 147);
INSERT INTO PlantedIn (bedID, plantID, percentage, staffID) VALUES (414, 2852, 3, 63);
INSERT INTO PlantedIn (bedID, plantID, percentage, staffID) VALUES (455, 1003, 2, 172);
INSERT INTO PlantedIn (bedID, plantID, percentage, staffID) VALUES (437, 1343, 2, 180);
INSERT INTO PlantedIn (bedID, plantID, percentage, staffID) VALUES (303, 1646, 1, 59);
INSERT INTO PlantedIn (bedID, plantID, percentage, staffID) VALUES (333, 2703, 2, 187);
INSERT INTO PlantedIn (bedID, plantID, percentage, staffID) VALUES (114, 988, 2, 46);
INSERT INTO PlantedIn (bedID, plantID, percentage, staffID) VALUES (171, 3637, 1, 68);
INSERT INTO PlantedIn (bedID, plantID, percentage, staffID) VALUES (322, 2476, 3, 186);
INSERT INTO PlantedIn (bedID, plantID, percentage, staffID) VALUES (426, 2900, 2, 2);
INSERT INTO PlantedIn (bedID, plantID, percentage, staffID) VALUES (181, 3725, 2, 51);
INSERT INTO PlantedIn (bedID, plantID, percentage, staffID) VALUES (148, 497, 4, 119);
INSERT INTO PlantedIn (bedID, plantID, percentage, staffID) VALUES (267, 3442, 4, 115);
INSERT INTO PlantedIn (bedID, plantID, percentage, staffID) VALUES (70, 3035, 3, 32);
INSERT INTO PlantedIn (bedID, plantID, percentage, staffID) VALUES (344, 1885, 2, 151);
INSERT INTO PlantedIn (bedID, plantID, percentage, staffID) VALUES (61, 2515, 1, 10);
INSERT INTO PlantedIn (bedID, plantID, percentage, staffID) VALUES (190, 204, 4, 80);
INSERT INTO PlantedIn (bedID, plantID, percentage, staffID) VALUES (8, 2467, 2, 18);
INSERT INTO PlantedIn (bedID, plantID, percentage, staffID) VALUES (363, 2577, 2, 57);
INSERT INTO PlantedIn (bedID, plantID, percentage, staffID) VALUES (251, 994, 1, 119);
INSERT INTO PlantedIn (bedID, plantID, percentage, staffID) VALUES (70, 542, 2, 183);
INSERT INTO PlantedIn (bedID, plantID, percentage, staffID) VALUES (438, 201, 3, 164);
INSERT INTO PlantedIn (bedID, plantID, percentage, staffID) VALUES (256, 2083, 3, 12);
INSERT INTO PlantedIn (bedID, plantID, percentage, staffID) VALUES (90, 386, 3, 142);
INSERT INTO PlantedIn (bedID, plantID, percentage, staffID) VALUES (72, 339, 1, 77);
INSERT INTO PlantedIn (bedID, plantID, percentage, staffID) VALUES (344, 1784, 2, 102);
INSERT INTO PlantedIn (bedID, plantID, percentage, staffID) VALUES (61, 2995, 3, 166);
INSERT INTO PlantedIn (bedID, plantID, percentage, staffID) VALUES (15, 1517, 1, 154);
INSERT INTO PlantedIn (bedID, plantID, percentage, staffID) VALUES (252, 2502, 2, 97);
INSERT INTO PlantedIn (bedID, plantID, percentage, staffID) VALUES (331, 1052, 1, 23);
INSERT INTO PlantedIn (bedID, plantID, percentage, staffID) VALUES (384, 634, 1, 185);
INSERT INTO PlantedIn (bedID, plantID, percentage, staffID) VALUES (125, 2329, 2, 121);
INSERT INTO PlantedIn (bedID, plantID, percentage, staffID) VALUES (327, 3725, 2, 120);
INSERT INTO PlantedIn (bedID, plantID, percentage, staffID) VALUES (202, 310, 3, 186);
INSERT INTO PlantedIn (bedID, plantID, percentage, staffID) VALUES (405, 2788, 4, 44);
INSERT INTO PlantedIn (bedID, plantID, percentage, staffID) VALUES (54, 3718, 3, 14);
INSERT INTO PlantedIn (bedID, plantID, percentage, staffID) VALUES (289, 2080, 2, 22);
INSERT INTO PlantedIn (bedID, plantID, percentage, staffID) VALUES (384, 820, 3, 112);
INSERT INTO PlantedIn (bedID, plantID, percentage, staffID) VALUES (178, 1753, 3, 127);
INSERT INTO PlantedIn (bedID, plantID, percentage, staffID) VALUES (27, 820, 3, 12);
INSERT INTO PlantedIn (bedID, plantID, percentage, staffID) VALUES (84, 2472, 3, 34);
INSERT INTO PlantedIn (bedID, plantID, percentage, staffID) VALUES (341, 270, 3, 32);
INSERT INTO PlantedIn (bedID, plantID, percentage, staffID) VALUES (375, 1411, 4, 94);
INSERT INTO PlantedIn (bedID, plantID, percentage, staffID) VALUES (155, 2033, 4, 113);
INSERT INTO PlantedIn (bedID, plantID, percentage, staffID) VALUES (31, 2528, 4, 50);
INSERT INTO PlantedIn (bedID, plantID, percentage, staffID) VALUES (410, 3058, 1, 102);
INSERT INTO PlantedIn (bedID, plantID, percentage, staffID) VALUES (116, 451, 2, 180);
INSERT INTO PlantedIn (bedID, plantID, percentage, staffID) VALUES (156, 3620, 3, 10);
INSERT INTO PlantedIn (bedID, plantID, percentage, staffID) VALUES (273, 806, 2, 22);
INSERT INTO PlantedIn (bedID, plantID, percentage, staffID) VALUES (248, 3429, 1, 188);
INSERT INTO PlantedIn (bedID, plantID, percentage, staffID) VALUES (63, 3069, 4, 10);
INSERT INTO PlantedIn (bedID, plantID, percentage, staffID) VALUES (137, 1107, 2, 35);
INSERT INTO PlantedIn (bedID, plantID, percentage, staffID) VALUES (80, 1807, 1, 150);
INSERT INTO PlantedIn (bedID, plantID, percentage, staffID) VALUES (244, 923, 3, 139);
INSERT INTO PlantedIn (bedID, plantID, percentage, staffID) VALUES (163, 3772, 3, 1);
INSERT INTO PlantedIn (bedID, plantID, percentage, staffID) VALUES (400, 273, 1, 47);
INSERT INTO PlantedIn (bedID, plantID, percentage, staffID) VALUES (21, 688, 3, 7);
INSERT INTO PlantedIn (bedID, plantID, percentage, staffID) VALUES (31, 3678, 1, 153);
INSERT INTO PlantedIn (bedID, plantID, percentage, staffID) VALUES (353, 3058, 1, 25);
INSERT INTO PlantedIn (bedID, plantID, percentage, staffID) VALUES (37, 1104, 1, 90);
INSERT INTO PlantedIn (bedID, plantID, percentage, staffID) VALUES (357, 675, 2, 72);
INSERT INTO PlantedIn (bedID, plantID, percentage, staffID) VALUES (3, 3831, 4, 74);
INSERT INTO PlantedIn (bedID, plantID, percentage, staffID) VALUES (30, 2267, 1, 6);
INSERT INTO PlantedIn (bedID, plantID, percentage, staffID) VALUES (362, 222, 4, 138);
INSERT INTO PlantedIn (bedID, plantID, percentage, staffID) VALUES (5, 1629, 4, 6);
INSERT INTO PlantedIn (bedID, plantID, percentage, staffID) VALUES (101, 555, 2, 161);
INSERT INTO PlantedIn (bedID, plantID, percentage, staffID) VALUES (203, 885, 1, 110);
INSERT INTO PlantedIn (bedID, plantID, percentage, staffID) VALUES (191, 3417, 4, 92);
INSERT INTO PlantedIn (bedID, plantID, percentage, staffID) VALUES (432, 1697, 4, 118);
INSERT INTO PlantedIn (bedID, plantID, percentage, staffID) VALUES (204, 3607, 2, 157);
INSERT INTO PlantedIn (bedID, plantID, percentage, staffID) VALUES (246, 3071, 2, 122);
INSERT INTO PlantedIn (bedID, plantID, percentage, staffID) VALUES (403, 1050, 4, 23);
INSERT INTO PlantedIn (bedID, plantID, percentage, staffID) VALUES (328, 533, 4, 126);
INSERT INTO PlantedIn (bedID, plantID, percentage, staffID) VALUES (134, 1560, 3, 40);
INSERT INTO PlantedIn (bedID, plantID, percentage, staffID) VALUES (300, 2822, 1, 182);
INSERT INTO PlantedIn (bedID, plantID, percentage, staffID) VALUES (291, 1319, 3, 174);
INSERT INTO PlantedIn (bedID, plantID, percentage, staffID) VALUES (369, 1646, 1, 91);
INSERT INTO PlantedIn (bedID, plantID, percentage, staffID) VALUES (170, 826, 4, 144);
INSERT INTO PlantedIn (bedID, plantID, percentage, staffID) VALUES (4, 1153, 4, 34);
INSERT INTO PlantedIn (bedID, plantID, percentage, staffID) VALUES (270, 1062, 2, 147);
INSERT INTO PlantedIn (bedID, plantID, percentage, staffID) VALUES (196, 1296, 3, 35);
INSERT INTO PlantedIn (bedID, plantID, percentage, staffID) VALUES (350, 1404, 2, 83);
INSERT INTO PlantedIn (bedID, plantID, percentage, staffID) VALUES (45, 1145, 3, 83);
INSERT INTO PlantedIn (bedID, plantID, percentage, staffID) VALUES (302, 1000, 2, 48);
INSERT INTO PlantedIn (bedID, plantID, percentage, staffID) VALUES (324, 2626, 1, 128);
INSERT INTO PlantedIn (bedID, plantID, percentage, staffID) VALUES (423, 1268, 4, 189);
INSERT INTO PlantedIn (bedID, plantID, percentage, staffID) VALUES (297, 325, 1, 156);
INSERT INTO PlantedIn (bedID, plantID, percentage, staffID) VALUES (170, 1861, 4, 94);
INSERT INTO PlantedIn (bedID, plantID, percentage, staffID) VALUES (387, 2420, 3, 95);
INSERT INTO PlantedIn (bedID, plantID, percentage, staffID) VALUES (468, 3359, 1, 189);
INSERT INTO PlantedIn (bedID, plantID, percentage, staffID) VALUES (79, 1286, 4, 162);
INSERT INTO PlantedIn (bedID, plantID, percentage, staffID) VALUES (280, 91, 2, 45);
INSERT INTO PlantedIn (bedID, plantID, percentage, staffID) VALUES (333, 3270, 3, 66);
INSERT INTO PlantedIn (bedID, plantID, percentage, staffID) VALUES (83, 933, 4, 102);
INSERT INTO PlantedIn (bedID, plantID, percentage, staffID) VALUES (350, 1753, 3, 93);
INSERT INTO PlantedIn (bedID, plantID, percentage, staffID) VALUES (38, 3558, 1, 23);
INSERT INTO PlantedIn (bedID, plantID, percentage, staffID) VALUES (374, 143, 4, 31);
INSERT INTO PlantedIn (bedID, plantID, percentage, staffID) VALUES (175, 3636, 4, 155);
INSERT INTO PlantedIn (bedID, plantID, percentage, staffID) VALUES (457, 3772, 3, 49);
INSERT INTO PlantedIn (bedID, plantID, percentage, staffID) VALUES (389, 2151, 4, 54);
INSERT INTO PlantedIn (bedID, plantID, percentage, staffID) VALUES (378, 2934, 1, 163);
INSERT INTO PlantedIn (bedID, plantID, percentage, staffID) VALUES (8, 3057, 4, 165);
INSERT INTO PlantedIn (bedID, plantID, percentage, staffID) VALUES (116, 1016, 2, 64);
INSERT INTO PlantedIn (bedID, plantID, percentage, staffID) VALUES (87, 1629, 4, 81);
INSERT INTO PlantedIn (bedID, plantID, percentage, staffID) VALUES (217, 2103, 4, 190);
INSERT INTO PlantedIn (bedID, plantID, percentage, staffID) VALUES (230, 2644, 2, 161);
INSERT INTO PlantedIn (bedID, plantID, percentage, staffID) VALUES (313, 101, 2, 24);
INSERT INTO PlantedIn (bedID, plantID, percentage, staffID) VALUES (276, 1462, 2, 98);
INSERT INTO PlantedIn (bedID, plantID, percentage, staffID) VALUES (65, 1054, 1, 103);
INSERT INTO PlantedIn (bedID, plantID, percentage, staffID) VALUES (30, 1200, 2, 186);
INSERT INTO PlantedIn (bedID, plantID, percentage, staffID) VALUES (272, 847, 4, 129);
INSERT INTO PlantedIn (bedID, plantID, percentage, staffID) VALUES (303, 96, 1, 149);
INSERT INTO PlantedIn (bedID, plantID, percentage, staffID) VALUES (269, 2537, 1, 190);
INSERT INTO PlantedIn (bedID, plantID, percentage, staffID) VALUES (161, 2768, 4, 103);
INSERT INTO PlantedIn (bedID, plantID, percentage, staffID) VALUES (352, 2388, 2, 99);
INSERT INTO PlantedIn (bedID, plantID, percentage, staffID) VALUES (472, 3705, 1, 144);
INSERT INTO PlantedIn (bedID, plantID, percentage, staffID) VALUES (110, 805, 2, 59);
INSERT INTO PlantedIn (bedID, plantID, percentage, staffID) VALUES (246, 754, 1, 123);
INSERT INTO PlantedIn (bedID, plantID, percentage, staffID) VALUES (196, 905, 1, 174);
INSERT INTO PlantedIn (bedID, plantID, percentage, staffID) VALUES (123, 2231, 4, 32);
INSERT INTO PlantedIn (bedID, plantID, percentage, staffID) VALUES (111, 311, 3, 180);
INSERT INTO PlantedIn (bedID, plantID, percentage, staffID) VALUES (377, 1479, 3, 118);
INSERT INTO PlantedIn (bedID, plantID, percentage, staffID) VALUES (1, 213, 4, 177);
INSERT INTO PlantedIn (bedID, plantID, percentage, staffID) VALUES (7, 2195, 1, 27);
INSERT INTO PlantedIn (bedID, plantID, percentage, staffID) VALUES (367, 1606, 2, 110);
INSERT INTO PlantedIn (bedID, plantID, percentage, staffID) VALUES (289, 544, 1, 79);
INSERT INTO PlantedIn (bedID, plantID, percentage, staffID) VALUES (178, 906, 3, 17);
INSERT INTO PlantedIn (bedID, plantID, percentage, staffID) VALUES (384, 899, 1, 94);
INSERT INTO PlantedIn (bedID, plantID, percentage, staffID) VALUES (148, 1319, 1, 127);
INSERT INTO PlantedIn (bedID, plantID, percentage, staffID) VALUES (343, 743, 3, 133);
INSERT INTO PlantedIn (bedID, plantID, percentage, staffID) VALUES (117, 1972, 2, 147);
INSERT INTO PlantedIn (bedID, plantID, percentage, staffID) VALUES (37, 3282, 4, 103);
INSERT INTO PlantedIn (bedID, plantID, percentage, staffID) VALUES (126, 166, 4, 31);
INSERT INTO PlantedIn (bedID, plantID, percentage, staffID) VALUES (87, 2066, 3, 184);
INSERT INTO PlantedIn (bedID, plantID, percentage, staffID) VALUES (364, 3780, 3, 40);
INSERT INTO PlantedIn (bedID, plantID, percentage, staffID) VALUES (100, 2522, 3, 128);
INSERT INTO PlantedIn (bedID, plantID, percentage, staffID) VALUES (470, 941, 3, 129);
INSERT INTO PlantedIn (bedID, plantID, percentage, staffID) VALUES (206, 1080, 3, 91);
INSERT INTO PlantedIn (bedID, plantID, percentage, staffID) VALUES (374, 624, 4, 193);
INSERT INTO PlantedIn (bedID, plantID, percentage, staffID) VALUES (5, 1726, 2, 148);
INSERT INTO PlantedIn (bedID, plantID, percentage, staffID) VALUES (232, 3362, 3, 31);
INSERT INTO PlantedIn (bedID, plantID, percentage, staffID) VALUES (192, 186, 1, 48);
INSERT INTO PlantedIn (bedID, plantID, percentage, staffID) VALUES (13, 1634, 1, 154);
INSERT INTO PlantedIn (bedID, plantID, percentage, staffID) VALUES (36, 1460, 1, 155);
INSERT INTO PlantedIn (bedID, plantID, percentage, staffID) VALUES (294, 1513, 1, 161);
INSERT INTO PlantedIn (bedID, plantID, percentage, staffID) VALUES (318, 878, 2, 151);
INSERT INTO PlantedIn (bedID, plantID, percentage, staffID) VALUES (184, 2630, 2, 67);
INSERT INTO PlantedIn (bedID, plantID, percentage, staffID) VALUES (61, 189, 3, 138);
INSERT INTO PlantedIn (bedID, plantID, percentage, staffID) VALUES (435, 3177, 2, 59);
INSERT INTO PlantedIn (bedID, plantID, percentage, staffID) VALUES (412, 2011, 4, 102);
INSERT INTO PlantedIn (bedID, plantID, percentage, staffID) VALUES (446, 959, 1, 27);
INSERT INTO PlantedIn (bedID, plantID, percentage, staffID) VALUES (296, 3447, 1, 18);
INSERT INTO PlantedIn (bedID, plantID, percentage, staffID) VALUES (134, 3372, 4, 62);
INSERT INTO PlantedIn (bedID, plantID, percentage, staffID) VALUES (48, 157, 2, 85);
INSERT INTO PlantedIn (bedID, plantID, percentage, staffID) VALUES (341, 2864, 4, 181);
INSERT INTO PlantedIn (bedID, plantID, percentage, staffID) VALUES (374, 2162, 3, 95);
INSERT INTO PlantedIn (bedID, plantID, percentage, staffID) VALUES (181, 2911, 2, 7);
INSERT INTO PlantedIn (bedID, plantID, percentage, staffID) VALUES (130, 2032, 1, 31);
INSERT INTO PlantedIn (bedID, plantID, percentage, staffID) VALUES (366, 1081, 2, 48);
INSERT INTO PlantedIn (bedID, plantID, percentage, staffID) VALUES (81, 1239, 2, 132);
INSERT INTO PlantedIn (bedID, plantID, percentage, staffID) VALUES (92, 3665, 2, 84);
INSERT INTO PlantedIn (bedID, plantID, percentage, staffID) VALUES (468, 3175, 3, 160);
INSERT INTO PlantedIn (bedID, plantID, percentage, staffID) VALUES (266, 2575, 2, 114);
INSERT INTO PlantedIn (bedID, plantID, percentage, staffID) VALUES (107, 82, 3, 13);
INSERT INTO PlantedIn (bedID, plantID, percentage, staffID) VALUES (367, 349, 1, 175);
INSERT INTO PlantedIn (bedID, plantID, percentage, staffID) VALUES (292, 19, 2, 54);
INSERT INTO PlantedIn (bedID, plantID, percentage, staffID) VALUES (135, 1924, 2, 161);
INSERT INTO PlantedIn (bedID, plantID, percentage, staffID) VALUES (387, 1680, 1, 186);
INSERT INTO PlantedIn (bedID, plantID, percentage, staffID) VALUES (181, 1228, 2, 62);
INSERT INTO PlantedIn (bedID, plantID, percentage, staffID) VALUES (66, 319, 3, 17);
INSERT INTO PlantedIn (bedID, plantID, percentage, staffID) VALUES (355, 2466, 4, 11);
INSERT INTO PlantedIn (bedID, plantID, percentage, staffID) VALUES (208, 1859, 2, 168);
INSERT INTO PlantedIn (bedID, plantID, percentage, staffID) VALUES (353, 805, 1, 149);
INSERT INTO PlantedIn (bedID, plantID, percentage, staffID) VALUES (472, 706, 2, 13);
INSERT INTO PlantedIn (bedID, plantID, percentage, staffID) VALUES (44, 276, 2, 167);
INSERT INTO PlantedIn (bedID, plantID, percentage, staffID) VALUES (177, 717, 2, 112);
INSERT INTO PlantedIn (bedID, plantID, percentage, staffID) VALUES (126, 967, 4, 42);
INSERT INTO PlantedIn (bedID, plantID, percentage, staffID) VALUES (144, 691, 2, 115);
INSERT INTO PlantedIn (bedID, plantID, percentage, staffID) VALUES (359, 3852, 1, 127);
INSERT INTO PlantedIn (bedID, plantID, percentage, staffID) VALUES (226, 1692, 1, 131);
INSERT INTO PlantedIn (bedID, plantID, percentage, staffID) VALUES (306, 1418, 3, 95);
INSERT INTO PlantedIn (bedID, plantID, percentage, staffID) VALUES (260, 2031, 3, 16);
INSERT INTO PlantedIn (bedID, plantID, percentage, staffID) VALUES (283, 3435, 4, 11);
INSERT INTO PlantedIn (bedID, plantID, percentage, staffID) VALUES (36, 2323, 2, 88);
INSERT INTO PlantedIn (bedID, plantID, percentage, staffID) VALUES (403, 2443, 1, 50);
INSERT INTO PlantedIn (bedID, plantID, percentage, staffID) VALUES (384, 3122, 3, 117);
INSERT INTO PlantedIn (bedID, plantID, percentage, staffID) VALUES (381, 732, 2, 157);
INSERT INTO PlantedIn (bedID, plantID, percentage, staffID) VALUES (297, 1569, 2, 103);
INSERT INTO PlantedIn (bedID, plantID, percentage, staffID) VALUES (366, 3746, 2, 187);
INSERT INTO PlantedIn (bedID, plantID, percentage, staffID) VALUES (416, 61, 4, 13);
INSERT INTO PlantedIn (bedID, plantID, percentage, staffID) VALUES (292, 1889, 2, 60);
INSERT INTO PlantedIn (bedID, plantID, percentage, staffID) VALUES (58, 2080, 4, 127);
INSERT INTO PlantedIn (bedID, plantID, percentage, staffID) VALUES (164, 742, 1, 103);
INSERT INTO PlantedIn (bedID, plantID, percentage, staffID) VALUES (181, 1032, 1, 89);
INSERT INTO PlantedIn (bedID, plantID, percentage, staffID) VALUES (319, 3619, 2, 58);
INSERT INTO PlantedIn (bedID, plantID, percentage, staffID) VALUES (429, 764, 2, 157);
INSERT INTO PlantedIn (bedID, plantID, percentage, staffID) VALUES (90, 2827, 1, 101);
INSERT INTO PlantedIn (bedID, plantID, percentage, staffID) VALUES (354, 2136, 2, 5);
INSERT INTO PlantedIn (bedID, plantID, percentage, staffID) VALUES (20, 1216, 1, 170);
INSERT INTO PlantedIn (bedID, plantID, percentage, staffID) VALUES (404, 1749, 1, 19);
INSERT INTO PlantedIn (bedID, plantID, percentage, staffID) VALUES (305, 2294, 1, 72);
INSERT INTO PlantedIn (bedID, plantID, percentage, staffID) VALUES (407, 3017, 3, 7);
INSERT INTO PlantedIn (bedID, plantID, percentage, staffID) VALUES (243, 2883, 3, 5);
INSERT INTO PlantedIn (bedID, plantID, percentage, staffID) VALUES (226, 1982, 1, 157);
INSERT INTO PlantedIn (bedID, plantID, percentage, staffID) VALUES (31, 3053, 1, 120);
INSERT INTO PlantedIn (bedID, plantID, percentage, staffID) VALUES (50, 1616, 4, 55);
INSERT INTO PlantedIn (bedID, plantID, percentage, staffID) VALUES (412, 1396, 3, 32);
INSERT INTO PlantedIn (bedID, plantID, percentage, staffID) VALUES (452, 1949, 4, 111);
INSERT INTO PlantedIn (bedID, plantID, percentage, staffID) VALUES (135, 2221, 1, 71);
INSERT INTO PlantedIn (bedID, plantID, percentage, staffID) VALUES (422, 1261, 2, 128);
INSERT INTO PlantedIn (bedID, plantID, percentage, staffID) VALUES (34, 2494, 3, 22);
INSERT INTO PlantedIn (bedID, plantID, percentage, staffID) VALUES (75, 3375, 1, 158);
INSERT INTO PlantedIn (bedID, plantID, percentage, staffID) VALUES (314, 1390, 4, 68);
INSERT INTO PlantedIn (bedID, plantID, percentage, staffID) VALUES (368, 2309, 3, 148);
INSERT INTO PlantedIn (bedID, plantID, percentage, staffID) VALUES (454, 3400, 4, 34);
INSERT INTO PlantedIn (bedID, plantID, percentage, staffID) VALUES (182, 2718, 3, 149);
INSERT INTO PlantedIn (bedID, plantID, percentage, staffID) VALUES (11, 372, 4, 112);
INSERT INTO PlantedIn (bedID, plantID, percentage, staffID) VALUES (151, 816, 3, 32);
INSERT INTO PlantedIn (bedID, plantID, percentage, staffID) VALUES (463, 3600, 3, 51);
INSERT INTO PlantedIn (bedID, plantID, percentage, staffID) VALUES (274, 786, 3, 119);
INSERT INTO PlantedIn (bedID, plantID, percentage, staffID) VALUES (55, 3732, 4, 91);
INSERT INTO PlantedIn (bedID, plantID, percentage, staffID) VALUES (300, 2792, 2, 188);
INSERT INTO PlantedIn (bedID, plantID, percentage, staffID) VALUES (421, 1235, 2, 122);
INSERT INTO PlantedIn (bedID, plantID, percentage, staffID) VALUES (324, 2350, 4, 194);
INSERT INTO PlantedIn (bedID, plantID, percentage, staffID) VALUES (361, 2309, 3, 179);
INSERT INTO PlantedIn (bedID, plantID, percentage, staffID) VALUES (399, 2225, 1, 56);
INSERT INTO PlantedIn (bedID, plantID, percentage, staffID) VALUES (75, 52, 1, 34);
INSERT INTO PlantedIn (bedID, plantID, percentage, staffID) VALUES (217, 20, 1, 155);
INSERT INTO PlantedIn (bedID, plantID, percentage, staffID) VALUES (437, 230, 1, 15);
INSERT INTO PlantedIn (bedID, plantID, percentage, staffID) VALUES (311, 2051, 1, 8);
INSERT INTO PlantedIn (bedID, plantID, percentage, staffID) VALUES (316, 3279, 2, 168);
INSERT INTO PlantedIn (bedID, plantID, percentage, staffID) VALUES (216, 2975, 1, 51);
INSERT INTO PlantedIn (bedID, plantID, percentage, staffID) VALUES (174, 461, 1, 186);
INSERT INTO PlantedIn (bedID, plantID, percentage, staffID) VALUES (329, 705, 4, 53);
INSERT INTO PlantedIn (bedID, plantID, percentage, staffID) VALUES (200, 2825, 2, 171);
INSERT INTO PlantedIn (bedID, plantID, percentage, staffID) VALUES (374, 3493, 2, 120);
INSERT INTO PlantedIn (bedID, plantID, percentage, staffID) VALUES (206, 2407, 1, 130);
INSERT INTO PlantedIn (bedID, plantID, percentage, staffID) VALUES (223, 1763, 4, 92);
INSERT INTO PlantedIn (bedID, plantID, percentage, staffID) VALUES (107, 2693, 3, 30);
INSERT INTO PlantedIn (bedID, plantID, percentage, staffID) VALUES (386, 215, 3, 164);
INSERT INTO PlantedIn (bedID, plantID, percentage, staffID) VALUES (113, 224, 2, 74);
INSERT INTO PlantedIn (bedID, plantID, percentage, staffID) VALUES (225, 1302, 4, 18);
INSERT INTO PlantedIn (bedID, plantID, percentage, staffID) VALUES (32, 3557, 4, 50);
INSERT INTO PlantedIn (bedID, plantID, percentage, staffID) VALUES (390, 3212, 2, 62);
INSERT INTO PlantedIn (bedID, plantID, percentage, staffID) VALUES (215, 3630, 4, 74);
INSERT INTO PlantedIn (bedID, plantID, percentage, staffID) VALUES (187, 3128, 3, 174);
INSERT INTO PlantedIn (bedID, plantID, percentage, staffID) VALUES (240, 3851, 2, 44);
INSERT INTO PlantedIn (bedID, plantID, percentage, staffID) VALUES (35, 748, 3, 148);
INSERT INTO PlantedIn (bedID, plantID, percentage, staffID) VALUES (251, 3129, 3, 92);
INSERT INTO PlantedIn (bedID, plantID, percentage, staffID) VALUES (346, 2665, 3, 93);
INSERT INTO PlantedIn (bedID, plantID, percentage, staffID) VALUES (247, 2933, 4, 166);
INSERT INTO PlantedIn (bedID, plantID, percentage, staffID) VALUES (331, 655, 1, 184);
INSERT INTO PlantedIn (bedID, plantID, percentage, staffID) VALUES (463, 2896, 2, 146);
INSERT INTO PlantedIn (bedID, plantID, percentage, staffID) VALUES (353, 3584, 4, 165);
INSERT INTO PlantedIn (bedID, plantID, percentage, staffID) VALUES (447, 2460, 1, 18);
INSERT INTO PlantedIn (bedID, plantID, percentage, staffID) VALUES (6, 3702, 3, 72);
INSERT INTO PlantedIn (bedID, plantID, percentage, staffID) VALUES (196, 3485, 1, 46);
INSERT INTO PlantedIn (bedID, plantID, percentage, staffID) VALUES (338, 758, 4, 178);
INSERT INTO PlantedIn (bedID, plantID, percentage, staffID) VALUES (45, 3721, 4, 176);
INSERT INTO PlantedIn (bedID, plantID, percentage, staffID) VALUES (320, 1331, 3, 121);
INSERT INTO PlantedIn (bedID, plantID, percentage, staffID) VALUES (71, 1492, 4, 112);
INSERT INTO PlantedIn (bedID, plantID, percentage, staffID) VALUES (224, 2178, 2, 126);
INSERT INTO PlantedIn (bedID, plantID, percentage, staffID) VALUES (62, 3771, 1, 184);
INSERT INTO PlantedIn (bedID, plantID, percentage, staffID) VALUES (442, 962, 2, 173);
INSERT INTO PlantedIn (bedID, plantID, percentage, staffID) VALUES (72, 256, 4, 106);
INSERT INTO PlantedIn (bedID, plantID, percentage, staffID) VALUES (124, 1500, 2, 152);
INSERT INTO PlantedIn (bedID, plantID, percentage, staffID) VALUES (166, 2339, 1, 41);
INSERT INTO PlantedIn (bedID, plantID, percentage, staffID) VALUES (449, 3043, 1, 129);
INSERT INTO PlantedIn (bedID, plantID, percentage, staffID) VALUES (82, 684, 3, 181);
INSERT INTO PlantedIn (bedID, plantID, percentage, staffID) VALUES (351, 1933, 4, 190);
INSERT INTO PlantedIn (bedID, plantID, percentage, staffID) VALUES (225, 3202, 2, 3);
INSERT INTO PlantedIn (bedID, plantID, percentage, staffID) VALUES (37, 3307, 1, 155);
INSERT INTO PlantedIn (bedID, plantID, percentage, staffID) VALUES (436, 1058, 1, 19);
INSERT INTO PlantedIn (bedID, plantID, percentage, staffID) VALUES (313, 3228, 1, 111);
INSERT INTO PlantedIn (bedID, plantID, percentage, staffID) VALUES (209, 2853, 2, 9);
INSERT INTO PlantedIn (bedID, plantID, percentage, staffID) VALUES (249, 2589, 3, 100);
INSERT INTO PlantedIn (bedID, plantID, percentage, staffID) VALUES (401, 1439, 3, 71);
INSERT INTO PlantedIn (bedID, plantID, percentage, staffID) VALUES (413, 1052, 2, 94);
INSERT INTO PlantedIn (bedID, plantID, percentage, staffID) VALUES (48, 1809, 1, 155);
INSERT INTO PlantedIn (bedID, plantID, percentage, staffID) VALUES (153, 1978, 1, 83);
INSERT INTO PlantedIn (bedID, plantID, percentage, staffID) VALUES (372, 1913, 2, 88);
INSERT INTO PlantedIn (bedID, plantID, percentage, staffID) VALUES (157, 3741, 4, 94);
INSERT INTO PlantedIn (bedID, plantID, percentage, staffID) VALUES (80, 2501, 1, 190);
INSERT INTO PlantedIn (bedID, plantID, percentage, staffID) VALUES (10, 1061, 4, 123);
INSERT INTO PlantedIn (bedID, plantID, percentage, staffID) VALUES (259, 222, 3, 49);
INSERT INTO PlantedIn (bedID, plantID, percentage, staffID) VALUES (249, 3847, 4, 169);
INSERT INTO PlantedIn (bedID, plantID, percentage, staffID) VALUES (240, 885, 2, 20);
INSERT INTO PlantedIn (bedID, plantID, percentage, staffID) VALUES (343, 2017, 1, 151);
INSERT INTO PlantedIn (bedID, plantID, percentage, staffID) VALUES (232, 764, 1, 169);
INSERT INTO PlantedIn (bedID, plantID, percentage, staffID) VALUES (330, 3800, 4, 88);
INSERT INTO PlantedIn (bedID, plantID, percentage, staffID) VALUES (299, 1380, 3, 180);
INSERT INTO PlantedIn (bedID, plantID, percentage, staffID) VALUES (299, 1853, 1, 111);
INSERT INTO PlantedIn (bedID, plantID, percentage, staffID) VALUES (254, 3011, 1, 169);
INSERT INTO PlantedIn (bedID, plantID, percentage, staffID) VALUES (367, 2509, 2, 186);
INSERT INTO PlantedIn (bedID, plantID, percentage, staffID) VALUES (416, 15, 3, 117);
INSERT INTO PlantedIn (bedID, plantID, percentage, staffID) VALUES (249, 1204, 1, 134);
INSERT INTO PlantedIn (bedID, plantID, percentage, staffID) VALUES (241, 1853, 1, 43);
INSERT INTO PlantedIn (bedID, plantID, percentage, staffID) VALUES (219, 2462, 1, 15);
INSERT INTO PlantedIn (bedID, plantID, percentage, staffID) VALUES (471, 3660, 3, 152);
INSERT INTO PlantedIn (bedID, plantID, percentage, staffID) VALUES (202, 1090, 4, 164);
INSERT INTO PlantedIn (bedID, plantID, percentage, staffID) VALUES (29, 2428, 4, 6);
INSERT INTO PlantedIn (bedID, plantID, percentage, staffID) VALUES (326, 2926, 4, 95);
INSERT INTO PlantedIn (bedID, plantID, percentage, staffID) VALUES (196, 1852, 4, 104);
INSERT INTO PlantedIn (bedID, plantID, percentage, staffID) VALUES (326, 2757, 2, 73);
INSERT INTO PlantedIn (bedID, plantID, percentage, staffID) VALUES (370, 1728, 3, 66);
INSERT INTO PlantedIn (bedID, plantID, percentage, staffID) VALUES (90, 3653, 2, 32);
INSERT INTO PlantedIn (bedID, plantID, percentage, staffID) VALUES (354, 457, 2, 109);
INSERT INTO PlantedIn (bedID, plantID, percentage, staffID) VALUES (68, 1416, 1, 134);
INSERT INTO PlantedIn (bedID, plantID, percentage, staffID) VALUES (228, 3125, 1, 4);
INSERT INTO PlantedIn (bedID, plantID, percentage, staffID) VALUES (268, 1865, 4, 35);
INSERT INTO PlantedIn (bedID, plantID, percentage, staffID) VALUES (455, 2620, 3, 178);
INSERT INTO PlantedIn (bedID, plantID, percentage, staffID) VALUES (318, 1146, 4, 184);
INSERT INTO PlantedIn (bedID, plantID, percentage, staffID) VALUES (115, 221, 4, 68);
INSERT INTO PlantedIn (bedID, plantID, percentage, staffID) VALUES (83, 3331, 2, 75);
INSERT INTO PlantedIn (bedID, plantID, percentage, staffID) VALUES (108, 74, 3, 82);
INSERT INTO PlantedIn (bedID, plantID, percentage, staffID) VALUES (392, 1604, 2, 180);
INSERT INTO PlantedIn (bedID, plantID, percentage, staffID) VALUES (425, 188, 4, 76);
INSERT INTO PlantedIn (bedID, plantID, percentage, staffID) VALUES (344, 930, 1, 104);
INSERT INTO PlantedIn (bedID, plantID, percentage, staffID) VALUES (118, 1261, 2, 3);
INSERT INTO PlantedIn (bedID, plantID, percentage, staffID) VALUES (89, 1464, 2, 152);
INSERT INTO PlantedIn (bedID, plantID, percentage, staffID) VALUES (189, 542, 1, 26);
INSERT INTO PlantedIn (bedID, plantID, percentage, staffID) VALUES (263, 17, 2, 127);
INSERT INTO PlantedIn (bedID, plantID, percentage, staffID) VALUES (109, 3171, 3, 183);
INSERT INTO PlantedIn (bedID, plantID, percentage, staffID) VALUES (145, 724, 1, 170);
INSERT INTO PlantedIn (bedID, plantID, percentage, staffID) VALUES (180, 3190, 3, 23);
INSERT INTO PlantedIn (bedID, plantID, percentage, staffID) VALUES (72, 483, 2, 11);
INSERT INTO PlantedIn (bedID, plantID, percentage, staffID) VALUES (239, 3079, 4, 154);
INSERT INTO PlantedIn (bedID, plantID, percentage, staffID) VALUES (443, 3400, 2, 26);
INSERT INTO PlantedIn (bedID, plantID, percentage, staffID) VALUES (418, 2875, 4, 193);
INSERT INTO PlantedIn (bedID, plantID, percentage, staffID) VALUES (347, 986, 4, 146);
INSERT INTO PlantedIn (bedID, plantID, percentage, staffID) VALUES (36, 2367, 2, 134);
INSERT INTO PlantedIn (bedID, plantID, percentage, staffID) VALUES (379, 1872, 1, 96);
INSERT INTO PlantedIn (bedID, plantID, percentage, staffID) VALUES (147, 2250, 2, 165);
INSERT INTO PlantedIn (bedID, plantID, percentage, staffID) VALUES (335, 3332, 1, 164);
INSERT INTO PlantedIn (bedID, plantID, percentage, staffID) VALUES (113, 335, 4, 65);
INSERT INTO PlantedIn (bedID, plantID, percentage, staffID) VALUES (15, 981, 2, 146);
INSERT INTO PlantedIn (bedID, plantID, percentage, staffID) VALUES (459, 2608, 3, 74);
INSERT INTO PlantedIn (bedID, plantID, percentage, staffID) VALUES (156, 2868, 4, 78);
INSERT INTO PlantedIn (bedID, plantID, percentage, staffID) VALUES (101, 2167, 4, 25);
INSERT INTO PlantedIn (bedID, plantID, percentage, staffID) VALUES (175, 2254, 1, 103);
INSERT INTO PlantedIn (bedID, plantID, percentage, staffID) VALUES (181, 2749, 4, 182);
INSERT INTO PlantedIn (bedID, plantID, percentage, staffID) VALUES (390, 1871, 1, 76);
INSERT INTO PlantedIn (bedID, plantID, percentage, staffID) VALUES (270, 2658, 3, 9);
INSERT INTO PlantedIn (bedID, plantID, percentage, staffID) VALUES (446, 2918, 4, 181);
INSERT INTO PlantedIn (bedID, plantID, percentage, staffID) VALUES (204, 952, 4, 101);
INSERT INTO PlantedIn (bedID, plantID, percentage, staffID) VALUES (468, 3378, 1, 117);
INSERT INTO PlantedIn (bedID, plantID, percentage, staffID) VALUES (437, 2307, 2, 6);
INSERT INTO PlantedIn (bedID, plantID, percentage, staffID) VALUES (62, 2235, 4, 122);
INSERT INTO PlantedIn (bedID, plantID, percentage, staffID) VALUES (220, 1957, 3, 65);
INSERT INTO PlantedIn (bedID, plantID, percentage, staffID) VALUES (473, 282, 4, 143);
INSERT INTO PlantedIn (bedID, plantID, percentage, staffID) VALUES (305, 3473, 2, 63);
INSERT INTO PlantedIn (bedID, plantID, percentage, staffID) VALUES (423, 426, 2, 126);
INSERT INTO PlantedIn (bedID, plantID, percentage, staffID) VALUES (69, 1069, 1, 121);
INSERT INTO PlantedIn (bedID, plantID, percentage, staffID) VALUES (414, 2399, 4, 97);
INSERT INTO PlantedIn (bedID, plantID, percentage, staffID) VALUES (336, 1744, 4, 101);
INSERT INTO PlantedIn (bedID, plantID, percentage, staffID) VALUES (14, 349, 2, 148);
INSERT INTO PlantedIn (bedID, plantID, percentage, staffID) VALUES (283, 147, 3, 42);
INSERT INTO PlantedIn (bedID, plantID, percentage, staffID) VALUES (53, 3488, 4, 96);
INSERT INTO PlantedIn (bedID, plantID, percentage, staffID) VALUES (379, 2994, 3, 20);
INSERT INTO PlantedIn (bedID, plantID, percentage, staffID) VALUES (419, 2749, 1, 17);
INSERT INTO PlantedIn (bedID, plantID, percentage, staffID) VALUES (468, 2597, 4, 20);
INSERT INTO PlantedIn (bedID, plantID, percentage, staffID) VALUES (139, 2198, 1, 144);
INSERT INTO PlantedIn (bedID, plantID, percentage, staffID) VALUES (10, 757, 1, 172);
INSERT INTO PlantedIn (bedID, plantID, percentage, staffID) VALUES (136, 2182, 4, 111);
INSERT INTO PlantedIn (bedID, plantID, percentage, staffID) VALUES (285, 2885, 3, 98);
INSERT INTO PlantedIn (bedID, plantID, percentage, staffID) VALUES (307, 3652, 2, 96);
INSERT INTO PlantedIn (bedID, plantID, percentage, staffID) VALUES (341, 2178, 3, 30);
INSERT INTO PlantedIn (bedID, plantID, percentage, staffID) VALUES (130, 858, 2, 129);
INSERT INTO PlantedIn (bedID, plantID, percentage, staffID) VALUES (423, 2809, 1, 26);
INSERT INTO PlantedIn (bedID, plantID, percentage, staffID) VALUES (140, 3189, 2, 39);
INSERT INTO PlantedIn (bedID, plantID, percentage, staffID) VALUES (10, 111, 2, 75);
INSERT INTO PlantedIn (bedID, plantID, percentage, staffID) VALUES (281, 3504, 1, 39);
INSERT INTO PlantedIn (bedID, plantID, percentage, staffID) VALUES (309, 2573, 2, 186);
INSERT INTO PlantedIn (bedID, plantID, percentage, staffID) VALUES (289, 1458, 2, 154);
INSERT INTO PlantedIn (bedID, plantID, percentage, staffID) VALUES (445, 3454, 1, 191);
INSERT INTO PlantedIn (bedID, plantID, percentage, staffID) VALUES (55, 2182, 1, 98);
INSERT INTO PlantedIn (bedID, plantID, percentage, staffID) VALUES (138, 2326, 3, 40);
INSERT INTO PlantedIn (bedID, plantID, percentage, staffID) VALUES (202, 1483, 2, 184);
INSERT INTO PlantedIn (bedID, plantID, percentage, staffID) VALUES (195, 1025, 1, 154);
INSERT INTO PlantedIn (bedID, plantID, percentage, staffID) VALUES (82, 3641, 4, 41);
INSERT INTO PlantedIn (bedID, plantID, percentage, staffID) VALUES (288, 421, 1, 26);
INSERT INTO PlantedIn (bedID, plantID, percentage, staffID) VALUES (230, 3391, 2, 112);
INSERT INTO PlantedIn (bedID, plantID, percentage, staffID) VALUES (365, 1855, 4, 131);
INSERT INTO PlantedIn (bedID, plantID, percentage, staffID) VALUES (21, 465, 2, 183);
INSERT INTO PlantedIn (bedID, plantID, percentage, staffID) VALUES (342, 352, 1, 188);
INSERT INTO PlantedIn (bedID, plantID, percentage, staffID) VALUES (225, 3180, 4, 122);
INSERT INTO PlantedIn (bedID, plantID, percentage, staffID) VALUES (42, 1348, 2, 182);
INSERT INTO PlantedIn (bedID, plantID, percentage, staffID) VALUES (138, 357, 4, 18);
INSERT INTO PlantedIn (bedID, plantID, percentage, staffID) VALUES (96, 813, 3, 24);
INSERT INTO PlantedIn (bedID, plantID, percentage, staffID) VALUES (42, 2561, 4, 24);
INSERT INTO PlantedIn (bedID, plantID, percentage, staffID) VALUES (68, 2922, 1, 152);
INSERT INTO PlantedIn (bedID, plantID, percentage, staffID) VALUES (415, 2473, 3, 107);
INSERT INTO PlantedIn (bedID, plantID, percentage, staffID) VALUES (346, 1714, 1, 153);
INSERT INTO PlantedIn (bedID, plantID, percentage, staffID) VALUES (126, 1319, 2, 19);
INSERT INTO PlantedIn (bedID, plantID, percentage, staffID) VALUES (327, 3803, 4, 126);
INSERT INTO PlantedIn (bedID, plantID, percentage, staffID) VALUES (36, 2696, 2, 180);
INSERT INTO PlantedIn (bedID, plantID, percentage, staffID) VALUES (311, 300, 4, 175);
INSERT INTO PlantedIn (bedID, plantID, percentage, staffID) VALUES (113, 1959, 4, 63);
INSERT INTO PlantedIn (bedID, plantID, percentage, staffID) VALUES (450, 205, 1, 36);
INSERT INTO PlantedIn (bedID, plantID, percentage, staffID) VALUES (187, 1028, 1, 117);
INSERT INTO PlantedIn (bedID, plantID, percentage, staffID) VALUES (119, 709, 2, 14);
INSERT INTO PlantedIn (bedID, plantID, percentage, staffID) VALUES (417, 3644, 4, 123);
INSERT INTO PlantedIn (bedID, plantID, percentage, staffID) VALUES (443, 2191, 3, 160);
INSERT INTO PlantedIn (bedID, plantID, percentage, staffID) VALUES (305, 2463, 2, 80);
INSERT INTO PlantedIn (bedID, plantID, percentage, staffID) VALUES (112, 1454, 2, 39);
INSERT INTO PlantedIn (bedID, plantID, percentage, staffID) VALUES (418, 1910, 4, 91);
INSERT INTO PlantedIn (bedID, plantID, percentage, staffID) VALUES (259, 2379, 4, 11);
INSERT INTO PlantedIn (bedID, plantID, percentage, staffID) VALUES (417, 2394, 1, 6);
INSERT INTO PlantedIn (bedID, plantID, percentage, staffID) VALUES (380, 346, 3, 94);
INSERT INTO PlantedIn (bedID, plantID, percentage, staffID) VALUES (16, 231, 4, 97);
INSERT INTO PlantedIn (bedID, plantID, percentage, staffID) VALUES (297, 987, 2, 115);
INSERT INTO PlantedIn (bedID, plantID, percentage, staffID) VALUES (423, 3682, 1, 153);
INSERT INTO PlantedIn (bedID, plantID, percentage, staffID) VALUES (156, 3616, 1, 123);
INSERT INTO PlantedIn (bedID, plantID, percentage, staffID) VALUES (204, 163, 4, 10);
INSERT INTO PlantedIn (bedID, plantID, percentage, staffID) VALUES (311, 364, 3, 188);
INSERT INTO PlantedIn (bedID, plantID, percentage, staffID) VALUES (338, 3642, 3, 137);
INSERT INTO PlantedIn (bedID, plantID, percentage, staffID) VALUES (15, 488, 1, 41);
INSERT INTO PlantedIn (bedID, plantID, percentage, staffID) VALUES (88, 2594, 4, 7);
INSERT INTO PlantedIn (bedID, plantID, percentage, staffID) VALUES (439, 2296, 4, 17);
INSERT INTO PlantedIn (bedID, plantID, percentage, staffID) VALUES (259, 3213, 4, 194);
INSERT INTO PlantedIn (bedID, plantID, percentage, staffID) VALUES (363, 2114, 1, 18);
INSERT INTO PlantedIn (bedID, plantID, percentage, staffID) VALUES (279, 510, 1, 36);
INSERT INTO PlantedIn (bedID, plantID, percentage, staffID) VALUES (107, 346, 4, 161);
INSERT INTO PlantedIn (bedID, plantID, percentage, staffID) VALUES (15, 1756, 1, 93);
INSERT INTO PlantedIn (bedID, plantID, percentage, staffID) VALUES (275, 2530, 4, 26);
INSERT INTO PlantedIn (bedID, plantID, percentage, staffID) VALUES (155, 617, 2, 118);
INSERT INTO PlantedIn (bedID, plantID, percentage, staffID) VALUES (357, 2555, 2, 15);
INSERT INTO PlantedIn (bedID, plantID, percentage, staffID) VALUES (233, 67, 2, 36);
INSERT INTO PlantedIn (bedID, plantID, percentage, staffID) VALUES (267, 1014, 1, 93);
INSERT INTO PlantedIn (bedID, plantID, percentage, staffID) VALUES (187, 2423, 3, 82);
INSERT INTO PlantedIn (bedID, plantID, percentage, staffID) VALUES (339, 711, 3, 115);
INSERT INTO PlantedIn (bedID, plantID, percentage, staffID) VALUES (302, 55, 1, 166);
INSERT INTO PlantedIn (bedID, plantID, percentage, staffID) VALUES (46, 2175, 4, 51);
INSERT INTO PlantedIn (bedID, plantID, percentage, staffID) VALUES (106, 1226, 3, 31);
INSERT INTO PlantedIn (bedID, plantID, percentage, staffID) VALUES (279, 1658, 4, 11);
INSERT INTO PlantedIn (bedID, plantID, percentage, staffID) VALUES (27, 1740, 4, 123);
INSERT INTO PlantedIn (bedID, plantID, percentage, staffID) VALUES (300, 621, 2, 106);
INSERT INTO PlantedIn (bedID, plantID, percentage, staffID) VALUES (83, 1276, 4, 101);
INSERT INTO PlantedIn (bedID, plantID, percentage, staffID) VALUES (127, 1838, 2, 171);
INSERT INTO PlantedIn (bedID, plantID, percentage, staffID) VALUES (18, 324, 2, 44);
INSERT INTO PlantedIn (bedID, plantID, percentage, staffID) VALUES (328, 3676, 2, 130);
INSERT INTO PlantedIn (bedID, plantID, percentage, staffID) VALUES (180, 2644, 2, 54);
INSERT INTO PlantedIn (bedID, plantID, percentage, staffID) VALUES (64, 3337, 4, 43);
INSERT INTO PlantedIn (bedID, plantID, percentage, staffID) VALUES (12, 2809, 1, 9);
INSERT INTO PlantedIn (bedID, plantID, percentage, staffID) VALUES (27, 2053, 2, 9);
INSERT INTO PlantedIn (bedID, plantID, percentage, staffID) VALUES (4, 3399, 1, 141);
INSERT INTO PlantedIn (bedID, plantID, percentage, staffID) VALUES (456, 3497, 2, 63);
INSERT INTO PlantedIn (bedID, plantID, percentage, staffID) VALUES (128, 1094, 4, 21);
INSERT INTO PlantedIn (bedID, plantID, percentage, staffID) VALUES (238, 191, 2, 113);
INSERT INTO PlantedIn (bedID, plantID, percentage, staffID) VALUES (122, 1227, 4, 80);
INSERT INTO PlantedIn (bedID, plantID, percentage, staffID) VALUES (170, 2275, 4, 9);
INSERT INTO PlantedIn (bedID, plantID, percentage, staffID) VALUES (299, 1408, 3, 183);
INSERT INTO PlantedIn (bedID, plantID, percentage, staffID) VALUES (26, 3633, 4, 97);
INSERT INTO PlantedIn (bedID, plantID, percentage, staffID) VALUES (117, 3230, 3, 47);
INSERT INTO PlantedIn (bedID, plantID, percentage, staffID) VALUES (442, 736, 3, 156);
INSERT INTO PlantedIn (bedID, plantID, percentage, staffID) VALUES (205, 1454, 4, 17);
INSERT INTO PlantedIn (bedID, plantID, percentage, staffID) VALUES (202, 2433, 3, 62);
INSERT INTO PlantedIn (bedID, plantID, percentage, staffID) VALUES (448, 2669, 2, 136);
INSERT INTO PlantedIn (bedID, plantID, percentage, staffID) VALUES (42, 1617, 1, 26);
INSERT INTO PlantedIn (bedID, plantID, percentage, staffID) VALUES (422, 313, 3, 56);
INSERT INTO PlantedIn (bedID, plantID, percentage, staffID) VALUES (147, 3102, 2, 135);
INSERT INTO PlantedIn (bedID, plantID, percentage, staffID) VALUES (268, 1258, 4, 191);
INSERT INTO PlantedIn (bedID, plantID, percentage, staffID) VALUES (192, 3348, 1, 75);
INSERT INTO PlantedIn (bedID, plantID, percentage, staffID) VALUES (338, 1106, 2, 28);
INSERT INTO PlantedIn (bedID, plantID, percentage, staffID) VALUES (227, 174, 3, 100);
INSERT INTO PlantedIn (bedID, plantID, percentage, staffID) VALUES (328, 3362, 1, 17);
INSERT INTO PlantedIn (bedID, plantID, percentage, staffID) VALUES (318, 2861, 1, 103);
INSERT INTO PlantedIn (bedID, plantID, percentage, staffID) VALUES (31, 1671, 2, 37);
INSERT INTO PlantedIn (bedID, plantID, percentage, staffID) VALUES (142, 2104, 2, 104);
INSERT INTO PlantedIn (bedID, plantID, percentage, staffID) VALUES (281, 1886, 2, 66);
INSERT INTO PlantedIn (bedID, plantID, percentage, staffID) VALUES (367, 1771, 2, 148);
INSERT INTO PlantedIn (bedID, plantID, percentage, staffID) VALUES (239, 820, 4, 168);
INSERT INTO PlantedIn (bedID, plantID, percentage, staffID) VALUES (390, 1611, 3, 66);
INSERT INTO PlantedIn (bedID, plantID, percentage, staffID) VALUES (136, 1548, 4, 105);
INSERT INTO PlantedIn (bedID, plantID, percentage, staffID) VALUES (67, 59, 1, 40);
INSERT INTO PlantedIn (bedID, plantID, percentage, staffID) VALUES (212, 1445, 3, 139);
INSERT INTO PlantedIn (bedID, plantID, percentage, staffID) VALUES (435, 708, 3, 43);
INSERT INTO PlantedIn (bedID, plantID, percentage, staffID) VALUES (318, 2060, 2, 167);
INSERT INTO PlantedIn (bedID, plantID, percentage, staffID) VALUES (469, 2092, 2, 143);
INSERT INTO PlantedIn (bedID, plantID, percentage, staffID) VALUES (357, 2007, 3, 94);
INSERT INTO PlantedIn (bedID, plantID, percentage, staffID) VALUES (443, 3019, 1, 19);
INSERT INTO PlantedIn (bedID, plantID, percentage, staffID) VALUES (86, 2337, 2, 37);
INSERT INTO PlantedIn (bedID, plantID, percentage, staffID) VALUES (294, 1457, 1, 108);
INSERT INTO PlantedIn (bedID, plantID, percentage, staffID) VALUES (356, 793, 3, 166);
INSERT INTO PlantedIn (bedID, plantID, percentage, staffID) VALUES (184, 90, 1, 37);
INSERT INTO PlantedIn (bedID, plantID, percentage, staffID) VALUES (263, 3850, 3, 103);
INSERT INTO PlantedIn (bedID, plantID, percentage, staffID) VALUES (255, 783, 2, 9);
INSERT INTO PlantedIn (bedID, plantID, percentage, staffID) VALUES (342, 1940, 3, 177);
INSERT INTO PlantedIn (bedID, plantID, percentage, staffID) VALUES (134, 3696, 2, 180);
INSERT INTO PlantedIn (bedID, plantID, percentage, staffID) VALUES (266, 238, 1, 161);
INSERT INTO PlantedIn (bedID, plantID, percentage, staffID) VALUES (208, 1216, 1, 51);
INSERT INTO PlantedIn (bedID, plantID, percentage, staffID) VALUES (246, 233, 4, 175);
INSERT INTO PlantedIn (bedID, plantID, percentage, staffID) VALUES (16, 1821, 3, 39);
INSERT INTO PlantedIn (bedID, plantID, percentage, staffID) VALUES (319, 880, 2, 176);
INSERT INTO PlantedIn (bedID, plantID, percentage, staffID) VALUES (345, 2810, 1, 11);
INSERT INTO PlantedIn (bedID, plantID, percentage, staffID) VALUES (324, 3607, 1, 98);
INSERT INTO PlantedIn (bedID, plantID, percentage, staffID) VALUES (471, 1018, 2, 87);
INSERT INTO PlantedIn (bedID, plantID, percentage, staffID) VALUES (274, 2596, 1, 127);
INSERT INTO PlantedIn (bedID, plantID, percentage, staffID) VALUES (347, 1853, 4, 1);
INSERT INTO PlantedIn (bedID, plantID, percentage, staffID) VALUES (245, 3755, 3, 93);
INSERT INTO PlantedIn (bedID, plantID, percentage, staffID) VALUES (210, 2478, 1, 25);
INSERT INTO PlantedIn (bedID, plantID, percentage, staffID) VALUES (411, 3787, 3, 105);
INSERT INTO PlantedIn (bedID, plantID, percentage, staffID) VALUES (335, 2180, 2, 125);
INSERT INTO PlantedIn (bedID, plantID, percentage, staffID) VALUES (236, 336, 2, 130);
INSERT INTO PlantedIn (bedID, plantID, percentage, staffID) VALUES (166, 224, 4, 189);
INSERT INTO PlantedIn (bedID, plantID, percentage, staffID) VALUES (13, 115, 3, 57);
INSERT INTO PlantedIn (bedID, plantID, percentage, staffID) VALUES (1, 2826, 2, 19);
INSERT INTO PlantedIn (bedID, plantID, percentage, staffID) VALUES (176, 813, 1, 115);
INSERT INTO PlantedIn (bedID, plantID, percentage, staffID) VALUES (90, 273, 4, 171);
INSERT INTO PlantedIn (bedID, plantID, percentage, staffID) VALUES (301, 1733, 1, 59);
INSERT INTO PlantedIn (bedID, plantID, percentage, staffID) VALUES (254, 3558, 4, 128);
INSERT INTO PlantedIn (bedID, plantID, percentage, staffID) VALUES (463, 2118, 3, 166);
INSERT INTO PlantedIn (bedID, plantID, percentage, staffID) VALUES (45, 3239, 1, 35);
INSERT INTO PlantedIn (bedID, plantID, percentage, staffID) VALUES (411, 1722, 4, 136);
INSERT INTO PlantedIn (bedID, plantID, percentage, staffID) VALUES (84, 2910, 3, 64);
INSERT INTO PlantedIn (bedID, plantID, percentage, staffID) VALUES (456, 3370, 1, 161);
INSERT INTO PlantedIn (bedID, plantID, percentage, staffID) VALUES (446, 2423, 3, 11);
INSERT INTO PlantedIn (bedID, plantID, percentage, staffID) VALUES (36, 1301, 3, 145);
INSERT INTO PlantedIn (bedID, plantID, percentage, staffID) VALUES (122, 1282, 1, 102);
INSERT INTO PlantedIn (bedID, plantID, percentage, staffID) VALUES (417, 1192, 4, 193);
INSERT INTO PlantedIn (bedID, plantID, percentage, staffID) VALUES (70, 432, 1, 20);
INSERT INTO PlantedIn (bedID, plantID, percentage, staffID) VALUES (264, 2922, 3, 181);
INSERT INTO PlantedIn (bedID, plantID, percentage, staffID) VALUES (241, 754, 2, 58);
INSERT INTO PlantedIn (bedID, plantID, percentage, staffID) VALUES (32, 273, 1, 128);
INSERT INTO PlantedIn (bedID, plantID, percentage, staffID) VALUES (330, 2607, 4, 120);
INSERT INTO PlantedIn (bedID, plantID, percentage, staffID) VALUES (6, 1137, 2, 79);
INSERT INTO PlantedIn (bedID, plantID, percentage, staffID) VALUES (296, 3393, 3, 103);
INSERT INTO PlantedIn (bedID, plantID, percentage, staffID) VALUES (88, 1721, 2, 98);
INSERT INTO PlantedIn (bedID, plantID, percentage, staffID) VALUES (264, 2215, 1, 71);
INSERT INTO PlantedIn (bedID, plantID, percentage, staffID) VALUES (156, 883, 4, 173);
INSERT INTO PlantedIn (bedID, plantID, percentage, staffID) VALUES (201, 499, 2, 64);
INSERT INTO PlantedIn (bedID, plantID, percentage, staffID) VALUES (95, 3611, 4, 102);
INSERT INTO PlantedIn (bedID, plantID, percentage, staffID) VALUES (288, 329, 3, 137);
INSERT INTO PlantedIn (bedID, plantID, percentage, staffID) VALUES (180, 201, 1, 181);
INSERT INTO PlantedIn (bedID, plantID, percentage, staffID) VALUES (440, 1505, 1, 105);
INSERT INTO PlantedIn (bedID, plantID, percentage, staffID) VALUES (395, 3825, 2, 92);
INSERT INTO PlantedIn (bedID, plantID, percentage, staffID) VALUES (267, 3068, 4, 103);
INSERT INTO PlantedIn (bedID, plantID, percentage, staffID) VALUES (11, 1361, 2, 149);
INSERT INTO PlantedIn (bedID, plantID, percentage, staffID) VALUES (228, 150, 3, 191);
INSERT INTO PlantedIn (bedID, plantID, percentage, staffID) VALUES (461, 1682, 3, 118);
INSERT INTO PlantedIn (bedID, plantID, percentage, staffID) VALUES (246, 952, 4, 41);
INSERT INTO PlantedIn (bedID, plantID, percentage, staffID) VALUES (141, 339, 1, 185);
INSERT INTO PlantedIn (bedID, plantID, percentage, staffID) VALUES (226, 1604, 2, 71);
INSERT INTO PlantedIn (bedID, plantID, percentage, staffID) VALUES (192, 3057, 4, 144);
INSERT INTO PlantedIn (bedID, plantID, percentage, staffID) VALUES (277, 802, 3, 176);
INSERT INTO PlantedIn (bedID, plantID, percentage, staffID) VALUES (265, 2272, 1, 11);
INSERT INTO PlantedIn (bedID, plantID, percentage, staffID) VALUES (297, 3818, 3, 147);
INSERT INTO PlantedIn (bedID, plantID, percentage, staffID) VALUES (200, 1150, 4, 37);
INSERT INTO PlantedIn (bedID, plantID, percentage, staffID) VALUES (258, 1473, 4, 172);
INSERT INTO PlantedIn (bedID, plantID, percentage, staffID) VALUES (222, 2885, 4, 15);
INSERT INTO PlantedIn (bedID, plantID, percentage, staffID) VALUES (77, 1593, 3, 53);
INSERT INTO PlantedIn (bedID, plantID, percentage, staffID) VALUES (96, 3710, 4, 109);
INSERT INTO PlantedIn (bedID, plantID, percentage, staffID) VALUES (80, 1511, 3, 81);
INSERT INTO PlantedIn (bedID, plantID, percentage, staffID) VALUES (463, 1724, 3, 157);
INSERT INTO PlantedIn (bedID, plantID, percentage, staffID) VALUES (206, 1884, 4, 42);
INSERT INTO PlantedIn (bedID, plantID, percentage, staffID) VALUES (372, 1486, 2, 163);
INSERT INTO PlantedIn (bedID, plantID, percentage, staffID) VALUES (363, 2477, 1, 35);
INSERT INTO PlantedIn (bedID, plantID, percentage, staffID) VALUES (184, 922, 3, 37);
INSERT INTO PlantedIn (bedID, plantID, percentage, staffID) VALUES (308, 1688, 4, 24);
INSERT INTO PlantedIn (bedID, plantID, percentage, staffID) VALUES (188, 2498, 3, 131);
INSERT INTO PlantedIn (bedID, plantID, percentage, staffID) VALUES (18, 135, 1, 60);
INSERT INTO PlantedIn (bedID, plantID, percentage, staffID) VALUES (228, 221, 4, 127);
INSERT INTO PlantedIn (bedID, plantID, percentage, staffID) VALUES (258, 3188, 2, 158);
INSERT INTO PlantedIn (bedID, plantID, percentage, staffID) VALUES (99, 2199, 4, 135);
INSERT INTO PlantedIn (bedID, plantID, percentage, staffID) VALUES (100, 3195, 3, 43);
INSERT INTO PlantedIn (bedID, plantID, percentage, staffID) VALUES (31, 1501, 3, 30);
INSERT INTO PlantedIn (bedID, plantID, percentage, staffID) VALUES (391, 1001, 1, 117);
INSERT INTO PlantedIn (bedID, plantID, percentage, staffID) VALUES (429, 811, 4, 161);
INSERT INTO PlantedIn (bedID, plantID, percentage, staffID) VALUES (63, 2237, 3, 131);
INSERT INTO PlantedIn (bedID, plantID, percentage, staffID) VALUES (191, 1583, 3, 2);
INSERT INTO PlantedIn (bedID, plantID, percentage, staffID) VALUES (463, 2561, 1, 120);
INSERT INTO PlantedIn (bedID, plantID, percentage, staffID) VALUES (232, 3076, 3, 161);
INSERT INTO PlantedIn (bedID, plantID, percentage, staffID) VALUES (88, 3594, 1, 56);
INSERT INTO PlantedIn (bedID, plantID, percentage, staffID) VALUES (90, 3242, 1, 47);
INSERT INTO PlantedIn (bedID, plantID, percentage, staffID) VALUES (23, 58, 2, 8);
INSERT INTO PlantedIn (bedID, plantID, percentage, staffID) VALUES (43, 3842, 1, 4);
INSERT INTO PlantedIn (bedID, plantID, percentage, staffID) VALUES (271, 2541, 4, 184);
INSERT INTO PlantedIn (bedID, plantID, percentage, staffID) VALUES (32, 3494, 1, 121);
INSERT INTO PlantedIn (bedID, plantID, percentage, staffID) VALUES (268, 681, 1, 48);
INSERT INTO PlantedIn (bedID, plantID, percentage, staffID) VALUES (460, 68, 1, 125);
INSERT INTO PlantedIn (bedID, plantID, percentage, staffID) VALUES (449, 3400, 1, 34);
INSERT INTO PlantedIn (bedID, plantID, percentage, staffID) VALUES (340, 1527, 4, 47);
INSERT INTO PlantedIn (bedID, plantID, percentage, staffID) VALUES (194, 1028, 2, 13);
INSERT INTO PlantedIn (bedID, plantID, percentage, staffID) VALUES (123, 302, 4, 148);
INSERT INTO PlantedIn (bedID, plantID, percentage, staffID) VALUES (348, 2397, 4, 165);
INSERT INTO PlantedIn (bedID, plantID, percentage, staffID) VALUES (248, 1536, 1, 173);
INSERT INTO PlantedIn (bedID, plantID, percentage, staffID) VALUES (272, 308, 3, 30);
INSERT INTO PlantedIn (bedID, plantID, percentage, staffID) VALUES (46, 2923, 1, 144);
INSERT INTO PlantedIn (bedID, plantID, percentage, staffID) VALUES (301, 3347, 2, 37);
INSERT INTO PlantedIn (bedID, plantID, percentage, staffID) VALUES (124, 1586, 3, 25);
INSERT INTO PlantedIn (bedID, plantID, percentage, staffID) VALUES (320, 699, 4, 35);
INSERT INTO PlantedIn (bedID, plantID, percentage, staffID) VALUES (123, 3447, 4, 157);
INSERT INTO PlantedIn (bedID, plantID, percentage, staffID) VALUES (243, 2228, 1, 163);
INSERT INTO PlantedIn (bedID, plantID, percentage, staffID) VALUES (461, 2485, 3, 26);
INSERT INTO PlantedIn (bedID, plantID, percentage, staffID) VALUES (342, 1055, 4, 19);
INSERT INTO PlantedIn (bedID, plantID, percentage, staffID) VALUES (14, 3065, 3, 177);
INSERT INTO PlantedIn (bedID, plantID, percentage, staffID) VALUES (67, 2281, 2, 27);
INSERT INTO PlantedIn (bedID, plantID, percentage, staffID) VALUES (360, 257, 3, 119);
INSERT INTO PlantedIn (bedID, plantID, percentage, staffID) VALUES (395, 2216, 2, 34);
INSERT INTO PlantedIn (bedID, plantID, percentage, staffID) VALUES (175, 773, 1, 79);
INSERT INTO PlantedIn (bedID, plantID, percentage, staffID) VALUES (155, 3599, 3, 150);
INSERT INTO PlantedIn (bedID, plantID, percentage, staffID) VALUES (11, 2142, 4, 129);
INSERT INTO PlantedIn (bedID, plantID, percentage, staffID) VALUES (198, 1131, 2, 97);
INSERT INTO PlantedIn (bedID, plantID, percentage, staffID) VALUES (148, 1523, 2, 188);
INSERT INTO PlantedIn (bedID, plantID, percentage, staffID) VALUES (466, 186, 3, 158);
INSERT INTO PlantedIn (bedID, plantID, percentage, staffID) VALUES (55, 1357, 4, 81);
INSERT INTO PlantedIn (bedID, plantID, percentage, staffID) VALUES (438, 2163, 2, 74);
INSERT INTO PlantedIn (bedID, plantID, percentage, staffID) VALUES (360, 2876, 1, 63);
INSERT INTO PlantedIn (bedID, plantID, percentage, staffID) VALUES (320, 156, 3, 140);
INSERT INTO PlantedIn (bedID, plantID, percentage, staffID) VALUES (282, 1209, 1, 105);
INSERT INTO PlantedIn (bedID, plantID, percentage, staffID) VALUES (287, 3819, 4, 97);
INSERT INTO PlantedIn (bedID, plantID, percentage, staffID) VALUES (181, 1518, 2, 75);
INSERT INTO PlantedIn (bedID, plantID, percentage, staffID) VALUES (209, 539, 3, 23);
INSERT INTO PlantedIn (bedID, plantID, percentage, staffID) VALUES (232, 1952, 2, 103);
INSERT INTO PlantedIn (bedID, plantID, percentage, staffID) VALUES (31, 3339, 4, 145);
INSERT INTO PlantedIn (bedID, plantID, percentage, staffID) VALUES (288, 55, 2, 186);
INSERT INTO PlantedIn (bedID, plantID, percentage, staffID) VALUES (429, 1912, 3, 135);
INSERT INTO PlantedIn (bedID, plantID, percentage, staffID) VALUES (229, 529, 4, 88);
INSERT INTO PlantedIn (bedID, plantID, percentage, staffID) VALUES (251, 3077, 4, 47);
INSERT INTO PlantedIn (bedID, plantID, percentage, staffID) VALUES (443, 1311, 2, 108);
INSERT INTO PlantedIn (bedID, plantID, percentage, staffID) VALUES (400, 114, 4, 172);
INSERT INTO PlantedIn (bedID, plantID, percentage, staffID) VALUES (423, 2119, 3, 150);
INSERT INTO PlantedIn (bedID, plantID, percentage, staffID) VALUES (266, 2484, 3, 160);
INSERT INTO PlantedIn (bedID, plantID, percentage, staffID) VALUES (113, 2957, 1, 55);
INSERT INTO PlantedIn (bedID, plantID, percentage, staffID) VALUES (123, 3583, 3, 134);
INSERT INTO PlantedIn (bedID, plantID, percentage, staffID) VALUES (31, 326, 3, 124);
INSERT INTO PlantedIn (bedID, plantID, percentage, staffID) VALUES (417, 3232, 4, 115);
INSERT INTO PlantedIn (bedID, plantID, percentage, staffID) VALUES (83, 342, 1, 50);
INSERT INTO PlantedIn (bedID, plantID, percentage, staffID) VALUES (56, 312, 1, 190);
INSERT INTO PlantedIn (bedID, plantID, percentage, staffID) VALUES (144, 1146, 3, 165);
INSERT INTO PlantedIn (bedID, plantID, percentage, staffID) VALUES (29, 282, 2, 140);
INSERT INTO PlantedIn (bedID, plantID, percentage, staffID) VALUES (473, 1313, 1, 13);
INSERT INTO PlantedIn (bedID, plantID, percentage, staffID) VALUES (201, 2585, 2, 134);
INSERT INTO PlantedIn (bedID, plantID, percentage, staffID) VALUES (239, 847, 3, 25);
INSERT INTO PlantedIn (bedID, plantID, percentage, staffID) VALUES (146, 1392, 2, 143);
INSERT INTO PlantedIn (bedID, plantID, percentage, staffID) VALUES (209, 2425, 1, 89);
INSERT INTO PlantedIn (bedID, plantID, percentage, staffID) VALUES (137, 3665, 3, 54);
INSERT INTO PlantedIn (bedID, plantID, percentage, staffID) VALUES (116, 262, 2, 27);
INSERT INTO PlantedIn (bedID, plantID, percentage, staffID) VALUES (67, 3154, 1, 128);
INSERT INTO PlantedIn (bedID, plantID, percentage, staffID) VALUES (74, 2662, 3, 42);
INSERT INTO PlantedIn (bedID, plantID, percentage, staffID) VALUES (170, 3321, 4, 181);
INSERT INTO PlantedIn (bedID, plantID, percentage, staffID) VALUES (37, 11, 2, 111);
INSERT INTO PlantedIn (bedID, plantID, percentage, staffID) VALUES (172, 933, 4, 166);
INSERT INTO PlantedIn (bedID, plantID, percentage, staffID) VALUES (411, 953, 1, 179);
INSERT INTO PlantedIn (bedID, plantID, percentage, staffID) VALUES (93, 514, 2, 153);
INSERT INTO PlantedIn (bedID, plantID, percentage, staffID) VALUES (95, 3404, 2, 152);
INSERT INTO PlantedIn (bedID, plantID, percentage, staffID) VALUES (330, 1434, 4, 99);
INSERT INTO PlantedIn (bedID, plantID, percentage, staffID) VALUES (29, 2646, 2, 89);
INSERT INTO PlantedIn (bedID, plantID, percentage, staffID) VALUES (258, 1217, 3, 57);
INSERT INTO PlantedIn (bedID, plantID, percentage, staffID) VALUES (151, 3175, 3, 2);
INSERT INTO PlantedIn (bedID, plantID, percentage, staffID) VALUES (30, 3161, 4, 99);
INSERT INTO PlantedIn (bedID, plantID, percentage, staffID) VALUES (31, 1376, 2, 19);
INSERT INTO PlantedIn (bedID, plantID, percentage, staffID) VALUES (232, 3236, 3, 143);
INSERT INTO PlantedIn (bedID, plantID, percentage, staffID) VALUES (340, 1712, 2, 7);
INSERT INTO PlantedIn (bedID, plantID, percentage, staffID) VALUES (385, 1979, 4, 55);
INSERT INTO PlantedIn (bedID, plantID, percentage, staffID) VALUES (93, 2698, 3, 60);
INSERT INTO PlantedIn (bedID, plantID, percentage, staffID) VALUES (7, 2202, 2, 74);
INSERT INTO PlantedIn (bedID, plantID, percentage, staffID) VALUES (185, 1426, 2, 3);
INSERT INTO PlantedIn (bedID, plantID, percentage, staffID) VALUES (89, 1908, 2, 79);
INSERT INTO PlantedIn (bedID, plantID, percentage, staffID) VALUES (402, 1830, 2, 104);
INSERT INTO PlantedIn (bedID, plantID, percentage, staffID) VALUES (147, 803, 1, 6);
INSERT INTO PlantedIn (bedID, plantID, percentage, staffID) VALUES (308, 225, 2, 91);
INSERT INTO PlantedIn (bedID, plantID, percentage, staffID) VALUES (270, 2743, 4, 69);
INSERT INTO PlantedIn (bedID, plantID, percentage, staffID) VALUES (193, 2426, 2, 104);
INSERT INTO PlantedIn (bedID, plantID, percentage, staffID) VALUES (94, 3355, 3, 154);
INSERT INTO PlantedIn (bedID, plantID, percentage, staffID) VALUES (112, 2942, 2, 9);
INSERT INTO PlantedIn (bedID, plantID, percentage, staffID) VALUES (121, 1649, 1, 138);
INSERT INTO PlantedIn (bedID, plantID, percentage, staffID) VALUES (426, 709, 1, 91);
INSERT INTO PlantedIn (bedID, plantID, percentage, staffID) VALUES (185, 1815, 1, 49);
INSERT INTO PlantedIn (bedID, plantID, percentage, staffID) VALUES (250, 2637, 1, 103);
INSERT INTO PlantedIn (bedID, plantID, percentage, staffID) VALUES (186, 3255, 4, 177);
INSERT INTO PlantedIn (bedID, plantID, percentage, staffID) VALUES (223, 1432, 3, 45);
INSERT INTO PlantedIn (bedID, plantID, percentage, staffID) VALUES (113, 3750, 2, 52);
INSERT INTO PlantedIn (bedID, plantID, percentage, staffID) VALUES (346, 1146, 4, 184);
INSERT INTO PlantedIn (bedID, plantID, percentage, staffID) VALUES (342, 2210, 3, 19);
INSERT INTO PlantedIn (bedID, plantID, percentage, staffID) VALUES (358, 2055, 1, 171);
INSERT INTO PlantedIn (bedID, plantID, percentage, staffID) VALUES (1, 283, 3, 39);
INSERT INTO PlantedIn (bedID, plantID, percentage, staffID) VALUES (358, 2673, 1, 128);
INSERT INTO PlantedIn (bedID, plantID, percentage, staffID) VALUES (253, 1895, 1, 194);
INSERT INTO PlantedIn (bedID, plantID, percentage, staffID) VALUES (408, 641, 1, 137);
INSERT INTO PlantedIn (bedID, plantID, percentage, staffID) VALUES (65, 3573, 4, 118);
INSERT INTO PlantedIn (bedID, plantID, percentage, staffID) VALUES (105, 1825, 4, 174);
INSERT INTO PlantedIn (bedID, plantID, percentage, staffID) VALUES (21, 3643, 4, 116);
INSERT INTO PlantedIn (bedID, plantID, percentage, staffID) VALUES (225, 1548, 2, 193);
INSERT INTO PlantedIn (bedID, plantID, percentage, staffID) VALUES (224, 506, 1, 1);
INSERT INTO PlantedIn (bedID, plantID, percentage, staffID) VALUES (389, 2433, 2, 77);
INSERT INTO PlantedIn (bedID, plantID, percentage, staffID) VALUES (57, 1245, 4, 74);
INSERT INTO PlantedIn (bedID, plantID, percentage, staffID) VALUES (231, 110, 3, 17);
INSERT INTO PlantedIn (bedID, plantID, percentage, staffID) VALUES (451, 2527, 1, 101);
INSERT INTO PlantedIn (bedID, plantID, percentage, staffID) VALUES (60, 1329, 1, 24);
INSERT INTO PlantedIn (bedID, plantID, percentage, staffID) VALUES (40, 3527, 3, 48);
INSERT INTO PlantedIn (bedID, plantID, percentage, staffID) VALUES (21, 922, 4, 161);
INSERT INTO PlantedIn (bedID, plantID, percentage, staffID) VALUES (411, 626, 4, 46);
INSERT INTO PlantedIn (bedID, plantID, percentage, staffID) VALUES (288, 186, 3, 122);
INSERT INTO PlantedIn (bedID, plantID, percentage, staffID) VALUES (332, 335, 4, 150);
INSERT INTO PlantedIn (bedID, plantID, percentage, staffID) VALUES (253, 3729, 3, 98);
INSERT INTO PlantedIn (bedID, plantID, percentage, staffID) VALUES (415, 2753, 4, 36);
INSERT INTO PlantedIn (bedID, plantID, percentage, staffID) VALUES (450, 3715, 4, 161);
INSERT INTO PlantedIn (bedID, plantID, percentage, staffID) VALUES (59, 26, 3, 165);
INSERT INTO PlantedIn (bedID, plantID, percentage, staffID) VALUES (278, 2995, 1, 119);
INSERT INTO PlantedIn (bedID, plantID, percentage, staffID) VALUES (232, 1359, 2, 142);
INSERT INTO PlantedIn (bedID, plantID, percentage, staffID) VALUES (165, 1578, 2, 179);
INSERT INTO PlantedIn (bedID, plantID, percentage, staffID) VALUES (419, 1897, 3, 39);
INSERT INTO PlantedIn (bedID, plantID, percentage, staffID) VALUES (315, 427, 3, 112);
INSERT INTO PlantedIn (bedID, plantID, percentage, staffID) VALUES (424, 1418, 4, 154);
INSERT INTO PlantedIn (bedID, plantID, percentage, staffID) VALUES (82, 1381, 4, 100);
INSERT INTO PlantedIn (bedID, plantID, percentage, staffID) VALUES (443, 2640, 1, 158);
INSERT INTO PlantedIn (bedID, plantID, percentage, staffID) VALUES (208, 1140, 4, 76);
INSERT INTO PlantedIn (bedID, plantID, percentage, staffID) VALUES (306, 242, 4, 55);
INSERT INTO PlantedIn (bedID, plantID, percentage, staffID) VALUES (223, 535, 2, 63);
INSERT INTO PlantedIn (bedID, plantID, percentage, staffID) VALUES (288, 1937, 3, 189);
INSERT INTO PlantedIn (bedID, plantID, percentage, staffID) VALUES (411, 2598, 1, 83);
INSERT INTO PlantedIn (bedID, plantID, percentage, staffID) VALUES (274, 2935, 1, 16);
INSERT INTO PlantedIn (bedID, plantID, percentage, staffID) VALUES (26, 1726, 3, 193);
INSERT INTO PlantedIn (bedID, plantID, percentage, staffID) VALUES (241, 804, 4, 142);
INSERT INTO PlantedIn (bedID, plantID, percentage, staffID) VALUES (164, 12, 4, 69);
INSERT INTO PlantedIn (bedID, plantID, percentage, staffID) VALUES (237, 1116, 1, 56);
INSERT INTO PlantedIn (bedID, plantID, percentage, staffID) VALUES (374, 743, 3, 126);
INSERT INTO PlantedIn (bedID, plantID, percentage, staffID) VALUES (409, 76, 4, 143);
INSERT INTO PlantedIn (bedID, plantID, percentage, staffID) VALUES (433, 2657, 2, 176);
INSERT INTO PlantedIn (bedID, plantID, percentage, staffID) VALUES (212, 3607, 3, 105);
INSERT INTO PlantedIn (bedID, plantID, percentage, staffID) VALUES (180, 1749, 4, 42);
INSERT INTO PlantedIn (bedID, plantID, percentage, staffID) VALUES (313, 3465, 1, 178);
INSERT INTO PlantedIn (bedID, plantID, percentage, staffID) VALUES (233, 972, 2, 104);
INSERT INTO PlantedIn (bedID, plantID, percentage, staffID) VALUES (210, 471, 2, 192);
INSERT INTO PlantedIn (bedID, plantID, percentage, staffID) VALUES (67, 2467, 1, 41);
INSERT INTO PlantedIn (bedID, plantID, percentage, staffID) VALUES (154, 227, 4, 113);
INSERT INTO PlantedIn (bedID, plantID, percentage, staffID) VALUES (470, 233, 2, 56);
INSERT INTO PlantedIn (bedID, plantID, percentage, staffID) VALUES (243, 1832, 1, 54);
INSERT INTO PlantedIn (bedID, plantID, percentage, staffID) VALUES (176, 496, 2, 37);
INSERT INTO PlantedIn (bedID, plantID, percentage, staffID) VALUES (158, 620, 4, 137);
INSERT INTO PlantedIn (bedID, plantID, percentage, staffID) VALUES (195, 690, 4, 22);
INSERT INTO PlantedIn (bedID, plantID, percentage, staffID) VALUES (143, 179, 2, 34);
INSERT INTO PlantedIn (bedID, plantID, percentage, staffID) VALUES (324, 1404, 1, 102);
INSERT INTO PlantedIn (bedID, plantID, percentage, staffID) VALUES (200, 188, 2, 160);
INSERT INTO PlantedIn (bedID, plantID, percentage, staffID) VALUES (52, 211, 3, 161);
INSERT INTO PlantedIn (bedID, plantID, percentage, staffID) VALUES (250, 173, 4, 163);
INSERT INTO PlantedIn (bedID, plantID, percentage, staffID) VALUES (64, 3238, 3, 68);
INSERT INTO PlantedIn (bedID, plantID, percentage, staffID) VALUES (8, 1685, 2, 82);
INSERT INTO PlantedIn (bedID, plantID, percentage, staffID) VALUES (229, 2176, 1, 155);
INSERT INTO PlantedIn (bedID, plantID, percentage, staffID) VALUES (438, 992, 2, 36);
INSERT INTO PlantedIn (bedID, plantID, percentage, staffID) VALUES (145, 3703, 2, 156);
INSERT INTO PlantedIn (bedID, plantID, percentage, staffID) VALUES (6, 2108, 3, 8);
INSERT INTO PlantedIn (bedID, plantID, percentage, staffID) VALUES (280, 3206, 4, 90);
INSERT INTO PlantedIn (bedID, plantID, percentage, staffID) VALUES (380, 2348, 4, 55);
INSERT INTO PlantedIn (bedID, plantID, percentage, staffID) VALUES (211, 2307, 2, 99);
INSERT INTO PlantedIn (bedID, plantID, percentage, staffID) VALUES (16, 3407, 3, 159);
INSERT INTO PlantedIn (bedID, plantID, percentage, staffID) VALUES (211, 2071, 2, 139);
INSERT INTO PlantedIn (bedID, plantID, percentage, staffID) VALUES (375, 3315, 1, 147);
INSERT INTO PlantedIn (bedID, plantID, percentage, staffID) VALUES (386, 1847, 4, 105);
INSERT INTO PlantedIn (bedID, plantID, percentage, staffID) VALUES (11, 2114, 3, 76);
INSERT INTO PlantedIn (bedID, plantID, percentage, staffID) VALUES (178, 3124, 1, 77);
INSERT INTO PlantedIn (bedID, plantID, percentage, staffID) VALUES (197, 2486, 4, 24);
INSERT INTO PlantedIn (bedID, plantID, percentage, staffID) VALUES (114, 2304, 2, 66);
INSERT INTO PlantedIn (bedID, plantID, percentage, staffID) VALUES (226, 386, 4, 161);
INSERT INTO PlantedIn (bedID, plantID, percentage, staffID) VALUES (301, 1811, 2, 60);
INSERT INTO PlantedIn (bedID, plantID, percentage, staffID) VALUES (155, 34, 1, 108);
INSERT INTO PlantedIn (bedID, plantID, percentage, staffID) VALUES (277, 1308, 4, 25);
INSERT INTO PlantedIn (bedID, plantID, percentage, staffID) VALUES (70, 1925, 3, 29);
INSERT INTO PlantedIn (bedID, plantID, percentage, staffID) VALUES (67, 981, 2, 87);
INSERT INTO PlantedIn (bedID, plantID, percentage, staffID) VALUES (402, 2880, 2, 134);
INSERT INTO PlantedIn (bedID, plantID, percentage, staffID) VALUES (400, 1704, 2, 51);
INSERT INTO PlantedIn (bedID, plantID, percentage, staffID) VALUES (431, 2088, 1, 186);
INSERT INTO PlantedIn (bedID, plantID, percentage, staffID) VALUES (260, 1675, 1, 77);
INSERT INTO PlantedIn (bedID, plantID, percentage, staffID) VALUES (223, 1338, 1, 112);
INSERT INTO PlantedIn (bedID, plantID, percentage, staffID) VALUES (324, 2579, 4, 3);
INSERT INTO PlantedIn (bedID, plantID, percentage, staffID) VALUES (79, 589, 2, 81);
INSERT INTO PlantedIn (bedID, plantID, percentage, staffID) VALUES (192, 3154, 2, 141);
INSERT INTO PlantedIn (bedID, plantID, percentage, staffID) VALUES (266, 1317, 2, 119);
INSERT INTO PlantedIn (bedID, plantID, percentage, staffID) VALUES (370, 3214, 3, 181);
INSERT INTO PlantedIn (bedID, plantID, percentage, staffID) VALUES (176, 3069, 4, 189);
INSERT INTO PlantedIn (bedID, plantID, percentage, staffID) VALUES (307, 1935, 2, 154);
INSERT INTO PlantedIn (bedID, plantID, percentage, staffID) VALUES (80, 2954, 2, 34);
INSERT INTO PlantedIn (bedID, plantID, percentage, staffID) VALUES (434, 2155, 2, 131);
INSERT INTO PlantedIn (bedID, plantID, percentage, staffID) VALUES (177, 1259, 4, 118);
INSERT INTO PlantedIn (bedID, plantID, percentage, staffID) VALUES (316, 621, 2, 70);
INSERT INTO PlantedIn (bedID, plantID, percentage, staffID) VALUES (470, 874, 2, 29);
INSERT INTO PlantedIn (bedID, plantID, percentage, staffID) VALUES (10, 250, 1, 58);
INSERT INTO PlantedIn (bedID, plantID, percentage, staffID) VALUES (174, 926, 1, 193);
INSERT INTO PlantedIn (bedID, plantID, percentage, staffID) VALUES (350, 2685, 4, 72);
INSERT INTO PlantedIn (bedID, plantID, percentage, staffID) VALUES (218, 1985, 2, 49);
INSERT INTO PlantedIn (bedID, plantID, percentage, staffID) VALUES (34, 3396, 2, 143);
INSERT INTO PlantedIn (bedID, plantID, percentage, staffID) VALUES (97, 1065, 4, 78);
INSERT INTO PlantedIn (bedID, plantID, percentage, staffID) VALUES (207, 2779, 2, 65);
INSERT INTO PlantedIn (bedID, plantID, percentage, staffID) VALUES (447, 1767, 4, 162);
INSERT INTO PlantedIn (bedID, plantID, percentage, staffID) VALUES (247, 290, 4, 44);
INSERT INTO PlantedIn (bedID, plantID, percentage, staffID) VALUES (149, 600, 1, 185);
INSERT INTO PlantedIn (bedID, plantID, percentage, staffID) VALUES (364, 781, 4, 140);
INSERT INTO PlantedIn (bedID, plantID, percentage, staffID) VALUES (39, 1475, 2, 58);
INSERT INTO PlantedIn (bedID, plantID, percentage, staffID) VALUES (311, 2557, 1, 32);
INSERT INTO PlantedIn (bedID, plantID, percentage, staffID) VALUES (180, 1832, 2, 107);
INSERT INTO PlantedIn (bedID, plantID, percentage, staffID) VALUES (441, 1206, 2, 60);
INSERT INTO PlantedIn (bedID, plantID, percentage, staffID) VALUES (183, 1935, 3, 70);
INSERT INTO PlantedIn (bedID, plantID, percentage, staffID) VALUES (311, 954, 3, 155);
INSERT INTO PlantedIn (bedID, plantID, percentage, staffID) VALUES (237, 2774, 2, 167);
INSERT INTO PlantedIn (bedID, plantID, percentage, staffID) VALUES (435, 1926, 4, 22);
INSERT INTO PlantedIn (bedID, plantID, percentage, staffID) VALUES (417, 1507, 3, 59);
INSERT INTO PlantedIn (bedID, plantID, percentage, staffID) VALUES (433, 580, 4, 155);
INSERT INTO PlantedIn (bedID, plantID, percentage, staffID) VALUES (219, 177, 4, 61);
INSERT INTO PlantedIn (bedID, plantID, percentage, staffID) VALUES (259, 2471, 1, 113);
INSERT INTO PlantedIn (bedID, plantID, percentage, staffID) VALUES (419, 1182, 2, 145);
INSERT INTO PlantedIn (bedID, plantID, percentage, staffID) VALUES (11, 2017, 4, 134);
INSERT INTO PlantedIn (bedID, plantID, percentage, staffID) VALUES (10, 2945, 4, 193);
INSERT INTO PlantedIn (bedID, plantID, percentage, staffID) VALUES (72, 878, 1, 89);
INSERT INTO PlantedIn (bedID, plantID, percentage, staffID) VALUES (316, 252, 3, 130);
INSERT INTO PlantedIn (bedID, plantID, percentage, staffID) VALUES (102, 1510, 3, 87);
INSERT INTO PlantedIn (bedID, plantID, percentage, staffID) VALUES (207, 2793, 4, 108);
INSERT INTO PlantedIn (bedID, plantID, percentage, staffID) VALUES (172, 291, 1, 38);
INSERT INTO PlantedIn (bedID, plantID, percentage, staffID) VALUES (181, 3447, 2, 130);
INSERT INTO PlantedIn (bedID, plantID, percentage, staffID) VALUES (196, 1117, 2, 71);
INSERT INTO PlantedIn (bedID, plantID, percentage, staffID) VALUES (245, 2971, 1, 83);
INSERT INTO PlantedIn (bedID, plantID, percentage, staffID) VALUES (395, 153, 1, 156);
INSERT INTO PlantedIn (bedID, plantID, percentage, staffID) VALUES (119, 3279, 2, 56);
INSERT INTO PlantedIn (bedID, plantID, percentage, staffID) VALUES (16, 2012, 4, 145);
INSERT INTO PlantedIn (bedID, plantID, percentage, staffID) VALUES (217, 2980, 3, 101);
INSERT INTO PlantedIn (bedID, plantID, percentage, staffID) VALUES (49, 2692, 4, 54);
INSERT INTO PlantedIn (bedID, plantID, percentage, staffID) VALUES (49, 1722, 1, 144);
INSERT INTO PlantedIn (bedID, plantID, percentage, staffID) VALUES (99, 2915, 2, 117);
INSERT INTO PlantedIn (bedID, plantID, percentage, staffID) VALUES (227, 1689, 3, 64);
INSERT INTO PlantedIn (bedID, plantID, percentage, staffID) VALUES (135, 2250, 2, 12);
INSERT INTO PlantedIn (bedID, plantID, percentage, staffID) VALUES (49, 2945, 2, 50);
INSERT INTO PlantedIn (bedID, plantID, percentage, staffID) VALUES (413, 2239, 2, 143);
INSERT INTO PlantedIn (bedID, plantID, percentage, staffID) VALUES (166, 750, 2, 16);
INSERT INTO PlantedIn (bedID, plantID, percentage, staffID) VALUES (422, 1307, 4, 67);
INSERT INTO PlantedIn (bedID, plantID, percentage, staffID) VALUES (371, 121, 4, 28);
INSERT INTO PlantedIn (bedID, plantID, percentage, staffID) VALUES (372, 2722, 2, 80);
INSERT INTO PlantedIn (bedID, plantID, percentage, staffID) VALUES (134, 193, 2, 152);
INSERT INTO PlantedIn (bedID, plantID, percentage, staffID) VALUES (384, 3806, 3, 131);
INSERT INTO PlantedIn (bedID, plantID, percentage, staffID) VALUES (267, 1318, 4, 3);
INSERT INTO PlantedIn (bedID, plantID, percentage, staffID) VALUES (253, 342, 2, 76);
INSERT INTO PlantedIn (bedID, plantID, percentage, staffID) VALUES (202, 2680, 1, 86);
INSERT INTO PlantedIn (bedID, plantID, percentage, staffID) VALUES (343, 2129, 3, 42);
INSERT INTO PlantedIn (bedID, plantID, percentage, staffID) VALUES (121, 2290, 2, 159);
INSERT INTO PlantedIn (bedID, plantID, percentage, staffID) VALUES (138, 2973, 3, 168);
INSERT INTO PlantedIn (bedID, plantID, percentage, staffID) VALUES (260, 2312, 1, 65);
INSERT INTO PlantedIn (bedID, plantID, percentage, staffID) VALUES (445, 1263, 2, 6);
INSERT INTO PlantedIn (bedID, plantID, percentage, staffID) VALUES (197, 1524, 4, 184);
INSERT INTO PlantedIn (bedID, plantID, percentage, staffID) VALUES (42, 1224, 4, 11);
INSERT INTO PlantedIn (bedID, plantID, percentage, staffID) VALUES (411, 978, 1, 66);
INSERT INTO PlantedIn (bedID, plantID, percentage, staffID) VALUES (400, 374, 1, 106);
INSERT INTO PlantedIn (bedID, plantID, percentage, staffID) VALUES (410, 1308, 3, 145);
INSERT INTO PlantedIn (bedID, plantID, percentage, staffID) VALUES (427, 2581, 2, 65);
INSERT INTO PlantedIn (bedID, plantID, percentage, staffID) VALUES (126, 2430, 1, 115);
INSERT INTO PlantedIn (bedID, plantID, percentage, staffID) VALUES (452, 2281, 2, 139);
INSERT INTO PlantedIn (bedID, plantID, percentage, staffID) VALUES (466, 2231, 1, 44);
INSERT INTO PlantedIn (bedID, plantID, percentage, staffID) VALUES (423, 1014, 4, 181);
INSERT INTO PlantedIn (bedID, plantID, percentage, staffID) VALUES (244, 796, 2, 181);
INSERT INTO PlantedIn (bedID, plantID, percentage, staffID) VALUES (143, 1545, 1, 102);
INSERT INTO PlantedIn (bedID, plantID, percentage, staffID) VALUES (349, 805, 3, 174);
INSERT INTO PlantedIn (bedID, plantID, percentage, staffID) VALUES (415, 645, 1, 19);
INSERT INTO PlantedIn (bedID, plantID, percentage, staffID) VALUES (377, 2531, 4, 71);
INSERT INTO PlantedIn (bedID, plantID, percentage, staffID) VALUES (116, 92, 1, 25);
INSERT INTO PlantedIn (bedID, plantID, percentage, staffID) VALUES (285, 1284, 2, 62);
INSERT INTO PlantedIn (bedID, plantID, percentage, staffID) VALUES (282, 713, 1, 52);
INSERT INTO PlantedIn (bedID, plantID, percentage, staffID) VALUES (185, 531, 3, 96);
INSERT INTO PlantedIn (bedID, plantID, percentage, staffID) VALUES (254, 3742, 2, 176);
INSERT INTO PlantedIn (bedID, plantID, percentage, staffID) VALUES (84, 2754, 1, 187);
INSERT INTO PlantedIn (bedID, plantID, percentage, staffID) VALUES (416, 23, 3, 40);
INSERT INTO PlantedIn (bedID, plantID, percentage, staffID) VALUES (313, 2083, 4, 87);
INSERT INTO PlantedIn (bedID, plantID, percentage, staffID) VALUES (266, 2109, 1, 28);
INSERT INTO PlantedIn (bedID, plantID, percentage, staffID) VALUES (416, 1681, 2, 135);
INSERT INTO PlantedIn (bedID, plantID, percentage, staffID) VALUES (293, 3525, 1, 119);
INSERT INTO PlantedIn (bedID, plantID, percentage, staffID) VALUES (24, 200, 3, 144);
INSERT INTO PlantedIn (bedID, plantID, percentage, staffID) VALUES (10, 2170, 1, 176);
INSERT INTO PlantedIn (bedID, plantID, percentage, staffID) VALUES (130, 2995, 1, 51);
INSERT INTO PlantedIn (bedID, plantID, percentage, staffID) VALUES (370, 1705, 2, 169);
INSERT INTO PlantedIn (bedID, plantID, percentage, staffID) VALUES (464, 975, 3, 71);
INSERT INTO PlantedIn (bedID, plantID, percentage, staffID) VALUES (378, 1857, 3, 144);
INSERT INTO PlantedIn (bedID, plantID, percentage, staffID) VALUES (433, 1400, 3, 30);
INSERT INTO PlantedIn (bedID, plantID, percentage, staffID) VALUES (130, 2814, 2, 111);
INSERT INTO PlantedIn (bedID, plantID, percentage, staffID) VALUES (369, 945, 4, 186);
INSERT INTO PlantedIn (bedID, plantID, percentage, staffID) VALUES (258, 939, 2, 48);
INSERT INTO PlantedIn (bedID, plantID, percentage, staffID) VALUES (324, 231, 3, 157);
INSERT INTO PlantedIn (bedID, plantID, percentage, staffID) VALUES (148, 430, 1, 42);
INSERT INTO PlantedIn (bedID, plantID, percentage, staffID) VALUES (280, 3521, 3, 160);
INSERT INTO PlantedIn (bedID, plantID, percentage, staffID) VALUES (130, 3599, 3, 9);
INSERT INTO PlantedIn (bedID, plantID, percentage, staffID) VALUES (369, 920, 3, 130);
INSERT INTO PlantedIn (bedID, plantID, percentage, staffID) VALUES (197, 619, 1, 2);
INSERT INTO PlantedIn (bedID, plantID, percentage, staffID) VALUES (390, 1227, 1, 60);
INSERT INTO PlantedIn (bedID, plantID, percentage, staffID) VALUES (202, 3411, 1, 192);
INSERT INTO PlantedIn (bedID, plantID, percentage, staffID) VALUES (185, 824, 2, 29);
INSERT INTO PlantedIn (bedID, plantID, percentage, staffID) VALUES (360, 3097, 3, 3);
INSERT INTO PlantedIn (bedID, plantID, percentage, staffID) VALUES (114, 3253, 2, 84);
INSERT INTO PlantedIn (bedID, plantID, percentage, staffID) VALUES (225, 3695, 1, 146);
INSERT INTO PlantedIn (bedID, plantID, percentage, staffID) VALUES (23, 724, 2, 28);
INSERT INTO PlantedIn (bedID, plantID, percentage, staffID) VALUES (165, 544, 1, 132);
INSERT INTO PlantedIn (bedID, plantID, percentage, staffID) VALUES (217, 3608, 4, 41);
INSERT INTO PlantedIn (bedID, plantID, percentage, staffID) VALUES (386, 543, 1, 20);
INSERT INTO PlantedIn (bedID, plantID, percentage, staffID) VALUES (168, 921, 1, 130);
INSERT INTO PlantedIn (bedID, plantID, percentage, staffID) VALUES (19, 2504, 2, 152);
INSERT INTO PlantedIn (bedID, plantID, percentage, staffID) VALUES (232, 587, 4, 155);
INSERT INTO PlantedIn (bedID, plantID, percentage, staffID) VALUES (51, 1812, 1, 32);
INSERT INTO PlantedIn (bedID, plantID, percentage, staffID) VALUES (311, 1117, 1, 126);
INSERT INTO PlantedIn (bedID, plantID, percentage, staffID) VALUES (178, 2987, 3, 2);
INSERT INTO PlantedIn (bedID, plantID, percentage, staffID) VALUES (411, 825, 1, 178);
INSERT INTO PlantedIn (bedID, plantID, percentage, staffID) VALUES (402, 3794, 2, 30);
INSERT INTO PlantedIn (bedID, plantID, percentage, staffID) VALUES (50, 538, 2, 63);
INSERT INTO PlantedIn (bedID, plantID, percentage, staffID) VALUES (358, 1203, 1, 168);
INSERT INTO PlantedIn (bedID, plantID, percentage, staffID) VALUES (230, 2745, 4, 43);
INSERT INTO PlantedIn (bedID, plantID, percentage, staffID) VALUES (229, 837, 2, 77);
INSERT INTO PlantedIn (bedID, plantID, percentage, staffID) VALUES (287, 2989, 1, 194);
INSERT INTO PlantedIn (bedID, plantID, percentage, staffID) VALUES (359, 3189, 3, 44);
INSERT INTO PlantedIn (bedID, plantID, percentage, staffID) VALUES (383, 3347, 4, 166);
INSERT INTO PlantedIn (bedID, plantID, percentage, staffID) VALUES (83, 792, 2, 144);
INSERT INTO PlantedIn (bedID, plantID, percentage, staffID) VALUES (439, 3207, 1, 45);
INSERT INTO PlantedIn (bedID, plantID, percentage, staffID) VALUES (97, 2211, 2, 118);
INSERT INTO PlantedIn (bedID, plantID, percentage, staffID) VALUES (15, 3293, 3, 137);
INSERT INTO PlantedIn (bedID, plantID, percentage, staffID) VALUES (296, 2390, 2, 136);
INSERT INTO PlantedIn (bedID, plantID, percentage, staffID) VALUES (210, 3400, 2, 19);
INSERT INTO PlantedIn (bedID, plantID, percentage, staffID) VALUES (353, 3493, 4, 41);
INSERT INTO PlantedIn (bedID, plantID, percentage, staffID) VALUES (52, 3500, 1, 83);
INSERT INTO PlantedIn (bedID, plantID, percentage, staffID) VALUES (296, 1445, 3, 179);
INSERT INTO PlantedIn (bedID, plantID, percentage, staffID) VALUES (97, 361, 2, 143);
INSERT INTO PlantedIn (bedID, plantID, percentage, staffID) VALUES (315, 1051, 3, 175);
INSERT INTO PlantedIn (bedID, plantID, percentage, staffID) VALUES (59, 2021, 3, 68);
INSERT INTO PlantedIn (bedID, plantID, percentage, staffID) VALUES (67, 3851, 3, 27);
INSERT INTO PlantedIn (bedID, plantID, percentage, staffID) VALUES (415, 865, 3, 171);
INSERT INTO PlantedIn (bedID, plantID, percentage, staffID) VALUES (61, 147, 1, 111);
INSERT INTO PlantedIn (bedID, plantID, percentage, staffID) VALUES (447, 3649, 3, 76);
INSERT INTO PlantedIn (bedID, plantID, percentage, staffID) VALUES (151, 944, 3, 25);
INSERT INTO PlantedIn (bedID, plantID, percentage, staffID) VALUES (160, 3167, 1, 190);
INSERT INTO PlantedIn (bedID, plantID, percentage, staffID) VALUES (43, 3020, 1, 143);
INSERT INTO PlantedIn (bedID, plantID, percentage, staffID) VALUES (12, 368, 4, 7);
INSERT INTO PlantedIn (bedID, plantID, percentage, staffID) VALUES (151, 3351, 2, 107);
INSERT INTO PlantedIn (bedID, plantID, percentage, staffID) VALUES (429, 239, 4, 139);
INSERT INTO PlantedIn (bedID, plantID, percentage, staffID) VALUES (3, 204, 2, 86);
INSERT INTO PlantedIn (bedID, plantID, percentage, staffID) VALUES (141, 2081, 3, 173);
INSERT INTO PlantedIn (bedID, plantID, percentage, staffID) VALUES (170, 2989, 2, 130);
INSERT INTO PlantedIn (bedID, plantID, percentage, staffID) VALUES (263, 1291, 4, 136);
INSERT INTO PlantedIn (bedID, plantID, percentage, staffID) VALUES (172, 2419, 2, 63);
INSERT INTO PlantedIn (bedID, plantID, percentage, staffID) VALUES (341, 1291, 1, 59);
INSERT INTO PlantedIn (bedID, plantID, percentage, staffID) VALUES (96, 3126, 1, 99);
INSERT INTO PlantedIn (bedID, plantID, percentage, staffID) VALUES (104, 1434, 3, 41);
INSERT INTO PlantedIn (bedID, plantID, percentage, staffID) VALUES (431, 174, 2, 31);
INSERT INTO PlantedIn (bedID, plantID, percentage, staffID) VALUES (387, 3037, 2, 146);
INSERT INTO PlantedIn (bedID, plantID, percentage, staffID) VALUES (57, 1462, 2, 48);
INSERT INTO PlantedIn (bedID, plantID, percentage, staffID) VALUES (2, 2070, 3, 178);
INSERT INTO PlantedIn (bedID, plantID, percentage, staffID) VALUES (412, 602, 1, 156);
INSERT INTO PlantedIn (bedID, plantID, percentage, staffID) VALUES (457, 963, 4, 36);
INSERT INTO PlantedIn (bedID, plantID, percentage, staffID) VALUES (197, 505, 3, 146);
INSERT INTO PlantedIn (bedID, plantID, percentage, staffID) VALUES (238, 3522, 2, 31);
INSERT INTO PlantedIn (bedID, plantID, percentage, staffID) VALUES (453, 1158, 4, 139);
INSERT INTO PlantedIn (bedID, plantID, percentage, staffID) VALUES (41, 1518, 1, 30);
INSERT INTO PlantedIn (bedID, plantID, percentage, staffID) VALUES (365, 1462, 4, 141);
INSERT INTO PlantedIn (bedID, plantID, percentage, staffID) VALUES (433, 2146, 4, 102);
INSERT INTO PlantedIn (bedID, plantID, percentage, staffID) VALUES (337, 1018, 3, 175);
INSERT INTO PlantedIn (bedID, plantID, percentage, staffID) VALUES (243, 115, 4, 105);
INSERT INTO PlantedIn (bedID, plantID, percentage, staffID) VALUES (76, 855, 3, 115);
INSERT INTO PlantedIn (bedID, plantID, percentage, staffID) VALUES (63, 2755, 1, 15);
INSERT INTO PlantedIn (bedID, plantID, percentage, staffID) VALUES (6, 2896, 1, 177);
INSERT INTO PlantedIn (bedID, plantID, percentage, staffID) VALUES (68, 38, 4, 62);
INSERT INTO PlantedIn (bedID, plantID, percentage, staffID) VALUES (184, 3823, 2, 141);
INSERT INTO PlantedIn (bedID, plantID, percentage, staffID) VALUES (258, 720, 2, 18);
INSERT INTO PlantedIn (bedID, plantID, percentage, staffID) VALUES (213, 3625, 4, 190);
INSERT INTO PlantedIn (bedID, plantID, percentage, staffID) VALUES (458, 1701, 1, 182);
INSERT INTO PlantedIn (bedID, plantID, percentage, staffID) VALUES (313, 1750, 4, 161);
INSERT INTO PlantedIn (bedID, plantID, percentage, staffID) VALUES (79, 3327, 1, 180);
INSERT INTO PlantedIn (bedID, plantID, percentage, staffID) VALUES (289, 2881, 4, 57);
INSERT INTO PlantedIn (bedID, plantID, percentage, staffID) VALUES (358, 2232, 1, 136);
INSERT INTO PlantedIn (bedID, plantID, percentage, staffID) VALUES (268, 1356, 1, 91);
INSERT INTO PlantedIn (bedID, plantID, percentage, staffID) VALUES (254, 2044, 4, 75);
INSERT INTO PlantedIn (bedID, plantID, percentage, staffID) VALUES (221, 1144, 2, 194);
INSERT INTO PlantedIn (bedID, plantID, percentage, staffID) VALUES (349, 3240, 2, 115);
INSERT INTO PlantedIn (bedID, plantID, percentage, staffID) VALUES (138, 1353, 2, 39);
INSERT INTO PlantedIn (bedID, plantID, percentage, staffID) VALUES (100, 283, 4, 130);
INSERT INTO PlantedIn (bedID, plantID, percentage, staffID) VALUES (388, 3511, 3, 117);
INSERT INTO PlantedIn (bedID, plantID, percentage, staffID) VALUES (230, 913, 1, 147);
INSERT INTO PlantedIn (bedID, plantID, percentage, staffID) VALUES (278, 620, 1, 34);
INSERT INTO PlantedIn (bedID, plantID, percentage, staffID) VALUES (326, 2042, 1, 23);
INSERT INTO PlantedIn (bedID, plantID, percentage, staffID) VALUES (72, 3699, 3, 39);
INSERT INTO PlantedIn (bedID, plantID, percentage, staffID) VALUES (70, 2487, 1, 146);
INSERT INTO PlantedIn (bedID, plantID, percentage, staffID) VALUES (131, 2055, 1, 8);
INSERT INTO PlantedIn (bedID, plantID, percentage, staffID) VALUES (50, 2367, 2, 137);
INSERT INTO PlantedIn (bedID, plantID, percentage, staffID) VALUES (156, 2795, 2, 190);
INSERT INTO PlantedIn (bedID, plantID, percentage, staffID) VALUES (419, 195, 2, 37);
INSERT INTO PlantedIn (bedID, plantID, percentage, staffID) VALUES (76, 1288, 1, 49);
INSERT INTO PlantedIn (bedID, plantID, percentage, staffID) VALUES (437, 3085, 1, 24);
INSERT INTO PlantedIn (bedID, plantID, percentage, staffID) VALUES (358, 1167, 4, 117);
INSERT INTO PlantedIn (bedID, plantID, percentage, staffID) VALUES (448, 1095, 1, 26);
INSERT INTO PlantedIn (bedID, plantID, percentage, staffID) VALUES (386, 630, 4, 84);
INSERT INTO PlantedIn (bedID, plantID, percentage, staffID) VALUES (367, 302, 1, 53);
INSERT INTO PlantedIn (bedID, plantID, percentage, staffID) VALUES (379, 716, 3, 121);
INSERT INTO PlantedIn (bedID, plantID, percentage, staffID) VALUES (112, 2976, 2, 21);
INSERT INTO PlantedIn (bedID, plantID, percentage, staffID) VALUES (49, 1310, 1, 126);
INSERT INTO PlantedIn (bedID, plantID, percentage, staffID) VALUES (65, 2814, 4, 20);
INSERT INTO PlantedIn (bedID, plantID, percentage, staffID) VALUES (15, 2589, 4, 163);
INSERT INTO PlantedIn (bedID, plantID, percentage, staffID) VALUES (451, 3549, 4, 41);
INSERT INTO PlantedIn (bedID, plantID, percentage, staffID) VALUES (39, 2335, 4, 140);
INSERT INTO PlantedIn (bedID, plantID, percentage, staffID) VALUES (62, 2133, 2, 35);
INSERT INTO PlantedIn (bedID, plantID, percentage, staffID) VALUES (153, 1048, 2, 156);
INSERT INTO PlantedIn (bedID, plantID, percentage, staffID) VALUES (289, 1445, 3, 92);
INSERT INTO PlantedIn (bedID, plantID, percentage, staffID) VALUES (49, 2113, 1, 131);
INSERT INTO PlantedIn (bedID, plantID, percentage, staffID) VALUES (103, 1673, 1, 22);
INSERT INTO PlantedIn (bedID, plantID, percentage, staffID) VALUES (166, 1173, 2, 192);
INSERT INTO PlantedIn (bedID, plantID, percentage, staffID) VALUES (430, 2410, 3, 59);
INSERT INTO PlantedIn (bedID, plantID, percentage, staffID) VALUES (269, 955, 3, 15);
INSERT INTO PlantedIn (bedID, plantID, percentage, staffID) VALUES (378, 941, 1, 13);
INSERT INTO PlantedIn (bedID, plantID, percentage, staffID) VALUES (244, 3180, 1, 112);
INSERT INTO PlantedIn (bedID, plantID, percentage, staffID) VALUES (93, 3843, 2, 178);
INSERT INTO PlantedIn (bedID, plantID, percentage, staffID) VALUES (446, 2075, 2, 189);
INSERT INTO PlantedIn (bedID, plantID, percentage, staffID) VALUES (398, 3338, 3, 148);
INSERT INTO PlantedIn (bedID, plantID, percentage, staffID) VALUES (231, 46, 1, 69);
INSERT INTO PlantedIn (bedID, plantID, percentage, staffID) VALUES (123, 1587, 1, 154);
INSERT INTO PlantedIn (bedID, plantID, percentage, staffID) VALUES (310, 3150, 1, 37);
INSERT INTO PlantedIn (bedID, plantID, percentage, staffID) VALUES (302, 2793, 4, 60);
INSERT INTO PlantedIn (bedID, plantID, percentage, staffID) VALUES (340, 629, 2, 28);
INSERT INTO PlantedIn (bedID, plantID, percentage, staffID) VALUES (318, 2174, 3, 4);
INSERT INTO PlantedIn (bedID, plantID, percentage, staffID) VALUES (47, 3638, 4, 185);
INSERT INTO PlantedIn (bedID, plantID, percentage, staffID) VALUES (381, 2435, 2, 141);
INSERT INTO PlantedIn (bedID, plantID, percentage, staffID) VALUES (304, 94, 4, 71);
INSERT INTO PlantedIn (bedID, plantID, percentage, staffID) VALUES (433, 525, 3, 53);
INSERT INTO PlantedIn (bedID, plantID, percentage, staffID) VALUES (406, 2121, 3, 79);
INSERT INTO PlantedIn (bedID, plantID, percentage, staffID) VALUES (337, 2001, 2, 170);
INSERT INTO PlantedIn (bedID, plantID, percentage, staffID) VALUES (373, 3486, 3, 25);
INSERT INTO PlantedIn (bedID, plantID, percentage, staffID) VALUES (252, 3111, 1, 181);
INSERT INTO PlantedIn (bedID, plantID, percentage, staffID) VALUES (15, 1362, 1, 50);
INSERT INTO PlantedIn (bedID, plantID, percentage, staffID) VALUES (288, 3071, 1, 6);
INSERT INTO PlantedIn (bedID, plantID, percentage, staffID) VALUES (85, 2319, 3, 178);
INSERT INTO PlantedIn (bedID, plantID, percentage, staffID) VALUES (205, 973, 2, 159);
INSERT INTO PlantedIn (bedID, plantID, percentage, staffID) VALUES (118, 3695, 1, 14);
INSERT INTO PlantedIn (bedID, plantID, percentage, staffID) VALUES (35, 2558, 4, 139);
INSERT INTO PlantedIn (bedID, plantID, percentage, staffID) VALUES (259, 3301, 4, 145);
INSERT INTO PlantedIn (bedID, plantID, percentage, staffID) VALUES (439, 3756, 4, 22);
INSERT INTO PlantedIn (bedID, plantID, percentage, staffID) VALUES (154, 1356, 4, 26);
INSERT INTO PlantedIn (bedID, plantID, percentage, staffID) VALUES (69, 580, 2, 19);
INSERT INTO PlantedIn (bedID, plantID, percentage, staffID) VALUES (355, 3707, 1, 5);
INSERT INTO PlantedIn (bedID, plantID, percentage, staffID) VALUES (100, 3087, 2, 95);
INSERT INTO PlantedIn (bedID, plantID, percentage, staffID) VALUES (357, 2051, 4, 124);
INSERT INTO PlantedIn (bedID, plantID, percentage, staffID) VALUES (91, 1116, 3, 145);
INSERT INTO PlantedIn (bedID, plantID, percentage, staffID) VALUES (68, 1604, 1, 106);
INSERT INTO PlantedIn (bedID, plantID, percentage, staffID) VALUES (183, 2411, 3, 6);
INSERT INTO PlantedIn (bedID, plantID, percentage, staffID) VALUES (461, 592, 1, 132);
INSERT INTO PlantedIn (bedID, plantID, percentage, staffID) VALUES (144, 2837, 1, 91);
INSERT INTO PlantedIn (bedID, plantID, percentage, staffID) VALUES (328, 1800, 4, 48);
INSERT INTO PlantedIn (bedID, plantID, percentage, staffID) VALUES (125, 2695, 1, 74);
INSERT INTO PlantedIn (bedID, plantID, percentage, staffID) VALUES (108, 3747, 2, 173);
INSERT INTO PlantedIn (bedID, plantID, percentage, staffID) VALUES (458, 2609, 2, 96);
INSERT INTO PlantedIn (bedID, plantID, percentage, staffID) VALUES (142, 1925, 2, 14);
INSERT INTO PlantedIn (bedID, plantID, percentage, staffID) VALUES (308, 2739, 4, 80);
INSERT INTO PlantedIn (bedID, plantID, percentage, staffID) VALUES (210, 3232, 1, 2);
INSERT INTO PlantedIn (bedID, plantID, percentage, staffID) VALUES (143, 934, 3, 8);
INSERT INTO PlantedIn (bedID, plantID, percentage, staffID) VALUES (445, 1547, 1, 120);
INSERT INTO PlantedIn (bedID, plantID, percentage, staffID) VALUES (175, 1663, 3, 120);
INSERT INTO PlantedIn (bedID, plantID, percentage, staffID) VALUES (466, 2881, 4, 6);
INSERT INTO PlantedIn (bedID, plantID, percentage, staffID) VALUES (199, 1924, 3, 63);
INSERT INTO PlantedIn (bedID, plantID, percentage, staffID) VALUES (38, 1482, 3, 123);
INSERT INTO PlantedIn (bedID, plantID, percentage, staffID) VALUES (104, 2346, 3, 135);
INSERT INTO PlantedIn (bedID, plantID, percentage, staffID) VALUES (402, 2688, 4, 18);
INSERT INTO PlantedIn (bedID, plantID, percentage, staffID) VALUES (48, 2090, 1, 19);
INSERT INTO PlantedIn (bedID, plantID, percentage, staffID) VALUES (136, 463, 3, 8);
INSERT INTO PlantedIn (bedID, plantID, percentage, staffID) VALUES (292, 1320, 3, 87);
INSERT INTO PlantedIn (bedID, plantID, percentage, staffID) VALUES (337, 1608, 4, 53);
INSERT INTO PlantedIn (bedID, plantID, percentage, staffID) VALUES (379, 3322, 1, 65);
INSERT INTO PlantedIn (bedID, plantID, percentage, staffID) VALUES (221, 3753, 2, 111);
INSERT INTO PlantedIn (bedID, plantID, percentage, staffID) VALUES (316, 2421, 4, 21);
INSERT INTO PlantedIn (bedID, plantID, percentage, staffID) VALUES (141, 216, 2, 47);
INSERT INTO PlantedIn (bedID, plantID, percentage, staffID) VALUES (283, 1233, 4, 99);
INSERT INTO PlantedIn (bedID, plantID, percentage, staffID) VALUES (208, 1994, 1, 121);
INSERT INTO PlantedIn (bedID, plantID, percentage, staffID) VALUES (406, 52, 3, 137);
INSERT INTO PlantedIn (bedID, plantID, percentage, staffID) VALUES (204, 3587, 1, 74);
INSERT INTO PlantedIn (bedID, plantID, percentage, staffID) VALUES (373, 2612, 2, 51);
INSERT INTO PlantedIn (bedID, plantID, percentage, staffID) VALUES (306, 3043, 2, 116);
INSERT INTO PlantedIn (bedID, plantID, percentage, staffID) VALUES (196, 2590, 3, 16);
INSERT INTO PlantedIn (bedID, plantID, percentage, staffID) VALUES (344, 1165, 2, 22);
INSERT INTO PlantedIn (bedID, plantID, percentage, staffID) VALUES (294, 2270, 1, 42);
INSERT INTO PlantedIn (bedID, plantID, percentage, staffID) VALUES (49, 3066, 4, 24);
INSERT INTO PlantedIn (bedID, plantID, percentage, staffID) VALUES (382, 3030, 1, 109);
INSERT INTO PlantedIn (bedID, plantID, percentage, staffID) VALUES (337, 3446, 2, 95);
INSERT INTO PlantedIn (bedID, plantID, percentage, staffID) VALUES (269, 2752, 1, 154);
INSERT INTO PlantedIn (bedID, plantID, percentage, staffID) VALUES (237, 1242, 4, 108);
INSERT INTO PlantedIn (bedID, plantID, percentage, staffID) VALUES (469, 2322, 3, 127);
INSERT INTO PlantedIn (bedID, plantID, percentage, staffID) VALUES (427, 2818, 3, 9);
INSERT INTO PlantedIn (bedID, plantID, percentage, staffID) VALUES (150, 944, 2, 119);
INSERT INTO PlantedIn (bedID, plantID, percentage, staffID) VALUES (18, 2690, 4, 78);
INSERT INTO PlantedIn (bedID, plantID, percentage, staffID) VALUES (227, 3515, 1, 17);
INSERT INTO PlantedIn (bedID, plantID, percentage, staffID) VALUES (379, 2103, 2, 141);
INSERT INTO PlantedIn (bedID, plantID, percentage, staffID) VALUES (122, 1716, 4, 119);
INSERT INTO PlantedIn (bedID, plantID, percentage, staffID) VALUES (362, 417, 4, 137);
INSERT INTO PlantedIn (bedID, plantID, percentage, staffID) VALUES (336, 1120, 3, 97);
INSERT INTO PlantedIn (bedID, plantID, percentage, staffID) VALUES (9, 1984, 2, 28);
INSERT INTO PlantedIn (bedID, plantID, percentage, staffID) VALUES (359, 2759, 4, 154);
INSERT INTO PlantedIn (bedID, plantID, percentage, staffID) VALUES (194, 518, 4, 131);
INSERT INTO PlantedIn (bedID, plantID, percentage, staffID) VALUES (21, 2777, 4, 17);
INSERT INTO PlantedIn (bedID, plantID, percentage, staffID) VALUES (125, 2982, 3, 44);
INSERT INTO PlantedIn (bedID, plantID, percentage, staffID) VALUES (102, 3067, 4, 56);
INSERT INTO PlantedIn (bedID, plantID, percentage, staffID) VALUES (427, 3635, 3, 151);
INSERT INTO PlantedIn (bedID, plantID, percentage, staffID) VALUES (109, 813, 1, 45);
INSERT INTO PlantedIn (bedID, plantID, percentage, staffID) VALUES (343, 1363, 2, 120);
INSERT INTO PlantedIn (bedID, plantID, percentage, staffID) VALUES (32, 1308, 2, 57);
INSERT INTO PlantedIn (bedID, plantID, percentage, staffID) VALUES (224, 3534, 3, 75);
INSERT INTO PlantedIn (bedID, plantID, percentage, staffID) VALUES (300, 1722, 4, 74);
INSERT INTO PlantedIn (bedID, plantID, percentage, staffID) VALUES (103, 2208, 2, 85);
INSERT INTO PlantedIn (bedID, plantID, percentage, staffID) VALUES (173, 2652, 2, 85);
INSERT INTO PlantedIn (bedID, plantID, percentage, staffID) VALUES (297, 574, 4, 179);
INSERT INTO PlantedIn (bedID, plantID, percentage, staffID) VALUES (170, 367, 1, 22);
INSERT INTO PlantedIn (bedID, plantID, percentage, staffID) VALUES (212, 2666, 3, 115);
INSERT INTO PlantedIn (bedID, plantID, percentage, staffID) VALUES (357, 1367, 2, 4);
INSERT INTO PlantedIn (bedID, plantID, percentage, staffID) VALUES (378, 1450, 1, 58);
INSERT INTO PlantedIn (bedID, plantID, percentage, staffID) VALUES (448, 2681, 2, 92);
INSERT INTO PlantedIn (bedID, plantID, percentage, staffID) VALUES (180, 3321, 1, 118);
INSERT INTO PlantedIn (bedID, plantID, percentage, staffID) VALUES (4, 1744, 2, 177);
INSERT INTO PlantedIn (bedID, plantID, percentage, staffID) VALUES (259, 3745, 4, 92);
INSERT INTO PlantedIn (bedID, plantID, percentage, staffID) VALUES (235, 723, 4, 124);
INSERT INTO PlantedIn (bedID, plantID, percentage, staffID) VALUES (96, 3821, 3, 133);
INSERT INTO PlantedIn (bedID, plantID, percentage, staffID) VALUES (128, 2564, 4, 107);
INSERT INTO PlantedIn (bedID, plantID, percentage, staffID) VALUES (53, 3225, 4, 70);
INSERT INTO PlantedIn (bedID, plantID, percentage, staffID) VALUES (101, 1328, 1, 84);
INSERT INTO PlantedIn (bedID, plantID, percentage, staffID) VALUES (120, 3539, 4, 50);
INSERT INTO PlantedIn (bedID, plantID, percentage, staffID) VALUES (234, 1987, 1, 115);
INSERT INTO PlantedIn (bedID, plantID, percentage, staffID) VALUES (226, 2602, 4, 174);
INSERT INTO PlantedIn (bedID, plantID, percentage, staffID) VALUES (304, 1012, 3, 35);
INSERT INTO PlantedIn (bedID, plantID, percentage, staffID) VALUES (265, 2918, 2, 191);
INSERT INTO PlantedIn (bedID, plantID, percentage, staffID) VALUES (265, 3246, 1, 189);
INSERT INTO PlantedIn (bedID, plantID, percentage, staffID) VALUES (115, 2467, 2, 96);
INSERT INTO PlantedIn (bedID, plantID, percentage, staffID) VALUES (262, 2756, 1, 81);
INSERT INTO PlantedIn (bedID, plantID, percentage, staffID) VALUES (108, 3697, 3, 13);
INSERT INTO PlantedIn (bedID, plantID, percentage, staffID) VALUES (298, 3536, 2, 107);
INSERT INTO PlantedIn (bedID, plantID, percentage, staffID) VALUES (84, 2668, 2, 182);
INSERT INTO PlantedIn (bedID, plantID, percentage, staffID) VALUES (289, 2949, 1, 6);
INSERT INTO PlantedIn (bedID, plantID, percentage, staffID) VALUES (286, 3690, 4, 78);
INSERT INTO PlantedIn (bedID, plantID, percentage, staffID) VALUES (281, 3276, 1, 70);
INSERT INTO PlantedIn (bedID, plantID, percentage, staffID) VALUES (266, 2836, 4, 40);
INSERT INTO PlantedIn (bedID, plantID, percentage, staffID) VALUES (327, 993, 2, 101);
INSERT INTO PlantedIn (bedID, plantID, percentage, staffID) VALUES (82, 51, 2, 121);
INSERT INTO PlantedIn (bedID, plantID, percentage, staffID) VALUES (333, 1869, 4, 133);
INSERT INTO PlantedIn (bedID, plantID, percentage, staffID) VALUES (161, 1849, 4, 83);
INSERT INTO PlantedIn (bedID, plantID, percentage, staffID) VALUES (115, 1670, 4, 24);
INSERT INTO PlantedIn (bedID, plantID, percentage, staffID) VALUES (183, 1916, 4, 141);
INSERT INTO PlantedIn (bedID, plantID, percentage, staffID) VALUES (163, 113, 4, 26);
INSERT INTO PlantedIn (bedID, plantID, percentage, staffID) VALUES (361, 1233, 2, 141);
INSERT INTO PlantedIn (bedID, plantID, percentage, staffID) VALUES (273, 700, 3, 158);
INSERT INTO PlantedIn (bedID, plantID, percentage, staffID) VALUES (92, 1407, 4, 20);
INSERT INTO PlantedIn (bedID, plantID, percentage, staffID) VALUES (401, 2870, 1, 137);
INSERT INTO PlantedIn (bedID, plantID, percentage, staffID) VALUES (105, 283, 2, 28);
INSERT INTO PlantedIn (bedID, plantID, percentage, staffID) VALUES (239, 966, 4, 63);
INSERT INTO PlantedIn (bedID, plantID, percentage, staffID) VALUES (353, 3849, 1, 178);
INSERT INTO PlantedIn (bedID, plantID, percentage, staffID) VALUES (149, 2637, 4, 50);
INSERT INTO PlantedIn (bedID, plantID, percentage, staffID) VALUES (409, 49, 1, 131);
INSERT INTO PlantedIn (bedID, plantID, percentage, staffID) VALUES (225, 2417, 3, 84);
INSERT INTO PlantedIn (bedID, plantID, percentage, staffID) VALUES (457, 2422, 4, 100);
INSERT INTO PlantedIn (bedID, plantID, percentage, staffID) VALUES (293, 1056, 2, 57);
INSERT INTO PlantedIn (bedID, plantID, percentage, staffID) VALUES (243, 643, 3, 34);
INSERT INTO PlantedIn (bedID, plantID, percentage, staffID) VALUES (381, 854, 3, 185);
INSERT INTO PlantedIn (bedID, plantID, percentage, staffID) VALUES (84, 487, 4, 3);
INSERT INTO PlantedIn (bedID, plantID, percentage, staffID) VALUES (254, 2735, 1, 102);
INSERT INTO PlantedIn (bedID, plantID, percentage, staffID) VALUES (410, 2715, 2, 178);
INSERT INTO PlantedIn (bedID, plantID, percentage, staffID) VALUES (378, 1579, 4, 162);
INSERT INTO PlantedIn (bedID, plantID, percentage, staffID) VALUES (17, 1070, 3, 148);
INSERT INTO PlantedIn (bedID, plantID, percentage, staffID) VALUES (79, 453, 4, 121);
INSERT INTO PlantedIn (bedID, plantID, percentage, staffID) VALUES (160, 1900, 3, 104);
INSERT INTO PlantedIn (bedID, plantID, percentage, staffID) VALUES (293, 1997, 1, 65);
INSERT INTO PlantedIn (bedID, plantID, percentage, staffID) VALUES (107, 3146, 1, 48);
INSERT INTO PlantedIn (bedID, plantID, percentage, staffID) VALUES (245, 391, 2, 86);
INSERT INTO PlantedIn (bedID, plantID, percentage, staffID) VALUES (241, 820, 3, 16);
INSERT INTO PlantedIn (bedID, plantID, percentage, staffID) VALUES (232, 3087, 1, 41);
INSERT INTO PlantedIn (bedID, plantID, percentage, staffID) VALUES (378, 584, 4, 21);
INSERT INTO PlantedIn (bedID, plantID, percentage, staffID) VALUES (127, 2669, 3, 190);
INSERT INTO PlantedIn (bedID, plantID, percentage, staffID) VALUES (87, 1687, 4, 25);
INSERT INTO PlantedIn (bedID, plantID, percentage, staffID) VALUES (118, 706, 4, 55);
INSERT INTO PlantedIn (bedID, plantID, percentage, staffID) VALUES (135, 2659, 4, 16);
INSERT INTO PlantedIn (bedID, plantID, percentage, staffID) VALUES (426, 591, 2, 69);
INSERT INTO PlantedIn (bedID, plantID, percentage, staffID) VALUES (450, 2068, 3, 88);
INSERT INTO PlantedIn (bedID, plantID, percentage, staffID) VALUES (325, 2041, 4, 146);
INSERT INTO PlantedIn (bedID, plantID, percentage, staffID) VALUES (104, 2482, 2, 115);
INSERT INTO PlantedIn (bedID, plantID, percentage, staffID) VALUES (38, 2627, 1, 41);
INSERT INTO PlantedIn (bedID, plantID, percentage, staffID) VALUES (54, 587, 2, 43);
INSERT INTO PlantedIn (bedID, plantID, percentage, staffID) VALUES (159, 1838, 3, 26);
INSERT INTO PlantedIn (bedID, plantID, percentage, staffID) VALUES (78, 787, 1, 84);
INSERT INTO PlantedIn (bedID, plantID, percentage, staffID) VALUES (169, 2891, 2, 93);
INSERT INTO PlantedIn (bedID, plantID, percentage, staffID) VALUES (134, 3394, 4, 12);
INSERT INTO PlantedIn (bedID, plantID, percentage, staffID) VALUES (193, 2965, 3, 189);
INSERT INTO PlantedIn (bedID, plantID, percentage, staffID) VALUES (194, 1863, 2, 6);
INSERT INTO PlantedIn (bedID, plantID, percentage, staffID) VALUES (77, 868, 2, 106);
INSERT INTO PlantedIn (bedID, plantID, percentage, staffID) VALUES (178, 2810, 3, 130);
INSERT INTO PlantedIn (bedID, plantID, percentage, staffID) VALUES (96, 2950, 2, 67);
INSERT INTO PlantedIn (bedID, plantID, percentage, staffID) VALUES (458, 2853, 2, 88);
INSERT INTO PlantedIn (bedID, plantID, percentage, staffID) VALUES (230, 3402, 4, 129);
INSERT INTO PlantedIn (bedID, plantID, percentage, staffID) VALUES (359, 2652, 1, 151);
INSERT INTO PlantedIn (bedID, plantID, percentage, staffID) VALUES (215, 2548, 4, 161);
INSERT INTO PlantedIn (bedID, plantID, percentage, staffID) VALUES (67, 3144, 2, 72);
INSERT INTO PlantedIn (bedID, plantID, percentage, staffID) VALUES (18, 3354, 2, 118);
INSERT INTO PlantedIn (bedID, plantID, percentage, staffID) VALUES (282, 831, 4, 26);
INSERT INTO PlantedIn (bedID, plantID, percentage, staffID) VALUES (463, 1745, 4, 34);
INSERT INTO PlantedIn (bedID, plantID, percentage, staffID) VALUES (90, 2285, 3, 55);
INSERT INTO PlantedIn (bedID, plantID, percentage, staffID) VALUES (223, 3468, 1, 91);
INSERT INTO PlantedIn (bedID, plantID, percentage, staffID) VALUES (276, 699, 1, 81);
INSERT INTO PlantedIn (bedID, plantID, percentage, staffID) VALUES (398, 705, 4, 184);
INSERT INTO PlantedIn (bedID, plantID, percentage, staffID) VALUES (471, 956, 1, 58);
INSERT INTO PlantedIn (bedID, plantID, percentage, staffID) VALUES (55, 3330, 3, 92);
INSERT INTO PlantedIn (bedID, plantID, percentage, staffID) VALUES (37, 2207, 1, 104);
INSERT INTO PlantedIn (bedID, plantID, percentage, staffID) VALUES (123, 1028, 3, 181);
INSERT INTO PlantedIn (bedID, plantID, percentage, staffID) VALUES (243, 1368, 2, 160);
INSERT INTO PlantedIn (bedID, plantID, percentage, staffID) VALUES (254, 2630, 3, 68);
INSERT INTO PlantedIn (bedID, plantID, percentage, staffID) VALUES (439, 2383, 1, 116);
INSERT INTO PlantedIn (bedID, plantID, percentage, staffID) VALUES (226, 46, 3, 154);
INSERT INTO PlantedIn (bedID, plantID, percentage, staffID) VALUES (276, 1000, 3, 125);
INSERT INTO PlantedIn (bedID, plantID, percentage, staffID) VALUES (439, 2347, 1, 167);
INSERT INTO PlantedIn (bedID, plantID, percentage, staffID) VALUES (413, 2721, 1, 188);
INSERT INTO PlantedIn (bedID, plantID, percentage, staffID) VALUES (17, 3393, 3, 160);
INSERT INTO PlantedIn (bedID, plantID, percentage, staffID) VALUES (110, 2182, 4, 184);
INSERT INTO PlantedIn (bedID, plantID, percentage, staffID) VALUES (116, 893, 1, 62);
INSERT INTO PlantedIn (bedID, plantID, percentage, staffID) VALUES (401, 3341, 2, 44);
INSERT INTO PlantedIn (bedID, plantID, percentage, staffID) VALUES (415, 3740, 2, 180);
INSERT INTO PlantedIn (bedID, plantID, percentage, staffID) VALUES (107, 1885, 1, 13);
INSERT INTO PlantedIn (bedID, plantID, percentage, staffID) VALUES (45, 3402, 4, 70);
INSERT INTO PlantedIn (bedID, plantID, percentage, staffID) VALUES (277, 995, 3, 1);
INSERT INTO PlantedIn (bedID, plantID, percentage, staffID) VALUES (64, 3036, 2, 34);
INSERT INTO PlantedIn (bedID, plantID, percentage, staffID) VALUES (166, 246, 3, 28);
INSERT INTO PlantedIn (bedID, plantID, percentage, staffID) VALUES (140, 1677, 1, 157);
INSERT INTO PlantedIn (bedID, plantID, percentage, staffID) VALUES (141, 3797, 1, 96);
INSERT INTO PlantedIn (bedID, plantID, percentage, staffID) VALUES (450, 1339, 1, 130);
INSERT INTO PlantedIn (bedID, plantID, percentage, staffID) VALUES (426, 3008, 3, 13);
INSERT INTO PlantedIn (bedID, plantID, percentage, staffID) VALUES (447, 1655, 1, 8);
INSERT INTO PlantedIn (bedID, plantID, percentage, staffID) VALUES (267, 2432, 4, 62);
INSERT INTO PlantedIn (bedID, plantID, percentage, staffID) VALUES (188, 1715, 2, 61);
INSERT INTO PlantedIn (bedID, plantID, percentage, staffID) VALUES (431, 1811, 2, 67);
INSERT INTO PlantedIn (bedID, plantID, percentage, staffID) VALUES (48, 1949, 4, 19);
INSERT INTO PlantedIn (bedID, plantID, percentage, staffID) VALUES (252, 1657, 2, 167);
INSERT INTO PlantedIn (bedID, plantID, percentage, staffID) VALUES (232, 1933, 4, 52);
INSERT INTO PlantedIn (bedID, plantID, percentage, staffID) VALUES (253, 1008, 1, 99);
INSERT INTO PlantedIn (bedID, plantID, percentage, staffID) VALUES (266, 1845, 1, 115);
INSERT INTO PlantedIn (bedID, plantID, percentage, staffID) VALUES (366, 3627, 1, 187);
INSERT INTO PlantedIn (bedID, plantID, percentage, staffID) VALUES (127, 671, 4, 70);
INSERT INTO PlantedIn (bedID, plantID, percentage, staffID) VALUES (126, 532, 2, 124);
INSERT INTO PlantedIn (bedID, plantID, percentage, staffID) VALUES (242, 412, 1, 41);
INSERT INTO PlantedIn (bedID, plantID, percentage, staffID) VALUES (254, 58, 1, 72);
INSERT INTO PlantedIn (bedID, plantID, percentage, staffID) VALUES (244, 2343, 1, 193);
INSERT INTO PlantedIn (bedID, plantID, percentage, staffID) VALUES (411, 1640, 2, 44);
INSERT INTO PlantedIn (bedID, plantID, percentage, staffID) VALUES (427, 2987, 3, 89);
INSERT INTO PlantedIn (bedID, plantID, percentage, staffID) VALUES (337, 1359, 4, 187);
INSERT INTO PlantedIn (bedID, plantID, percentage, staffID) VALUES (167, 284, 2, 184);
INSERT INTO PlantedIn (bedID, plantID, percentage, staffID) VALUES (141, 73, 4, 164);
INSERT INTO PlantedIn (bedID, plantID, percentage, staffID) VALUES (456, 3293, 2, 157);
INSERT INTO PlantedIn (bedID, plantID, percentage, staffID) VALUES (31, 766, 4, 59);
INSERT INTO PlantedIn (bedID, plantID, percentage, staffID) VALUES (300, 3714, 4, 112);
INSERT INTO PlantedIn (bedID, plantID, percentage, staffID) VALUES (414, 2033, 1, 104);
INSERT INTO PlantedIn (bedID, plantID, percentage, staffID) VALUES (130, 1155, 3, 107);
INSERT INTO PlantedIn (bedID, plantID, percentage, staffID) VALUES (176, 1628, 3, 18);
INSERT INTO PlantedIn (bedID, plantID, percentage, staffID) VALUES (173, 307, 3, 191);
INSERT INTO PlantedIn (bedID, plantID, percentage, staffID) VALUES (47, 2844, 1, 115);
INSERT INTO PlantedIn (bedID, plantID, percentage, staffID) VALUES (278, 1284, 3, 92);
INSERT INTO PlantedIn (bedID, plantID, percentage, staffID) VALUES (251, 2838, 1, 100);
INSERT INTO PlantedIn (bedID, plantID, percentage, staffID) VALUES (329, 148, 3, 31);
INSERT INTO PlantedIn (bedID, plantID, percentage, staffID) VALUES (267, 2541, 4, 143);
INSERT INTO PlantedIn (bedID, plantID, percentage, staffID) VALUES (453, 837, 2, 95);
INSERT INTO PlantedIn (bedID, plantID, percentage, staffID) VALUES (298, 3500, 3, 136);
INSERT INTO PlantedIn (bedID, plantID, percentage, staffID) VALUES (304, 875, 1, 161);
INSERT INTO PlantedIn (bedID, plantID, percentage, staffID) VALUES (265, 908, 1, 180);
INSERT INTO PlantedIn (bedID, plantID, percentage, staffID) VALUES (459, 1434, 3, 52);
INSERT INTO PlantedIn (bedID, plantID, percentage, staffID) VALUES (194, 1545, 4, 48);
INSERT INTO PlantedIn (bedID, plantID, percentage, staffID) VALUES (27, 3592, 1, 166);
INSERT INTO PlantedIn (bedID, plantID, percentage, staffID) VALUES (69, 1068, 4, 70);
INSERT INTO PlantedIn (bedID, plantID, percentage, staffID) VALUES (392, 1210, 2, 161);
INSERT INTO PlantedIn (bedID, plantID, percentage, staffID) VALUES (104, 1737, 4, 38);
INSERT INTO PlantedIn (bedID, plantID, percentage, staffID) VALUES (320, 3762, 1, 18);
INSERT INTO PlantedIn (bedID, plantID, percentage, staffID) VALUES (99, 3747, 1, 66);
INSERT INTO PlantedIn (bedID, plantID, percentage, staffID) VALUES (161, 2221, 3, 172);
INSERT INTO PlantedIn (bedID, plantID, percentage, staffID) VALUES (461, 281, 1, 148);
INSERT INTO PlantedIn (bedID, plantID, percentage, staffID) VALUES (1, 2061, 1, 9);
INSERT INTO PlantedIn (bedID, plantID, percentage, staffID) VALUES (383, 1485, 3, 190);
INSERT INTO PlantedIn (bedID, plantID, percentage, staffID) VALUES (330, 2770, 4, 19);
INSERT INTO PlantedIn (bedID, plantID, percentage, staffID) VALUES (79, 1075, 4, 159);
INSERT INTO PlantedIn (bedID, plantID, percentage, staffID) VALUES (119, 3338, 2, 16);
INSERT INTO PlantedIn (bedID, plantID, percentage, staffID) VALUES (394, 1538, 1, 130);
INSERT INTO PlantedIn (bedID, plantID, percentage, staffID) VALUES (460, 1840, 4, 189);
INSERT INTO PlantedIn (bedID, plantID, percentage, staffID) VALUES (84, 83, 4, 143);
INSERT INTO PlantedIn (bedID, plantID, percentage, staffID) VALUES (192, 2429, 1, 128);
INSERT INTO PlantedIn (bedID, plantID, percentage, staffID) VALUES (164, 2767, 3, 4);
INSERT INTO PlantedIn (bedID, plantID, percentage, staffID) VALUES (471, 3068, 1, 72);
INSERT INTO PlantedIn (bedID, plantID, percentage, staffID) VALUES (311, 1652, 2, 144);
INSERT INTO PlantedIn (bedID, plantID, percentage, staffID) VALUES (391, 1314, 4, 136);
INSERT INTO PlantedIn (bedID, plantID, percentage, staffID) VALUES (386, 2260, 2, 152);
INSERT INTO PlantedIn (bedID, plantID, percentage, staffID) VALUES (109, 2788, 2, 187);
INSERT INTO PlantedIn (bedID, plantID, percentage, staffID) VALUES (352, 2365, 1, 81);
INSERT INTO PlantedIn (bedID, plantID, percentage, staffID) VALUES (114, 58, 3, 52);
INSERT INTO PlantedIn (bedID, plantID, percentage, staffID) VALUES (346, 1040, 3, 20);
INSERT INTO PlantedIn (bedID, plantID, percentage, staffID) VALUES (414, 2605, 3, 43);
INSERT INTO PlantedIn (bedID, plantID, percentage, staffID) VALUES (7, 3374, 4, 102);
INSERT INTO PlantedIn (bedID, plantID, percentage, staffID) VALUES (217, 932, 3, 40);
INSERT INTO PlantedIn (bedID, plantID, percentage, staffID) VALUES (456, 416, 3, 19);
INSERT INTO PlantedIn (bedID, plantID, percentage, staffID) VALUES (341, 1871, 4, 174);
INSERT INTO PlantedIn (bedID, plantID, percentage, staffID) VALUES (236, 397, 1, 112);
INSERT INTO PlantedIn (bedID, plantID, percentage, staffID) VALUES (173, 2565, 1, 125);
INSERT INTO PlantedIn (bedID, plantID, percentage, staffID) VALUES (77, 1707, 2, 142);
INSERT INTO PlantedIn (bedID, plantID, percentage, staffID) VALUES (301, 1469, 3, 75);
INSERT INTO PlantedIn (bedID, plantID, percentage, staffID) VALUES (224, 264, 4, 95);
INSERT INTO PlantedIn (bedID, plantID, percentage, staffID) VALUES (436, 1629, 1, 93);
INSERT INTO PlantedIn (bedID, plantID, percentage, staffID) VALUES (457, 2646, 3, 81);
INSERT INTO PlantedIn (bedID, plantID, percentage, staffID) VALUES (303, 3202, 3, 142);
INSERT INTO PlantedIn (bedID, plantID, percentage, staffID) VALUES (465, 2545, 2, 34);
INSERT INTO PlantedIn (bedID, plantID, percentage, staffID) VALUES (153, 2992, 2, 119);
INSERT INTO PlantedIn (bedID, plantID, percentage, staffID) VALUES (102, 1069, 4, 181);
INSERT INTO PlantedIn (bedID, plantID, percentage, staffID) VALUES (311, 960, 1, 121);
INSERT INTO PlantedIn (bedID, plantID, percentage, staffID) VALUES (150, 211, 1, 18);
INSERT INTO PlantedIn (bedID, plantID, percentage, staffID) VALUES (226, 2082, 2, 54);
INSERT INTO PlantedIn (bedID, plantID, percentage, staffID) VALUES (106, 2530, 4, 10);
INSERT INTO PlantedIn (bedID, plantID, percentage, staffID) VALUES (229, 2872, 2, 87);
INSERT INTO PlantedIn (bedID, plantID, percentage, staffID) VALUES (190, 2270, 3, 166);
INSERT INTO PlantedIn (bedID, plantID, percentage, staffID) VALUES (171, 1521, 3, 42);
INSERT INTO PlantedIn (bedID, plantID, percentage, staffID) VALUES (317, 348, 2, 88);
INSERT INTO PlantedIn (bedID, plantID, percentage, staffID) VALUES (161, 75, 3, 93);
INSERT INTO PlantedIn (bedID, plantID, percentage, staffID) VALUES (35, 2082, 3, 182);
INSERT INTO PlantedIn (bedID, plantID, percentage, staffID) VALUES (382, 153, 2, 34);
INSERT INTO PlantedIn (bedID, plantID, percentage, staffID) VALUES (371, 2272, 1, 154);
INSERT INTO PlantedIn (bedID, plantID, percentage, staffID) VALUES (83, 2184, 3, 185);
INSERT INTO PlantedIn (bedID, plantID, percentage, staffID) VALUES (454, 435, 3, 23);
INSERT INTO PlantedIn (bedID, plantID, percentage, staffID) VALUES (265, 1582, 3, 40);
INSERT INTO PlantedIn (bedID, plantID, percentage, staffID) VALUES (449, 338, 1, 38);
INSERT INTO PlantedIn (bedID, plantID, percentage, staffID) VALUES (114, 670, 1, 67);
INSERT INTO PlantedIn (bedID, plantID, percentage, staffID) VALUES (101, 1883, 4, 69);
INSERT INTO PlantedIn (bedID, plantID, percentage, staffID) VALUES (36, 339, 1, 37);
INSERT INTO PlantedIn (bedID, plantID, percentage, staffID) VALUES (309, 331, 3, 161);
INSERT INTO PlantedIn (bedID, plantID, percentage, staffID) VALUES (94, 3472, 2, 49);
INSERT INTO PlantedIn (bedID, plantID, percentage, staffID) VALUES (208, 747, 4, 192);
INSERT INTO PlantedIn (bedID, plantID, percentage, staffID) VALUES (285, 528, 3, 129);
INSERT INTO PlantedIn (bedID, plantID, percentage, staffID) VALUES (106, 3135, 2, 118);
INSERT INTO PlantedIn (bedID, plantID, percentage, staffID) VALUES (466, 3478, 1, 104);
INSERT INTO PlantedIn (bedID, plantID, percentage, staffID) VALUES (184, 3252, 2, 40);
INSERT INTO PlantedIn (bedID, plantID, percentage, staffID) VALUES (440, 1431, 3, 146);
INSERT INTO PlantedIn (bedID, plantID, percentage, staffID) VALUES (216, 1921, 3, 40);
INSERT INTO PlantedIn (bedID, plantID, percentage, staffID) VALUES (187, 1665, 4, 11);
INSERT INTO PlantedIn (bedID, plantID, percentage, staffID) VALUES (296, 3844, 1, 170);
INSERT INTO PlantedIn (bedID, plantID, percentage, staffID) VALUES (62, 1772, 2, 159);
INSERT INTO PlantedIn (bedID, plantID, percentage, staffID) VALUES (128, 1357, 2, 167);
INSERT INTO PlantedIn (bedID, plantID, percentage, staffID) VALUES (119, 1257, 3, 92);
INSERT INTO PlantedIn (bedID, plantID, percentage, staffID) VALUES (79, 2478, 1, 21);
INSERT INTO PlantedIn (bedID, plantID, percentage, staffID) VALUES (6, 3134, 2, 139);
INSERT INTO PlantedIn (bedID, plantID, percentage, staffID) VALUES (146, 3357, 3, 25);
INSERT INTO PlantedIn (bedID, plantID, percentage, staffID) VALUES (142, 671, 4, 110);
INSERT INTO PlantedIn (bedID, plantID, percentage, staffID) VALUES (80, 1412, 2, 31);
INSERT INTO PlantedIn (bedID, plantID, percentage, staffID) VALUES (125, 224, 1, 92);
INSERT INTO PlantedIn (bedID, plantID, percentage, staffID) VALUES (348, 3535, 3, 78);
INSERT INTO PlantedIn (bedID, plantID, percentage, staffID) VALUES (17, 327, 1, 184);
INSERT INTO PlantedIn (bedID, plantID, percentage, staffID) VALUES (294, 3187, 4, 77);
INSERT INTO PlantedIn (bedID, plantID, percentage, staffID) VALUES (461, 2610, 4, 166);
INSERT INTO PlantedIn (bedID, plantID, percentage, staffID) VALUES (156, 3485, 4, 36);
INSERT INTO PlantedIn (bedID, plantID, percentage, staffID) VALUES (118, 2708, 1, 122);
INSERT INTO PlantedIn (bedID, plantID, percentage, staffID) VALUES (409, 2162, 1, 98);
INSERT INTO PlantedIn (bedID, plantID, percentage, staffID) VALUES (292, 3587, 2, 42);
INSERT INTO PlantedIn (bedID, plantID, percentage, staffID) VALUES (317, 3308, 2, 18);
INSERT INTO PlantedIn (bedID, plantID, percentage, staffID) VALUES (322, 1783, 3, 56);
INSERT INTO PlantedIn (bedID, plantID, percentage, staffID) VALUES (65, 320, 2, 113);
INSERT INTO PlantedIn (bedID, plantID, percentage, staffID) VALUES (466, 2807, 1, 55);
INSERT INTO PlantedIn (bedID, plantID, percentage, staffID) VALUES (202, 3334, 2, 57);
INSERT INTO PlantedIn (bedID, plantID, percentage, staffID) VALUES (200, 2920, 1, 86);
INSERT INTO PlantedIn (bedID, plantID, percentage, staffID) VALUES (324, 2402, 3, 80);
INSERT INTO PlantedIn (bedID, plantID, percentage, staffID) VALUES (97, 1332, 4, 83);
INSERT INTO PlantedIn (bedID, plantID, percentage, staffID) VALUES (449, 1684, 1, 110);
INSERT INTO PlantedIn (bedID, plantID, percentage, staffID) VALUES (246, 335, 3, 113);
INSERT INTO PlantedIn (bedID, plantID, percentage, staffID) VALUES (385, 3156, 1, 150);
INSERT INTO PlantedIn (bedID, plantID, percentage, staffID) VALUES (322, 39, 1, 109);
INSERT INTO PlantedIn (bedID, plantID, percentage, staffID) VALUES (362, 3672, 2, 29);
INSERT INTO PlantedIn (bedID, plantID, percentage, staffID) VALUES (414, 1458, 1, 133);
INSERT INTO PlantedIn (bedID, plantID, percentage, staffID) VALUES (117, 1895, 4, 184);
INSERT INTO PlantedIn (bedID, plantID, percentage, staffID) VALUES (273, 1739, 2, 55);
INSERT INTO PlantedIn (bedID, plantID, percentage, staffID) VALUES (127, 8, 4, 129);
INSERT INTO PlantedIn (bedID, plantID, percentage, staffID) VALUES (6, 618, 4, 10);
INSERT INTO PlantedIn (bedID, plantID, percentage, staffID) VALUES (52, 719, 3, 47);
INSERT INTO PlantedIn (bedID, plantID, percentage, staffID) VALUES (339, 774, 3, 94);
INSERT INTO PlantedIn (bedID, plantID, percentage, staffID) VALUES (274, 413, 2, 136);
INSERT INTO PlantedIn (bedID, plantID, percentage, staffID) VALUES (435, 2400, 1, 53);
INSERT INTO PlantedIn (bedID, plantID, percentage, staffID) VALUES (53, 601, 3, 190);
INSERT INTO PlantedIn (bedID, plantID, percentage, staffID) VALUES (287, 760, 4, 16);
INSERT INTO PlantedIn (bedID, plantID, percentage, staffID) VALUES (94, 2732, 1, 167);
INSERT INTO PlantedIn (bedID, plantID, percentage, staffID) VALUES (24, 826, 4, 135);
INSERT INTO PlantedIn (bedID, plantID, percentage, staffID) VALUES (196, 442, 4, 73);
INSERT INTO PlantedIn (bedID, plantID, percentage, staffID) VALUES (105, 81, 1, 89);
INSERT INTO PlantedIn (bedID, plantID, percentage, staffID) VALUES (304, 2666, 4, 62);
INSERT INTO PlantedIn (bedID, plantID, percentage, staffID) VALUES (400, 898, 2, 90);
INSERT INTO PlantedIn (bedID, plantID, percentage, staffID) VALUES (203, 2003, 3, 66);
INSERT INTO PlantedIn (bedID, plantID, percentage, staffID) VALUES (107, 537, 1, 171);
INSERT INTO PlantedIn (bedID, plantID, percentage, staffID) VALUES (2, 3191, 1, 14);
INSERT INTO PlantedIn (bedID, plantID, percentage, staffID) VALUES (19, 2799, 2, 167);
INSERT INTO PlantedIn (bedID, plantID, percentage, staffID) VALUES (397, 665, 1, 91);
INSERT INTO PlantedIn (bedID, plantID, percentage, staffID) VALUES (92, 3393, 4, 41);
INSERT INTO PlantedIn (bedID, plantID, percentage, staffID) VALUES (269, 1937, 2, 120);
INSERT INTO PlantedIn (bedID, plantID, percentage, staffID) VALUES (347, 106, 1, 177);
INSERT INTO PlantedIn (bedID, plantID, percentage, staffID) VALUES (259, 714, 4, 161);
INSERT INTO PlantedIn (bedID, plantID, percentage, staffID) VALUES (153, 2423, 2, 176);
INSERT INTO PlantedIn (bedID, plantID, percentage, staffID) VALUES (214, 3589, 2, 77);
INSERT INTO PlantedIn (bedID, plantID, percentage, staffID) VALUES (309, 748, 2, 193);
INSERT INTO PlantedIn (bedID, plantID, percentage, staffID) VALUES (173, 1502, 3, 113);
INSERT INTO PlantedIn (bedID, plantID, percentage, staffID) VALUES (126, 2891, 4, 80);
INSERT INTO PlantedIn (bedID, plantID, percentage, staffID) VALUES (118, 3784, 4, 51);
INSERT INTO PlantedIn (bedID, plantID, percentage, staffID) VALUES (3, 422, 3, 30);
INSERT INTO PlantedIn (bedID, plantID, percentage, staffID) VALUES (87, 3644, 1, 3);
INSERT INTO PlantedIn (bedID, plantID, percentage, staffID) VALUES (152, 1945, 3, 156);
INSERT INTO PlantedIn (bedID, plantID, percentage, staffID) VALUES (212, 987, 4, 180);
INSERT INTO PlantedIn (bedID, plantID, percentage, staffID) VALUES (381, 1686, 3, 21);
INSERT INTO PlantedIn (bedID, plantID, percentage, staffID) VALUES (392, 3618, 4, 164);
INSERT INTO PlantedIn (bedID, plantID, percentage, staffID) VALUES (87, 3031, 2, 166);
INSERT INTO PlantedIn (bedID, plantID, percentage, staffID) VALUES (96, 1626, 1, 178);
INSERT INTO PlantedIn (bedID, plantID, percentage, staffID) VALUES (205, 3794, 4, 95);
INSERT INTO PlantedIn (bedID, plantID, percentage, staffID) VALUES (353, 3780, 1, 79);
INSERT INTO PlantedIn (bedID, plantID, percentage, staffID) VALUES (152, 1388, 2, 25);
INSERT INTO PlantedIn (bedID, plantID, percentage, staffID) VALUES (77, 3585, 4, 90);
INSERT INTO PlantedIn (bedID, plantID, percentage, staffID) VALUES (351, 2826, 1, 179);
INSERT INTO PlantedIn (bedID, plantID, percentage, staffID) VALUES (150, 2837, 3, 162);
INSERT INTO PlantedIn (bedID, plantID, percentage, staffID) VALUES (74, 2557, 3, 136);
INSERT INTO PlantedIn (bedID, plantID, percentage, staffID) VALUES (305, 499, 2, 107);
INSERT INTO PlantedIn (bedID, plantID, percentage, staffID) VALUES (51, 3500, 4, 80);
INSERT INTO PlantedIn (bedID, plantID, percentage, staffID) VALUES (59, 755, 2, 53);
INSERT INTO PlantedIn (bedID, plantID, percentage, staffID) VALUES (263, 1454, 3, 144);
INSERT INTO PlantedIn (bedID, plantID, percentage, staffID) VALUES (144, 548, 1, 135);
INSERT INTO PlantedIn (bedID, plantID, percentage, staffID) VALUES (413, 2062, 1, 31);
INSERT INTO PlantedIn (bedID, plantID, percentage, staffID) VALUES (127, 3636, 2, 145);
INSERT INTO PlantedIn (bedID, plantID, percentage, staffID) VALUES (285, 1439, 1, 2);
INSERT INTO PlantedIn (bedID, plantID, percentage, staffID) VALUES (238, 2054, 3, 130);
INSERT INTO PlantedIn (bedID, plantID, percentage, staffID) VALUES (207, 89, 3, 117);
INSERT INTO PlantedIn (bedID, plantID, percentage, staffID) VALUES (104, 3198, 4, 2);
INSERT INTO PlantedIn (bedID, plantID, percentage, staffID) VALUES (97, 2740, 3, 100);
INSERT INTO PlantedIn (bedID, plantID, percentage, staffID) VALUES (403, 575, 3, 113);
INSERT INTO PlantedIn (bedID, plantID, percentage, staffID) VALUES (323, 2704, 4, 187);
INSERT INTO PlantedIn (bedID, plantID, percentage, staffID) VALUES (303, 2399, 1, 76);
INSERT INTO PlantedIn (bedID, plantID, percentage, staffID) VALUES (470, 1469, 2, 100);
INSERT INTO PlantedIn (bedID, plantID, percentage, staffID) VALUES (432, 469, 2, 21);
INSERT INTO PlantedIn (bedID, plantID, percentage, staffID) VALUES (69, 2606, 2, 186);
INSERT INTO PlantedIn (bedID, plantID, percentage, staffID) VALUES (238, 3542, 3, 28);
INSERT INTO PlantedIn (bedID, plantID, percentage, staffID) VALUES (296, 2409, 2, 44);
INSERT INTO PlantedIn (bedID, plantID, percentage, staffID) VALUES (366, 2946, 2, 41);
INSERT INTO PlantedIn (bedID, plantID, percentage, staffID) VALUES (219, 432, 1, 83);
INSERT INTO PlantedIn (bedID, plantID, percentage, staffID) VALUES (347, 2993, 3, 71);
INSERT INTO PlantedIn (bedID, plantID, percentage, staffID) VALUES (73, 3214, 1, 45);
INSERT INTO PlantedIn (bedID, plantID, percentage, staffID) VALUES (451, 1245, 1, 85);
INSERT INTO PlantedIn (bedID, plantID, percentage, staffID) VALUES (472, 1252, 2, 94);
INSERT INTO PlantedIn (bedID, plantID, percentage, staffID) VALUES (114, 2297, 4, 42);
INSERT INTO PlantedIn (bedID, plantID, percentage, staffID) VALUES (103, 1599, 4, 70);
INSERT INTO PlantedIn (bedID, plantID, percentage, staffID) VALUES (84, 2088, 3, 91);
INSERT INTO PlantedIn (bedID, plantID, percentage, staffID) VALUES (309, 3270, 2, 151);
INSERT INTO PlantedIn (bedID, plantID, percentage, staffID) VALUES (294, 321, 4, 23);
INSERT INTO PlantedIn (bedID, plantID, percentage, staffID) VALUES (433, 1272, 4, 172);
INSERT INTO PlantedIn (bedID, plantID, percentage, staffID) VALUES (274, 1635, 4, 30);
INSERT INTO PlantedIn (bedID, plantID, percentage, staffID) VALUES (9, 1341, 1, 140);
INSERT INTO PlantedIn (bedID, plantID, percentage, staffID) VALUES (360, 94, 4, 46);
INSERT INTO PlantedIn (bedID, plantID, percentage, staffID) VALUES (267, 2576, 1, 117);
INSERT INTO PlantedIn (bedID, plantID, percentage, staffID) VALUES (243, 1205, 1, 123);
INSERT INTO PlantedIn (bedID, plantID, percentage, staffID) VALUES (187, 2746, 2, 185);
INSERT INTO PlantedIn (bedID, plantID, percentage, staffID) VALUES (19, 2886, 3, 36);
INSERT INTO PlantedIn (bedID, plantID, percentage, staffID) VALUES (1, 539, 3, 69);
INSERT INTO PlantedIn (bedID, plantID, percentage, staffID) VALUES (266, 1864, 3, 81);
INSERT INTO PlantedIn (bedID, plantID, percentage, staffID) VALUES (18, 2030, 3, 137);
INSERT INTO PlantedIn (bedID, plantID, percentage, staffID) VALUES (47, 3417, 2, 45);
INSERT INTO PlantedIn (bedID, plantID, percentage, staffID) VALUES (230, 1347, 1, 165);
INSERT INTO PlantedIn (bedID, plantID, percentage, staffID) VALUES (121, 436, 1, 48);
INSERT INTO PlantedIn (bedID, plantID, percentage, staffID) VALUES (137, 3575, 2, 1);
INSERT INTO PlantedIn (bedID, plantID, percentage, staffID) VALUES (463, 2199, 1, 117);
INSERT INTO PlantedIn (bedID, plantID, percentage, staffID) VALUES (326, 3198, 4, 26);
INSERT INTO PlantedIn (bedID, plantID, percentage, staffID) VALUES (337, 1314, 1, 40);
INSERT INTO PlantedIn (bedID, plantID, percentage, staffID) VALUES (326, 3861, 4, 80);
INSERT INTO PlantedIn (bedID, plantID, percentage, staffID) VALUES (53, 2416, 2, 193);
INSERT INTO PlantedIn (bedID, plantID, percentage, staffID) VALUES (261, 3662, 4, 169);
INSERT INTO PlantedIn (bedID, plantID, percentage, staffID) VALUES (250, 3160, 3, 114);
INSERT INTO PlantedIn (bedID, plantID, percentage, staffID) VALUES (183, 503, 4, 115);
INSERT INTO PlantedIn (bedID, plantID, percentage, staffID) VALUES (148, 2960, 3, 53);
INSERT INTO PlantedIn (bedID, plantID, percentage, staffID) VALUES (455, 1761, 4, 70);
INSERT INTO PlantedIn (bedID, plantID, percentage, staffID) VALUES (401, 1100, 2, 15);
INSERT INTO PlantedIn (bedID, plantID, percentage, staffID) VALUES (109, 1822, 1, 5);
INSERT INTO PlantedIn (bedID, plantID, percentage, staffID) VALUES (142, 3220, 1, 144);
INSERT INTO PlantedIn (bedID, plantID, percentage, staffID) VALUES (185, 810, 3, 103);
INSERT INTO PlantedIn (bedID, plantID, percentage, staffID) VALUES (365, 1051, 2, 166);
INSERT INTO PlantedIn (bedID, plantID, percentage, staffID) VALUES (218, 3064, 4, 9);
INSERT INTO PlantedIn (bedID, plantID, percentage, staffID) VALUES (265, 1157, 3, 87);
INSERT INTO PlantedIn (bedID, plantID, percentage, staffID) VALUES (357, 2965, 3, 98);
INSERT INTO PlantedIn (bedID, plantID, percentage, staffID) VALUES (77, 1687, 2, 65);
INSERT INTO PlantedIn (bedID, plantID, percentage, staffID) VALUES (445, 3229, 1, 30);
INSERT INTO PlantedIn (bedID, plantID, percentage, staffID) VALUES (307, 2451, 2, 137);
INSERT INTO PlantedIn (bedID, plantID, percentage, staffID) VALUES (413, 2000, 3, 149);
INSERT INTO PlantedIn (bedID, plantID, percentage, staffID) VALUES (190, 3752, 2, 116);
INSERT INTO PlantedIn (bedID, plantID, percentage, staffID) VALUES (203, 3427, 3, 86);
INSERT INTO PlantedIn (bedID, plantID, percentage, staffID) VALUES (270, 404, 1, 97);
INSERT INTO PlantedIn (bedID, plantID, percentage, staffID) VALUES (350, 559, 2, 135);
INSERT INTO PlantedIn (bedID, plantID, percentage, staffID) VALUES (279, 2536, 2, 79);
INSERT INTO PlantedIn (bedID, plantID, percentage, staffID) VALUES (82, 435, 1, 21);
INSERT INTO PlantedIn (bedID, plantID, percentage, staffID) VALUES (209, 3048, 4, 146);
INSERT INTO PlantedIn (bedID, plantID, percentage, staffID) VALUES (359, 1088, 1, 69);
INSERT INTO PlantedIn (bedID, plantID, percentage, staffID) VALUES (80, 2916, 2, 159);
INSERT INTO PlantedIn (bedID, plantID, percentage, staffID) VALUES (232, 2858, 1, 154);
INSERT INTO PlantedIn (bedID, plantID, percentage, staffID) VALUES (400, 875, 3, 57);
INSERT INTO PlantedIn (bedID, plantID, percentage, staffID) VALUES (280, 1465, 4, 86);
INSERT INTO PlantedIn (bedID, plantID, percentage, staffID) VALUES (233, 2009, 4, 191);
INSERT INTO PlantedIn (bedID, plantID, percentage, staffID) VALUES (146, 2506, 1, 158);
INSERT INTO PlantedIn (bedID, plantID, percentage, staffID) VALUES (440, 421, 1, 52);
INSERT INTO PlantedIn (bedID, plantID, percentage, staffID) VALUES (409, 122, 2, 121);
INSERT INTO PlantedIn (bedID, plantID, percentage, staffID) VALUES (365, 1322, 3, 85);
INSERT INTO PlantedIn (bedID, plantID, percentage, staffID) VALUES (269, 2665, 4, 41);
INSERT INTO PlantedIn (bedID, plantID, percentage, staffID) VALUES (296, 737, 1, 184);
INSERT INTO PlantedIn (bedID, plantID, percentage, staffID) VALUES (266, 2965, 2, 44);
INSERT INTO PlantedIn (bedID, plantID, percentage, staffID) VALUES (415, 1815, 3, 121);
INSERT INTO PlantedIn (bedID, plantID, percentage, staffID) VALUES (237, 688, 2, 19);
INSERT INTO PlantedIn (bedID, plantID, percentage, staffID) VALUES (246, 1944, 1, 181);
INSERT INTO PlantedIn (bedID, plantID, percentage, staffID) VALUES (91, 320, 4, 6);
INSERT INTO PlantedIn (bedID, plantID, percentage, staffID) VALUES (130, 3583, 4, 7);
INSERT INTO PlantedIn (bedID, plantID, percentage, staffID) VALUES (118, 48, 1, 185);
INSERT INTO PlantedIn (bedID, plantID, percentage, staffID) VALUES (214, 3788, 4, 111);
INSERT INTO PlantedIn (bedID, plantID, percentage, staffID) VALUES (270, 1076, 3, 86);
INSERT INTO PlantedIn (bedID, plantID, percentage, staffID) VALUES (175, 2679, 4, 55);
INSERT INTO PlantedIn (bedID, plantID, percentage, staffID) VALUES (274, 1374, 3, 14);
INSERT INTO PlantedIn (bedID, plantID, percentage, staffID) VALUES (182, 3405, 2, 191);
INSERT INTO PlantedIn (bedID, plantID, percentage, staffID) VALUES (432, 3008, 4, 114);
INSERT INTO PlantedIn (bedID, plantID, percentage, staffID) VALUES (323, 2493, 3, 174);
INSERT INTO PlantedIn (bedID, plantID, percentage, staffID) VALUES (417, 1314, 2, 50);
INSERT INTO PlantedIn (bedID, plantID, percentage, staffID) VALUES (152, 3023, 4, 52);
INSERT INTO PlantedIn (bedID, plantID, percentage, staffID) VALUES (29, 2607, 2, 130);
INSERT INTO PlantedIn (bedID, plantID, percentage, staffID) VALUES (174, 3492, 4, 62);
INSERT INTO PlantedIn (bedID, plantID, percentage, staffID) VALUES (123, 1414, 3, 125);
INSERT INTO PlantedIn (bedID, plantID, percentage, staffID) VALUES (153, 1966, 1, 18);
INSERT INTO PlantedIn (bedID, plantID, percentage, staffID) VALUES (73, 3623, 1, 119);
INSERT INTO PlantedIn (bedID, plantID, percentage, staffID) VALUES (294, 1879, 2, 137);
INSERT INTO PlantedIn (bedID, plantID, percentage, staffID) VALUES (58, 375, 1, 135);
INSERT INTO PlantedIn (bedID, plantID, percentage, staffID) VALUES (189, 2351, 4, 59);
INSERT INTO PlantedIn (bedID, plantID, percentage, staffID) VALUES (103, 3579, 4, 3);
INSERT INTO PlantedIn (bedID, plantID, percentage, staffID) VALUES (415, 661, 2, 17);
INSERT INTO PlantedIn (bedID, plantID, percentage, staffID) VALUES (122, 337, 1, 110);
INSERT INTO PlantedIn (bedID, plantID, percentage, staffID) VALUES (317, 2217, 2, 97);
INSERT INTO PlantedIn (bedID, plantID, percentage, staffID) VALUES (445, 264, 3, 21);
INSERT INTO PlantedIn (bedID, plantID, percentage, staffID) VALUES (263, 2976, 3, 175);
INSERT INTO PlantedIn (bedID, plantID, percentage, staffID) VALUES (410, 1991, 2, 144);
INSERT INTO PlantedIn (bedID, plantID, percentage, staffID) VALUES (59, 3814, 2, 6);
INSERT INTO PlantedIn (bedID, plantID, percentage, staffID) VALUES (432, 156, 4, 21);
INSERT INTO PlantedIn (bedID, plantID, percentage, staffID) VALUES (100, 711, 2, 36);
INSERT INTO PlantedIn (bedID, plantID, percentage, staffID) VALUES (129, 2763, 4, 135);
INSERT INTO PlantedIn (bedID, plantID, percentage, staffID) VALUES (137, 514, 1, 89);
INSERT INTO PlantedIn (bedID, plantID, percentage, staffID) VALUES (96, 2081, 4, 161);
INSERT INTO PlantedIn (bedID, plantID, percentage, staffID) VALUES (146, 2481, 1, 89);
INSERT INTO PlantedIn (bedID, plantID, percentage, staffID) VALUES (75, 519, 2, 90);
INSERT INTO PlantedIn (bedID, plantID, percentage, staffID) VALUES (58, 1814, 1, 127);
INSERT INTO PlantedIn (bedID, plantID, percentage, staffID) VALUES (241, 2786, 3, 168);
INSERT INTO PlantedIn (bedID, plantID, percentage, staffID) VALUES (428, 3862, 1, 39);
INSERT INTO PlantedIn (bedID, plantID, percentage, staffID) VALUES (338, 3286, 1, 24);
INSERT INTO PlantedIn (bedID, plantID, percentage, staffID) VALUES (465, 2137, 1, 48);
INSERT INTO PlantedIn (bedID, plantID, percentage, staffID) VALUES (44, 74, 2, 192);
INSERT INTO PlantedIn (bedID, plantID, percentage, staffID) VALUES (313, 1434, 4, 118);
INSERT INTO PlantedIn (bedID, plantID, percentage, staffID) VALUES (239, 54, 3, 20);
INSERT INTO PlantedIn (bedID, plantID, percentage, staffID) VALUES (229, 2775, 4, 135);
INSERT INTO PlantedIn (bedID, plantID, percentage, staffID) VALUES (208, 1866, 2, 146);
INSERT INTO PlantedIn (bedID, plantID, percentage, staffID) VALUES (228, 3484, 1, 106);
INSERT INTO PlantedIn (bedID, plantID, percentage, staffID) VALUES (356, 2457, 3, 41);
INSERT INTO PlantedIn (bedID, plantID, percentage, staffID) VALUES (90, 1657, 2, 188);
INSERT INTO PlantedIn (bedID, plantID, percentage, staffID) VALUES (212, 3314, 1, 139);
INSERT INTO PlantedIn (bedID, plantID, percentage, staffID) VALUES (108, 977, 3, 189);
INSERT INTO PlantedIn (bedID, plantID, percentage, staffID) VALUES (127, 94, 3, 74);
INSERT INTO PlantedIn (bedID, plantID, percentage, staffID) VALUES (352, 70, 1, 152);
INSERT INTO PlantedIn (bedID, plantID, percentage, staffID) VALUES (237, 1759, 4, 107);
INSERT INTO PlantedIn (bedID, plantID, percentage, staffID) VALUES (169, 166, 1, 37);
INSERT INTO PlantedIn (bedID, plantID, percentage, staffID) VALUES (321, 1454, 4, 172);
INSERT INTO PlantedIn (bedID, plantID, percentage, staffID) VALUES (381, 2940, 2, 30);
INSERT INTO PlantedIn (bedID, plantID, percentage, staffID) VALUES (293, 3188, 4, 74);
INSERT INTO PlantedIn (bedID, plantID, percentage, staffID) VALUES (37, 1111, 2, 119);
INSERT INTO PlantedIn (bedID, plantID, percentage, staffID) VALUES (148, 3626, 1, 20);
INSERT INTO PlantedIn (bedID, plantID, percentage, staffID) VALUES (453, 3229, 2, 48);
INSERT INTO PlantedIn (bedID, plantID, percentage, staffID) VALUES (292, 2917, 4, 98);
INSERT INTO PlantedIn (bedID, plantID, percentage, staffID) VALUES (283, 1338, 2, 163);
INSERT INTO PlantedIn (bedID, plantID, percentage, staffID) VALUES (195, 3175, 3, 81);
INSERT INTO PlantedIn (bedID, plantID, percentage, staffID) VALUES (190, 2852, 2, 3);
INSERT INTO PlantedIn (bedID, plantID, percentage, staffID) VALUES (394, 246, 3, 61);
INSERT INTO PlantedIn (bedID, plantID, percentage, staffID) VALUES (91, 2334, 4, 175);
INSERT INTO PlantedIn (bedID, plantID, percentage, staffID) VALUES (170, 1300, 4, 164);
INSERT INTO PlantedIn (bedID, plantID, percentage, staffID) VALUES (323, 2317, 1, 64);
INSERT INTO PlantedIn (bedID, plantID, percentage, staffID) VALUES (308, 1113, 1, 101);
INSERT INTO PlantedIn (bedID, plantID, percentage, staffID) VALUES (52, 3423, 3, 155);
INSERT INTO PlantedIn (bedID, plantID, percentage, staffID) VALUES (295, 2971, 2, 174);
INSERT INTO PlantedIn (bedID, plantID, percentage, staffID) VALUES (394, 558, 1, 25);
INSERT INTO PlantedIn (bedID, plantID, percentage, staffID) VALUES (424, 304, 1, 38);
INSERT INTO PlantedIn (bedID, plantID, percentage, staffID) VALUES (323, 167, 1, 183);
INSERT INTO PlantedIn (bedID, plantID, percentage, staffID) VALUES (141, 1193, 4, 49);
INSERT INTO PlantedIn (bedID, plantID, percentage, staffID) VALUES (283, 2813, 3, 2);
INSERT INTO PlantedIn (bedID, plantID, percentage, staffID) VALUES (291, 2958, 1, 44);
INSERT INTO PlantedIn (bedID, plantID, percentage, staffID) VALUES (253, 250, 2, 141);
INSERT INTO PlantedIn (bedID, plantID, percentage, staffID) VALUES (99, 3141, 1, 102);
INSERT INTO PlantedIn (bedID, plantID, percentage, staffID) VALUES (422, 2636, 3, 40);
INSERT INTO PlantedIn (bedID, plantID, percentage, staffID) VALUES (343, 338, 1, 126);
INSERT INTO PlantedIn (bedID, plantID, percentage, staffID) VALUES (372, 2358, 1, 34);
INSERT INTO PlantedIn (bedID, plantID, percentage, staffID) VALUES (435, 1555, 3, 6);
INSERT INTO PlantedIn (bedID, plantID, percentage, staffID) VALUES (62, 130, 3, 45);
INSERT INTO PlantedIn (bedID, plantID, percentage, staffID) VALUES (237, 2593, 3, 143);
INSERT INTO PlantedIn (bedID, plantID, percentage, staffID) VALUES (229, 750, 2, 167);
INSERT INTO PlantedIn (bedID, plantID, percentage, staffID) VALUES (415, 24, 3, 194);
INSERT INTO PlantedIn (bedID, plantID, percentage, staffID) VALUES (45, 2171, 4, 144);
INSERT INTO PlantedIn (bedID, plantID, percentage, staffID) VALUES (129, 3811, 2, 124);
INSERT INTO PlantedIn (bedID, plantID, percentage, staffID) VALUES (224, 1080, 2, 9);
INSERT INTO PlantedIn (bedID, plantID, percentage, staffID) VALUES (310, 3548, 3, 60);
INSERT INTO PlantedIn (bedID, plantID, percentage, staffID) VALUES (246, 1492, 1, 34);
INSERT INTO PlantedIn (bedID, plantID, percentage, staffID) VALUES (125, 1294, 1, 20);
INSERT INTO PlantedIn (bedID, plantID, percentage, staffID) VALUES (201, 1414, 1, 43);
INSERT INTO PlantedIn (bedID, plantID, percentage, staffID) VALUES (364, 882, 4, 175);
INSERT INTO PlantedIn (bedID, plantID, percentage, staffID) VALUES (22, 455, 1, 8);
INSERT INTO PlantedIn (bedID, plantID, percentage, staffID) VALUES (417, 3226, 2, 10);
INSERT INTO PlantedIn (bedID, plantID, percentage, staffID) VALUES (54, 335, 4, 131);
INSERT INTO PlantedIn (bedID, plantID, percentage, staffID) VALUES (3, 3597, 3, 76);
INSERT INTO PlantedIn (bedID, plantID, percentage, staffID) VALUES (150, 2054, 3, 153);
INSERT INTO PlantedIn (bedID, plantID, percentage, staffID) VALUES (410, 3242, 2, 164);
INSERT INTO PlantedIn (bedID, plantID, percentage, staffID) VALUES (97, 45, 4, 66);
INSERT INTO PlantedIn (bedID, plantID, percentage, staffID) VALUES (114, 684, 2, 181);
INSERT INTO PlantedIn (bedID, plantID, percentage, staffID) VALUES (140, 3575, 1, 99);
INSERT INTO PlantedIn (bedID, plantID, percentage, staffID) VALUES (360, 2034, 4, 108);
INSERT INTO PlantedIn (bedID, plantID, percentage, staffID) VALUES (290, 639, 3, 131);
INSERT INTO PlantedIn (bedID, plantID, percentage, staffID) VALUES (46, 35, 2, 29);
INSERT INTO PlantedIn (bedID, plantID, percentage, staffID) VALUES (343, 3073, 4, 143);
INSERT INTO PlantedIn (bedID, plantID, percentage, staffID) VALUES (382, 70, 1, 184);
INSERT INTO PlantedIn (bedID, plantID, percentage, staffID) VALUES (93, 3042, 2, 68);
INSERT INTO PlantedIn (bedID, plantID, percentage, staffID) VALUES (337, 3145, 2, 136);
INSERT INTO PlantedIn (bedID, plantID, percentage, staffID) VALUES (161, 740, 4, 71);
INSERT INTO PlantedIn (bedID, plantID, percentage, staffID) VALUES (169, 3806, 2, 117);
INSERT INTO PlantedIn (bedID, plantID, percentage, staffID) VALUES (471, 2744, 3, 177);
INSERT INTO PlantedIn (bedID, plantID, percentage, staffID) VALUES (282, 3309, 2, 192);
INSERT INTO PlantedIn (bedID, plantID, percentage, staffID) VALUES (308, 2463, 2, 51);
INSERT INTO PlantedIn (bedID, plantID, percentage, staffID) VALUES (310, 574, 4, 103);
INSERT INTO PlantedIn (bedID, plantID, percentage, staffID) VALUES (443, 3230, 3, 70);
INSERT INTO PlantedIn (bedID, plantID, percentage, staffID) VALUES (308, 17, 4, 25);
INSERT INTO PlantedIn (bedID, plantID, percentage, staffID) VALUES (93, 1787, 3, 193);
INSERT INTO PlantedIn (bedID, plantID, percentage, staffID) VALUES (212, 1979, 2, 1);
INSERT INTO PlantedIn (bedID, plantID, percentage, staffID) VALUES (343, 3536, 2, 28);
INSERT INTO PlantedIn (bedID, plantID, percentage, staffID) VALUES (262, 1482, 1, 170);
INSERT INTO PlantedIn (bedID, plantID, percentage, staffID) VALUES (252, 1301, 2, 12);
INSERT INTO PlantedIn (bedID, plantID, percentage, staffID) VALUES (82, 1535, 4, 24);
INSERT INTO PlantedIn (bedID, plantID, percentage, staffID) VALUES (190, 898, 3, 166);
INSERT INTO PlantedIn (bedID, plantID, percentage, staffID) VALUES (329, 2909, 1, 31);
INSERT INTO PlantedIn (bedID, plantID, percentage, staffID) VALUES (126, 592, 2, 119);
INSERT INTO PlantedIn (bedID, plantID, percentage, staffID) VALUES (11, 2151, 3, 62);
INSERT INTO PlantedIn (bedID, plantID, percentage, staffID) VALUES (223, 1696, 1, 25);
INSERT INTO PlantedIn (bedID, plantID, percentage, staffID) VALUES (389, 3687, 2, 48);
INSERT INTO PlantedIn (bedID, plantID, percentage, staffID) VALUES (443, 1098, 1, 18);
INSERT INTO PlantedIn (bedID, plantID, percentage, staffID) VALUES (45, 2641, 4, 176);
INSERT INTO PlantedIn (bedID, plantID, percentage, staffID) VALUES (394, 11, 4, 23);
INSERT INTO PlantedIn (bedID, plantID, percentage, staffID) VALUES (277, 2311, 1, 2);
INSERT INTO PlantedIn (bedID, plantID, percentage, staffID) VALUES (427, 2905, 2, 125);
INSERT INTO PlantedIn (bedID, plantID, percentage, staffID) VALUES (410, 1993, 1, 24);
INSERT INTO PlantedIn (bedID, plantID, percentage, staffID) VALUES (160, 2238, 2, 172);
INSERT INTO PlantedIn (bedID, plantID, percentage, staffID) VALUES (409, 3578, 4, 90);
INSERT INTO PlantedIn (bedID, plantID, percentage, staffID) VALUES (288, 1162, 2, 165);
INSERT INTO PlantedIn (bedID, plantID, percentage, staffID) VALUES (144, 3542, 4, 87);
INSERT INTO PlantedIn (bedID, plantID, percentage, staffID) VALUES (244, 1668, 2, 6);
INSERT INTO PlantedIn (bedID, plantID, percentage, staffID) VALUES (87, 2479, 1, 154);
INSERT INTO PlantedIn (bedID, plantID, percentage, staffID) VALUES (131, 3541, 1, 180);
INSERT INTO PlantedIn (bedID, plantID, percentage, staffID) VALUES (205, 3857, 4, 61);
INSERT INTO PlantedIn (bedID, plantID, percentage, staffID) VALUES (273, 527, 2, 9);
INSERT INTO PlantedIn (bedID, plantID, percentage, staffID) VALUES (30, 1850, 3, 81);
INSERT INTO PlantedIn (bedID, plantID, percentage, staffID) VALUES (369, 780, 1, 23);
INSERT INTO PlantedIn (bedID, plantID, percentage, staffID) VALUES (458, 3862, 1, 10);
INSERT INTO PlantedIn (bedID, plantID, percentage, staffID) VALUES (303, 3099, 4, 43);
INSERT INTO PlantedIn (bedID, plantID, percentage, staffID) VALUES (340, 340, 1, 13);
INSERT INTO PlantedIn (bedID, plantID, percentage, staffID) VALUES (41, 1382, 3, 188);
INSERT INTO PlantedIn (bedID, plantID, percentage, staffID) VALUES (234, 3697, 3, 21);
INSERT INTO PlantedIn (bedID, plantID, percentage, staffID) VALUES (206, 1929, 1, 47);
INSERT INTO PlantedIn (bedID, plantID, percentage, staffID) VALUES (332, 1303, 4, 61);
INSERT INTO PlantedIn (bedID, plantID, percentage, staffID) VALUES (236, 3835, 2, 185);
INSERT INTO PlantedIn (bedID, plantID, percentage, staffID) VALUES (94, 3181, 2, 4);
INSERT INTO PlantedIn (bedID, plantID, percentage, staffID) VALUES (40, 132, 1, 150);
INSERT INTO PlantedIn (bedID, plantID, percentage, staffID) VALUES (65, 1119, 3, 97);
INSERT INTO PlantedIn (bedID, plantID, percentage, staffID) VALUES (244, 2662, 4, 69);
INSERT INTO PlantedIn (bedID, plantID, percentage, staffID) VALUES (466, 597, 2, 148);
INSERT INTO PlantedIn (bedID, plantID, percentage, staffID) VALUES (287, 2191, 1, 106);
INSERT INTO PlantedIn (bedID, plantID, percentage, staffID) VALUES (265, 1632, 4, 83);
INSERT INTO PlantedIn (bedID, plantID, percentage, staffID) VALUES (116, 1630, 1, 9);
INSERT INTO PlantedIn (bedID, plantID, percentage, staffID) VALUES (279, 1602, 3, 76);
INSERT INTO PlantedIn (bedID, plantID, percentage, staffID) VALUES (213, 395, 3, 146);
INSERT INTO PlantedIn (bedID, plantID, percentage, staffID) VALUES (186, 722, 4, 45);
INSERT INTO PlantedIn (bedID, plantID, percentage, staffID) VALUES (415, 2146, 4, 155);
INSERT INTO PlantedIn (bedID, plantID, percentage, staffID) VALUES (336, 1872, 2, 23);
INSERT INTO PlantedIn (bedID, plantID, percentage, staffID) VALUES (24, 3179, 2, 75);
INSERT INTO PlantedIn (bedID, plantID, percentage, staffID) VALUES (103, 3310, 2, 58);
INSERT INTO PlantedIn (bedID, plantID, percentage, staffID) VALUES (36, 737, 3, 57);
INSERT INTO PlantedIn (bedID, plantID, percentage, staffID) VALUES (450, 536, 2, 70);
INSERT INTO PlantedIn (bedID, plantID, percentage, staffID) VALUES (119, 2532, 4, 99);
INSERT INTO PlantedIn (bedID, plantID, percentage, staffID) VALUES (35, 364, 4, 190);
INSERT INTO PlantedIn (bedID, plantID, percentage, staffID) VALUES (218, 858, 4, 29);
INSERT INTO PlantedIn (bedID, plantID, percentage, staffID) VALUES (305, 3759, 2, 142);
INSERT INTO PlantedIn (bedID, plantID, percentage, staffID) VALUES (226, 3730, 3, 67);
INSERT INTO PlantedIn (bedID, plantID, percentage, staffID) VALUES (389, 2361, 4, 20);
INSERT INTO PlantedIn (bedID, plantID, percentage, staffID) VALUES (380, 1446, 4, 108);
INSERT INTO PlantedIn (bedID, plantID, percentage, staffID) VALUES (243, 3354, 4, 38);
INSERT INTO PlantedIn (bedID, plantID, percentage, staffID) VALUES (248, 2586, 3, 131);
INSERT INTO PlantedIn (bedID, plantID, percentage, staffID) VALUES (361, 2194, 1, 101);
INSERT INTO PlantedIn (bedID, plantID, percentage, staffID) VALUES (374, 2443, 2, 19);
INSERT INTO PlantedIn (bedID, plantID, percentage, staffID) VALUES (286, 3039, 1, 178);
INSERT INTO PlantedIn (bedID, plantID, percentage, staffID) VALUES (356, 756, 3, 158);
INSERT INTO PlantedIn (bedID, plantID, percentage, staffID) VALUES (382, 3363, 3, 96);
INSERT INTO PlantedIn (bedID, plantID, percentage, staffID) VALUES (116, 3854, 4, 74);
INSERT INTO PlantedIn (bedID, plantID, percentage, staffID) VALUES (409, 2097, 2, 106);
INSERT INTO PlantedIn (bedID, plantID, percentage, staffID) VALUES (344, 1837, 3, 41);
INSERT INTO PlantedIn (bedID, plantID, percentage, staffID) VALUES (51, 1125, 3, 194);
INSERT INTO PlantedIn (bedID, plantID, percentage, staffID) VALUES (37, 3162, 4, 162);
INSERT INTO PlantedIn (bedID, plantID, percentage, staffID) VALUES (7, 2192, 4, 82);
INSERT INTO PlantedIn (bedID, plantID, percentage, staffID) VALUES (207, 3364, 3, 88);
INSERT INTO PlantedIn (bedID, plantID, percentage, staffID) VALUES (411, 3036, 3, 90);
INSERT INTO PlantedIn (bedID, plantID, percentage, staffID) VALUES (156, 3697, 3, 25);
INSERT INTO PlantedIn (bedID, plantID, percentage, staffID) VALUES (55, 395, 4, 105);
INSERT INTO PlantedIn (bedID, plantID, percentage, staffID) VALUES (274, 2750, 3, 74);
INSERT INTO PlantedIn (bedID, plantID, percentage, staffID) VALUES (2, 1189, 1, 81);
INSERT INTO PlantedIn (bedID, plantID, percentage, staffID) VALUES (146, 3705, 1, 40);
INSERT INTO PlantedIn (bedID, plantID, percentage, staffID) VALUES (183, 3378, 1, 10);
INSERT INTO PlantedIn (bedID, plantID, percentage, staffID) VALUES (148, 3006, 2, 102);
INSERT INTO PlantedIn (bedID, plantID, percentage, staffID) VALUES (425, 148, 4, 79);
INSERT INTO PlantedIn (bedID, plantID, percentage, staffID) VALUES (261, 871, 2, 118);
INSERT INTO PlantedIn (bedID, plantID, percentage, staffID) VALUES (276, 1006, 4, 55);
INSERT INTO PlantedIn (bedID, plantID, percentage, staffID) VALUES (311, 1332, 4, 4);
INSERT INTO PlantedIn (bedID, plantID, percentage, staffID) VALUES (120, 599, 3, 123);
INSERT INTO PlantedIn (bedID, plantID, percentage, staffID) VALUES (54, 3068, 2, 151);
INSERT INTO PlantedIn (bedID, plantID, percentage, staffID) VALUES (316, 3035, 4, 137);
INSERT INTO PlantedIn (bedID, plantID, percentage, staffID) VALUES (267, 653, 2, 51);
INSERT INTO PlantedIn (bedID, plantID, percentage, staffID) VALUES (98, 2436, 4, 94);
INSERT INTO PlantedIn (bedID, plantID, percentage, staffID) VALUES (405, 131, 2, 5);
INSERT INTO PlantedIn (bedID, plantID, percentage, staffID) VALUES (140, 1110, 4, 68);
INSERT INTO PlantedIn (bedID, plantID, percentage, staffID) VALUES (299, 1335, 4, 163);
INSERT INTO PlantedIn (bedID, plantID, percentage, staffID) VALUES (237, 1530, 3, 91);
INSERT INTO PlantedIn (bedID, plantID, percentage, staffID) VALUES (90, 710, 4, 23);
INSERT INTO PlantedIn (bedID, plantID, percentage, staffID) VALUES (459, 3023, 3, 171);
INSERT INTO PlantedIn (bedID, plantID, percentage, staffID) VALUES (337, 1734, 3, 188);
INSERT INTO PlantedIn (bedID, plantID, percentage, staffID) VALUES (229, 3628, 4, 2);
INSERT INTO PlantedIn (bedID, plantID, percentage, staffID) VALUES (107, 1296, 4, 149);
INSERT INTO PlantedIn (bedID, plantID, percentage, staffID) VALUES (322, 2017, 1, 152);
INSERT INTO PlantedIn (bedID, plantID, percentage, staffID) VALUES (434, 716, 1, 162);
INSERT INTO PlantedIn (bedID, plantID, percentage, staffID) VALUES (326, 3088, 3, 178);
INSERT INTO PlantedIn (bedID, plantID, percentage, staffID) VALUES (417, 3321, 3, 163);
INSERT INTO PlantedIn (bedID, plantID, percentage, staffID) VALUES (309, 645, 4, 116);
INSERT INTO PlantedIn (bedID, plantID, percentage, staffID) VALUES (238, 1133, 1, 150);
INSERT INTO PlantedIn (bedID, plantID, percentage, staffID) VALUES (386, 1841, 3, 75);
INSERT INTO PlantedIn (bedID, plantID, percentage, staffID) VALUES (313, 608, 1, 172);
INSERT INTO PlantedIn (bedID, plantID, percentage, staffID) VALUES (30, 3101, 4, 75);
INSERT INTO PlantedIn (bedID, plantID, percentage, staffID) VALUES (285, 911, 2, 80);
INSERT INTO PlantedIn (bedID, plantID, percentage, staffID) VALUES (45, 725, 2, 16);
INSERT INTO PlantedIn (bedID, plantID, percentage, staffID) VALUES (427, 912, 3, 40);
INSERT INTO PlantedIn (bedID, plantID, percentage, staffID) VALUES (191, 2931, 4, 89);
INSERT INTO PlantedIn (bedID, plantID, percentage, staffID) VALUES (305, 1741, 2, 123);
INSERT INTO PlantedIn (bedID, plantID, percentage, staffID) VALUES (288, 1690, 3, 69);
INSERT INTO PlantedIn (bedID, plantID, percentage, staffID) VALUES (114, 2711, 4, 87);
INSERT INTO PlantedIn (bedID, plantID, percentage, staffID) VALUES (444, 3143, 1, 66);
INSERT INTO PlantedIn (bedID, plantID, percentage, staffID) VALUES (1, 1538, 4, 89);
INSERT INTO PlantedIn (bedID, plantID, percentage, staffID) VALUES (300, 2417, 1, 93);
INSERT INTO PlantedIn (bedID, plantID, percentage, staffID) VALUES (182, 3432, 2, 192);
INSERT INTO PlantedIn (bedID, plantID, percentage, staffID) VALUES (26, 107, 3, 62);
INSERT INTO PlantedIn (bedID, plantID, percentage, staffID) VALUES (227, 3476, 1, 1);
INSERT INTO PlantedIn (bedID, plantID, percentage, staffID) VALUES (160, 1303, 3, 155);
INSERT INTO PlantedIn (bedID, plantID, percentage, staffID) VALUES (19, 694, 4, 85);
INSERT INTO PlantedIn (bedID, plantID, percentage, staffID) VALUES (470, 2857, 4, 2);
INSERT INTO PlantedIn (bedID, plantID, percentage, staffID) VALUES (65, 1699, 4, 183);
INSERT INTO PlantedIn (bedID, plantID, percentage, staffID) VALUES (31, 1358, 2, 165);
INSERT INTO PlantedIn (bedID, plantID, percentage, staffID) VALUES (114, 2887, 2, 181);
INSERT INTO PlantedIn (bedID, plantID, percentage, staffID) VALUES (40, 3845, 2, 70);
INSERT INTO PlantedIn (bedID, plantID, percentage, staffID) VALUES (130, 1593, 2, 71);
INSERT INTO PlantedIn (bedID, plantID, percentage, staffID) VALUES (72, 1358, 2, 54);
INSERT INTO PlantedIn (bedID, plantID, percentage, staffID) VALUES (374, 604, 4, 12);
INSERT INTO PlantedIn (bedID, plantID, percentage, staffID) VALUES (241, 3342, 3, 62);
INSERT INTO PlantedIn (bedID, plantID, percentage, staffID) VALUES (290, 718, 2, 9);
INSERT INTO PlantedIn (bedID, plantID, percentage, staffID) VALUES (175, 127, 2, 131);
INSERT INTO PlantedIn (bedID, plantID, percentage, staffID) VALUES (14, 3775, 2, 178);
INSERT INTO PlantedIn (bedID, plantID, percentage, staffID) VALUES (34, 3354, 2, 149);
INSERT INTO PlantedIn (bedID, plantID, percentage, staffID) VALUES (133, 287, 2, 126);
INSERT INTO PlantedIn (bedID, plantID, percentage, staffID) VALUES (202, 3380, 1, 147);
INSERT INTO PlantedIn (bedID, plantID, percentage, staffID) VALUES (15, 3005, 3, 15);
INSERT INTO PlantedIn (bedID, plantID, percentage, staffID) VALUES (304, 1446, 2, 59);
INSERT INTO PlantedIn (bedID, plantID, percentage, staffID) VALUES (265, 1258, 4, 131);
INSERT INTO PlantedIn (bedID, plantID, percentage, staffID) VALUES (170, 1072, 2, 78);
INSERT INTO PlantedIn (bedID, plantID, percentage, staffID) VALUES (121, 982, 2, 152);
INSERT INTO PlantedIn (bedID, plantID, percentage, staffID) VALUES (58, 1832, 2, 138);
INSERT INTO PlantedIn (bedID, plantID, percentage, staffID) VALUES (260, 1104, 4, 170);
INSERT INTO PlantedIn (bedID, plantID, percentage, staffID) VALUES (76, 2131, 1, 39);
INSERT INTO PlantedIn (bedID, plantID, percentage, staffID) VALUES (156, 1006, 4, 149);
INSERT INTO PlantedIn (bedID, plantID, percentage, staffID) VALUES (300, 51, 1, 46);
INSERT INTO PlantedIn (bedID, plantID, percentage, staffID) VALUES (161, 3336, 3, 26);
INSERT INTO PlantedIn (bedID, plantID, percentage, staffID) VALUES (67, 1951, 2, 17);
INSERT INTO PlantedIn (bedID, plantID, percentage, staffID) VALUES (185, 1087, 3, 174);
INSERT INTO PlantedIn (bedID, plantID, percentage, staffID) VALUES (54, 3178, 3, 171);
INSERT INTO PlantedIn (bedID, plantID, percentage, staffID) VALUES (358, 3727, 4, 185);
INSERT INTO PlantedIn (bedID, plantID, percentage, staffID) VALUES (89, 384, 1, 22);
INSERT INTO PlantedIn (bedID, plantID, percentage, staffID) VALUES (106, 3103, 3, 39);
INSERT INTO PlantedIn (bedID, plantID, percentage, staffID) VALUES (419, 2262, 3, 99);
INSERT INTO PlantedIn (bedID, plantID, percentage, staffID) VALUES (144, 1412, 3, 3);
INSERT INTO PlantedIn (bedID, plantID, percentage, staffID) VALUES (306, 3328, 4, 76);
INSERT INTO PlantedIn (bedID, plantID, percentage, staffID) VALUES (324, 804, 3, 87);
INSERT INTO PlantedIn (bedID, plantID, percentage, staffID) VALUES (181, 3370, 3, 155);
INSERT INTO PlantedIn (bedID, plantID, percentage, staffID) VALUES (460, 3337, 1, 127);
INSERT INTO PlantedIn (bedID, plantID, percentage, staffID) VALUES (315, 3142, 3, 188);
INSERT INTO PlantedIn (bedID, plantID, percentage, staffID) VALUES (189, 1567, 3, 54);
INSERT INTO PlantedIn (bedID, plantID, percentage, staffID) VALUES (365, 1059, 2, 82);
INSERT INTO PlantedIn (bedID, plantID, percentage, staffID) VALUES (64, 2975, 4, 37);
INSERT INTO PlantedIn (bedID, plantID, percentage, staffID) VALUES (463, 2324, 1, 105);
INSERT INTO PlantedIn (bedID, plantID, percentage, staffID) VALUES (454, 3761, 4, 66);
INSERT INTO PlantedIn (bedID, plantID, percentage, staffID) VALUES (282, 1991, 2, 100);
INSERT INTO PlantedIn (bedID, plantID, percentage, staffID) VALUES (206, 145, 4, 165);
INSERT INTO PlantedIn (bedID, plantID, percentage, staffID) VALUES (142, 1963, 3, 125);
INSERT INTO PlantedIn (bedID, plantID, percentage, staffID) VALUES (429, 106, 3, 145);
INSERT INTO PlantedIn (bedID, plantID, percentage, staffID) VALUES (97, 2035, 4, 134);
INSERT INTO PlantedIn (bedID, plantID, percentage, staffID) VALUES (19, 3341, 3, 169);
INSERT INTO PlantedIn (bedID, plantID, percentage, staffID) VALUES (31, 877, 1, 178);
INSERT INTO PlantedIn (bedID, plantID, percentage, staffID) VALUES (157, 780, 2, 29);
INSERT INTO PlantedIn (bedID, plantID, percentage, staffID) VALUES (4, 3791, 3, 137);
INSERT INTO PlantedIn (bedID, plantID, percentage, staffID) VALUES (280, 935, 3, 86);
INSERT INTO PlantedIn (bedID, plantID, percentage, staffID) VALUES (450, 369, 2, 168);
INSERT INTO PlantedIn (bedID, plantID, percentage, staffID) VALUES (354, 2426, 3, 106);
INSERT INTO PlantedIn (bedID, plantID, percentage, staffID) VALUES (214, 130, 3, 139);
INSERT INTO PlantedIn (bedID, plantID, percentage, staffID) VALUES (427, 2709, 1, 180);
INSERT INTO PlantedIn (bedID, plantID, percentage, staffID) VALUES (258, 2601, 4, 163);
INSERT INTO PlantedIn (bedID, plantID, percentage, staffID) VALUES (433, 1533, 1, 105);
INSERT INTO PlantedIn (bedID, plantID, percentage, staffID) VALUES (387, 500, 4, 22);
INSERT INTO PlantedIn (bedID, plantID, percentage, staffID) VALUES (451, 2254, 3, 135);
INSERT INTO PlantedIn (bedID, plantID, percentage, staffID) VALUES (47, 1050, 1, 7);
INSERT INTO PlantedIn (bedID, plantID, percentage, staffID) VALUES (449, 2744, 3, 8);
INSERT INTO PlantedIn (bedID, plantID, percentage, staffID) VALUES (279, 492, 2, 40);
INSERT INTO PlantedIn (bedID, plantID, percentage, staffID) VALUES (438, 279, 4, 28);
INSERT INTO PlantedIn (bedID, plantID, percentage, staffID) VALUES (151, 68, 1, 160);
INSERT INTO PlantedIn (bedID, plantID, percentage, staffID) VALUES (196, 1133, 1, 80);
INSERT INTO PlantedIn (bedID, plantID, percentage, staffID) VALUES (200, 1921, 2, 30);
INSERT INTO PlantedIn (bedID, plantID, percentage, staffID) VALUES (36, 3803, 1, 64);
INSERT INTO PlantedIn (bedID, plantID, percentage, staffID) VALUES (329, 1336, 2, 138);
INSERT INTO PlantedIn (bedID, plantID, percentage, staffID) VALUES (224, 3354, 2, 111);
INSERT INTO PlantedIn (bedID, plantID, percentage, staffID) VALUES (445, 2625, 2, 54);
INSERT INTO PlantedIn (bedID, plantID, percentage, staffID) VALUES (330, 170, 1, 101);
INSERT INTO PlantedIn (bedID, plantID, percentage, staffID) VALUES (160, 3408, 4, 70);
INSERT INTO PlantedIn (bedID, plantID, percentage, staffID) VALUES (179, 1870, 2, 28);
INSERT INTO PlantedIn (bedID, plantID, percentage, staffID) VALUES (136, 330, 2, 130);
INSERT INTO PlantedIn (bedID, plantID, percentage, staffID) VALUES (279, 636, 2, 177);
INSERT INTO PlantedIn (bedID, plantID, percentage, staffID) VALUES (290, 285, 2, 165);
INSERT INTO PlantedIn (bedID, plantID, percentage, staffID) VALUES (197, 2184, 4, 179);
INSERT INTO PlantedIn (bedID, plantID, percentage, staffID) VALUES (330, 1282, 4, 38);
INSERT INTO PlantedIn (bedID, plantID, percentage, staffID) VALUES (459, 2107, 4, 174);
INSERT INTO PlantedIn (bedID, plantID, percentage, staffID) VALUES (440, 2374, 4, 43);
INSERT INTO PlantedIn (bedID, plantID, percentage, staffID) VALUES (312, 3777, 1, 186);
INSERT INTO PlantedIn (bedID, plantID, percentage, staffID) VALUES (67, 2983, 3, 105);
INSERT INTO PlantedIn (bedID, plantID, percentage, staffID) VALUES (423, 1845, 3, 8);
INSERT INTO PlantedIn (bedID, plantID, percentage, staffID) VALUES (261, 3258, 4, 1);
INSERT INTO PlantedIn (bedID, plantID, percentage, staffID) VALUES (193, 3377, 1, 177);
INSERT INTO PlantedIn (bedID, plantID, percentage, staffID) VALUES (98, 186, 1, 182);
INSERT INTO PlantedIn (bedID, plantID, percentage, staffID) VALUES (281, 2858, 3, 19);
INSERT INTO PlantedIn (bedID, plantID, percentage, staffID) VALUES (168, 1164, 1, 104);
INSERT INTO PlantedIn (bedID, plantID, percentage, staffID) VALUES (366, 3816, 2, 17);
INSERT INTO PlantedIn (bedID, plantID, percentage, staffID) VALUES (12, 2262, 4, 164);
INSERT INTO PlantedIn (bedID, plantID, percentage, staffID) VALUES (278, 2962, 2, 57);
INSERT INTO PlantedIn (bedID, plantID, percentage, staffID) VALUES (298, 1470, 3, 136);
INSERT INTO PlantedIn (bedID, plantID, percentage, staffID) VALUES (127, 3241, 1, 56);
INSERT INTO PlantedIn (bedID, plantID, percentage, staffID) VALUES (440, 3063, 1, 74);
INSERT INTO PlantedIn (bedID, plantID, percentage, staffID) VALUES (142, 1444, 3, 104);
INSERT INTO PlantedIn (bedID, plantID, percentage, staffID) VALUES (463, 2535, 3, 192);
INSERT INTO PlantedIn (bedID, plantID, percentage, staffID) VALUES (217, 3118, 1, 31);
INSERT INTO PlantedIn (bedID, plantID, percentage, staffID) VALUES (39, 2351, 2, 174);
INSERT INTO PlantedIn (bedID, plantID, percentage, staffID) VALUES (130, 2051, 1, 149);
INSERT INTO PlantedIn (bedID, plantID, percentage, staffID) VALUES (380, 2849, 3, 9);
INSERT INTO PlantedIn (bedID, plantID, percentage, staffID) VALUES (47, 1046, 2, 183);
INSERT INTO PlantedIn (bedID, plantID, percentage, staffID) VALUES (369, 2339, 3, 22);
INSERT INTO PlantedIn (bedID, plantID, percentage, staffID) VALUES (239, 1970, 2, 128);
INSERT INTO PlantedIn (bedID, plantID, percentage, staffID) VALUES (79, 2174, 3, 10);
INSERT INTO PlantedIn (bedID, plantID, percentage, staffID) VALUES (175, 748, 2, 173);
INSERT INTO PlantedIn (bedID, plantID, percentage, staffID) VALUES (380, 2698, 1, 186);
INSERT INTO PlantedIn (bedID, plantID, percentage, staffID) VALUES (109, 2478, 1, 38);
INSERT INTO PlantedIn (bedID, plantID, percentage, staffID) VALUES (179, 875, 2, 128);
INSERT INTO PlantedIn (bedID, plantID, percentage, staffID) VALUES (235, 1994, 2, 194);
INSERT INTO PlantedIn (bedID, plantID, percentage, staffID) VALUES (266, 2340, 3, 22);
INSERT INTO PlantedIn (bedID, plantID, percentage, staffID) VALUES (80, 585, 3, 71);
INSERT INTO PlantedIn (bedID, plantID, percentage, staffID) VALUES (422, 3471, 1, 46);
INSERT INTO PlantedIn (bedID, plantID, percentage, staffID) VALUES (255, 1573, 4, 31);
INSERT INTO PlantedIn (bedID, plantID, percentage, staffID) VALUES (300, 2988, 1, 81);
INSERT INTO PlantedIn (bedID, plantID, percentage, staffID) VALUES (137, 1315, 2, 83);
INSERT INTO PlantedIn (bedID, plantID, percentage, staffID) VALUES (186, 1501, 4, 8);
INSERT INTO PlantedIn (bedID, plantID, percentage, staffID) VALUES (470, 545, 1, 139);
INSERT INTO PlantedIn (bedID, plantID, percentage, staffID) VALUES (324, 3026, 3, 23);
INSERT INTO PlantedIn (bedID, plantID, percentage, staffID) VALUES (2, 886, 2, 25);
INSERT INTO PlantedIn (bedID, plantID, percentage, staffID) VALUES (180, 145, 1, 9);
INSERT INTO PlantedIn (bedID, plantID, percentage, staffID) VALUES (54, 3714, 4, 6);
INSERT INTO PlantedIn (bedID, plantID, percentage, staffID) VALUES (58, 1226, 4, 167);
INSERT INTO PlantedIn (bedID, plantID, percentage, staffID) VALUES (452, 134, 3, 103);
INSERT INTO PlantedIn (bedID, plantID, percentage, staffID) VALUES (69, 324, 2, 151);
INSERT INTO PlantedIn (bedID, plantID, percentage, staffID) VALUES (97, 582, 1, 154);
INSERT INTO PlantedIn (bedID, plantID, percentage, staffID) VALUES (92, 3491, 2, 138);
INSERT INTO PlantedIn (bedID, plantID, percentage, staffID) VALUES (163, 1711, 1, 194);
INSERT INTO PlantedIn (bedID, plantID, percentage, staffID) VALUES (286, 3535, 3, 16);
INSERT INTO PlantedIn (bedID, plantID, percentage, staffID) VALUES (415, 398, 4, 104);
INSERT INTO PlantedIn (bedID, plantID, percentage, staffID) VALUES (199, 1253, 2, 167);
INSERT INTO PlantedIn (bedID, plantID, percentage, staffID) VALUES (170, 1232, 3, 23);
INSERT INTO PlantedIn (bedID, plantID, percentage, staffID) VALUES (191, 3285, 3, 179);
INSERT INTO PlantedIn (bedID, plantID, percentage, staffID) VALUES (1, 2424, 1, 174);
INSERT INTO PlantedIn (bedID, plantID, percentage, staffID) VALUES (251, 2011, 4, 115);
INSERT INTO PlantedIn (bedID, plantID, percentage, staffID) VALUES (456, 1969, 3, 14);
INSERT INTO PlantedIn (bedID, plantID, percentage, staffID) VALUES (201, 560, 2, 58);
INSERT INTO PlantedIn (bedID, plantID, percentage, staffID) VALUES (118, 3062, 3, 61);
INSERT INTO PlantedIn (bedID, plantID, percentage, staffID) VALUES (55, 437, 2, 9);
INSERT INTO PlantedIn (bedID, plantID, percentage, staffID) VALUES (1, 3295, 1, 90);
INSERT INTO PlantedIn (bedID, plantID, percentage, staffID) VALUES (227, 1117, 1, 40);
INSERT INTO PlantedIn (bedID, plantID, percentage, staffID) VALUES (383, 2927, 4, 181);
INSERT INTO PlantedIn (bedID, plantID, percentage, staffID) VALUES (127, 3675, 3, 70);
INSERT INTO PlantedIn (bedID, plantID, percentage, staffID) VALUES (197, 1110, 3, 3);
INSERT INTO PlantedIn (bedID, plantID, percentage, staffID) VALUES (190, 198, 4, 2);
INSERT INTO PlantedIn (bedID, plantID, percentage, staffID) VALUES (96, 3800, 1, 136);
INSERT INTO PlantedIn (bedID, plantID, percentage, staffID) VALUES (396, 410, 2, 42);
INSERT INTO PlantedIn (bedID, plantID, percentage, staffID) VALUES (187, 1537, 1, 67);
INSERT INTO PlantedIn (bedID, plantID, percentage, staffID) VALUES (76, 1215, 2, 23);
INSERT INTO PlantedIn (bedID, plantID, percentage, staffID) VALUES (444, 396, 2, 123);
INSERT INTO PlantedIn (bedID, plantID, percentage, staffID) VALUES (421, 2400, 4, 176);
INSERT INTO PlantedIn (bedID, plantID, percentage, staffID) VALUES (136, 246, 2, 145);
INSERT INTO PlantedIn (bedID, plantID, percentage, staffID) VALUES (126, 91, 3, 161);
INSERT INTO PlantedIn (bedID, plantID, percentage, staffID) VALUES (165, 3828, 3, 168);
INSERT INTO PlantedIn (bedID, plantID, percentage, staffID) VALUES (457, 930, 2, 147);
INSERT INTO PlantedIn (bedID, plantID, percentage, staffID) VALUES (167, 3754, 2, 45);
INSERT INTO PlantedIn (bedID, plantID, percentage, staffID) VALUES (270, 2202, 1, 173);
INSERT INTO PlantedIn (bedID, plantID, percentage, staffID) VALUES (215, 2449, 2, 171);
INSERT INTO PlantedIn (bedID, plantID, percentage, staffID) VALUES (121, 2702, 3, 45);
INSERT INTO PlantedIn (bedID, plantID, percentage, staffID) VALUES (361, 3573, 1, 191);
INSERT INTO PlantedIn (bedID, plantID, percentage, staffID) VALUES (449, 2780, 2, 142);
INSERT INTO PlantedIn (bedID, plantID, percentage, staffID) VALUES (336, 1979, 3, 174);
INSERT INTO PlantedIn (bedID, plantID, percentage, staffID) VALUES (256, 666, 1, 115);
INSERT INTO PlantedIn (bedID, plantID, percentage, staffID) VALUES (351, 1562, 1, 59);
INSERT INTO PlantedIn (bedID, plantID, percentage, staffID) VALUES (18, 484, 2, 110);
INSERT INTO PlantedIn (bedID, plantID, percentage, staffID) VALUES (362, 2381, 2, 128);
INSERT INTO PlantedIn (bedID, plantID, percentage, staffID) VALUES (147, 3565, 4, 40);
INSERT INTO PlantedIn (bedID, plantID, percentage, staffID) VALUES (367, 3358, 2, 117);
INSERT INTO PlantedIn (bedID, plantID, percentage, staffID) VALUES (471, 2853, 2, 131);
INSERT INTO PlantedIn (bedID, plantID, percentage, staffID) VALUES (442, 2627, 2, 83);
INSERT INTO PlantedIn (bedID, plantID, percentage, staffID) VALUES (460, 893, 4, 47);
INSERT INTO PlantedIn (bedID, plantID, percentage, staffID) VALUES (387, 3499, 2, 117);
INSERT INTO PlantedIn (bedID, plantID, percentage, staffID) VALUES (252, 207, 2, 152);
INSERT INTO PlantedIn (bedID, plantID, percentage, staffID) VALUES (117, 2179, 1, 47);
INSERT INTO PlantedIn (bedID, plantID, percentage, staffID) VALUES (217, 3617, 2, 11);
INSERT INTO PlantedIn (bedID, plantID, percentage, staffID) VALUES (319, 2687, 3, 150);
INSERT INTO PlantedIn (bedID, plantID, percentage, staffID) VALUES (178, 540, 2, 17);
INSERT INTO PlantedIn (bedID, plantID, percentage, staffID) VALUES (176, 1182, 1, 31);
INSERT INTO PlantedIn (bedID, plantID, percentage, staffID) VALUES (100, 2782, 3, 127);
INSERT INTO PlantedIn (bedID, plantID, percentage, staffID) VALUES (366, 1411, 1, 41);
INSERT INTO PlantedIn (bedID, plantID, percentage, staffID) VALUES (440, 1643, 1, 28);
INSERT INTO PlantedIn (bedID, plantID, percentage, staffID) VALUES (6, 3610, 3, 185);
INSERT INTO PlantedIn (bedID, plantID, percentage, staffID) VALUES (298, 2471, 1, 60);
INSERT INTO PlantedIn (bedID, plantID, percentage, staffID) VALUES (369, 1435, 1, 72);
INSERT INTO PlantedIn (bedID, plantID, percentage, staffID) VALUES (321, 1936, 4, 69);
INSERT INTO PlantedIn (bedID, plantID, percentage, staffID) VALUES (105, 3710, 4, 129);
INSERT INTO PlantedIn (bedID, plantID, percentage, staffID) VALUES (154, 3194, 2, 3);
INSERT INTO PlantedIn (bedID, plantID, percentage, staffID) VALUES (119, 575, 1, 66);
INSERT INTO PlantedIn (bedID, plantID, percentage, staffID) VALUES (106, 772, 1, 144);
INSERT INTO PlantedIn (bedID, plantID, percentage, staffID) VALUES (64, 2358, 4, 188);
INSERT INTO PlantedIn (bedID, plantID, percentage, staffID) VALUES (118, 817, 1, 157);
INSERT INTO PlantedIn (bedID, plantID, percentage, staffID) VALUES (276, 453, 2, 37);
INSERT INTO PlantedIn (bedID, plantID, percentage, staffID) VALUES (293, 1991, 4, 30);
INSERT INTO PlantedIn (bedID, plantID, percentage, staffID) VALUES (225, 3003, 4, 170);
INSERT INTO PlantedIn (bedID, plantID, percentage, staffID) VALUES (286, 3264, 4, 11);
INSERT INTO PlantedIn (bedID, plantID, percentage, staffID) VALUES (470, 1437, 1, 22);
INSERT INTO PlantedIn (bedID, plantID, percentage, staffID) VALUES (271, 3120, 3, 93);
INSERT INTO PlantedIn (bedID, plantID, percentage, staffID) VALUES (198, 1434, 3, 96);
INSERT INTO PlantedIn (bedID, plantID, percentage, staffID) VALUES (276, 909, 1, 142);
INSERT INTO PlantedIn (bedID, plantID, percentage, staffID) VALUES (167, 3367, 4, 87);
INSERT INTO PlantedIn (bedID, plantID, percentage, staffID) VALUES (183, 2203, 4, 165);
INSERT INTO PlantedIn (bedID, plantID, percentage, staffID) VALUES (164, 2470, 4, 135);
INSERT INTO PlantedIn (bedID, plantID, percentage, staffID) VALUES (229, 2757, 2, 165);
INSERT INTO PlantedIn (bedID, plantID, percentage, staffID) VALUES (41, 3508, 3, 142);
INSERT INTO PlantedIn (bedID, plantID, percentage, staffID) VALUES (339, 560, 1, 74);
INSERT INTO PlantedIn (bedID, plantID, percentage, staffID) VALUES (244, 3207, 1, 163);
INSERT INTO PlantedIn (bedID, plantID, percentage, staffID) VALUES (31, 1900, 2, 54);
INSERT INTO PlantedIn (bedID, plantID, percentage, staffID) VALUES (172, 2649, 3, 79);
INSERT INTO PlantedIn (bedID, plantID, percentage, staffID) VALUES (121, 752, 3, 125);
INSERT INTO PlantedIn (bedID, plantID, percentage, staffID) VALUES (395, 1041, 2, 113);
INSERT INTO PlantedIn (bedID, plantID, percentage, staffID) VALUES (465, 1376, 1, 162);
INSERT INTO PlantedIn (bedID, plantID, percentage, staffID) VALUES (125, 1879, 4, 148);
INSERT INTO PlantedIn (bedID, plantID, percentage, staffID) VALUES (299, 329, 1, 23);
INSERT INTO PlantedIn (bedID, plantID, percentage, staffID) VALUES (433, 3508, 4, 50);
INSERT INTO PlantedIn (bedID, plantID, percentage, staffID) VALUES (189, 1956, 4, 81);
INSERT INTO PlantedIn (bedID, plantID, percentage, staffID) VALUES (91, 3027, 2, 104);
INSERT INTO PlantedIn (bedID, plantID, percentage, staffID) VALUES (463, 459, 4, 10);
INSERT INTO PlantedIn (bedID, plantID, percentage, staffID) VALUES (184, 2319, 2, 27);
INSERT INTO PlantedIn (bedID, plantID, percentage, staffID) VALUES (453, 3559, 1, 90);
INSERT INTO PlantedIn (bedID, plantID, percentage, staffID) VALUES (193, 622, 1, 41);
INSERT INTO PlantedIn (bedID, plantID, percentage, staffID) VALUES (117, 1187, 1, 38);
INSERT INTO PlantedIn (bedID, plantID, percentage, staffID) VALUES (102, 1653, 3, 29);
INSERT INTO PlantedIn (bedID, plantID, percentage, staffID) VALUES (442, 2074, 1, 77);
INSERT INTO PlantedIn (bedID, plantID, percentage, staffID) VALUES (152, 3419, 2, 117);
INSERT INTO PlantedIn (bedID, plantID, percentage, staffID) VALUES (2, 2396, 2, 23);
INSERT INTO PlantedIn (bedID, plantID, percentage, staffID) VALUES (105, 912, 1, 156);
INSERT INTO PlantedIn (bedID, plantID, percentage, staffID) VALUES (75, 769, 3, 81);
INSERT INTO PlantedIn (bedID, plantID, percentage, staffID) VALUES (171, 2289, 3, 123);
INSERT INTO PlantedIn (bedID, plantID, percentage, staffID) VALUES (426, 3033, 1, 157);
INSERT INTO PlantedIn (bedID, plantID, percentage, staffID) VALUES (101, 3502, 1, 149);
INSERT INTO PlantedIn (bedID, plantID, percentage, staffID) VALUES (210, 393, 4, 56);
INSERT INTO PlantedIn (bedID, plantID, percentage, staffID) VALUES (467, 3256, 4, 13);
INSERT INTO PlantedIn (bedID, plantID, percentage, staffID) VALUES (219, 648, 3, 78);
INSERT INTO PlantedIn (bedID, plantID, percentage, staffID) VALUES (191, 550, 3, 176);
INSERT INTO PlantedIn (bedID, plantID, percentage, staffID) VALUES (162, 977, 3, 26);
INSERT INTO PlantedIn (bedID, plantID, percentage, staffID) VALUES (400, 2800, 3, 63);
INSERT INTO PlantedIn (bedID, plantID, percentage, staffID) VALUES (241, 277, 3, 175);
INSERT INTO PlantedIn (bedID, plantID, percentage, staffID) VALUES (463, 2256, 2, 177);
INSERT INTO PlantedIn (bedID, plantID, percentage, staffID) VALUES (325, 534, 3, 38);
INSERT INTO PlantedIn (bedID, plantID, percentage, staffID) VALUES (464, 934, 2, 135);
INSERT INTO PlantedIn (bedID, plantID, percentage, staffID) VALUES (194, 161, 4, 26);
INSERT INTO PlantedIn (bedID, plantID, percentage, staffID) VALUES (87, 3799, 3, 76);
INSERT INTO PlantedIn (bedID, plantID, percentage, staffID) VALUES (112, 1916, 1, 46);
INSERT INTO PlantedIn (bedID, plantID, percentage, staffID) VALUES (104, 2051, 3, 169);
INSERT INTO PlantedIn (bedID, plantID, percentage, staffID) VALUES (285, 2632, 3, 92);
INSERT INTO PlantedIn (bedID, plantID, percentage, staffID) VALUES (216, 702, 2, 127);
INSERT INTO PlantedIn (bedID, plantID, percentage, staffID) VALUES (201, 1091, 4, 180);
INSERT INTO PlantedIn (bedID, plantID, percentage, staffID) VALUES (154, 12, 3, 132);
INSERT INTO PlantedIn (bedID, plantID, percentage, staffID) VALUES (467, 63, 1, 7);
INSERT INTO PlantedIn (bedID, plantID, percentage, staffID) VALUES (243, 994, 3, 62);
INSERT INTO PlantedIn (bedID, plantID, percentage, staffID) VALUES (373, 487, 2, 94);
INSERT INTO PlantedIn (bedID, plantID, percentage, staffID) VALUES (108, 3743, 3, 5);
INSERT INTO PlantedIn (bedID, plantID, percentage, staffID) VALUES (71, 2483, 3, 24);
INSERT INTO PlantedIn (bedID, plantID, percentage, staffID) VALUES (438, 3847, 1, 83);
INSERT INTO PlantedIn (bedID, plantID, percentage, staffID) VALUES (473, 189, 4, 155);
INSERT INTO PlantedIn (bedID, plantID, percentage, staffID) VALUES (31, 3045, 3, 42);
INSERT INTO PlantedIn (bedID, plantID, percentage, staffID) VALUES (22, 1962, 4, 63);
INSERT INTO PlantedIn (bedID, plantID, percentage, staffID) VALUES (91, 1977, 1, 185);
INSERT INTO PlantedIn (bedID, plantID, percentage, staffID) VALUES (252, 2267, 1, 64);
INSERT INTO PlantedIn (bedID, plantID, percentage, staffID) VALUES (333, 3411, 3, 21);
INSERT INTO PlantedIn (bedID, plantID, percentage, staffID) VALUES (136, 1341, 2, 143);
INSERT INTO PlantedIn (bedID, plantID, percentage, staffID) VALUES (49, 2633, 4, 82);
INSERT INTO PlantedIn (bedID, plantID, percentage, staffID) VALUES (420, 3777, 2, 191);
INSERT INTO PlantedIn (bedID, plantID, percentage, staffID) VALUES (135, 2968, 1, 6);
INSERT INTO PlantedIn (bedID, plantID, percentage, staffID) VALUES (469, 1809, 1, 150);
INSERT INTO PlantedIn (bedID, plantID, percentage, staffID) VALUES (464, 2457, 3, 70);
INSERT INTO PlantedIn (bedID, plantID, percentage, staffID) VALUES (106, 2512, 4, 140);
INSERT INTO PlantedIn (bedID, plantID, percentage, staffID) VALUES (252, 3034, 4, 128);
INSERT INTO PlantedIn (bedID, plantID, percentage, staffID) VALUES (63, 1242, 1, 32);
INSERT INTO PlantedIn (bedID, plantID, percentage, staffID) VALUES (2, 2148, 4, 26);
INSERT INTO PlantedIn (bedID, plantID, percentage, staffID) VALUES (252, 230, 4, 58);
INSERT INTO PlantedIn (bedID, plantID, percentage, staffID) VALUES (285, 3857, 1, 155);
INSERT INTO PlantedIn (bedID, plantID, percentage, staffID) VALUES (160, 1045, 4, 94);
INSERT INTO PlantedIn (bedID, plantID, percentage, staffID) VALUES (453, 1487, 3, 107);
INSERT INTO PlantedIn (bedID, plantID, percentage, staffID) VALUES (5, 1313, 2, 179);
INSERT INTO PlantedIn (bedID, plantID, percentage, staffID) VALUES (234, 413, 1, 68);
INSERT INTO PlantedIn (bedID, plantID, percentage, staffID) VALUES (110, 855, 2, 119);
INSERT INTO PlantedIn (bedID, plantID, percentage, staffID) VALUES (239, 1547, 4, 24);
INSERT INTO PlantedIn (bedID, plantID, percentage, staffID) VALUES (128, 3612, 4, 122);
INSERT INTO PlantedIn (bedID, plantID, percentage, staffID) VALUES (441, 1368, 2, 23);
INSERT INTO PlantedIn (bedID, plantID, percentage, staffID) VALUES (296, 2195, 3, 53);
INSERT INTO PlantedIn (bedID, plantID, percentage, staffID) VALUES (92, 1125, 2, 126);
INSERT INTO PlantedIn (bedID, plantID, percentage, staffID) VALUES (295, 2563, 4, 109);
INSERT INTO PlantedIn (bedID, plantID, percentage, staffID) VALUES (117, 3179, 3, 72);
INSERT INTO PlantedIn (bedID, plantID, percentage, staffID) VALUES (445, 637, 4, 187);
INSERT INTO PlantedIn (bedID, plantID, percentage, staffID) VALUES (360, 3046, 1, 165);
INSERT INTO PlantedIn (bedID, plantID, percentage, staffID) VALUES (425, 298, 2, 151);
INSERT INTO PlantedIn (bedID, plantID, percentage, staffID) VALUES (159, 1230, 1, 86);
INSERT INTO PlantedIn (bedID, plantID, percentage, staffID) VALUES (303, 1460, 4, 48);
INSERT INTO PlantedIn (bedID, plantID, percentage, staffID) VALUES (317, 3270, 2, 28);
INSERT INTO PlantedIn (bedID, plantID, percentage, staffID) VALUES (241, 2574, 4, 28);
INSERT INTO PlantedIn (bedID, plantID, percentage, staffID) VALUES (231, 1873, 2, 82);
INSERT INTO PlantedIn (bedID, plantID, percentage, staffID) VALUES (308, 1223, 2, 62);
INSERT INTO PlantedIn (bedID, plantID, percentage, staffID) VALUES (50, 421, 1, 107);
INSERT INTO PlantedIn (bedID, plantID, percentage, staffID) VALUES (88, 1008, 3, 95);
INSERT INTO PlantedIn (bedID, plantID, percentage, staffID) VALUES (274, 3410, 1, 130);
INSERT INTO PlantedIn (bedID, plantID, percentage, staffID) VALUES (123, 3360, 4, 11);
INSERT INTO PlantedIn (bedID, plantID, percentage, staffID) VALUES (339, 716, 1, 45);
INSERT INTO PlantedIn (bedID, plantID, percentage, staffID) VALUES (398, 1464, 2, 157);
INSERT INTO PlantedIn (bedID, plantID, percentage, staffID) VALUES (329, 268, 4, 184);
INSERT INTO PlantedIn (bedID, plantID, percentage, staffID) VALUES (85, 1627, 2, 164);
INSERT INTO PlantedIn (bedID, plantID, percentage, staffID) VALUES (323, 1027, 2, 181);
INSERT INTO PlantedIn (bedID, plantID, percentage, staffID) VALUES (70, 2016, 2, 98);
INSERT INTO PlantedIn (bedID, plantID, percentage, staffID) VALUES (185, 2047, 1, 69);
INSERT INTO PlantedIn (bedID, plantID, percentage, staffID) VALUES (338, 2148, 3, 68);
INSERT INTO PlantedIn (bedID, plantID, percentage, staffID) VALUES (431, 1194, 4, 185);
INSERT INTO PlantedIn (bedID, plantID, percentage, staffID) VALUES (326, 2595, 2, 49);
INSERT INTO PlantedIn (bedID, plantID, percentage, staffID) VALUES (351, 531, 4, 37);
INSERT INTO PlantedIn (bedID, plantID, percentage, staffID) VALUES (264, 3794, 1, 58);
INSERT INTO PlantedIn (bedID, plantID, percentage, staffID) VALUES (117, 647, 2, 102);
INSERT INTO PlantedIn (bedID, plantID, percentage, staffID) VALUES (326, 3780, 1, 164);
INSERT INTO PlantedIn (bedID, plantID, percentage, staffID) VALUES (240, 535, 1, 38);
INSERT INTO PlantedIn (bedID, plantID, percentage, staffID) VALUES (329, 1994, 3, 161);
INSERT INTO PlantedIn (bedID, plantID, percentage, staffID) VALUES (391, 2674, 3, 73);
INSERT INTO PlantedIn (bedID, plantID, percentage, staffID) VALUES (172, 2299, 1, 183);
INSERT INTO PlantedIn (bedID, plantID, percentage, staffID) VALUES (347, 293, 2, 5);
INSERT INTO PlantedIn (bedID, plantID, percentage, staffID) VALUES (27, 1175, 2, 109);
INSERT INTO PlantedIn (bedID, plantID, percentage, staffID) VALUES (223, 113, 1, 143);
INSERT INTO PlantedIn (bedID, plantID, percentage, staffID) VALUES (4, 1938, 3, 49);
INSERT INTO PlantedIn (bedID, plantID, percentage, staffID) VALUES (303, 1643, 2, 151);
INSERT INTO PlantedIn (bedID, plantID, percentage, staffID) VALUES (445, 2023, 4, 192);
INSERT INTO PlantedIn (bedID, plantID, percentage, staffID) VALUES (102, 1136, 3, 57);
INSERT INTO PlantedIn (bedID, plantID, percentage, staffID) VALUES (421, 664, 3, 140);
INSERT INTO PlantedIn (bedID, plantID, percentage, staffID) VALUES (117, 2720, 2, 186);
INSERT INTO PlantedIn (bedID, plantID, percentage, staffID) VALUES (4, 1701, 2, 125);
INSERT INTO PlantedIn (bedID, plantID, percentage, staffID) VALUES (222, 1188, 2, 131);
INSERT INTO PlantedIn (bedID, plantID, percentage, staffID) VALUES (144, 2808, 1, 160);
INSERT INTO PlantedIn (bedID, plantID, percentage, staffID) VALUES (119, 2783, 2, 2);
INSERT INTO PlantedIn (bedID, plantID, percentage, staffID) VALUES (7, 1109, 4, 9);
INSERT INTO PlantedIn (bedID, plantID, percentage, staffID) VALUES (217, 2799, 3, 107);
INSERT INTO PlantedIn (bedID, plantID, percentage, staffID) VALUES (203, 1677, 2, 3);
INSERT INTO PlantedIn (bedID, plantID, percentage, staffID) VALUES (414, 2391, 2, 187);
INSERT INTO PlantedIn (bedID, plantID, percentage, staffID) VALUES (438, 2136, 3, 168);
INSERT INTO PlantedIn (bedID, plantID, percentage, staffID) VALUES (456, 3779, 3, 161);
INSERT INTO PlantedIn (bedID, plantID, percentage, staffID) VALUES (467, 966, 2, 143);
INSERT INTO PlantedIn (bedID, plantID, percentage, staffID) VALUES (139, 2319, 1, 150);
INSERT INTO PlantedIn (bedID, plantID, percentage, staffID) VALUES (59, 1692, 3, 91);
INSERT INTO PlantedIn (bedID, plantID, percentage, staffID) VALUES (212, 3399, 1, 88);
INSERT INTO PlantedIn (bedID, plantID, percentage, staffID) VALUES (281, 2808, 2, 159);
INSERT INTO PlantedIn (bedID, plantID, percentage, staffID) VALUES (430, 1971, 4, 192);
INSERT INTO PlantedIn (bedID, plantID, percentage, staffID) VALUES (231, 2796, 2, 114);
INSERT INTO PlantedIn (bedID, plantID, percentage, staffID) VALUES (461, 981, 2, 153);
INSERT INTO PlantedIn (bedID, plantID, percentage, staffID) VALUES (404, 1856, 4, 58);
INSERT INTO PlantedIn (bedID, plantID, percentage, staffID) VALUES (435, 2809, 2, 109);
INSERT INTO PlantedIn (bedID, plantID, percentage, staffID) VALUES (287, 3726, 2, 89);
INSERT INTO PlantedIn (bedID, plantID, percentage, staffID) VALUES (349, 1639, 2, 152);
INSERT INTO PlantedIn (bedID, plantID, percentage, staffID) VALUES (72, 2013, 1, 150);
INSERT INTO PlantedIn (bedID, plantID, percentage, staffID) VALUES (15, 2590, 3, 190);
INSERT INTO PlantedIn (bedID, plantID, percentage, staffID) VALUES (351, 2862, 3, 130);
INSERT INTO PlantedIn (bedID, plantID, percentage, staffID) VALUES (105, 3536, 1, 117);
INSERT INTO PlantedIn (bedID, plantID, percentage, staffID) VALUES (304, 406, 1, 103);
INSERT INTO PlantedIn (bedID, plantID, percentage, staffID) VALUES (171, 1511, 3, 28);
INSERT INTO PlantedIn (bedID, plantID, percentage, staffID) VALUES (432, 3356, 4, 116);
INSERT INTO PlantedIn (bedID, plantID, percentage, staffID) VALUES (255, 1932, 4, 94);
INSERT INTO PlantedIn (bedID, plantID, percentage, staffID) VALUES (467, 1749, 3, 61);
INSERT INTO PlantedIn (bedID, plantID, percentage, staffID) VALUES (92, 3598, 2, 66);
INSERT INTO PlantedIn (bedID, plantID, percentage, staffID) VALUES (401, 3458, 2, 113);
INSERT INTO PlantedIn (bedID, plantID, percentage, staffID) VALUES (473, 214, 1, 150);
INSERT INTO PlantedIn (bedID, plantID, percentage, staffID) VALUES (365, 42, 3, 176);
INSERT INTO PlantedIn (bedID, plantID, percentage, staffID) VALUES (416, 1658, 2, 128);
INSERT INTO PlantedIn (bedID, plantID, percentage, staffID) VALUES (440, 330, 4, 72);
INSERT INTO PlantedIn (bedID, plantID, percentage, staffID) VALUES (255, 2503, 3, 132);
INSERT INTO PlantedIn (bedID, plantID, percentage, staffID) VALUES (274, 3741, 2, 30);
INSERT INTO PlantedIn (bedID, plantID, percentage, staffID) VALUES (408, 2687, 4, 186);
INSERT INTO PlantedIn (bedID, plantID, percentage, staffID) VALUES (355, 2496, 3, 190);
INSERT INTO PlantedIn (bedID, plantID, percentage, staffID) VALUES (13, 3110, 4, 19);
INSERT INTO PlantedIn (bedID, plantID, percentage, staffID) VALUES (386, 3681, 3, 99);
INSERT INTO PlantedIn (bedID, plantID, percentage, staffID) VALUES (181, 411, 2, 23);
INSERT INTO PlantedIn (bedID, plantID, percentage, staffID) VALUES (91, 1779, 3, 47);
INSERT INTO PlantedIn (bedID, plantID, percentage, staffID) VALUES (51, 3365, 3, 94);
INSERT INTO PlantedIn (bedID, plantID, percentage, staffID) VALUES (397, 2329, 3, 23);
INSERT INTO PlantedIn (bedID, plantID, percentage, staffID) VALUES (141, 82, 1, 115);
INSERT INTO PlantedIn (bedID, plantID, percentage, staffID) VALUES (316, 1904, 3, 161);
INSERT INTO PlantedIn (bedID, plantID, percentage, staffID) VALUES (141, 3405, 1, 101);
INSERT INTO PlantedIn (bedID, plantID, percentage, staffID) VALUES (394, 3757, 1, 165);
INSERT INTO PlantedIn (bedID, plantID, percentage, staffID) VALUES (37, 3546, 2, 107);
INSERT INTO PlantedIn (bedID, plantID, percentage, staffID) VALUES (294, 1768, 2, 35);
INSERT INTO PlantedIn (bedID, plantID, percentage, staffID) VALUES (143, 2792, 4, 83);
INSERT INTO PlantedIn (bedID, plantID, percentage, staffID) VALUES (102, 751, 3, 135);
INSERT INTO PlantedIn (bedID, plantID, percentage, staffID) VALUES (36, 589, 4, 128);
INSERT INTO PlantedIn (bedID, plantID, percentage, staffID) VALUES (59, 1663, 1, 25);
INSERT INTO PlantedIn (bedID, plantID, percentage, staffID) VALUES (165, 2497, 3, 97);
INSERT INTO PlantedIn (bedID, plantID, percentage, staffID) VALUES (188, 1818, 1, 43);
INSERT INTO PlantedIn (bedID, plantID, percentage, staffID) VALUES (355, 3605, 4, 117);
INSERT INTO PlantedIn (bedID, plantID, percentage, staffID) VALUES (282, 327, 3, 5);
INSERT INTO PlantedIn (bedID, plantID, percentage, staffID) VALUES (336, 3587, 1, 178);
INSERT INTO PlantedIn (bedID, plantID, percentage, staffID) VALUES (24, 283, 3, 100);
INSERT INTO PlantedIn (bedID, plantID, percentage, staffID) VALUES (258, 817, 1, 19);
INSERT INTO PlantedIn (bedID, plantID, percentage, staffID) VALUES (200, 421, 4, 193);
INSERT INTO PlantedIn (bedID, plantID, percentage, staffID) VALUES (277, 3597, 1, 95);
INSERT INTO PlantedIn (bedID, plantID, percentage, staffID) VALUES (131, 1659, 1, 118);
INSERT INTO PlantedIn (bedID, plantID, percentage, staffID) VALUES (112, 3829, 4, 144);
INSERT INTO PlantedIn (bedID, plantID, percentage, staffID) VALUES (435, 2215, 4, 17);
INSERT INTO PlantedIn (bedID, plantID, percentage, staffID) VALUES (306, 2197, 1, 136);
INSERT INTO PlantedIn (bedID, plantID, percentage, staffID) VALUES (369, 2923, 1, 43);
INSERT INTO PlantedIn (bedID, plantID, percentage, staffID) VALUES (410, 575, 2, 1);
INSERT INTO PlantedIn (bedID, plantID, percentage, staffID) VALUES (38, 1814, 2, 137);
INSERT INTO PlantedIn (bedID, plantID, percentage, staffID) VALUES (425, 958, 2, 78);
INSERT INTO PlantedIn (bedID, plantID, percentage, staffID) VALUES (189, 1359, 3, 45);
INSERT INTO PlantedIn (bedID, plantID, percentage, staffID) VALUES (162, 3550, 2, 118);
INSERT INTO PlantedIn (bedID, plantID, percentage, staffID) VALUES (233, 2547, 1, 47);
INSERT INTO PlantedIn (bedID, plantID, percentage, staffID) VALUES (108, 3452, 1, 67);
INSERT INTO PlantedIn (bedID, plantID, percentage, staffID) VALUES (308, 2065, 3, 43);
INSERT INTO PlantedIn (bedID, plantID, percentage, staffID) VALUES (323, 2449, 3, 24);
INSERT INTO PlantedIn (bedID, plantID, percentage, staffID) VALUES (417, 1922, 2, 172);
INSERT INTO PlantedIn (bedID, plantID, percentage, staffID) VALUES (402, 216, 1, 187);
INSERT INTO PlantedIn (bedID, plantID, percentage, staffID) VALUES (461, 1892, 2, 93);
INSERT INTO PlantedIn (bedID, plantID, percentage, staffID) VALUES (71, 2628, 2, 123);
INSERT INTO PlantedIn (bedID, plantID, percentage, staffID) VALUES (271, 3599, 1, 79);
INSERT INTO PlantedIn (bedID, plantID, percentage, staffID) VALUES (220, 2284, 1, 151);
INSERT INTO PlantedIn (bedID, plantID, percentage, staffID) VALUES (380, 2705, 2, 186);
INSERT INTO PlantedIn (bedID, plantID, percentage, staffID) VALUES (158, 102, 1, 14);
INSERT INTO PlantedIn (bedID, plantID, percentage, staffID) VALUES (248, 3493, 2, 101);
INSERT INTO PlantedIn (bedID, plantID, percentage, staffID) VALUES (454, 1571, 4, 115);
INSERT INTO PlantedIn (bedID, plantID, percentage, staffID) VALUES (424, 55, 1, 82);
INSERT INTO PlantedIn (bedID, plantID, percentage, staffID) VALUES (329, 7, 2, 86);
INSERT INTO PlantedIn (bedID, plantID, percentage, staffID) VALUES (442, 3101, 2, 100);
INSERT INTO PlantedIn (bedID, plantID, percentage, staffID) VALUES (186, 869, 1, 112);
INSERT INTO PlantedIn (bedID, plantID, percentage, staffID) VALUES (438, 1760, 2, 139);
INSERT INTO PlantedIn (bedID, plantID, percentage, staffID) VALUES (228, 2877, 1, 97);
INSERT INTO PlantedIn (bedID, plantID, percentage, staffID) VALUES (307, 3733, 3, 77);
INSERT INTO PlantedIn (bedID, plantID, percentage, staffID) VALUES (177, 3634, 2, 111);
INSERT INTO PlantedIn (bedID, plantID, percentage, staffID) VALUES (452, 3632, 3, 64);
INSERT INTO PlantedIn (bedID, plantID, percentage, staffID) VALUES (446, 2828, 4, 187);
INSERT INTO PlantedIn (bedID, plantID, percentage, staffID) VALUES (253, 1561, 4, 56);
INSERT INTO PlantedIn (bedID, plantID, percentage, staffID) VALUES (298, 3161, 3, 26);
INSERT INTO PlantedIn (bedID, plantID, percentage, staffID) VALUES (130, 3106, 4, 166);
INSERT INTO PlantedIn (bedID, plantID, percentage, staffID) VALUES (260, 1092, 1, 155);
INSERT INTO PlantedIn (bedID, plantID, percentage, staffID) VALUES (118, 527, 3, 164);
INSERT INTO PlantedIn (bedID, plantID, percentage, staffID) VALUES (37, 1329, 1, 182);
INSERT INTO PlantedIn (bedID, plantID, percentage, staffID) VALUES (134, 774, 1, 139);
INSERT INTO PlantedIn (bedID, plantID, percentage, staffID) VALUES (441, 2295, 2, 21);
INSERT INTO PlantedIn (bedID, plantID, percentage, staffID) VALUES (472, 1434, 3, 81);
INSERT INTO PlantedIn (bedID, plantID, percentage, staffID) VALUES (90, 1994, 2, 37);
INSERT INTO PlantedIn (bedID, plantID, percentage, staffID) VALUES (151, 3824, 4, 45);
INSERT INTO PlantedIn (bedID, plantID, percentage, staffID) VALUES (129, 3769, 3, 13);
INSERT INTO PlantedIn (bedID, plantID, percentage, staffID) VALUES (53, 3346, 1, 29);
INSERT INTO PlantedIn (bedID, plantID, percentage, staffID) VALUES (99, 111, 2, 45);
INSERT INTO PlantedIn (bedID, plantID, percentage, staffID) VALUES (109, 3466, 1, 147);
INSERT INTO PlantedIn (bedID, plantID, percentage, staffID) VALUES (232, 3154, 2, 128);
INSERT INTO PlantedIn (bedID, plantID, percentage, staffID) VALUES (89, 74, 2, 24);
INSERT INTO PlantedIn (bedID, plantID, percentage, staffID) VALUES (26, 2787, 1, 113);
INSERT INTO PlantedIn (bedID, plantID, percentage, staffID) VALUES (371, 286, 3, 29);
INSERT INTO PlantedIn (bedID, plantID, percentage, staffID) VALUES (102, 1264, 1, 176);
INSERT INTO PlantedIn (bedID, plantID, percentage, staffID) VALUES (258, 1356, 2, 97);
INSERT INTO PlantedIn (bedID, plantID, percentage, staffID) VALUES (123, 1623, 2, 15);
INSERT INTO PlantedIn (bedID, plantID, percentage, staffID) VALUES (316, 419, 2, 69);
INSERT INTO PlantedIn (bedID, plantID, percentage, staffID) VALUES (314, 1408, 3, 35);
INSERT INTO PlantedIn (bedID, plantID, percentage, staffID) VALUES (239, 3168, 4, 194);
INSERT INTO PlantedIn (bedID, plantID, percentage, staffID) VALUES (321, 746, 1, 77);
INSERT INTO PlantedIn (bedID, plantID, percentage, staffID) VALUES (315, 3157, 2, 20);
INSERT INTO PlantedIn (bedID, plantID, percentage, staffID) VALUES (355, 3789, 1, 114);
INSERT INTO PlantedIn (bedID, plantID, percentage, staffID) VALUES (305, 2042, 2, 160);
INSERT INTO PlantedIn (bedID, plantID, percentage, staffID) VALUES (301, 453, 2, 143);
INSERT INTO PlantedIn (bedID, plantID, percentage, staffID) VALUES (228, 3350, 4, 7);
INSERT INTO PlantedIn (bedID, plantID, percentage, staffID) VALUES (325, 3805, 2, 167);
INSERT INTO PlantedIn (bedID, plantID, percentage, staffID) VALUES (84, 736, 4, 81);
INSERT INTO PlantedIn (bedID, plantID, percentage, staffID) VALUES (4, 1889, 4, 28);
INSERT INTO PlantedIn (bedID, plantID, percentage, staffID) VALUES (222, 2672, 3, 189);
INSERT INTO PlantedIn (bedID, plantID, percentage, staffID) VALUES (248, 2420, 1, 4);
INSERT INTO PlantedIn (bedID, plantID, percentage, staffID) VALUES (73, 3086, 4, 97);
INSERT INTO PlantedIn (bedID, plantID, percentage, staffID) VALUES (433, 663, 2, 19);
INSERT INTO PlantedIn (bedID, plantID, percentage, staffID) VALUES (18, 476, 3, 78);
INSERT INTO PlantedIn (bedID, plantID, percentage, staffID) VALUES (51, 759, 2, 18);
INSERT INTO PlantedIn (bedID, plantID, percentage, staffID) VALUES (183, 1856, 2, 26);
INSERT INTO PlantedIn (bedID, plantID, percentage, staffID) VALUES (35, 3702, 3, 98);
INSERT INTO PlantedIn (bedID, plantID, percentage, staffID) VALUES (462, 2484, 4, 175);
INSERT INTO PlantedIn (bedID, plantID, percentage, staffID) VALUES (56, 2487, 2, 141);
INSERT INTO PlantedIn (bedID, plantID, percentage, staffID) VALUES (347, 330, 4, 67);
INSERT INTO PlantedIn (bedID, plantID, percentage, staffID) VALUES (66, 954, 3, 10);
INSERT INTO PlantedIn (bedID, plantID, percentage, staffID) VALUES (177, 1710, 3, 120);
INSERT INTO PlantedIn (bedID, plantID, percentage, staffID) VALUES (280, 97, 3, 121);
INSERT INTO PlantedIn (bedID, plantID, percentage, staffID) VALUES (465, 254, 4, 75);
INSERT INTO PlantedIn (bedID, plantID, percentage, staffID) VALUES (335, 836, 4, 150);
INSERT INTO PlantedIn (bedID, plantID, percentage, staffID) VALUES (407, 1625, 3, 24);
INSERT INTO PlantedIn (bedID, plantID, percentage, staffID) VALUES (240, 1707, 4, 92);
INSERT INTO PlantedIn (bedID, plantID, percentage, staffID) VALUES (233, 1580, 3, 130);
INSERT INTO PlantedIn (bedID, plantID, percentage, staffID) VALUES (310, 2640, 1, 51);
INSERT INTO PlantedIn (bedID, plantID, percentage, staffID) VALUES (119, 1471, 2, 173);
INSERT INTO PlantedIn (bedID, plantID, percentage, staffID) VALUES (352, 3100, 4, 6);
INSERT INTO PlantedIn (bedID, plantID, percentage, staffID) VALUES (195, 1774, 4, 84);
INSERT INTO PlantedIn (bedID, plantID, percentage, staffID) VALUES (436, 2889, 4, 159);
INSERT INTO PlantedIn (bedID, plantID, percentage, staffID) VALUES (413, 2377, 3, 125);
INSERT INTO PlantedIn (bedID, plantID, percentage, staffID) VALUES (85, 2756, 1, 25);
INSERT INTO PlantedIn (bedID, plantID, percentage, staffID) VALUES (319, 2533, 2, 12);
INSERT INTO PlantedIn (bedID, plantID, percentage, staffID) VALUES (289, 82, 1, 185);
INSERT INTO PlantedIn (bedID, plantID, percentage, staffID) VALUES (203, 2941, 2, 102);
INSERT INTO PlantedIn (bedID, plantID, percentage, staffID) VALUES (13, 2176, 4, 175);
INSERT INTO PlantedIn (bedID, plantID, percentage, staffID) VALUES (147, 2455, 1, 183);
INSERT INTO PlantedIn (bedID, plantID, percentage, staffID) VALUES (119, 1964, 3, 158);
INSERT INTO PlantedIn (bedID, plantID, percentage, staffID) VALUES (176, 2863, 3, 10);
INSERT INTO PlantedIn (bedID, plantID, percentage, staffID) VALUES (215, 649, 1, 155);
INSERT INTO PlantedIn (bedID, plantID, percentage, staffID) VALUES (247, 1933, 2, 53);
INSERT INTO PlantedIn (bedID, plantID, percentage, staffID) VALUES (473, 2267, 3, 64);
INSERT INTO PlantedIn (bedID, plantID, percentage, staffID) VALUES (210, 996, 1, 178);
INSERT INTO PlantedIn (bedID, plantID, percentage, staffID) VALUES (74, 210, 3, 67);
INSERT INTO PlantedIn (bedID, plantID, percentage, staffID) VALUES (391, 208, 3, 7);
INSERT INTO PlantedIn (bedID, plantID, percentage, staffID) VALUES (48, 2256, 2, 4);
INSERT INTO PlantedIn (bedID, plantID, percentage, staffID) VALUES (161, 564, 1, 19);
INSERT INTO PlantedIn (bedID, plantID, percentage, staffID) VALUES (11, 929, 1, 116);
INSERT INTO PlantedIn (bedID, plantID, percentage, staffID) VALUES (391, 3394, 2, 119);
INSERT INTO PlantedIn (bedID, plantID, percentage, staffID) VALUES (65, 1754, 2, 71);
INSERT INTO PlantedIn (bedID, plantID, percentage, staffID) VALUES (345, 3812, 4, 184);
INSERT INTO PlantedIn (bedID, plantID, percentage, staffID) VALUES (270, 3554, 4, 20);
INSERT INTO PlantedIn (bedID, plantID, percentage, staffID) VALUES (18, 447, 2, 150);
INSERT INTO PlantedIn (bedID, plantID, percentage, staffID) VALUES (324, 2909, 3, 22);
INSERT INTO PlantedIn (bedID, plantID, percentage, staffID) VALUES (159, 1446, 4, 143);
INSERT INTO PlantedIn (bedID, plantID, percentage, staffID) VALUES (342, 3819, 2, 61);
INSERT INTO PlantedIn (bedID, plantID, percentage, staffID) VALUES (445, 2436, 4, 26);
INSERT INTO PlantedIn (bedID, plantID, percentage, staffID) VALUES (251, 3683, 2, 102);
INSERT INTO PlantedIn (bedID, plantID, percentage, staffID) VALUES (23, 1564, 1, 105);
INSERT INTO PlantedIn (bedID, plantID, percentage, staffID) VALUES (219, 1330, 2, 193);
INSERT INTO PlantedIn (bedID, plantID, percentage, staffID) VALUES (218, 2610, 1, 159);
INSERT INTO PlantedIn (bedID, plantID, percentage, staffID) VALUES (203, 3410, 4, 144);
INSERT INTO PlantedIn (bedID, plantID, percentage, staffID) VALUES (122, 1559, 4, 113);
INSERT INTO PlantedIn (bedID, plantID, percentage, staffID) VALUES (186, 3276, 2, 77);
INSERT INTO PlantedIn (bedID, plantID, percentage, staffID) VALUES (226, 1926, 1, 53);
INSERT INTO PlantedIn (bedID, plantID, percentage, staffID) VALUES (214, 2920, 2, 94);
INSERT INTO PlantedIn (bedID, plantID, percentage, staffID) VALUES (76, 3756, 3, 150);
INSERT INTO PlantedIn (bedID, plantID, percentage, staffID) VALUES (150, 2619, 4, 25);
INSERT INTO PlantedIn (bedID, plantID, percentage, staffID) VALUES (167, 3475, 4, 188);
INSERT INTO PlantedIn (bedID, plantID, percentage, staffID) VALUES (370, 2412, 1, 111);
INSERT INTO PlantedIn (bedID, plantID, percentage, staffID) VALUES (13, 362, 2, 3);
INSERT INTO PlantedIn (bedID, plantID, percentage, staffID) VALUES (446, 1500, 2, 154);
INSERT INTO PlantedIn (bedID, plantID, percentage, staffID) VALUES (420, 37, 2, 87);
INSERT INTO PlantedIn (bedID, plantID, percentage, staffID) VALUES (362, 3414, 4, 171);
INSERT INTO PlantedIn (bedID, plantID, percentage, staffID) VALUES (405, 2206, 1, 112);
INSERT INTO PlantedIn (bedID, plantID, percentage, staffID) VALUES (118, 2581, 3, 193);
INSERT INTO PlantedIn (bedID, plantID, percentage, staffID) VALUES (268, 3339, 2, 78);
INSERT INTO PlantedIn (bedID, plantID, percentage, staffID) VALUES (231, 3569, 3, 79);
INSERT INTO PlantedIn (bedID, plantID, percentage, staffID) VALUES (8, 1542, 4, 191);
INSERT INTO PlantedIn (bedID, plantID, percentage, staffID) VALUES (373, 2645, 3, 77);
INSERT INTO PlantedIn (bedID, plantID, percentage, staffID) VALUES (329, 3103, 2, 3);
INSERT INTO PlantedIn (bedID, plantID, percentage, staffID) VALUES (325, 3274, 3, 79);
INSERT INTO PlantedIn (bedID, plantID, percentage, staffID) VALUES (198, 3592, 3, 146);
INSERT INTO PlantedIn (bedID, plantID, percentage, staffID) VALUES (283, 2538, 1, 55);
INSERT INTO PlantedIn (bedID, plantID, percentage, staffID) VALUES (247, 2501, 1, 105);
INSERT INTO PlantedIn (bedID, plantID, percentage, staffID) VALUES (270, 3462, 3, 107);
INSERT INTO PlantedIn (bedID, plantID, percentage, staffID) VALUES (140, 1766, 1, 112);
INSERT INTO PlantedIn (bedID, plantID, percentage, staffID) VALUES (67, 3562, 4, 154);
INSERT INTO PlantedIn (bedID, plantID, percentage, staffID) VALUES (343, 2956, 2, 60);
INSERT INTO PlantedIn (bedID, plantID, percentage, staffID) VALUES (287, 2561, 1, 142);
INSERT INTO PlantedIn (bedID, plantID, percentage, staffID) VALUES (151, 3715, 4, 75);
INSERT INTO PlantedIn (bedID, plantID, percentage, staffID) VALUES (288, 3390, 1, 173);
INSERT INTO PlantedIn (bedID, plantID, percentage, staffID) VALUES (366, 1432, 1, 157);
INSERT INTO PlantedIn (bedID, plantID, percentage, staffID) VALUES (46, 1414, 4, 57);
INSERT INTO PlantedIn (bedID, plantID, percentage, staffID) VALUES (150, 1193, 4, 77);
INSERT INTO PlantedIn (bedID, plantID, percentage, staffID) VALUES (2, 2235, 4, 61);
INSERT INTO PlantedIn (bedID, plantID, percentage, staffID) VALUES (447, 534, 4, 117);
INSERT INTO PlantedIn (bedID, plantID, percentage, staffID) VALUES (467, 2900, 2, 122);
INSERT INTO PlantedIn (bedID, plantID, percentage, staffID) VALUES (244, 2553, 4, 38);
INSERT INTO PlantedIn (bedID, plantID, percentage, staffID) VALUES (383, 585, 3, 12);
INSERT INTO PlantedIn (bedID, plantID, percentage, staffID) VALUES (452, 44, 1, 78);
INSERT INTO PlantedIn (bedID, plantID, percentage, staffID) VALUES (179, 2548, 3, 168);
INSERT INTO PlantedIn (bedID, plantID, percentage, staffID) VALUES (458, 758, 4, 138);
INSERT INTO PlantedIn (bedID, plantID, percentage, staffID) VALUES (367, 3757, 3, 191);
INSERT INTO PlantedIn (bedID, plantID, percentage, staffID) VALUES (53, 1962, 1, 110);
INSERT INTO PlantedIn (bedID, plantID, percentage, staffID) VALUES (122, 509, 4, 93);
INSERT INTO PlantedIn (bedID, plantID, percentage, staffID) VALUES (310, 1212, 3, 151);
INSERT INTO PlantedIn (bedID, plantID, percentage, staffID) VALUES (328, 3049, 2, 9);
INSERT INTO PlantedIn (bedID, plantID, percentage, staffID) VALUES (288, 2845, 4, 66);
INSERT INTO PlantedIn (bedID, plantID, percentage, staffID) VALUES (194, 1127, 2, 118);
INSERT INTO PlantedIn (bedID, plantID, percentage, staffID) VALUES (108, 1145, 3, 101);
INSERT INTO PlantedIn (bedID, plantID, percentage, staffID) VALUES (19, 2957, 3, 155);
INSERT INTO PlantedIn (bedID, plantID, percentage, staffID) VALUES (172, 1389, 1, 94);
INSERT INTO PlantedIn (bedID, plantID, percentage, staffID) VALUES (319, 767, 2, 140);
INSERT INTO PlantedIn (bedID, plantID, percentage, staffID) VALUES (467, 2799, 3, 147);
INSERT INTO PlantedIn (bedID, plantID, percentage, staffID) VALUES (218, 151, 4, 82);
INSERT INTO PlantedIn (bedID, plantID, percentage, staffID) VALUES (157, 3782, 3, 52);
INSERT INTO PlantedIn (bedID, plantID, percentage, staffID) VALUES (130, 2869, 1, 60);
INSERT INTO PlantedIn (bedID, plantID, percentage, staffID) VALUES (156, 1096, 2, 16);
INSERT INTO PlantedIn (bedID, plantID, percentage, staffID) VALUES (203, 3345, 1, 143);
INSERT INTO PlantedIn (bedID, plantID, percentage, staffID) VALUES (110, 2643, 4, 171);
INSERT INTO PlantedIn (bedID, plantID, percentage, staffID) VALUES (78, 1234, 2, 135);
INSERT INTO PlantedIn (bedID, plantID, percentage, staffID) VALUES (415, 3603, 1, 32);
INSERT INTO PlantedIn (bedID, plantID, percentage, staffID) VALUES (20, 1877, 1, 92);
INSERT INTO PlantedIn (bedID, plantID, percentage, staffID) VALUES (404, 1929, 4, 194);
INSERT INTO PlantedIn (bedID, plantID, percentage, staffID) VALUES (431, 549, 2, 80);
INSERT INTO PlantedIn (bedID, plantID, percentage, staffID) VALUES (4, 343, 1, 92);
INSERT INTO PlantedIn (bedID, plantID, percentage, staffID) VALUES (366, 1086, 1, 39);
INSERT INTO PlantedIn (bedID, plantID, percentage, staffID) VALUES (272, 686, 3, 150);
INSERT INTO PlantedIn (bedID, plantID, percentage, staffID) VALUES (235, 1502, 2, 32);
INSERT INTO PlantedIn (bedID, plantID, percentage, staffID) VALUES (152, 1194, 2, 111);
INSERT INTO PlantedIn (bedID, plantID, percentage, staffID) VALUES (376, 3830, 3, 98);
INSERT INTO PlantedIn (bedID, plantID, percentage, staffID) VALUES (232, 1650, 2, 111);
INSERT INTO PlantedIn (bedID, plantID, percentage, staffID) VALUES (270, 3602, 3, 151);
INSERT INTO PlantedIn (bedID, plantID, percentage, staffID) VALUES (2, 3264, 1, 9);
INSERT INTO PlantedIn (bedID, plantID, percentage, staffID) VALUES (273, 3008, 4, 139);
INSERT INTO PlantedIn (bedID, plantID, percentage, staffID) VALUES (441, 192, 1, 58);
INSERT INTO PlantedIn (bedID, plantID, percentage, staffID) VALUES (279, 2495, 3, 7);
INSERT INTO PlantedIn (bedID, plantID, percentage, staffID) VALUES (59, 2631, 3, 15);
INSERT INTO PlantedIn (bedID, plantID, percentage, staffID) VALUES (105, 1816, 1, 25);
INSERT INTO PlantedIn (bedID, plantID, percentage, staffID) VALUES (99, 2685, 2, 36);
INSERT INTO PlantedIn (bedID, plantID, percentage, staffID) VALUES (241, 3732, 3, 175);
INSERT INTO PlantedIn (bedID, plantID, percentage, staffID) VALUES (384, 3471, 2, 142);
INSERT INTO PlantedIn (bedID, plantID, percentage, staffID) VALUES (320, 1428, 3, 72);
INSERT INTO PlantedIn (bedID, plantID, percentage, staffID) VALUES (199, 2445, 1, 173);
INSERT INTO PlantedIn (bedID, plantID, percentage, staffID) VALUES (442, 1297, 1, 156);
INSERT INTO PlantedIn (bedID, plantID, percentage, staffID) VALUES (345, 1057, 3, 15);
INSERT INTO PlantedIn (bedID, plantID, percentage, staffID) VALUES (372, 3406, 2, 99);
INSERT INTO PlantedIn (bedID, plantID, percentage, staffID) VALUES (126, 956, 2, 125);
INSERT INTO PlantedIn (bedID, plantID, percentage, staffID) VALUES (249, 1900, 4, 176);
INSERT INTO PlantedIn (bedID, plantID, percentage, staffID) VALUES (247, 3391, 3, 170);
INSERT INTO PlantedIn (bedID, plantID, percentage, staffID) VALUES (141, 2974, 4, 169);
INSERT INTO PlantedIn (bedID, plantID, percentage, staffID) VALUES (117, 347, 1, 192);
INSERT INTO PlantedIn (bedID, plantID, percentage, staffID) VALUES (334, 2729, 4, 74);
INSERT INTO PlantedIn (bedID, plantID, percentage, staffID) VALUES (191, 3328, 2, 4);
INSERT INTO PlantedIn (bedID, plantID, percentage, staffID) VALUES (328, 2574, 2, 47);
INSERT INTO PlantedIn (bedID, plantID, percentage, staffID) VALUES (308, 3625, 2, 68);
INSERT INTO PlantedIn (bedID, plantID, percentage, staffID) VALUES (437, 1053, 3, 135);
INSERT INTO PlantedIn (bedID, plantID, percentage, staffID) VALUES (46, 1703, 1, 192);
INSERT INTO PlantedIn (bedID, plantID, percentage, staffID) VALUES (180, 126, 1, 182);
INSERT INTO PlantedIn (bedID, plantID, percentage, staffID) VALUES (186, 3252, 1, 83);
INSERT INTO PlantedIn (bedID, plantID, percentage, staffID) VALUES (108, 3305, 3, 34);
INSERT INTO PlantedIn (bedID, plantID, percentage, staffID) VALUES (103, 337, 4, 170);
INSERT INTO PlantedIn (bedID, plantID, percentage, staffID) VALUES (369, 3574, 3, 65);
INSERT INTO PlantedIn (bedID, plantID, percentage, staffID) VALUES (53, 2701, 4, 153);
INSERT INTO PlantedIn (bedID, plantID, percentage, staffID) VALUES (372, 548, 1, 172);
INSERT INTO PlantedIn (bedID, plantID, percentage, staffID) VALUES (80, 614, 3, 83);
INSERT INTO PlantedIn (bedID, plantID, percentage, staffID) VALUES (416, 1851, 4, 47);
INSERT INTO PlantedIn (bedID, plantID, percentage, staffID) VALUES (117, 1670, 2, 22);
INSERT INTO PlantedIn (bedID, plantID, percentage, staffID) VALUES (136, 1056, 3, 7);
INSERT INTO PlantedIn (bedID, plantID, percentage, staffID) VALUES (171, 3317, 1, 78);
INSERT INTO PlantedIn (bedID, plantID, percentage, staffID) VALUES (371, 2708, 4, 175);
INSERT INTO PlantedIn (bedID, plantID, percentage, staffID) VALUES (189, 2338, 1, 183);
INSERT INTO PlantedIn (bedID, plantID, percentage, staffID) VALUES (354, 2835, 4, 77);
INSERT INTO PlantedIn (bedID, plantID, percentage, staffID) VALUES (422, 3009, 4, 124);
INSERT INTO PlantedIn (bedID, plantID, percentage, staffID) VALUES (122, 3211, 3, 133);
INSERT INTO PlantedIn (bedID, plantID, percentage, staffID) VALUES (16, 25, 2, 12);
INSERT INTO PlantedIn (bedID, plantID, percentage, staffID) VALUES (409, 1687, 3, 109);
INSERT INTO PlantedIn (bedID, plantID, percentage, staffID) VALUES (65, 1496, 3, 111);
INSERT INTO PlantedIn (bedID, plantID, percentage, staffID) VALUES (470, 1670, 3, 147);
INSERT INTO PlantedIn (bedID, plantID, percentage, staffID) VALUES (79, 367, 1, 134);
INSERT INTO PlantedIn (bedID, plantID, percentage, staffID) VALUES (413, 987, 1, 170);
INSERT INTO PlantedIn (bedID, plantID, percentage, staffID) VALUES (41, 1858, 2, 130);
INSERT INTO PlantedIn (bedID, plantID, percentage, staffID) VALUES (114, 2361, 2, 184);
INSERT INTO PlantedIn (bedID, plantID, percentage, staffID) VALUES (292, 3680, 2, 136);
INSERT INTO PlantedIn (bedID, plantID, percentage, staffID) VALUES (184, 763, 3, 27);
INSERT INTO PlantedIn (bedID, plantID, percentage, staffID) VALUES (277, 2582, 3, 13);
INSERT INTO PlantedIn (bedID, plantID, percentage, staffID) VALUES (48, 3020, 2, 65);
INSERT INTO PlantedIn (bedID, plantID, percentage, staffID) VALUES (415, 3737, 3, 66);
INSERT INTO PlantedIn (bedID, plantID, percentage, staffID) VALUES (105, 583, 2, 180);
INSERT INTO PlantedIn (bedID, plantID, percentage, staffID) VALUES (299, 1983, 4, 134);
INSERT INTO PlantedIn (bedID, plantID, percentage, staffID) VALUES (59, 2141, 3, 30);
INSERT INTO PlantedIn (bedID, plantID, percentage, staffID) VALUES (240, 3131, 4, 46);
INSERT INTO PlantedIn (bedID, plantID, percentage, staffID) VALUES (4, 1355, 3, 86);
INSERT INTO PlantedIn (bedID, plantID, percentage, staffID) VALUES (9, 1858, 1, 35);
INSERT INTO PlantedIn (bedID, plantID, percentage, staffID) VALUES (124, 1865, 1, 79);
INSERT INTO PlantedIn (bedID, plantID, percentage, staffID) VALUES (213, 2725, 3, 181);
INSERT INTO PlantedIn (bedID, plantID, percentage, staffID) VALUES (238, 553, 2, 142);
INSERT INTO PlantedIn (bedID, plantID, percentage, staffID) VALUES (173, 2276, 3, 66);
INSERT INTO PlantedIn (bedID, plantID, percentage, staffID) VALUES (4, 3525, 2, 150);
INSERT INTO PlantedIn (bedID, plantID, percentage, staffID) VALUES (38, 3294, 3, 154);
INSERT INTO PlantedIn (bedID, plantID, percentage, staffID) VALUES (112, 3434, 4, 3);
INSERT INTO PlantedIn (bedID, plantID, percentage, staffID) VALUES (367, 2639, 3, 163);
INSERT INTO PlantedIn (bedID, plantID, percentage, staffID) VALUES (313, 1094, 2, 168);
INSERT INTO PlantedIn (bedID, plantID, percentage, staffID) VALUES (304, 860, 1, 99);
INSERT INTO PlantedIn (bedID, plantID, percentage, staffID) VALUES (173, 690, 3, 94);
INSERT INTO PlantedIn (bedID, plantID, percentage, staffID) VALUES (363, 3004, 4, 91);
INSERT INTO PlantedIn (bedID, plantID, percentage, staffID) VALUES (326, 696, 4, 54);
INSERT INTO PlantedIn (bedID, plantID, percentage, staffID) VALUES (16, 56, 2, 68);
INSERT INTO PlantedIn (bedID, plantID, percentage, staffID) VALUES (428, 1327, 3, 43);
INSERT INTO PlantedIn (bedID, plantID, percentage, staffID) VALUES (13, 13, 3, 45);
INSERT INTO PlantedIn (bedID, plantID, percentage, staffID) VALUES (124, 1805, 3, 15);
INSERT INTO PlantedIn (bedID, plantID, percentage, staffID) VALUES (306, 2045, 2, 73);
INSERT INTO PlantedIn (bedID, plantID, percentage, staffID) VALUES (145, 3104, 4, 39);
INSERT INTO PlantedIn (bedID, plantID, percentage, staffID) VALUES (465, 1745, 1, 156);
INSERT INTO PlantedIn (bedID, plantID, percentage, staffID) VALUES (221, 372, 2, 58);
INSERT INTO PlantedIn (bedID, plantID, percentage, staffID) VALUES (208, 1893, 2, 10);
INSERT INTO PlantedIn (bedID, plantID, percentage, staffID) VALUES (234, 1029, 4, 32);
INSERT INTO PlantedIn (bedID, plantID, percentage, staffID) VALUES (145, 524, 3, 145);
INSERT INTO PlantedIn (bedID, plantID, percentage, staffID) VALUES (285, 3011, 1, 40);
INSERT INTO PlantedIn (bedID, plantID, percentage, staffID) VALUES (146, 2131, 3, 135);
INSERT INTO PlantedIn (bedID, plantID, percentage, staffID) VALUES (168, 3274, 2, 125);
INSERT INTO PlantedIn (bedID, plantID, percentage, staffID) VALUES (142, 1445, 4, 72);
INSERT INTO PlantedIn (bedID, plantID, percentage, staffID) VALUES (223, 2453, 4, 28);
INSERT INTO PlantedIn (bedID, plantID, percentage, staffID) VALUES (59, 695, 3, 77);
INSERT INTO PlantedIn (bedID, plantID, percentage, staffID) VALUES (211, 2038, 4, 81);
INSERT INTO PlantedIn (bedID, plantID, percentage, staffID) VALUES (314, 399, 2, 65);
INSERT INTO PlantedIn (bedID, plantID, percentage, staffID) VALUES (418, 1981, 1, 105);
INSERT INTO PlantedIn (bedID, plantID, percentage, staffID) VALUES (31, 666, 2, 165);
INSERT INTO PlantedIn (bedID, plantID, percentage, staffID) VALUES (79, 3347, 3, 81);
INSERT INTO PlantedIn (bedID, plantID, percentage, staffID) VALUES (229, 3247, 4, 14);
INSERT INTO PlantedIn (bedID, plantID, percentage, staffID) VALUES (471, 3340, 3, 87);
INSERT INTO PlantedIn (bedID, plantID, percentage, staffID) VALUES (26, 1879, 4, 139);
INSERT INTO PlantedIn (bedID, plantID, percentage, staffID) VALUES (428, 2702, 3, 56);
INSERT INTO PlantedIn (bedID, plantID, percentage, staffID) VALUES (28, 2962, 2, 21);
INSERT INTO PlantedIn (bedID, plantID, percentage, staffID) VALUES (241, 1209, 2, 99);
INSERT INTO PlantedIn (bedID, plantID, percentage, staffID) VALUES (335, 89, 3, 175);
INSERT INTO PlantedIn (bedID, plantID, percentage, staffID) VALUES (43, 2843, 4, 29);
INSERT INTO PlantedIn (bedID, plantID, percentage, staffID) VALUES (340, 183, 3, 167);
INSERT INTO PlantedIn (bedID, plantID, percentage, staffID) VALUES (223, 1252, 4, 130);
INSERT INTO PlantedIn (bedID, plantID, percentage, staffID) VALUES (2, 1909, 3, 176);
INSERT INTO PlantedIn (bedID, plantID, percentage, staffID) VALUES (363, 2004, 4, 147);
INSERT INTO PlantedIn (bedID, plantID, percentage, staffID) VALUES (135, 3158, 4, 29);
INSERT INTO PlantedIn (bedID, plantID, percentage, staffID) VALUES (62, 2406, 4, 35);
INSERT INTO PlantedIn (bedID, plantID, percentage, staffID) VALUES (306, 91, 3, 79);
INSERT INTO PlantedIn (bedID, plantID, percentage, staffID) VALUES (359, 2012, 2, 114);
INSERT INTO PlantedIn (bedID, plantID, percentage, staffID) VALUES (269, 1442, 1, 12);
INSERT INTO PlantedIn (bedID, plantID, percentage, staffID) VALUES (89, 3294, 4, 83);
INSERT INTO PlantedIn (bedID, plantID, percentage, staffID) VALUES (176, 470, 3, 159);
INSERT INTO PlantedIn (bedID, plantID, percentage, staffID) VALUES (444, 3545, 1, 92);
INSERT INTO PlantedIn (bedID, plantID, percentage, staffID) VALUES (256, 2377, 1, 185);
INSERT INTO PlantedIn (bedID, plantID, percentage, staffID) VALUES (302, 1108, 2, 188);
INSERT INTO PlantedIn (bedID, plantID, percentage, staffID) VALUES (382, 1845, 2, 179);
INSERT INTO PlantedIn (bedID, plantID, percentage, staffID) VALUES (403, 3599, 3, 85);
INSERT INTO PlantedIn (bedID, plantID, percentage, staffID) VALUES (296, 1565, 4, 51);
INSERT INTO PlantedIn (bedID, plantID, percentage, staffID) VALUES (122, 2513, 3, 156);
INSERT INTO PlantedIn (bedID, plantID, percentage, staffID) VALUES (365, 2091, 3, 58);
INSERT INTO PlantedIn (bedID, plantID, percentage, staffID) VALUES (217, 2826, 4, 159);
INSERT INTO PlantedIn (bedID, plantID, percentage, staffID) VALUES (164, 2633, 4, 38);
INSERT INTO PlantedIn (bedID, plantID, percentage, staffID) VALUES (458, 396, 4, 78);
INSERT INTO PlantedIn (bedID, plantID, percentage, staffID) VALUES (275, 983, 2, 31);
INSERT INTO PlantedIn (bedID, plantID, percentage, staffID) VALUES (458, 869, 1, 127);
INSERT INTO PlantedIn (bedID, plantID, percentage, staffID) VALUES (64, 1376, 4, 79);
INSERT INTO PlantedIn (bedID, plantID, percentage, staffID) VALUES (63, 1474, 4, 43);
INSERT INTO PlantedIn (bedID, plantID, percentage, staffID) VALUES (267, 751, 3, 160);
INSERT INTO PlantedIn (bedID, plantID, percentage, staffID) VALUES (273, 2153, 4, 50);
INSERT INTO PlantedIn (bedID, plantID, percentage, staffID) VALUES (335, 2608, 2, 4);
INSERT INTO PlantedIn (bedID, plantID, percentage, staffID) VALUES (309, 3186, 4, 48);
INSERT INTO PlantedIn (bedID, plantID, percentage, staffID) VALUES (211, 1768, 4, 154);
INSERT INTO PlantedIn (bedID, plantID, percentage, staffID) VALUES (146, 1536, 2, 155);
INSERT INTO PlantedIn (bedID, plantID, percentage, staffID) VALUES (357, 543, 4, 63);
INSERT INTO PlantedIn (bedID, plantID, percentage, staffID) VALUES (247, 1995, 1, 143);
INSERT INTO PlantedIn (bedID, plantID, percentage, staffID) VALUES (336, 1867, 2, 153);
INSERT INTO PlantedIn (bedID, plantID, percentage, staffID) VALUES (19, 3844, 3, 24);
INSERT INTO PlantedIn (bedID, plantID, percentage, staffID) VALUES (317, 503, 2, 3);
INSERT INTO PlantedIn (bedID, plantID, percentage, staffID) VALUES (452, 961, 2, 41);
INSERT INTO PlantedIn (bedID, plantID, percentage, staffID) VALUES (334, 3666, 1, 47);
INSERT INTO PlantedIn (bedID, plantID, percentage, staffID) VALUES (164, 3812, 1, 93);
INSERT INTO PlantedIn (bedID, plantID, percentage, staffID) VALUES (131, 2650, 4, 150);
INSERT INTO PlantedIn (bedID, plantID, percentage, staffID) VALUES (80, 1864, 1, 56);
INSERT INTO PlantedIn (bedID, plantID, percentage, staffID) VALUES (245, 3745, 2, 96);
INSERT INTO PlantedIn (bedID, plantID, percentage, staffID) VALUES (103, 2567, 4, 178);
INSERT INTO PlantedIn (bedID, plantID, percentage, staffID) VALUES (290, 391, 4, 192);
INSERT INTO PlantedIn (bedID, plantID, percentage, staffID) VALUES (20, 3330, 3, 88);
INSERT INTO PlantedIn (bedID, plantID, percentage, staffID) VALUES (281, 1609, 1, 183);
INSERT INTO PlantedIn (bedID, plantID, percentage, staffID) VALUES (326, 402, 1, 113);
INSERT INTO PlantedIn (bedID, plantID, percentage, staffID) VALUES (28, 2700, 1, 122);
INSERT INTO PlantedIn (bedID, plantID, percentage, staffID) VALUES (79, 256, 4, 50);
INSERT INTO PlantedIn (bedID, plantID, percentage, staffID) VALUES (444, 647, 1, 91);
INSERT INTO PlantedIn (bedID, plantID, percentage, staffID) VALUES (50, 1544, 2, 26);
INSERT INTO PlantedIn (bedID, plantID, percentage, staffID) VALUES (216, 1311, 2, 133);
INSERT INTO PlantedIn (bedID, plantID, percentage, staffID) VALUES (58, 3365, 1, 38);
INSERT INTO PlantedIn (bedID, plantID, percentage, staffID) VALUES (201, 1003, 1, 58);
INSERT INTO PlantedIn (bedID, plantID, percentage, staffID) VALUES (404, 1201, 4, 59);
INSERT INTO PlantedIn (bedID, plantID, percentage, staffID) VALUES (263, 448, 3, 175);
INSERT INTO PlantedIn (bedID, plantID, percentage, staffID) VALUES (264, 3462, 4, 169);
INSERT INTO PlantedIn (bedID, plantID, percentage, staffID) VALUES (431, 2168, 1, 10);
INSERT INTO PlantedIn (bedID, plantID, percentage, staffID) VALUES (169, 2093, 1, 53);
INSERT INTO PlantedIn (bedID, plantID, percentage, staffID) VALUES (343, 1864, 4, 133);
INSERT INTO PlantedIn (bedID, plantID, percentage, staffID) VALUES (363, 2980, 1, 171);
INSERT INTO PlantedIn (bedID, plantID, percentage, staffID) VALUES (28, 2926, 1, 129);
INSERT INTO PlantedIn (bedID, plantID, percentage, staffID) VALUES (291, 1367, 3, 149);
INSERT INTO PlantedIn (bedID, plantID, percentage, staffID) VALUES (85, 2654, 3, 109);
INSERT INTO PlantedIn (bedID, plantID, percentage, staffID) VALUES (47, 3444, 1, 97);
INSERT INTO PlantedIn (bedID, plantID, percentage, staffID) VALUES (214, 2006, 4, 30);
INSERT INTO PlantedIn (bedID, plantID, percentage, staffID) VALUES (29, 1557, 4, 7);
INSERT INTO PlantedIn (bedID, plantID, percentage, staffID) VALUES (419, 2636, 3, 157);
INSERT INTO PlantedIn (bedID, plantID, percentage, staffID) VALUES (215, 2339, 3, 149);
INSERT INTO PlantedIn (bedID, plantID, percentage, staffID) VALUES (172, 1387, 4, 140);
INSERT INTO PlantedIn (bedID, plantID, percentage, staffID) VALUES (337, 1598, 4, 100);
INSERT INTO PlantedIn (bedID, plantID, percentage, staffID) VALUES (48, 63, 1, 81);
INSERT INTO PlantedIn (bedID, plantID, percentage, staffID) VALUES (429, 3342, 2, 43);
INSERT INTO PlantedIn (bedID, plantID, percentage, staffID) VALUES (182, 1371, 2, 34);
INSERT INTO PlantedIn (bedID, plantID, percentage, staffID) VALUES (472, 1134, 3, 68);
INSERT INTO PlantedIn (bedID, plantID, percentage, staffID) VALUES (466, 152, 2, 90);
INSERT INTO PlantedIn (bedID, plantID, percentage, staffID) VALUES (113, 1344, 2, 50);
INSERT INTO PlantedIn (bedID, plantID, percentage, staffID) VALUES (334, 2414, 4, 164);
INSERT INTO PlantedIn (bedID, plantID, percentage, staffID) VALUES (96, 3672, 2, 60);
INSERT INTO PlantedIn (bedID, plantID, percentage, staffID) VALUES (134, 3456, 1, 106);
INSERT INTO PlantedIn (bedID, plantID, percentage, staffID) VALUES (406, 3459, 4, 133);
INSERT INTO PlantedIn (bedID, plantID, percentage, staffID) VALUES (467, 2283, 4, 46);
INSERT INTO PlantedIn (bedID, plantID, percentage, staffID) VALUES (298, 2559, 4, 71);
INSERT INTO PlantedIn (bedID, plantID, percentage, staffID) VALUES (5, 2268, 3, 65);
INSERT INTO PlantedIn (bedID, plantID, percentage, staffID) VALUES (100, 455, 2, 120);
INSERT INTO PlantedIn (bedID, plantID, percentage, staffID) VALUES (321, 2540, 4, 118);
INSERT INTO PlantedIn (bedID, plantID, percentage, staffID) VALUES (422, 57, 4, 127);
INSERT INTO PlantedIn (bedID, plantID, percentage, staffID) VALUES (315, 1612, 2, 158);
INSERT INTO PlantedIn (bedID, plantID, percentage, staffID) VALUES (302, 2862, 2, 181);
INSERT INTO PlantedIn (bedID, plantID, percentage, staffID) VALUES (41, 2914, 3, 64);
INSERT INTO PlantedIn (bedID, plantID, percentage, staffID) VALUES (290, 633, 2, 177);
INSERT INTO PlantedIn (bedID, plantID, percentage, staffID) VALUES (350, 2875, 3, 179);
INSERT INTO PlantedIn (bedID, plantID, percentage, staffID) VALUES (57, 2958, 1, 76);
INSERT INTO PlantedIn (bedID, plantID, percentage, staffID) VALUES (369, 3833, 2, 162);
INSERT INTO PlantedIn (bedID, plantID, percentage, staffID) VALUES (194, 2185, 1, 144);
INSERT INTO PlantedIn (bedID, plantID, percentage, staffID) VALUES (145, 2270, 2, 71);
INSERT INTO PlantedIn (bedID, plantID, percentage, staffID) VALUES (162, 2538, 2, 14);
INSERT INTO PlantedIn (bedID, plantID, percentage, staffID) VALUES (323, 3667, 2, 122);
INSERT INTO PlantedIn (bedID, plantID, percentage, staffID) VALUES (54, 1787, 4, 115);
INSERT INTO PlantedIn (bedID, plantID, percentage, staffID) VALUES (98, 1696, 2, 94);
INSERT INTO PlantedIn (bedID, plantID, percentage, staffID) VALUES (61, 1658, 3, 48);
INSERT INTO PlantedIn (bedID, plantID, percentage, staffID) VALUES (297, 1508, 2, 12);
INSERT INTO PlantedIn (bedID, plantID, percentage, staffID) VALUES (32, 999, 3, 106);
INSERT INTO PlantedIn (bedID, plantID, percentage, staffID) VALUES (389, 1422, 2, 150);
INSERT INTO PlantedIn (bedID, plantID, percentage, staffID) VALUES (212, 1867, 4, 107);
INSERT INTO PlantedIn (bedID, plantID, percentage, staffID) VALUES (339, 822, 4, 2);
INSERT INTO PlantedIn (bedID, plantID, percentage, staffID) VALUES (100, 2799, 3, 127);
INSERT INTO PlantedIn (bedID, plantID, percentage, staffID) VALUES (371, 3489, 2, 12);
INSERT INTO PlantedIn (bedID, plantID, percentage, staffID) VALUES (411, 1776, 1, 65);
INSERT INTO PlantedIn (bedID, plantID, percentage, staffID) VALUES (462, 3276, 2, 194);
INSERT INTO PlantedIn (bedID, plantID, percentage, staffID) VALUES (276, 798, 3, 35);
INSERT INTO PlantedIn (bedID, plantID, percentage, staffID) VALUES (317, 3210, 1, 7);
INSERT INTO PlantedIn (bedID, plantID, percentage, staffID) VALUES (363, 3, 4, 5);
INSERT INTO PlantedIn (bedID, plantID, percentage, staffID) VALUES (343, 2480, 3, 119);
INSERT INTO PlantedIn (bedID, plantID, percentage, staffID) VALUES (258, 2454, 2, 155);
INSERT INTO PlantedIn (bedID, plantID, percentage, staffID) VALUES (45, 301, 1, 110);
INSERT INTO PlantedIn (bedID, plantID, percentage, staffID) VALUES (438, 1866, 3, 85);
INSERT INTO PlantedIn (bedID, plantID, percentage, staffID) VALUES (326, 2255, 2, 31);
INSERT INTO PlantedIn (bedID, plantID, percentage, staffID) VALUES (196, 710, 3, 98);
INSERT INTO PlantedIn (bedID, plantID, percentage, staffID) VALUES (368, 1865, 2, 40);
INSERT INTO PlantedIn (bedID, plantID, percentage, staffID) VALUES (219, 1446, 3, 162);
INSERT INTO PlantedIn (bedID, plantID, percentage, staffID) VALUES (431, 3325, 2, 95);
INSERT INTO PlantedIn (bedID, plantID, percentage, staffID) VALUES (129, 3761, 4, 17);
INSERT INTO PlantedIn (bedID, plantID, percentage, staffID) VALUES (58, 1704, 2, 56);
INSERT INTO PlantedIn (bedID, plantID, percentage, staffID) VALUES (434, 3854, 2, 9);
INSERT INTO PlantedIn (bedID, plantID, percentage, staffID) VALUES (356, 2119, 3, 176);
INSERT INTO PlantedIn (bedID, plantID, percentage, staffID) VALUES (15, 213, 1, 194);
INSERT INTO PlantedIn (bedID, plantID, percentage, staffID) VALUES (274, 2940, 2, 40);
INSERT INTO PlantedIn (bedID, plantID, percentage, staffID) VALUES (107, 2272, 1, 146);
INSERT INTO PlantedIn (bedID, plantID, percentage, staffID) VALUES (317, 2194, 1, 66);
INSERT INTO PlantedIn (bedID, plantID, percentage, staffID) VALUES (397, 2422, 4, 6);
INSERT INTO PlantedIn (bedID, plantID, percentage, staffID) VALUES (317, 1607, 1, 120);
INSERT INTO PlantedIn (bedID, plantID, percentage, staffID) VALUES (131, 449, 2, 51);
INSERT INTO PlantedIn (bedID, plantID, percentage, staffID) VALUES (147, 1001, 1, 145);
INSERT INTO PlantedIn (bedID, plantID, percentage, staffID) VALUES (215, 568, 1, 61);
INSERT INTO PlantedIn (bedID, plantID, percentage, staffID) VALUES (406, 1909, 2, 145);
INSERT INTO PlantedIn (bedID, plantID, percentage, staffID) VALUES (386, 3174, 2, 54);
INSERT INTO PlantedIn (bedID, plantID, percentage, staffID) VALUES (402, 378, 2, 23);
INSERT INTO PlantedIn (bedID, plantID, percentage, staffID) VALUES (324, 1274, 4, 111);
INSERT INTO PlantedIn (bedID, plantID, percentage, staffID) VALUES (397, 187, 1, 55);
INSERT INTO PlantedIn (bedID, plantID, percentage, staffID) VALUES (358, 1298, 4, 113);
INSERT INTO PlantedIn (bedID, plantID, percentage, staffID) VALUES (299, 2288, 1, 156);
INSERT INTO PlantedIn (bedID, plantID, percentage, staffID) VALUES (144, 722, 1, 192);
INSERT INTO PlantedIn (bedID, plantID, percentage, staffID) VALUES (233, 916, 4, 48);
INSERT INTO PlantedIn (bedID, plantID, percentage, staffID) VALUES (368, 126, 3, 82);
INSERT INTO PlantedIn (bedID, plantID, percentage, staffID) VALUES (425, 1230, 3, 123);
INSERT INTO PlantedIn (bedID, plantID, percentage, staffID) VALUES (174, 3359, 1, 170);
INSERT INTO PlantedIn (bedID, plantID, percentage, staffID) VALUES (372, 3710, 4, 57);
INSERT INTO PlantedIn (bedID, plantID, percentage, staffID) VALUES (426, 1550, 2, 87);
INSERT INTO PlantedIn (bedID, plantID, percentage, staffID) VALUES (177, 3752, 3, 158);
INSERT INTO PlantedIn (bedID, plantID, percentage, staffID) VALUES (96, 2282, 1, 79);
INSERT INTO PlantedIn (bedID, plantID, percentage, staffID) VALUES (468, 122, 2, 27);
INSERT INTO PlantedIn (bedID, plantID, percentage, staffID) VALUES (301, 3349, 3, 138);
INSERT INTO PlantedIn (bedID, plantID, percentage, staffID) VALUES (331, 3077, 1, 145);
INSERT INTO PlantedIn (bedID, plantID, percentage, staffID) VALUES (389, 2100, 3, 12);
INSERT INTO PlantedIn (bedID, plantID, percentage, staffID) VALUES (238, 1286, 2, 119);
INSERT INTO PlantedIn (bedID, plantID, percentage, staffID) VALUES (347, 13, 1, 139);
INSERT INTO PlantedIn (bedID, plantID, percentage, staffID) VALUES (461, 1739, 1, 147);
INSERT INTO PlantedIn (bedID, plantID, percentage, staffID) VALUES (19, 397, 1, 84);
INSERT INTO PlantedIn (bedID, plantID, percentage, staffID) VALUES (64, 2100, 4, 69);
INSERT INTO PlantedIn (bedID, plantID, percentage, staffID) VALUES (194, 39, 1, 56);
INSERT INTO PlantedIn (bedID, plantID, percentage, staffID) VALUES (382, 3787, 3, 39);
INSERT INTO PlantedIn (bedID, plantID, percentage, staffID) VALUES (248, 944, 1, 48);
INSERT INTO PlantedIn (bedID, plantID, percentage, staffID) VALUES (273, 3150, 2, 88);
INSERT INTO PlantedIn (bedID, plantID, percentage, staffID) VALUES (387, 415, 4, 85);
INSERT INTO PlantedIn (bedID, plantID, percentage, staffID) VALUES (112, 1470, 2, 128);
INSERT INTO PlantedIn (bedID, plantID, percentage, staffID) VALUES (437, 3721, 2, 29);
INSERT INTO PlantedIn (bedID, plantID, percentage, staffID) VALUES (461, 1584, 4, 90);
INSERT INTO PlantedIn (bedID, plantID, percentage, staffID) VALUES (303, 3625, 2, 92);
INSERT INTO PlantedIn (bedID, plantID, percentage, staffID) VALUES (173, 2938, 2, 56);
INSERT INTO PlantedIn (bedID, plantID, percentage, staffID) VALUES (84, 253, 2, 6);
INSERT INTO PlantedIn (bedID, plantID, percentage, staffID) VALUES (17, 2420, 2, 112);
INSERT INTO PlantedIn (bedID, plantID, percentage, staffID) VALUES (120, 3535, 1, 69);
INSERT INTO PlantedIn (bedID, plantID, percentage, staffID) VALUES (53, 3734, 3, 174);
INSERT INTO PlantedIn (bedID, plantID, percentage, staffID) VALUES (176, 2951, 1, 126);
INSERT INTO PlantedIn (bedID, plantID, percentage, staffID) VALUES (332, 247, 1, 96);
INSERT INTO PlantedIn (bedID, plantID, percentage, staffID) VALUES (269, 1196, 1, 172);
INSERT INTO PlantedIn (bedID, plantID, percentage, staffID) VALUES (313, 3174, 4, 54);
INSERT INTO PlantedIn (bedID, plantID, percentage, staffID) VALUES (134, 1439, 1, 166);
INSERT INTO PlantedIn (bedID, plantID, percentage, staffID) VALUES (54, 716, 3, 184);
INSERT INTO PlantedIn (bedID, plantID, percentage, staffID) VALUES (94, 2315, 3, 162);
INSERT INTO PlantedIn (bedID, plantID, percentage, staffID) VALUES (315, 2371, 1, 83);
INSERT INTO PlantedIn (bedID, plantID, percentage, staffID) VALUES (291, 814, 4, 157);
INSERT INTO PlantedIn (bedID, plantID, percentage, staffID) VALUES (24, 3720, 2, 159);
INSERT INTO PlantedIn (bedID, plantID, percentage, staffID) VALUES (193, 2110, 1, 183);
INSERT INTO PlantedIn (bedID, plantID, percentage, staffID) VALUES (174, 606, 3, 187);
INSERT INTO PlantedIn (bedID, plantID, percentage, staffID) VALUES (251, 2816, 3, 161);
INSERT INTO PlantedIn (bedID, plantID, percentage, staffID) VALUES (433, 2639, 1, 75);
INSERT INTO PlantedIn (bedID, plantID, percentage, staffID) VALUES (134, 606, 4, 159);
INSERT INTO PlantedIn (bedID, plantID, percentage, staffID) VALUES (365, 693, 2, 31);
INSERT INTO PlantedIn (bedID, plantID, percentage, staffID) VALUES (185, 3549, 2, 63);
INSERT INTO PlantedIn (bedID, plantID, percentage, staffID) VALUES (417, 321, 2, 152);
INSERT INTO PlantedIn (bedID, plantID, percentage, staffID) VALUES (377, 1049, 2, 132);
INSERT INTO PlantedIn (bedID, plantID, percentage, staffID) VALUES (54, 1287, 2, 5);
INSERT INTO PlantedIn (bedID, plantID, percentage, staffID) VALUES (463, 1890, 2, 132);
INSERT INTO PlantedIn (bedID, plantID, percentage, staffID) VALUES (193, 3666, 2, 165);
INSERT INTO PlantedIn (bedID, plantID, percentage, staffID) VALUES (15, 2132, 3, 118);
INSERT INTO PlantedIn (bedID, plantID, percentage, staffID) VALUES (91, 3603, 4, 134);
INSERT INTO PlantedIn (bedID, plantID, percentage, staffID) VALUES (97, 1164, 1, 64);
INSERT INTO PlantedIn (bedID, plantID, percentage, staffID) VALUES (346, 1073, 4, 24);
INSERT INTO PlantedIn (bedID, plantID, percentage, staffID) VALUES (289, 542, 1, 49);
INSERT INTO PlantedIn (bedID, plantID, percentage, staffID) VALUES (444, 2236, 4, 74);
INSERT INTO PlantedIn (bedID, plantID, percentage, staffID) VALUES (32, 6, 2, 58);
INSERT INTO PlantedIn (bedID, plantID, percentage, staffID) VALUES (450, 353, 4, 156);
INSERT INTO PlantedIn (bedID, plantID, percentage, staffID) VALUES (305, 1307, 4, 131);
INSERT INTO PlantedIn (bedID, plantID, percentage, staffID) VALUES (128, 1147, 2, 168);
INSERT INTO PlantedIn (bedID, plantID, percentage, staffID) VALUES (283, 510, 2, 138);
INSERT INTO PlantedIn (bedID, plantID, percentage, staffID) VALUES (194, 3064, 1, 36);
INSERT INTO PlantedIn (bedID, plantID, percentage, staffID) VALUES (442, 1588, 4, 25);
INSERT INTO PlantedIn (bedID, plantID, percentage, staffID) VALUES (468, 1849, 1, 161);
INSERT INTO PlantedIn (bedID, plantID, percentage, staffID) VALUES (227, 276, 2, 109);
INSERT INTO PlantedIn (bedID, plantID, percentage, staffID) VALUES (77, 1133, 4, 84);
INSERT INTO PlantedIn (bedID, plantID, percentage, staffID) VALUES (299, 202, 4, 131);
INSERT INTO PlantedIn (bedID, plantID, percentage, staffID) VALUES (166, 1776, 4, 77);
INSERT INTO PlantedIn (bedID, plantID, percentage, staffID) VALUES (280, 198, 1, 57);
INSERT INTO PlantedIn (bedID, plantID, percentage, staffID) VALUES (400, 1731, 4, 5);
INSERT INTO PlantedIn (bedID, plantID, percentage, staffID) VALUES (407, 540, 4, 133);
INSERT INTO PlantedIn (bedID, plantID, percentage, staffID) VALUES (293, 1681, 1, 185);
INSERT INTO PlantedIn (bedID, plantID, percentage, staffID) VALUES (240, 1683, 3, 108);
INSERT INTO PlantedIn (bedID, plantID, percentage, staffID) VALUES (345, 3628, 2, 97);
INSERT INTO PlantedIn (bedID, plantID, percentage, staffID) VALUES (469, 436, 2, 54);
INSERT INTO PlantedIn (bedID, plantID, percentage, staffID) VALUES (271, 2458, 1, 59);
INSERT INTO PlantedIn (bedID, plantID, percentage, staffID) VALUES (325, 2170, 3, 34);
INSERT INTO PlantedIn (bedID, plantID, percentage, staffID) VALUES (5, 712, 4, 63);
INSERT INTO PlantedIn (bedID, plantID, percentage, staffID) VALUES (154, 3690, 4, 146);
INSERT INTO PlantedIn (bedID, plantID, percentage, staffID) VALUES (185, 2396, 4, 9);
INSERT INTO PlantedIn (bedID, plantID, percentage, staffID) VALUES (269, 2180, 3, 160);
INSERT INTO PlantedIn (bedID, plantID, percentage, staffID) VALUES (18, 555, 1, 102);
INSERT INTO PlantedIn (bedID, plantID, percentage, staffID) VALUES (192, 3232, 1, 148);
INSERT INTO PlantedIn (bedID, plantID, percentage, staffID) VALUES (58, 3424, 3, 149);
INSERT INTO PlantedIn (bedID, plantID, percentage, staffID) VALUES (24, 999, 1, 142);
INSERT INTO PlantedIn (bedID, plantID, percentage, staffID) VALUES (268, 2166, 3, 114);
INSERT INTO PlantedIn (bedID, plantID, percentage, staffID) VALUES (381, 3676, 2, 22);
INSERT INTO PlantedIn (bedID, plantID, percentage, staffID) VALUES (153, 254, 1, 34);
INSERT INTO PlantedIn (bedID, plantID, percentage, staffID) VALUES (355, 834, 2, 64);
INSERT INTO PlantedIn (bedID, plantID, percentage, staffID) VALUES (213, 3381, 1, 1);
INSERT INTO PlantedIn (bedID, plantID, percentage, staffID) VALUES (187, 1076, 2, 104);
INSERT INTO PlantedIn (bedID, plantID, percentage, staffID) VALUES (83, 172, 1, 23);
INSERT INTO PlantedIn (bedID, plantID, percentage, staffID) VALUES (71, 1849, 4, 176);
INSERT INTO PlantedIn (bedID, plantID, percentage, staffID) VALUES (419, 2851, 2, 177);
INSERT INTO PlantedIn (bedID, plantID, percentage, staffID) VALUES (333, 262, 3, 113);
INSERT INTO PlantedIn (bedID, plantID, percentage, staffID) VALUES (32, 1072, 1, 107);
INSERT INTO PlantedIn (bedID, plantID, percentage, staffID) VALUES (183, 2501, 4, 54);
INSERT INTO PlantedIn (bedID, plantID, percentage, staffID) VALUES (240, 79, 1, 153);
INSERT INTO PlantedIn (bedID, plantID, percentage, staffID) VALUES (420, 743, 3, 54);
INSERT INTO PlantedIn (bedID, plantID, percentage, staffID) VALUES (433, 2349, 4, 118);
INSERT INTO PlantedIn (bedID, plantID, percentage, staffID) VALUES (96, 3502, 2, 144);
INSERT INTO PlantedIn (bedID, plantID, percentage, staffID) VALUES (218, 1097, 1, 70);
INSERT INTO PlantedIn (bedID, plantID, percentage, staffID) VALUES (122, 2656, 3, 18);
INSERT INTO PlantedIn (bedID, plantID, percentage, staffID) VALUES (99, 758, 4, 188);
INSERT INTO PlantedIn (bedID, plantID, percentage, staffID) VALUES (216, 3036, 2, 74);
INSERT INTO PlantedIn (bedID, plantID, percentage, staffID) VALUES (254, 2343, 3, 75);
INSERT INTO PlantedIn (bedID, plantID, percentage, staffID) VALUES (412, 244, 2, 131);
INSERT INTO PlantedIn (bedID, plantID, percentage, staffID) VALUES (302, 1717, 4, 98);
INSERT INTO PlantedIn (bedID, plantID, percentage, staffID) VALUES (166, 715, 4, 23);
INSERT INTO PlantedIn (bedID, plantID, percentage, staffID) VALUES (222, 1727, 3, 170);
INSERT INTO PlantedIn (bedID, plantID, percentage, staffID) VALUES (86, 768, 4, 116);
INSERT INTO PlantedIn (bedID, plantID, percentage, staffID) VALUES (266, 164, 1, 103);
INSERT INTO PlantedIn (bedID, plantID, percentage, staffID) VALUES (193, 879, 2, 8);
INSERT INTO PlantedIn (bedID, plantID, percentage, staffID) VALUES (412, 1989, 2, 22);
INSERT INTO PlantedIn (bedID, plantID, percentage, staffID) VALUES (471, 3661, 1, 136);
INSERT INTO PlantedIn (bedID, plantID, percentage, staffID) VALUES (27, 1827, 3, 133);
INSERT INTO PlantedIn (bedID, plantID, percentage, staffID) VALUES (143, 1442, 1, 130);
INSERT INTO PlantedIn (bedID, plantID, percentage, staffID) VALUES (422, 3005, 4, 151);
INSERT INTO PlantedIn (bedID, plantID, percentage, staffID) VALUES (383, 1446, 4, 93);
INSERT INTO PlantedIn (bedID, plantID, percentage, staffID) VALUES (326, 1738, 2, 177);
INSERT INTO PlantedIn (bedID, plantID, percentage, staffID) VALUES (298, 3551, 2, 168);
INSERT INTO PlantedIn (bedID, plantID, percentage, staffID) VALUES (199, 480, 1, 133);
INSERT INTO PlantedIn (bedID, plantID, percentage, staffID) VALUES (161, 1088, 3, 7);
INSERT INTO PlantedIn (bedID, plantID, percentage, staffID) VALUES (45, 816, 4, 114);
INSERT INTO PlantedIn (bedID, plantID, percentage, staffID) VALUES (449, 1883, 4, 31);
INSERT INTO PlantedIn (bedID, plantID, percentage, staffID) VALUES (391, 2527, 3, 162);
INSERT INTO PlantedIn (bedID, plantID, percentage, staffID) VALUES (14, 965, 3, 113);
INSERT INTO PlantedIn (bedID, plantID, percentage, staffID) VALUES (331, 1606, 2, 14);
INSERT INTO PlantedIn (bedID, plantID, percentage, staffID) VALUES (159, 3434, 4, 124);
INSERT INTO PlantedIn (bedID, plantID, percentage, staffID) VALUES (6, 977, 2, 166);
INSERT INTO PlantedIn (bedID, plantID, percentage, staffID) VALUES (253, 3266, 3, 4);
INSERT INTO PlantedIn (bedID, plantID, percentage, staffID) VALUES (270, 1929, 1, 1);
INSERT INTO PlantedIn (bedID, plantID, percentage, staffID) VALUES (307, 3314, 2, 180);
INSERT INTO PlantedIn (bedID, plantID, percentage, staffID) VALUES (309, 2000, 4, 68);
INSERT INTO PlantedIn (bedID, plantID, percentage, staffID) VALUES (52, 3586, 4, 167);
INSERT INTO PlantedIn (bedID, plantID, percentage, staffID) VALUES (252, 2216, 4, 3);
INSERT INTO PlantedIn (bedID, plantID, percentage, staffID) VALUES (182, 1399, 1, 65);
INSERT INTO PlantedIn (bedID, plantID, percentage, staffID) VALUES (179, 3655, 4, 59);
INSERT INTO PlantedIn (bedID, plantID, percentage, staffID) VALUES (211, 1117, 1, 1);
INSERT INTO PlantedIn (bedID, plantID, percentage, staffID) VALUES (70, 3418, 4, 81);
INSERT INTO PlantedIn (bedID, plantID, percentage, staffID) VALUES (190, 2792, 2, 143);
INSERT INTO PlantedIn (bedID, plantID, percentage, staffID) VALUES (108, 2990, 4, 179);
INSERT INTO PlantedIn (bedID, plantID, percentage, staffID) VALUES (164, 3420, 3, 111);
INSERT INTO PlantedIn (bedID, plantID, percentage, staffID) VALUES (381, 941, 1, 117);
INSERT INTO PlantedIn (bedID, plantID, percentage, staffID) VALUES (252, 2209, 3, 70);
INSERT INTO PlantedIn (bedID, plantID, percentage, staffID) VALUES (216, 2836, 4, 98);
INSERT INTO PlantedIn (bedID, plantID, percentage, staffID) VALUES (216, 677, 1, 67);
INSERT INTO PlantedIn (bedID, plantID, percentage, staffID) VALUES (225, 1094, 3, 21);
INSERT INTO PlantedIn (bedID, plantID, percentage, staffID) VALUES (27, 3760, 2, 94);
INSERT INTO PlantedIn (bedID, plantID, percentage, staffID) VALUES (406, 3861, 1, 28);
INSERT INTO PlantedIn (bedID, plantID, percentage, staffID) VALUES (406, 356, 3, 149);
INSERT INTO PlantedIn (bedID, plantID, percentage, staffID) VALUES (159, 1148, 4, 186);
INSERT INTO PlantedIn (bedID, plantID, percentage, staffID) VALUES (411, 970, 2, 112);
INSERT INTO PlantedIn (bedID, plantID, percentage, staffID) VALUES (466, 87, 2, 37);
INSERT INTO PlantedIn (bedID, plantID, percentage, staffID) VALUES (94, 1967, 3, 136);
INSERT INTO PlantedIn (bedID, plantID, percentage, staffID) VALUES (329, 2650, 2, 98);
INSERT INTO PlantedIn (bedID, plantID, percentage, staffID) VALUES (165, 3135, 2, 147);
INSERT INTO PlantedIn (bedID, plantID, percentage, staffID) VALUES (321, 2272, 1, 104);
INSERT INTO PlantedIn (bedID, plantID, percentage, staffID) VALUES (432, 1907, 1, 51);
INSERT INTO PlantedIn (bedID, plantID, percentage, staffID) VALUES (442, 1718, 3, 123);
INSERT INTO PlantedIn (bedID, plantID, percentage, staffID) VALUES (55, 1521, 2, 73);
INSERT INTO PlantedIn (bedID, plantID, percentage, staffID) VALUES (115, 351, 2, 65);
INSERT INTO PlantedIn (bedID, plantID, percentage, staffID) VALUES (323, 556, 2, 179);
INSERT INTO PlantedIn (bedID, plantID, percentage, staffID) VALUES (246, 1679, 1, 172);
INSERT INTO PlantedIn (bedID, plantID, percentage, staffID) VALUES (447, 254, 2, 4);
INSERT INTO PlantedIn (bedID, plantID, percentage, staffID) VALUES (148, 431, 4, 76);
INSERT INTO PlantedIn (bedID, plantID, percentage, staffID) VALUES (338, 3734, 1, 179);
INSERT INTO PlantedIn (bedID, plantID, percentage, staffID) VALUES (153, 1392, 2, 71);
INSERT INTO PlantedIn (bedID, plantID, percentage, staffID) VALUES (320, 3245, 4, 20);
INSERT INTO PlantedIn (bedID, plantID, percentage, staffID) VALUES (339, 1825, 1, 133);
INSERT INTO PlantedIn (bedID, plantID, percentage, staffID) VALUES (129, 3191, 4, 47);
INSERT INTO PlantedIn (bedID, plantID, percentage, staffID) VALUES (123, 270, 1, 184);
INSERT INTO PlantedIn (bedID, plantID, percentage, staffID) VALUES (65, 3542, 2, 131);
INSERT INTO PlantedIn (bedID, plantID, percentage, staffID) VALUES (14, 36, 3, 42);
INSERT INTO PlantedIn (bedID, plantID, percentage, staffID) VALUES (462, 304, 2, 173);
INSERT INTO PlantedIn (bedID, plantID, percentage, staffID) VALUES (208, 751, 1, 146);
INSERT INTO PlantedIn (bedID, plantID, percentage, staffID) VALUES (16, 3121, 3, 191);
INSERT INTO PlantedIn (bedID, plantID, percentage, staffID) VALUES (133, 2255, 3, 167);
INSERT INTO PlantedIn (bedID, plantID, percentage, staffID) VALUES (194, 171, 3, 70);
INSERT INTO PlantedIn (bedID, plantID, percentage, staffID) VALUES (54, 926, 1, 178);
INSERT INTO PlantedIn (bedID, plantID, percentage, staffID) VALUES (74, 1975, 1, 143);
INSERT INTO PlantedIn (bedID, plantID, percentage, staffID) VALUES (246, 3492, 2, 189);
INSERT INTO PlantedIn (bedID, plantID, percentage, staffID) VALUES (465, 2978, 2, 162);
INSERT INTO PlantedIn (bedID, plantID, percentage, staffID) VALUES (457, 1954, 4, 110);
INSERT INTO PlantedIn (bedID, plantID, percentage, staffID) VALUES (148, 1816, 3, 153);
INSERT INTO PlantedIn (bedID, plantID, percentage, staffID) VALUES (26, 2174, 2, 30);
INSERT INTO PlantedIn (bedID, plantID, percentage, staffID) VALUES (287, 1874, 3, 27);
INSERT INTO PlantedIn (bedID, plantID, percentage, staffID) VALUES (243, 2581, 1, 13);
INSERT INTO PlantedIn (bedID, plantID, percentage, staffID) VALUES (271, 3813, 3, 108);
INSERT INTO PlantedIn (bedID, plantID, percentage, staffID) VALUES (392, 1968, 1, 147);
INSERT INTO PlantedIn (bedID, plantID, percentage, staffID) VALUES (463, 1805, 1, 150);
INSERT INTO PlantedIn (bedID, plantID, percentage, staffID) VALUES (14, 3381, 3, 101);
INSERT INTO PlantedIn (bedID, plantID, percentage, staffID) VALUES (171, 2410, 1, 73);
INSERT INTO PlantedIn (bedID, plantID, percentage, staffID) VALUES (470, 102, 3, 35);
INSERT INTO PlantedIn (bedID, plantID, percentage, staffID) VALUES (6, 2699, 4, 24);
INSERT INTO PlantedIn (bedID, plantID, percentage, staffID) VALUES (100, 3810, 3, 119);
INSERT INTO PlantedIn (bedID, plantID, percentage, staffID) VALUES (340, 2361, 3, 145);
INSERT INTO PlantedIn (bedID, plantID, percentage, staffID) VALUES (330, 136, 1, 72);
INSERT INTO PlantedIn (bedID, plantID, percentage, staffID) VALUES (473, 1894, 1, 4);
INSERT INTO PlantedIn (bedID, plantID, percentage, staffID) VALUES (313, 2244, 2, 8);
INSERT INTO PlantedIn (bedID, plantID, percentage, staffID) VALUES (331, 3118, 4, 78);
INSERT INTO PlantedIn (bedID, plantID, percentage, staffID) VALUES (141, 867, 3, 80);
INSERT INTO PlantedIn (bedID, plantID, percentage, staffID) VALUES (423, 2007, 1, 140);
INSERT INTO PlantedIn (bedID, plantID, percentage, staffID) VALUES (223, 1585, 3, 191);
INSERT INTO PlantedIn (bedID, plantID, percentage, staffID) VALUES (361, 3692, 2, 103);
INSERT INTO PlantedIn (bedID, plantID, percentage, staffID) VALUES (460, 2043, 3, 187);
INSERT INTO PlantedIn (bedID, plantID, percentage, staffID) VALUES (268, 1047, 2, 51);
INSERT INTO PlantedIn (bedID, plantID, percentage, staffID) VALUES (307, 149, 4, 137);
INSERT INTO PlantedIn (bedID, plantID, percentage, staffID) VALUES (203, 690, 2, 17);
INSERT INTO PlantedIn (bedID, plantID, percentage, staffID) VALUES (251, 2542, 4, 101);
INSERT INTO PlantedIn (bedID, plantID, percentage, staffID) VALUES (32, 1635, 4, 103);
INSERT INTO PlantedIn (bedID, plantID, percentage, staffID) VALUES (179, 35, 2, 17);
INSERT INTO PlantedIn (bedID, plantID, percentage, staffID) VALUES (72, 1838, 1, 187);
INSERT INTO PlantedIn (bedID, plantID, percentage, staffID) VALUES (69, 3041, 2, 126);
INSERT INTO PlantedIn (bedID, plantID, percentage, staffID) VALUES (412, 50, 4, 141);
INSERT INTO PlantedIn (bedID, plantID, percentage, staffID) VALUES (468, 3650, 3, 84);
INSERT INTO PlantedIn (bedID, plantID, percentage, staffID) VALUES (206, 1574, 4, 146);
INSERT INTO PlantedIn (bedID, plantID, percentage, staffID) VALUES (432, 2095, 4, 49);
INSERT INTO PlantedIn (bedID, plantID, percentage, staffID) VALUES (296, 2262, 3, 94);
INSERT INTO PlantedIn (bedID, plantID, percentage, staffID) VALUES (230, 2169, 3, 181);
INSERT INTO PlantedIn (bedID, plantID, percentage, staffID) VALUES (18, 3082, 1, 169);
INSERT INTO PlantedIn (bedID, plantID, percentage, staffID) VALUES (277, 1713, 2, 104);
INSERT INTO PlantedIn (bedID, plantID, percentage, staffID) VALUES (216, 746, 2, 68);
INSERT INTO PlantedIn (bedID, plantID, percentage, staffID) VALUES (65, 2861, 3, 19);
INSERT INTO PlantedIn (bedID, plantID, percentage, staffID) VALUES (70, 3096, 1, 88);
INSERT INTO PlantedIn (bedID, plantID, percentage, staffID) VALUES (119, 1693, 3, 120);
INSERT INTO PlantedIn (bedID, plantID, percentage, staffID) VALUES (473, 1811, 1, 77);
INSERT INTO PlantedIn (bedID, plantID, percentage, staffID) VALUES (342, 1172, 4, 21);
INSERT INTO PlantedIn (bedID, plantID, percentage, staffID) VALUES (301, 2096, 2, 11);
INSERT INTO PlantedIn (bedID, plantID, percentage, staffID) VALUES (299, 2415, 2, 107);
INSERT INTO PlantedIn (bedID, plantID, percentage, staffID) VALUES (26, 2248, 3, 158);
INSERT INTO PlantedIn (bedID, plantID, percentage, staffID) VALUES (39, 132, 2, 13);
INSERT INTO PlantedIn (bedID, plantID, percentage, staffID) VALUES (119, 3518, 4, 189);
INSERT INTO PlantedIn (bedID, plantID, percentage, staffID) VALUES (101, 89, 4, 182);
INSERT INTO PlantedIn (bedID, plantID, percentage, staffID) VALUES (268, 3643, 1, 46);
INSERT INTO PlantedIn (bedID, plantID, percentage, staffID) VALUES (269, 2886, 3, 128);
INSERT INTO PlantedIn (bedID, plantID, percentage, staffID) VALUES (148, 3435, 1, 96);
INSERT INTO PlantedIn (bedID, plantID, percentage, staffID) VALUES (420, 1018, 4, 21);
INSERT INTO PlantedIn (bedID, plantID, percentage, staffID) VALUES (154, 1482, 1, 36);
INSERT INTO PlantedIn (bedID, plantID, percentage, staffID) VALUES (146, 566, 2, 92);
INSERT INTO PlantedIn (bedID, plantID, percentage, staffID) VALUES (17, 1142, 4, 183);
INSERT INTO PlantedIn (bedID, plantID, percentage, staffID) VALUES (246, 355, 2, 112);
INSERT INTO PlantedIn (bedID, plantID, percentage, staffID) VALUES (341, 647, 1, 122);
INSERT INTO PlantedIn (bedID, plantID, percentage, staffID) VALUES (241, 1868, 4, 54);
INSERT INTO PlantedIn (bedID, plantID, percentage, staffID) VALUES (176, 2831, 2, 172);
INSERT INTO PlantedIn (bedID, plantID, percentage, staffID) VALUES (471, 3652, 2, 37);
INSERT INTO PlantedIn (bedID, plantID, percentage, staffID) VALUES (473, 3734, 2, 109);
INSERT INTO PlantedIn (bedID, plantID, percentage, staffID) VALUES (408, 1981, 4, 167);
INSERT INTO PlantedIn (bedID, plantID, percentage, staffID) VALUES (28, 310, 1, 138);
INSERT INTO PlantedIn (bedID, plantID, percentage, staffID) VALUES (319, 3066, 1, 150);
INSERT INTO PlantedIn (bedID, plantID, percentage, staffID) VALUES (27, 2154, 4, 108);
INSERT INTO PlantedIn (bedID, plantID, percentage, staffID) VALUES (190, 3044, 2, 160);
INSERT INTO PlantedIn (bedID, plantID, percentage, staffID) VALUES (458, 399, 2, 138);
INSERT INTO PlantedIn (bedID, plantID, percentage, staffID) VALUES (311, 1193, 3, 167);
INSERT INTO PlantedIn (bedID, plantID, percentage, staffID) VALUES (130, 1359, 1, 194);
INSERT INTO PlantedIn (bedID, plantID, percentage, staffID) VALUES (409, 2953, 4, 19);
INSERT INTO PlantedIn (bedID, plantID, percentage, staffID) VALUES (400, 2945, 3, 31);
INSERT INTO PlantedIn (bedID, plantID, percentage, staffID) VALUES (88, 3702, 4, 59);
INSERT INTO PlantedIn (bedID, plantID, percentage, staffID) VALUES (131, 3646, 1, 34);
INSERT INTO PlantedIn (bedID, plantID, percentage, staffID) VALUES (283, 1703, 3, 91);
INSERT INTO PlantedIn (bedID, plantID, percentage, staffID) VALUES (273, 1197, 3, 64);
INSERT INTO PlantedIn (bedID, plantID, percentage, staffID) VALUES (110, 602, 2, 88);
INSERT INTO PlantedIn (bedID, plantID, percentage, staffID) VALUES (319, 3799, 2, 54);
INSERT INTO PlantedIn (bedID, plantID, percentage, staffID) VALUES (282, 2712, 4, 113);
INSERT INTO PlantedIn (bedID, plantID, percentage, staffID) VALUES (257, 2094, 3, 37);
INSERT INTO PlantedIn (bedID, plantID, percentage, staffID) VALUES (237, 1803, 4, 120);
INSERT INTO PlantedIn (bedID, plantID, percentage, staffID) VALUES (194, 2898, 1, 178);
INSERT INTO PlantedIn (bedID, plantID, percentage, staffID) VALUES (90, 1221, 4, 114);
INSERT INTO PlantedIn (bedID, plantID, percentage, staffID) VALUES (296, 3353, 4, 89);
INSERT INTO PlantedIn (bedID, plantID, percentage, staffID) VALUES (11, 3328, 3, 49);
INSERT INTO PlantedIn (bedID, plantID, percentage, staffID) VALUES (400, 1926, 2, 9);
INSERT INTO PlantedIn (bedID, plantID, percentage, staffID) VALUES (289, 1804, 1, 130);
INSERT INTO PlantedIn (bedID, plantID, percentage, staffID) VALUES (24, 1594, 4, 100);
INSERT INTO PlantedIn (bedID, plantID, percentage, staffID) VALUES (24, 2926, 4, 46);
INSERT INTO PlantedIn (bedID, plantID, percentage, staffID) VALUES (90, 313, 1, 192);
INSERT INTO PlantedIn (bedID, plantID, percentage, staffID) VALUES (158, 58, 4, 57);
INSERT INTO PlantedIn (bedID, plantID, percentage, staffID) VALUES (358, 1593, 1, 77);
INSERT INTO PlantedIn (bedID, plantID, percentage, staffID) VALUES (23, 1749, 2, 56);
INSERT INTO PlantedIn (bedID, plantID, percentage, staffID) VALUES (445, 281, 2, 152);
INSERT INTO PlantedIn (bedID, plantID, percentage, staffID) VALUES (30, 1320, 4, 99);
INSERT INTO PlantedIn (bedID, plantID, percentage, staffID) VALUES (268, 1551, 3, 2);
INSERT INTO PlantedIn (bedID, plantID, percentage, staffID) VALUES (452, 3010, 2, 135);
INSERT INTO PlantedIn (bedID, plantID, percentage, staffID) VALUES (376, 3608, 3, 11);
INSERT INTO PlantedIn (bedID, plantID, percentage, staffID) VALUES (164, 1646, 2, 158);
INSERT INTO PlantedIn (bedID, plantID, percentage, staffID) VALUES (416, 170, 4, 175);
INSERT INTO PlantedIn (bedID, plantID, percentage, staffID) VALUES (56, 2309, 1, 52);
INSERT INTO PlantedIn (bedID, plantID, percentage, staffID) VALUES (65, 32, 2, 31);
INSERT INTO PlantedIn (bedID, plantID, percentage, staffID) VALUES (422, 437, 3, 63);
INSERT INTO PlantedIn (bedID, plantID, percentage, staffID) VALUES (22, 1387, 2, 48);
INSERT INTO PlantedIn (bedID, plantID, percentage, staffID) VALUES (372, 21, 3, 161);
INSERT INTO PlantedIn (bedID, plantID, percentage, staffID) VALUES (24, 2474, 1, 98);
INSERT INTO PlantedIn (bedID, plantID, percentage, staffID) VALUES (113, 2825, 1, 71);
INSERT INTO PlantedIn (bedID, plantID, percentage, staffID) VALUES (221, 1329, 3, 139);
INSERT INTO PlantedIn (bedID, plantID, percentage, staffID) VALUES (167, 3210, 2, 16);
INSERT INTO PlantedIn (bedID, plantID, percentage, staffID) VALUES (447, 2058, 4, 91);
INSERT INTO PlantedIn (bedID, plantID, percentage, staffID) VALUES (306, 2902, 3, 107);
INSERT INTO PlantedIn (bedID, plantID, percentage, staffID) VALUES (52, 2919, 4, 18);
INSERT INTO PlantedIn (bedID, plantID, percentage, staffID) VALUES (360, 3359, 4, 114);
INSERT INTO PlantedIn (bedID, plantID, percentage, staffID) VALUES (363, 1238, 1, 189);
INSERT INTO PlantedIn (bedID, plantID, percentage, staffID) VALUES (315, 2331, 1, 170);
INSERT INTO PlantedIn (bedID, plantID, percentage, staffID) VALUES (205, 3520, 2, 90);
INSERT INTO PlantedIn (bedID, plantID, percentage, staffID) VALUES (210, 3397, 1, 44);
INSERT INTO PlantedIn (bedID, plantID, percentage, staffID) VALUES (298, 2838, 3, 159);
INSERT INTO PlantedIn (bedID, plantID, percentage, staffID) VALUES (232, 3335, 1, 130);
INSERT INTO PlantedIn (bedID, plantID, percentage, staffID) VALUES (347, 732, 1, 13);
INSERT INTO PlantedIn (bedID, plantID, percentage, staffID) VALUES (168, 3516, 1, 46);
INSERT INTO PlantedIn (bedID, plantID, percentage, staffID) VALUES (243, 226, 4, 8);
INSERT INTO PlantedIn (bedID, plantID, percentage, staffID) VALUES (5, 3377, 1, 111);
INSERT INTO PlantedIn (bedID, plantID, percentage, staffID) VALUES (55, 2959, 1, 22);
INSERT INTO PlantedIn (bedID, plantID, percentage, staffID) VALUES (248, 164, 2, 105);
INSERT INTO PlantedIn (bedID, plantID, percentage, staffID) VALUES (6, 3793, 2, 162);
INSERT INTO PlantedIn (bedID, plantID, percentage, staffID) VALUES (157, 1272, 2, 189);
INSERT INTO PlantedIn (bedID, plantID, percentage, staffID) VALUES (284, 780, 2, 6);
INSERT INTO PlantedIn (bedID, plantID, percentage, staffID) VALUES (163, 1460, 1, 76);
INSERT INTO PlantedIn (bedID, plantID, percentage, staffID) VALUES (434, 1689, 3, 68);
INSERT INTO PlantedIn (bedID, plantID, percentage, staffID) VALUES (256, 1675, 4, 91);
INSERT INTO PlantedIn (bedID, plantID, percentage, staffID) VALUES (211, 1645, 4, 97);
INSERT INTO PlantedIn (bedID, plantID, percentage, staffID) VALUES (222, 3804, 2, 90);
INSERT INTO PlantedIn (bedID, plantID, percentage, staffID) VALUES (457, 894, 2, 185);
INSERT INTO PlantedIn (bedID, plantID, percentage, staffID) VALUES (265, 3188, 1, 124);
INSERT INTO PlantedIn (bedID, plantID, percentage, staffID) VALUES (13, 2445, 2, 106);
INSERT INTO PlantedIn (bedID, plantID, percentage, staffID) VALUES (5, 3428, 4, 120);
INSERT INTO PlantedIn (bedID, plantID, percentage, staffID) VALUES (154, 3550, 4, 125);
INSERT INTO PlantedIn (bedID, plantID, percentage, staffID) VALUES (167, 202, 4, 176);
INSERT INTO PlantedIn (bedID, plantID, percentage, staffID) VALUES (226, 1296, 4, 156);
INSERT INTO PlantedIn (bedID, plantID, percentage, staffID) VALUES (152, 784, 2, 87);
INSERT INTO PlantedIn (bedID, plantID, percentage, staffID) VALUES (206, 1261, 4, 119);
INSERT INTO PlantedIn (bedID, plantID, percentage, staffID) VALUES (72, 720, 1, 32);
INSERT INTO PlantedIn (bedID, plantID, percentage, staffID) VALUES (388, 2598, 4, 112);
INSERT INTO PlantedIn (bedID, plantID, percentage, staffID) VALUES (265, 516, 4, 155);
INSERT INTO PlantedIn (bedID, plantID, percentage, staffID) VALUES (199, 2351, 4, 41);
INSERT INTO PlantedIn (bedID, plantID, percentage, staffID) VALUES (447, 3725, 2, 172);
INSERT INTO PlantedIn (bedID, plantID, percentage, staffID) VALUES (79, 1027, 3, 112);
INSERT INTO PlantedIn (bedID, plantID, percentage, staffID) VALUES (280, 497, 3, 122);
INSERT INTO PlantedIn (bedID, plantID, percentage, staffID) VALUES (149, 2892, 1, 188);
INSERT INTO PlantedIn (bedID, plantID, percentage, staffID) VALUES (284, 2776, 3, 176);
INSERT INTO PlantedIn (bedID, plantID, percentage, staffID) VALUES (41, 2353, 3, 12);
INSERT INTO PlantedIn (bedID, plantID, percentage, staffID) VALUES (103, 979, 1, 82);
INSERT INTO PlantedIn (bedID, plantID, percentage, staffID) VALUES (103, 932, 2, 87);
INSERT INTO PlantedIn (bedID, plantID, percentage, staffID) VALUES (47, 2235, 2, 172);
INSERT INTO PlantedIn (bedID, plantID, percentage, staffID) VALUES (155, 2940, 3, 112);
INSERT INTO PlantedIn (bedID, plantID, percentage, staffID) VALUES (278, 1845, 1, 64);
INSERT INTO PlantedIn (bedID, plantID, percentage, staffID) VALUES (252, 3150, 4, 85);
INSERT INTO PlantedIn (bedID, plantID, percentage, staffID) VALUES (29, 258, 4, 194);
INSERT INTO PlantedIn (bedID, plantID, percentage, staffID) VALUES (228, 1054, 1, 136);
INSERT INTO PlantedIn (bedID, plantID, percentage, staffID) VALUES (9, 3438, 3, 110);
INSERT INTO PlantedIn (bedID, plantID, percentage, staffID) VALUES (339, 2948, 1, 68);
INSERT INTO PlantedIn (bedID, plantID, percentage, staffID) VALUES (35, 2042, 4, 148);
INSERT INTO PlantedIn (bedID, plantID, percentage, staffID) VALUES (446, 1968, 3, 22);
INSERT INTO PlantedIn (bedID, plantID, percentage, staffID) VALUES (242, 2163, 4, 105);
INSERT INTO PlantedIn (bedID, plantID, percentage, staffID) VALUES (247, 1850, 3, 54);
INSERT INTO PlantedIn (bedID, plantID, percentage, staffID) VALUES (258, 814, 1, 99);
INSERT INTO PlantedIn (bedID, plantID, percentage, staffID) VALUES (229, 572, 3, 11);
INSERT INTO PlantedIn (bedID, plantID, percentage, staffID) VALUES (18, 2275, 4, 51);
INSERT INTO PlantedIn (bedID, plantID, percentage, staffID) VALUES (167, 2237, 2, 193);
INSERT INTO PlantedIn (bedID, plantID, percentage, staffID) VALUES (51, 2591, 1, 65);
INSERT INTO PlantedIn (bedID, plantID, percentage, staffID) VALUES (85, 1614, 3, 115);
INSERT INTO PlantedIn (bedID, plantID, percentage, staffID) VALUES (463, 287, 2, 120);
INSERT INTO PlantedIn (bedID, plantID, percentage, staffID) VALUES (262, 3282, 1, 17);
INSERT INTO PlantedIn (bedID, plantID, percentage, staffID) VALUES (29, 2193, 3, 26);
INSERT INTO PlantedIn (bedID, plantID, percentage, staffID) VALUES (339, 681, 4, 10);
INSERT INTO PlantedIn (bedID, plantID, percentage, staffID) VALUES (362, 1126, 1, 104);
INSERT INTO PlantedIn (bedID, plantID, percentage, staffID) VALUES (412, 1744, 4, 111);
INSERT INTO PlantedIn (bedID, plantID, percentage, staffID) VALUES (58, 3304, 2, 6);
INSERT INTO PlantedIn (bedID, plantID, percentage, staffID) VALUES (314, 2224, 1, 153);
INSERT INTO PlantedIn (bedID, plantID, percentage, staffID) VALUES (201, 3209, 2, 64);
INSERT INTO PlantedIn (bedID, plantID, percentage, staffID) VALUES (189, 1686, 1, 6);
INSERT INTO PlantedIn (bedID, plantID, percentage, staffID) VALUES (290, 274, 2, 177);
INSERT INTO PlantedIn (bedID, plantID, percentage, staffID) VALUES (172, 1432, 1, 101);
INSERT INTO PlantedIn (bedID, plantID, percentage, staffID) VALUES (389, 129, 4, 43);
INSERT INTO PlantedIn (bedID, plantID, percentage, staffID) VALUES (421, 905, 1, 50);
INSERT INTO PlantedIn (bedID, plantID, percentage, staffID) VALUES (389, 904, 2, 84);
INSERT INTO PlantedIn (bedID, plantID, percentage, staffID) VALUES (383, 609, 1, 143);
INSERT INTO PlantedIn (bedID, plantID, percentage, staffID) VALUES (468, 47, 2, 147);
INSERT INTO PlantedIn (bedID, plantID, percentage, staffID) VALUES (213, 2872, 1, 102);
INSERT INTO PlantedIn (bedID, plantID, percentage, staffID) VALUES (385, 1403, 1, 90);
INSERT INTO PlantedIn (bedID, plantID, percentage, staffID) VALUES (347, 3595, 3, 84);
INSERT INTO PlantedIn (bedID, plantID, percentage, staffID) VALUES (456, 2381, 4, 102);
INSERT INTO PlantedIn (bedID, plantID, percentage, staffID) VALUES (402, 2865, 3, 3);
INSERT INTO PlantedIn (bedID, plantID, percentage, staffID) VALUES (462, 1628, 4, 32);
INSERT INTO PlantedIn (bedID, plantID, percentage, staffID) VALUES (274, 3307, 3, 4);
INSERT INTO PlantedIn (bedID, plantID, percentage, staffID) VALUES (226, 1738, 2, 77);
INSERT INTO PlantedIn (bedID, plantID, percentage, staffID) VALUES (385, 3146, 3, 95);
INSERT INTO PlantedIn (bedID, plantID, percentage, staffID) VALUES (352, 3373, 3, 21);
INSERT INTO PlantedIn (bedID, plantID, percentage, staffID) VALUES (231, 2311, 2, 114);
INSERT INTO PlantedIn (bedID, plantID, percentage, staffID) VALUES (161, 2205, 2, 3);
INSERT INTO PlantedIn (bedID, plantID, percentage, staffID) VALUES (469, 644, 3, 20);
INSERT INTO PlantedIn (bedID, plantID, percentage, staffID) VALUES (11, 442, 4, 28);
INSERT INTO PlantedIn (bedID, plantID, percentage, staffID) VALUES (401, 340, 2, 42);
INSERT INTO PlantedIn (bedID, plantID, percentage, staffID) VALUES (401, 1702, 2, 122);
INSERT INTO PlantedIn (bedID, plantID, percentage, staffID) VALUES (145, 2944, 3, 15);
INSERT INTO PlantedIn (bedID, plantID, percentage, staffID) VALUES (142, 2531, 3, 50);
INSERT INTO PlantedIn (bedID, plantID, percentage, staffID) VALUES (24, 1248, 1, 111);
INSERT INTO PlantedIn (bedID, plantID, percentage, staffID) VALUES (130, 2084, 3, 8);
INSERT INTO PlantedIn (bedID, plantID, percentage, staffID) VALUES (63, 1715, 1, 101);
INSERT INTO PlantedIn (bedID, plantID, percentage, staffID) VALUES (199, 1091, 2, 64);
INSERT INTO PlantedIn (bedID, plantID, percentage, staffID) VALUES (113, 2529, 1, 189);
INSERT INTO PlantedIn (bedID, plantID, percentage, staffID) VALUES (53, 2317, 2, 17);
INSERT INTO PlantedIn (bedID, plantID, percentage, staffID) VALUES (171, 596, 3, 10);
INSERT INTO PlantedIn (bedID, plantID, percentage, staffID) VALUES (383, 1119, 4, 63);
INSERT INTO PlantedIn (bedID, plantID, percentage, staffID) VALUES (290, 3293, 4, 11);
INSERT INTO PlantedIn (bedID, plantID, percentage, staffID) VALUES (426, 1312, 3, 126);
INSERT INTO PlantedIn (bedID, plantID, percentage, staffID) VALUES (39, 870, 1, 14);
INSERT INTO PlantedIn (bedID, plantID, percentage, staffID) VALUES (419, 3379, 1, 86);
INSERT INTO PlantedIn (bedID, plantID, percentage, staffID) VALUES (348, 113, 4, 10);
INSERT INTO PlantedIn (bedID, plantID, percentage, staffID) VALUES (434, 1684, 3, 178);
INSERT INTO PlantedIn (bedID, plantID, percentage, staffID) VALUES (454, 1559, 3, 126);
INSERT INTO PlantedIn (bedID, plantID, percentage, staffID) VALUES (168, 3831, 3, 92);
INSERT INTO PlantedIn (bedID, plantID, percentage, staffID) VALUES (315, 3182, 3, 71);
INSERT INTO PlantedIn (bedID, plantID, percentage, staffID) VALUES (23, 1591, 4, 179);
INSERT INTO PlantedIn (bedID, plantID, percentage, staffID) VALUES (136, 1128, 1, 26);
INSERT INTO PlantedIn (bedID, plantID, percentage, staffID) VALUES (152, 656, 1, 164);
INSERT INTO PlantedIn (bedID, plantID, percentage, staffID) VALUES (287, 2609, 3, 154);
INSERT INTO PlantedIn (bedID, plantID, percentage, staffID) VALUES (41, 1550, 4, 46);
INSERT INTO PlantedIn (bedID, plantID, percentage, staffID) VALUES (401, 3438, 1, 91);
INSERT INTO PlantedIn (bedID, plantID, percentage, staffID) VALUES (7, 1793, 1, 94);
INSERT INTO PlantedIn (bedID, plantID, percentage, staffID) VALUES (127, 2689, 4, 161);
INSERT INTO PlantedIn (bedID, plantID, percentage, staffID) VALUES (213, 1366, 4, 5);
INSERT INTO PlantedIn (bedID, plantID, percentage, staffID) VALUES (221, 1751, 1, 37);
INSERT INTO PlantedIn (bedID, plantID, percentage, staffID) VALUES (275, 553, 3, 119);
INSERT INTO PlantedIn (bedID, plantID, percentage, staffID) VALUES (258, 3123, 2, 118);
INSERT INTO PlantedIn (bedID, plantID, percentage, staffID) VALUES (369, 2058, 3, 92);
INSERT INTO PlantedIn (bedID, plantID, percentage, staffID) VALUES (200, 3459, 2, 156);
INSERT INTO PlantedIn (bedID, plantID, percentage, staffID) VALUES (170, 864, 3, 127);
INSERT INTO PlantedIn (bedID, plantID, percentage, staffID) VALUES (435, 1584, 2, 116);
INSERT INTO PlantedIn (bedID, plantID, percentage, staffID) VALUES (361, 2272, 1, 39);
INSERT INTO PlantedIn (bedID, plantID, percentage, staffID) VALUES (20, 1411, 3, 52);
INSERT INTO PlantedIn (bedID, plantID, percentage, staffID) VALUES (241, 3229, 1, 59);
INSERT INTO PlantedIn (bedID, plantID, percentage, staffID) VALUES (305, 3331, 2, 71);
INSERT INTO PlantedIn (bedID, plantID, percentage, staffID) VALUES (187, 3068, 4, 10);
INSERT INTO PlantedIn (bedID, plantID, percentage, staffID) VALUES (326, 3144, 1, 52);
INSERT INTO PlantedIn (bedID, plantID, percentage, staffID) VALUES (18, 3374, 4, 138);
INSERT INTO PlantedIn (bedID, plantID, percentage, staffID) VALUES (207, 16, 4, 131);
INSERT INTO PlantedIn (bedID, plantID, percentage, staffID) VALUES (202, 124, 2, 118);
INSERT INTO PlantedIn (bedID, plantID, percentage, staffID) VALUES (402, 1016, 1, 59);
INSERT INTO PlantedIn (bedID, plantID, percentage, staffID) VALUES (134, 988, 3, 46);
INSERT INTO PlantedIn (bedID, plantID, percentage, staffID) VALUES (143, 206, 3, 25);
INSERT INTO PlantedIn (bedID, plantID, percentage, staffID) VALUES (437, 3845, 2, 21);
INSERT INTO PlantedIn (bedID, plantID, percentage, staffID) VALUES (180, 1784, 4, 39);
INSERT INTO PlantedIn (bedID, plantID, percentage, staffID) VALUES (221, 3194, 4, 122);
INSERT INTO PlantedIn (bedID, plantID, percentage, staffID) VALUES (406, 664, 3, 76);
INSERT INTO PlantedIn (bedID, plantID, percentage, staffID) VALUES (206, 2540, 3, 165);
INSERT INTO PlantedIn (bedID, plantID, percentage, staffID) VALUES (465, 3013, 2, 149);
INSERT INTO PlantedIn (bedID, plantID, percentage, staffID) VALUES (17, 3684, 2, 178);
INSERT INTO PlantedIn (bedID, plantID, percentage, staffID) VALUES (3, 3817, 4, 186);
INSERT INTO PlantedIn (bedID, plantID, percentage, staffID) VALUES (465, 42, 2, 70);
INSERT INTO PlantedIn (bedID, plantID, percentage, staffID) VALUES (224, 2046, 4, 37);
INSERT INTO PlantedIn (bedID, plantID, percentage, staffID) VALUES (169, 3002, 1, 170);
INSERT INTO PlantedIn (bedID, plantID, percentage, staffID) VALUES (449, 766, 2, 188);
INSERT INTO PlantedIn (bedID, plantID, percentage, staffID) VALUES (352, 3638, 1, 163);
INSERT INTO PlantedIn (bedID, plantID, percentage, staffID) VALUES (144, 1045, 2, 126);
INSERT INTO PlantedIn (bedID, plantID, percentage, staffID) VALUES (99, 3748, 1, 53);
INSERT INTO PlantedIn (bedID, plantID, percentage, staffID) VALUES (87, 800, 1, 49);
INSERT INTO PlantedIn (bedID, plantID, percentage, staffID) VALUES (279, 351, 3, 170);
INSERT INTO PlantedIn (bedID, plantID, percentage, staffID) VALUES (440, 1300, 1, 117);
INSERT INTO PlantedIn (bedID, plantID, percentage, staffID) VALUES (415, 1472, 4, 1);
INSERT INTO PlantedIn (bedID, plantID, percentage, staffID) VALUES (93, 3711, 4, 111);
INSERT INTO PlantedIn (bedID, plantID, percentage, staffID) VALUES (427, 1311, 1, 5);
INSERT INTO PlantedIn (bedID, plantID, percentage, staffID) VALUES (289, 2468, 4, 141);
INSERT INTO PlantedIn (bedID, plantID, percentage, staffID) VALUES (44, 3460, 1, 152);
INSERT INTO PlantedIn (bedID, plantID, percentage, staffID) VALUES (344, 1771, 1, 23);
INSERT INTO PlantedIn (bedID, plantID, percentage, staffID) VALUES (15, 542, 2, 192);
INSERT INTO PlantedIn (bedID, plantID, percentage, staffID) VALUES (67, 2679, 1, 124);
INSERT INTO PlantedIn (bedID, plantID, percentage, staffID) VALUES (98, 706, 4, 43);
INSERT INTO PlantedIn (bedID, plantID, percentage, staffID) VALUES (61, 884, 1, 39);
INSERT INTO PlantedIn (bedID, plantID, percentage, staffID) VALUES (138, 855, 1, 78);
INSERT INTO PlantedIn (bedID, plantID, percentage, staffID) VALUES (299, 2009, 1, 189);
INSERT INTO PlantedIn (bedID, plantID, percentage, staffID) VALUES (294, 604, 3, 161);
INSERT INTO PlantedIn (bedID, plantID, percentage, staffID) VALUES (343, 3525, 3, 78);
INSERT INTO PlantedIn (bedID, plantID, percentage, staffID) VALUES (363, 3826, 3, 114);
INSERT INTO PlantedIn (bedID, plantID, percentage, staffID) VALUES (234, 1109, 3, 172);
INSERT INTO PlantedIn (bedID, plantID, percentage, staffID) VALUES (226, 306, 3, 3);
INSERT INTO PlantedIn (bedID, plantID, percentage, staffID) VALUES (78, 2202, 2, 123);
INSERT INTO PlantedIn (bedID, plantID, percentage, staffID) VALUES (168, 858, 3, 10);
INSERT INTO PlantedIn (bedID, plantID, percentage, staffID) VALUES (413, 2537, 3, 70);
INSERT INTO PlantedIn (bedID, plantID, percentage, staffID) VALUES (306, 3453, 1, 72);
INSERT INTO PlantedIn (bedID, plantID, percentage, staffID) VALUES (86, 749, 3, 176);
INSERT INTO PlantedIn (bedID, plantID, percentage, staffID) VALUES (129, 3372, 3, 73);
INSERT INTO PlantedIn (bedID, plantID, percentage, staffID) VALUES (54, 2657, 2, 145);
INSERT INTO PlantedIn (bedID, plantID, percentage, staffID) VALUES (122, 1180, 3, 122);
INSERT INTO PlantedIn (bedID, plantID, percentage, staffID) VALUES (283, 1376, 2, 98);
INSERT INTO PlantedIn (bedID, plantID, percentage, staffID) VALUES (329, 452, 3, 184);
INSERT INTO PlantedIn (bedID, plantID, percentage, staffID) VALUES (223, 148, 3, 157);
INSERT INTO PlantedIn (bedID, plantID, percentage, staffID) VALUES (315, 3419, 2, 96);
INSERT INTO PlantedIn (bedID, plantID, percentage, staffID) VALUES (77, 2810, 4, 139);
INSERT INTO PlantedIn (bedID, plantID, percentage, staffID) VALUES (161, 792, 3, 82);
INSERT INTO PlantedIn (bedID, plantID, percentage, staffID) VALUES (371, 18, 1, 53);
INSERT INTO PlantedIn (bedID, plantID, percentage, staffID) VALUES (228, 1973, 3, 171);
INSERT INTO PlantedIn (bedID, plantID, percentage, staffID) VALUES (194, 1638, 2, 14);
INSERT INTO PlantedIn (bedID, plantID, percentage, staffID) VALUES (91, 2829, 3, 71);
INSERT INTO PlantedIn (bedID, plantID, percentage, staffID) VALUES (316, 456, 2, 82);
INSERT INTO PlantedIn (bedID, plantID, percentage, staffID) VALUES (2, 3368, 1, 145);
INSERT INTO PlantedIn (bedID, plantID, percentage, staffID) VALUES (284, 1487, 4, 188);
INSERT INTO PlantedIn (bedID, plantID, percentage, staffID) VALUES (279, 1234, 2, 122);
INSERT INTO PlantedIn (bedID, plantID, percentage, staffID) VALUES (154, 3302, 4, 105);
INSERT INTO PlantedIn (bedID, plantID, percentage, staffID) VALUES (173, 1350, 4, 83);
INSERT INTO PlantedIn (bedID, plantID, percentage, staffID) VALUES (366, 1828, 4, 46);
INSERT INTO PlantedIn (bedID, plantID, percentage, staffID) VALUES (466, 799, 4, 141);
INSERT INTO PlantedIn (bedID, plantID, percentage, staffID) VALUES (196, 3256, 1, 159);
INSERT INTO PlantedIn (bedID, plantID, percentage, staffID) VALUES (98, 481, 4, 128);
INSERT INTO PlantedIn (bedID, plantID, percentage, staffID) VALUES (425, 372, 4, 42);
INSERT INTO PlantedIn (bedID, plantID, percentage, staffID) VALUES (143, 2981, 1, 91);
INSERT INTO PlantedIn (bedID, plantID, percentage, staffID) VALUES (217, 1661, 1, 78);
INSERT INTO PlantedIn (bedID, plantID, percentage, staffID) VALUES (280, 2969, 2, 27);
INSERT INTO PlantedIn (bedID, plantID, percentage, staffID) VALUES (406, 459, 2, 152);
INSERT INTO PlantedIn (bedID, plantID, percentage, staffID) VALUES (455, 1993, 1, 100);
INSERT INTO PlantedIn (bedID, plantID, percentage, staffID) VALUES (303, 438, 3, 31);
INSERT INTO PlantedIn (bedID, plantID, percentage, staffID) VALUES (100, 1358, 3, 82);
INSERT INTO PlantedIn (bedID, plantID, percentage, staffID) VALUES (58, 3263, 3, 140);
INSERT INTO PlantedIn (bedID, plantID, percentage, staffID) VALUES (130, 250, 3, 149);
INSERT INTO PlantedIn (bedID, plantID, percentage, staffID) VALUES (170, 2795, 4, 61);
INSERT INTO PlantedIn (bedID, plantID, percentage, staffID) VALUES (233, 1658, 2, 88);
INSERT INTO PlantedIn (bedID, plantID, percentage, staffID) VALUES (259, 653, 3, 127);
INSERT INTO PlantedIn (bedID, plantID, percentage, staffID) VALUES (324, 425, 2, 138);
INSERT INTO PlantedIn (bedID, plantID, percentage, staffID) VALUES (106, 3189, 2, 176);
INSERT INTO PlantedIn (bedID, plantID, percentage, staffID) VALUES (84, 1008, 2, 193);
INSERT INTO PlantedIn (bedID, plantID, percentage, staffID) VALUES (50, 2425, 2, 180);
INSERT INTO PlantedIn (bedID, plantID, percentage, staffID) VALUES (328, 2335, 1, 192);
INSERT INTO PlantedIn (bedID, plantID, percentage, staffID) VALUES (315, 1655, 1, 35);
INSERT INTO PlantedIn (bedID, plantID, percentage, staffID) VALUES (283, 3042, 2, 147);
INSERT INTO PlantedIn (bedID, plantID, percentage, staffID) VALUES (425, 1533, 1, 124);
INSERT INTO PlantedIn (bedID, plantID, percentage, staffID) VALUES (105, 1808, 2, 113);
INSERT INTO PlantedIn (bedID, plantID, percentage, staffID) VALUES (345, 1917, 4, 143);
INSERT INTO PlantedIn (bedID, plantID, percentage, staffID) VALUES (59, 2222, 4, 44);
INSERT INTO PlantedIn (bedID, plantID, percentage, staffID) VALUES (85, 576, 3, 177);
INSERT INTO PlantedIn (bedID, plantID, percentage, staffID) VALUES (182, 3340, 1, 67);
INSERT INTO PlantedIn (bedID, plantID, percentage, staffID) VALUES (465, 659, 2, 36);
INSERT INTO PlantedIn (bedID, plantID, percentage, staffID) VALUES (368, 1143, 1, 123);
INSERT INTO PlantedIn (bedID, plantID, percentage, staffID) VALUES (329, 3113, 2, 96);
INSERT INTO PlantedIn (bedID, plantID, percentage, staffID) VALUES (8, 1091, 1, 92);
INSERT INTO PlantedIn (bedID, plantID, percentage, staffID) VALUES (70, 3685, 1, 113);
INSERT INTO PlantedIn (bedID, plantID, percentage, staffID) VALUES (91, 185, 2, 172);
INSERT INTO PlantedIn (bedID, plantID, percentage, staffID) VALUES (106, 851, 3, 29);
INSERT INTO PlantedIn (bedID, plantID, percentage, staffID) VALUES (388, 1477, 4, 75);
INSERT INTO PlantedIn (bedID, plantID, percentage, staffID) VALUES (168, 2749, 1, 105);
INSERT INTO PlantedIn (bedID, plantID, percentage, staffID) VALUES (85, 3011, 2, 36);
INSERT INTO PlantedIn (bedID, plantID, percentage, staffID) VALUES (107, 1322, 1, 124);
INSERT INTO PlantedIn (bedID, plantID, percentage, staffID) VALUES (422, 2389, 2, 94);
INSERT INTO PlantedIn (bedID, plantID, percentage, staffID) VALUES (436, 875, 1, 72);
INSERT INTO PlantedIn (bedID, plantID, percentage, staffID) VALUES (130, 750, 2, 97);
INSERT INTO PlantedIn (bedID, plantID, percentage, staffID) VALUES (196, 2367, 1, 4);
INSERT INTO PlantedIn (bedID, plantID, percentage, staffID) VALUES (471, 1480, 2, 11);
INSERT INTO PlantedIn (bedID, plantID, percentage, staffID) VALUES (45, 2169, 2, 104);
INSERT INTO PlantedIn (bedID, plantID, percentage, staffID) VALUES (161, 2644, 3, 150);
INSERT INTO PlantedIn (bedID, plantID, percentage, staffID) VALUES (13, 1313, 4, 153);
INSERT INTO PlantedIn (bedID, plantID, percentage, staffID) VALUES (453, 783, 4, 84);
INSERT INTO PlantedIn (bedID, plantID, percentage, staffID) VALUES (453, 1799, 2, 41);
INSERT INTO PlantedIn (bedID, plantID, percentage, staffID) VALUES (37, 833, 1, 124);
INSERT INTO PlantedIn (bedID, plantID, percentage, staffID) VALUES (283, 2527, 3, 86);
INSERT INTO PlantedIn (bedID, plantID, percentage, staffID) VALUES (290, 2691, 3, 25);
INSERT INTO PlantedIn (bedID, plantID, percentage, staffID) VALUES (17, 3349, 4, 114);
INSERT INTO PlantedIn (bedID, plantID, percentage, staffID) VALUES (345, 3336, 3, 41);
INSERT INTO PlantedIn (bedID, plantID, percentage, staffID) VALUES (311, 1848, 2, 44);
INSERT INTO PlantedIn (bedID, plantID, percentage, staffID) VALUES (284, 259, 3, 130);
INSERT INTO PlantedIn (bedID, plantID, percentage, staffID) VALUES (65, 2319, 3, 95);
INSERT INTO PlantedIn (bedID, plantID, percentage, staffID) VALUES (155, 1268, 1, 171);
INSERT INTO PlantedIn (bedID, plantID, percentage, staffID) VALUES (311, 902, 1, 13);
INSERT INTO PlantedIn (bedID, plantID, percentage, staffID) VALUES (402, 2781, 1, 111);
INSERT INTO PlantedIn (bedID, plantID, percentage, staffID) VALUES (198, 2288, 1, 8);
INSERT INTO PlantedIn (bedID, plantID, percentage, staffID) VALUES (27, 2592, 2, 71);
INSERT INTO PlantedIn (bedID, plantID, percentage, staffID) VALUES (239, 1372, 3, 9);
INSERT INTO PlantedIn (bedID, plantID, percentage, staffID) VALUES (198, 400, 1, 120);
INSERT INTO PlantedIn (bedID, plantID, percentage, staffID) VALUES (305, 2499, 1, 35);
INSERT INTO PlantedIn (bedID, plantID, percentage, staffID) VALUES (290, 2786, 2, 72);
INSERT INTO PlantedIn (bedID, plantID, percentage, staffID) VALUES (168, 208, 1, 173);
INSERT INTO PlantedIn (bedID, plantID, percentage, staffID) VALUES (396, 3261, 2, 19);
INSERT INTO PlantedIn (bedID, plantID, percentage, staffID) VALUES (206, 488, 2, 56);
INSERT INTO PlantedIn (bedID, plantID, percentage, staffID) VALUES (377, 2376, 2, 179);
INSERT INTO PlantedIn (bedID, plantID, percentage, staffID) VALUES (459, 3550, 2, 8);
INSERT INTO PlantedIn (bedID, plantID, percentage, staffID) VALUES (295, 2030, 2, 136);
INSERT INTO PlantedIn (bedID, plantID, percentage, staffID) VALUES (328, 2892, 2, 180);
INSERT INTO PlantedIn (bedID, plantID, percentage, staffID) VALUES (46, 1270, 1, 157);
INSERT INTO PlantedIn (bedID, plantID, percentage, staffID) VALUES (21, 930, 1, 93);
INSERT INTO PlantedIn (bedID, plantID, percentage, staffID) VALUES (229, 2944, 1, 190);
INSERT INTO PlantedIn (bedID, plantID, percentage, staffID) VALUES (203, 766, 1, 143);
INSERT INTO PlantedIn (bedID, plantID, percentage, staffID) VALUES (200, 2249, 2, 171);
INSERT INTO PlantedIn (bedID, plantID, percentage, staffID) VALUES (284, 3394, 1, 133);
INSERT INTO PlantedIn (bedID, plantID, percentage, staffID) VALUES (264, 2274, 2, 176);
INSERT INTO PlantedIn (bedID, plantID, percentage, staffID) VALUES (245, 3362, 3, 153);
INSERT INTO PlantedIn (bedID, plantID, percentage, staffID) VALUES (270, 3561, 3, 163);
INSERT INTO PlantedIn (bedID, plantID, percentage, staffID) VALUES (92, 784, 3, 115);
INSERT INTO PlantedIn (bedID, plantID, percentage, staffID) VALUES (372, 1521, 2, 5);
INSERT INTO PlantedIn (bedID, plantID, percentage, staffID) VALUES (129, 2603, 2, 89);
INSERT INTO PlantedIn (bedID, plantID, percentage, staffID) VALUES (293, 1929, 1, 164);
INSERT INTO PlantedIn (bedID, plantID, percentage, staffID) VALUES (171, 473, 1, 148);
INSERT INTO PlantedIn (bedID, plantID, percentage, staffID) VALUES (228, 3797, 1, 89);
INSERT INTO PlantedIn (bedID, plantID, percentage, staffID) VALUES (283, 847, 3, 89);
INSERT INTO PlantedIn (bedID, plantID, percentage, staffID) VALUES (285, 2731, 1, 61);
INSERT INTO PlantedIn (bedID, plantID, percentage, staffID) VALUES (13, 497, 2, 96);
INSERT INTO PlantedIn (bedID, plantID, percentage, staffID) VALUES (245, 717, 3, 23);
INSERT INTO PlantedIn (bedID, plantID, percentage, staffID) VALUES (430, 1313, 2, 104);
INSERT INTO PlantedIn (bedID, plantID, percentage, staffID) VALUES (67, 1148, 3, 118);
INSERT INTO PlantedIn (bedID, plantID, percentage, staffID) VALUES (47, 1925, 4, 171);
INSERT INTO PlantedIn (bedID, plantID, percentage, staffID) VALUES (376, 3365, 4, 170);
INSERT INTO PlantedIn (bedID, plantID, percentage, staffID) VALUES (434, 2193, 1, 73);
INSERT INTO PlantedIn (bedID, plantID, percentage, staffID) VALUES (98, 1023, 3, 75);
INSERT INTO PlantedIn (bedID, plantID, percentage, staffID) VALUES (289, 1945, 1, 3);
INSERT INTO PlantedIn (bedID, plantID, percentage, staffID) VALUES (217, 522, 2, 107);
INSERT INTO PlantedIn (bedID, plantID, percentage, staffID) VALUES (224, 2759, 3, 112);
INSERT INTO PlantedIn (bedID, plantID, percentage, staffID) VALUES (419, 1792, 1, 19);
INSERT INTO PlantedIn (bedID, plantID, percentage, staffID) VALUES (231, 1145, 4, 104);
INSERT INTO PlantedIn (bedID, plantID, percentage, staffID) VALUES (5, 450, 1, 73);
INSERT INTO PlantedIn (bedID, plantID, percentage, staffID) VALUES (144, 1850, 3, 64);
INSERT INTO PlantedIn (bedID, plantID, percentage, staffID) VALUES (127, 1847, 1, 191);
INSERT INTO PlantedIn (bedID, plantID, percentage, staffID) VALUES (68, 770, 3, 173);
INSERT INTO PlantedIn (bedID, plantID, percentage, staffID) VALUES (198, 795, 3, 98);
INSERT INTO PlantedIn (bedID, plantID, percentage, staffID) VALUES (337, 1265, 4, 148);
INSERT INTO PlantedIn (bedID, plantID, percentage, staffID) VALUES (322, 2882, 1, 27);
INSERT INTO PlantedIn (bedID, plantID, percentage, staffID) VALUES (27, 2456, 3, 87);
INSERT INTO PlantedIn (bedID, plantID, percentage, staffID) VALUES (270, 2237, 4, 139);
INSERT INTO PlantedIn (bedID, plantID, percentage, staffID) VALUES (431, 3353, 1, 160);
INSERT INTO PlantedIn (bedID, plantID, percentage, staffID) VALUES (394, 2978, 1, 134);
INSERT INTO PlantedIn (bedID, plantID, percentage, staffID) VALUES (117, 1426, 3, 153);
INSERT INTO PlantedIn (bedID, plantID, percentage, staffID) VALUES (45, 2229, 4, 53);
INSERT INTO PlantedIn (bedID, plantID, percentage, staffID) VALUES (336, 1602, 2, 183);
INSERT INTO PlantedIn (bedID, plantID, percentage, staffID) VALUES (398, 1662, 2, 187);
INSERT INTO PlantedIn (bedID, plantID, percentage, staffID) VALUES (298, 2465, 2, 142);
INSERT INTO PlantedIn (bedID, plantID, percentage, staffID) VALUES (198, 3603, 1, 68);
INSERT INTO PlantedIn (bedID, plantID, percentage, staffID) VALUES (278, 1415, 4, 89);
INSERT INTO PlantedIn (bedID, plantID, percentage, staffID) VALUES (55, 41, 3, 11);
INSERT INTO PlantedIn (bedID, plantID, percentage, staffID) VALUES (352, 2010, 3, 44);
INSERT INTO PlantedIn (bedID, plantID, percentage, staffID) VALUES (445, 1236, 4, 70);
INSERT INTO PlantedIn (bedID, plantID, percentage, staffID) VALUES (333, 483, 2, 84);
INSERT INTO PlantedIn (bedID, plantID, percentage, staffID) VALUES (388, 3507, 4, 155);
INSERT INTO PlantedIn (bedID, plantID, percentage, staffID) VALUES (112, 3662, 3, 70);
INSERT INTO PlantedIn (bedID, plantID, percentage, staffID) VALUES (182, 1140, 2, 147);
INSERT INTO PlantedIn (bedID, plantID, percentage, staffID) VALUES (163, 1579, 1, 135);
INSERT INTO PlantedIn (bedID, plantID, percentage, staffID) VALUES (383, 1311, 3, 3);
INSERT INTO PlantedIn (bedID, plantID, percentage, staffID) VALUES (407, 880, 4, 43);
INSERT INTO PlantedIn (bedID, plantID, percentage, staffID) VALUES (259, 2115, 1, 119);
INSERT INTO PlantedIn (bedID, plantID, percentage, staffID) VALUES (318, 3821, 2, 121);
INSERT INTO PlantedIn (bedID, plantID, percentage, staffID) VALUES (424, 1348, 1, 50);
INSERT INTO PlantedIn (bedID, plantID, percentage, staffID) VALUES (141, 2248, 3, 150);
INSERT INTO PlantedIn (bedID, plantID, percentage, staffID) VALUES (415, 1743, 1, 15);
INSERT INTO PlantedIn (bedID, plantID, percentage, staffID) VALUES (407, 2831, 3, 93);
INSERT INTO PlantedIn (bedID, plantID, percentage, staffID) VALUES (34, 1802, 4, 45);
INSERT INTO PlantedIn (bedID, plantID, percentage, staffID) VALUES (329, 1649, 1, 149);
INSERT INTO PlantedIn (bedID, plantID, percentage, staffID) VALUES (461, 1187, 3, 101);
INSERT INTO PlantedIn (bedID, plantID, percentage, staffID) VALUES (140, 313, 1, 28);
INSERT INTO PlantedIn (bedID, plantID, percentage, staffID) VALUES (28, 1565, 3, 171);
INSERT INTO PlantedIn (bedID, plantID, percentage, staffID) VALUES (227, 223, 1, 75);
INSERT INTO PlantedIn (bedID, plantID, percentage, staffID) VALUES (241, 135, 4, 58);
INSERT INTO PlantedIn (bedID, plantID, percentage, staffID) VALUES (120, 820, 3, 137);
INSERT INTO PlantedIn (bedID, plantID, percentage, staffID) VALUES (142, 2098, 2, 99);
INSERT INTO PlantedIn (bedID, plantID, percentage, staffID) VALUES (348, 3519, 1, 167);
INSERT INTO PlantedIn (bedID, plantID, percentage, staffID) VALUES (301, 3001, 1, 24);
INSERT INTO PlantedIn (bedID, plantID, percentage, staffID) VALUES (291, 2408, 3, 106);
INSERT INTO PlantedIn (bedID, plantID, percentage, staffID) VALUES (469, 2817, 1, 37);
INSERT INTO PlantedIn (bedID, plantID, percentage, staffID) VALUES (5, 601, 1, 57);
INSERT INTO PlantedIn (bedID, plantID, percentage, staffID) VALUES (291, 1341, 3, 141);
INSERT INTO PlantedIn (bedID, plantID, percentage, staffID) VALUES (407, 780, 2, 113);
INSERT INTO PlantedIn (bedID, plantID, percentage, staffID) VALUES (341, 864, 2, 97);
INSERT INTO PlantedIn (bedID, plantID, percentage, staffID) VALUES (191, 1920, 3, 94);
INSERT INTO PlantedIn (bedID, plantID, percentage, staffID) VALUES (56, 1338, 2, 52);
INSERT INTO PlantedIn (bedID, plantID, percentage, staffID) VALUES (235, 2912, 4, 53);
INSERT INTO PlantedIn (bedID, plantID, percentage, staffID) VALUES (224, 1855, 4, 92);
INSERT INTO PlantedIn (bedID, plantID, percentage, staffID) VALUES (418, 3651, 2, 78);
INSERT INTO PlantedIn (bedID, plantID, percentage, staffID) VALUES (341, 242, 2, 169);
INSERT INTO PlantedIn (bedID, plantID, percentage, staffID) VALUES (429, 3640, 1, 164);
INSERT INTO PlantedIn (bedID, plantID, percentage, staffID) VALUES (91, 219, 1, 75);
INSERT INTO PlantedIn (bedID, plantID, percentage, staffID) VALUES (313, 1001, 2, 92);
INSERT INTO PlantedIn (bedID, plantID, percentage, staffID) VALUES (424, 3864, 2, 27);
INSERT INTO PlantedIn (bedID, plantID, percentage, staffID) VALUES (357, 1499, 1, 75);
INSERT INTO PlantedIn (bedID, plantID, percentage, staffID) VALUES (251, 747, 3, 98);
INSERT INTO PlantedIn (bedID, plantID, percentage, staffID) VALUES (9, 3603, 4, 102);
INSERT INTO PlantedIn (bedID, plantID, percentage, staffID) VALUES (346, 2549, 4, 32);
INSERT INTO PlantedIn (bedID, plantID, percentage, staffID) VALUES (85, 2542, 3, 2);
INSERT INTO PlantedIn (bedID, plantID, percentage, staffID) VALUES (195, 1523, 3, 192);
INSERT INTO PlantedIn (bedID, plantID, percentage, staffID) VALUES (124, 2904, 1, 161);
INSERT INTO PlantedIn (bedID, plantID, percentage, staffID) VALUES (242, 1223, 4, 42);
INSERT INTO PlantedIn (bedID, plantID, percentage, staffID) VALUES (431, 866, 2, 188);
INSERT INTO PlantedIn (bedID, plantID, percentage, staffID) VALUES (88, 2522, 2, 14);
INSERT INTO PlantedIn (bedID, plantID, percentage, staffID) VALUES (209, 360, 4, 112);
INSERT INTO PlantedIn (bedID, plantID, percentage, staffID) VALUES (179, 789, 3, 156);
INSERT INTO PlantedIn (bedID, plantID, percentage, staffID) VALUES (408, 2977, 2, 26);
INSERT INTO PlantedIn (bedID, plantID, percentage, staffID) VALUES (78, 247, 2, 186);
INSERT INTO PlantedIn (bedID, plantID, percentage, staffID) VALUES (386, 2689, 2, 90);
INSERT INTO PlantedIn (bedID, plantID, percentage, staffID) VALUES (6, 2486, 4, 65);
INSERT INTO PlantedIn (bedID, plantID, percentage, staffID) VALUES (411, 910, 1, 68);
INSERT INTO PlantedIn (bedID, plantID, percentage, staffID) VALUES (420, 1536, 2, 80);
INSERT INTO PlantedIn (bedID, plantID, percentage, staffID) VALUES (232, 3608, 4, 45);
INSERT INTO PlantedIn (bedID, plantID, percentage, staffID) VALUES (65, 3791, 4, 87);
INSERT INTO PlantedIn (bedID, plantID, percentage, staffID) VALUES (356, 2133, 4, 56);
INSERT INTO PlantedIn (bedID, plantID, percentage, staffID) VALUES (292, 698, 2, 70);
INSERT INTO PlantedIn (bedID, plantID, percentage, staffID) VALUES (415, 3007, 4, 155);
INSERT INTO PlantedIn (bedID, plantID, percentage, staffID) VALUES (200, 273, 2, 166);
INSERT INTO PlantedIn (bedID, plantID, percentage, staffID) VALUES (145, 537, 1, 70);
INSERT INTO PlantedIn (bedID, plantID, percentage, staffID) VALUES (254, 2808, 1, 107);
INSERT INTO PlantedIn (bedID, plantID, percentage, staffID) VALUES (313, 2855, 4, 183);
INSERT INTO PlantedIn (bedID, plantID, percentage, staffID) VALUES (341, 1233, 2, 163);
INSERT INTO PlantedIn (bedID, plantID, percentage, staffID) VALUES (412, 259, 2, 79);
INSERT INTO PlantedIn (bedID, plantID, percentage, staffID) VALUES (117, 2804, 1, 188);
INSERT INTO PlantedIn (bedID, plantID, percentage, staffID) VALUES (239, 2604, 4, 3);
INSERT INTO PlantedIn (bedID, plantID, percentage, staffID) VALUES (353, 3171, 1, 44);
INSERT INTO PlantedIn (bedID, plantID, percentage, staffID) VALUES (454, 2132, 2, 50);
INSERT INTO PlantedIn (bedID, plantID, percentage, staffID) VALUES (197, 2839, 3, 46);
INSERT INTO PlantedIn (bedID, plantID, percentage, staffID) VALUES (251, 2680, 3, 124);
INSERT INTO PlantedIn (bedID, plantID, percentage, staffID) VALUES (38, 356, 4, 173);
INSERT INTO PlantedIn (bedID, plantID, percentage, staffID) VALUES (458, 1188, 4, 140);
INSERT INTO PlantedIn (bedID, plantID, percentage, staffID) VALUES (110, 1652, 2, 164);
INSERT INTO PlantedIn (bedID, plantID, percentage, staffID) VALUES (120, 1056, 4, 100);
INSERT INTO PlantedIn (bedID, plantID, percentage, staffID) VALUES (438, 1837, 3, 185);
INSERT INTO PlantedIn (bedID, plantID, percentage, staffID) VALUES (35, 3806, 4, 127);
INSERT INTO PlantedIn (bedID, plantID, percentage, staffID) VALUES (373, 2443, 1, 181);
INSERT INTO PlantedIn (bedID, plantID, percentage, staffID) VALUES (149, 3341, 3, 67);
INSERT INTO PlantedIn (bedID, plantID, percentage, staffID) VALUES (314, 2982, 2, 45);
INSERT INTO PlantedIn (bedID, plantID, percentage, staffID) VALUES (363, 3636, 1, 138);
INSERT INTO PlantedIn (bedID, plantID, percentage, staffID) VALUES (202, 1742, 2, 52);
INSERT INTO PlantedIn (bedID, plantID, percentage, staffID) VALUES (304, 754, 3, 129);
INSERT INTO PlantedIn (bedID, plantID, percentage, staffID) VALUES (317, 2072, 3, 20);
INSERT INTO PlantedIn (bedID, plantID, percentage, staffID) VALUES (247, 2780, 2, 135);
INSERT INTO PlantedIn (bedID, plantID, percentage, staffID) VALUES (167, 2107, 3, 83);
INSERT INTO PlantedIn (bedID, plantID, percentage, staffID) VALUES (194, 2831, 1, 84);
INSERT INTO PlantedIn (bedID, plantID, percentage, staffID) VALUES (239, 2427, 2, 102);
INSERT INTO PlantedIn (bedID, plantID, percentage, staffID) VALUES (265, 1593, 4, 54);
INSERT INTO PlantedIn (bedID, plantID, percentage, staffID) VALUES (20, 3203, 3, 87);
INSERT INTO PlantedIn (bedID, plantID, percentage, staffID) VALUES (438, 649, 3, 21);
INSERT INTO PlantedIn (bedID, plantID, percentage, staffID) VALUES (385, 2558, 3, 160);
INSERT INTO PlantedIn (bedID, plantID, percentage, staffID) VALUES (34, 3306, 3, 10);
INSERT INTO PlantedIn (bedID, plantID, percentage, staffID) VALUES (166, 1232, 3, 55);
INSERT INTO PlantedIn (bedID, plantID, percentage, staffID) VALUES (298, 1012, 1, 30);
INSERT INTO PlantedIn (bedID, plantID, percentage, staffID) VALUES (319, 1568, 3, 193);
INSERT INTO PlantedIn (bedID, plantID, percentage, staffID) VALUES (111, 1426, 1, 60);
INSERT INTO PlantedIn (bedID, plantID, percentage, staffID) VALUES (254, 1514, 2, 164);
INSERT INTO PlantedIn (bedID, plantID, percentage, staffID) VALUES (246, 603, 2, 109);
INSERT INTO PlantedIn (bedID, plantID, percentage, staffID) VALUES (117, 585, 2, 155);
INSERT INTO PlantedIn (bedID, plantID, percentage, staffID) VALUES (161, 1663, 2, 163);
INSERT INTO PlantedIn (bedID, plantID, percentage, staffID) VALUES (298, 3064, 1, 60);
INSERT INTO PlantedIn (bedID, plantID, percentage, staffID) VALUES (120, 3130, 4, 81);
INSERT INTO PlantedIn (bedID, plantID, percentage, staffID) VALUES (88, 2323, 4, 3);
INSERT INTO PlantedIn (bedID, plantID, percentage, staffID) VALUES (59, 1963, 2, 32);
INSERT INTO PlantedIn (bedID, plantID, percentage, staffID) VALUES (425, 3249, 3, 77);
INSERT INTO PlantedIn (bedID, plantID, percentage, staffID) VALUES (133, 2173, 1, 151);
INSERT INTO PlantedIn (bedID, plantID, percentage, staffID) VALUES (464, 2325, 2, 80);
INSERT INTO PlantedIn (bedID, plantID, percentage, staffID) VALUES (230, 395, 3, 185);
INSERT INTO PlantedIn (bedID, plantID, percentage, staffID) VALUES (179, 661, 4, 39);
INSERT INTO PlantedIn (bedID, plantID, percentage, staffID) VALUES (410, 2059, 3, 182);
INSERT INTO PlantedIn (bedID, plantID, percentage, staffID) VALUES (176, 210, 4, 167);
INSERT INTO PlantedIn (bedID, plantID, percentage, staffID) VALUES (212, 747, 1, 73);
INSERT INTO PlantedIn (bedID, plantID, percentage, staffID) VALUES (72, 2516, 2, 171);
INSERT INTO PlantedIn (bedID, plantID, percentage, staffID) VALUES (305, 2705, 3, 179);
INSERT INTO PlantedIn (bedID, plantID, percentage, staffID) VALUES (118, 594, 2, 100);
INSERT INTO PlantedIn (bedID, plantID, percentage, staffID) VALUES (296, 1245, 3, 131);
INSERT INTO PlantedIn (bedID, plantID, percentage, staffID) VALUES (66, 2370, 2, 26);
INSERT INTO PlantedIn (bedID, plantID, percentage, staffID) VALUES (368, 1509, 2, 166);
INSERT INTO PlantedIn (bedID, plantID, percentage, staffID) VALUES (107, 583, 4, 15);
INSERT INTO PlantedIn (bedID, plantID, percentage, staffID) VALUES (12, 2332, 4, 68);
INSERT INTO PlantedIn (bedID, plantID, percentage, staffID) VALUES (153, 1376, 4, 109);
INSERT INTO PlantedIn (bedID, plantID, percentage, staffID) VALUES (17, 2581, 1, 118);
INSERT INTO PlantedIn (bedID, plantID, percentage, staffID) VALUES (473, 2117, 3, 64);
INSERT INTO PlantedIn (bedID, plantID, percentage, staffID) VALUES (130, 3734, 3, 57);
INSERT INTO PlantedIn (bedID, plantID, percentage, staffID) VALUES (385, 3676, 1, 78);
INSERT INTO PlantedIn (bedID, plantID, percentage, staffID) VALUES (358, 3691, 4, 177);
INSERT INTO PlantedIn (bedID, plantID, percentage, staffID) VALUES (325, 276, 1, 27);
INSERT INTO PlantedIn (bedID, plantID, percentage, staffID) VALUES (285, 372, 2, 16);
INSERT INTO PlantedIn (bedID, plantID, percentage, staffID) VALUES (319, 919, 1, 55);
INSERT INTO PlantedIn (bedID, plantID, percentage, staffID) VALUES (259, 2972, 3, 102);
INSERT INTO PlantedIn (bedID, plantID, percentage, staffID) VALUES (22, 621, 4, 59);
INSERT INTO PlantedIn (bedID, plantID, percentage, staffID) VALUES (78, 3493, 4, 2);
INSERT INTO PlantedIn (bedID, plantID, percentage, staffID) VALUES (408, 2264, 4, 111);
INSERT INTO PlantedIn (bedID, plantID, percentage, staffID) VALUES (314, 3133, 4, 129);
INSERT INTO PlantedIn (bedID, plantID, percentage, staffID) VALUES (454, 3453, 1, 104);
INSERT INTO PlantedIn (bedID, plantID, percentage, staffID) VALUES (305, 2157, 1, 95);
INSERT INTO PlantedIn (bedID, plantID, percentage, staffID) VALUES (442, 1146, 2, 57);
INSERT INTO PlantedIn (bedID, plantID, percentage, staffID) VALUES (113, 534, 4, 13);
INSERT INTO PlantedIn (bedID, plantID, percentage, staffID) VALUES (46, 2803, 3, 121);
INSERT INTO PlantedIn (bedID, plantID, percentage, staffID) VALUES (296, 2579, 1, 119);
INSERT INTO PlantedIn (bedID, plantID, percentage, staffID) VALUES (244, 3582, 2, 7);
INSERT INTO PlantedIn (bedID, plantID, percentage, staffID) VALUES (206, 1081, 4, 11);
INSERT INTO PlantedIn (bedID, plantID, percentage, staffID) VALUES (351, 856, 2, 85);
INSERT INTO PlantedIn (bedID, plantID, percentage, staffID) VALUES (140, 3248, 1, 187);
INSERT INTO PlantedIn (bedID, plantID, percentage, staffID) VALUES (65, 730, 2, 144);
INSERT INTO PlantedIn (bedID, plantID, percentage, staffID) VALUES (155, 2966, 2, 32);
INSERT INTO PlantedIn (bedID, plantID, percentage, staffID) VALUES (233, 2866, 1, 31);
INSERT INTO PlantedIn (bedID, plantID, percentage, staffID) VALUES (194, 2819, 4, 39);
INSERT INTO PlantedIn (bedID, plantID, percentage, staffID) VALUES (311, 858, 1, 68);
INSERT INTO PlantedIn (bedID, plantID, percentage, staffID) VALUES (238, 1470, 1, 17);
INSERT INTO PlantedIn (bedID, plantID, percentage, staffID) VALUES (285, 1919, 4, 125);
INSERT INTO PlantedIn (bedID, plantID, percentage, staffID) VALUES (217, 344, 3, 152);
INSERT INTO PlantedIn (bedID, plantID, percentage, staffID) VALUES (98, 575, 2, 69);
INSERT INTO PlantedIn (bedID, plantID, percentage, staffID) VALUES (34, 3841, 2, 127);
INSERT INTO PlantedIn (bedID, plantID, percentage, staffID) VALUES (40, 463, 1, 160);
INSERT INTO PlantedIn (bedID, plantID, percentage, staffID) VALUES (172, 1477, 4, 136);
INSERT INTO PlantedIn (bedID, plantID, percentage, staffID) VALUES (217, 3422, 4, 127);
INSERT INTO PlantedIn (bedID, plantID, percentage, staffID) VALUES (260, 2286, 3, 25);
INSERT INTO PlantedIn (bedID, plantID, percentage, staffID) VALUES (39, 2024, 2, 5);
INSERT INTO PlantedIn (bedID, plantID, percentage, staffID) VALUES (358, 1320, 3, 106);
INSERT INTO PlantedIn (bedID, plantID, percentage, staffID) VALUES (313, 811, 3, 104);
INSERT INTO PlantedIn (bedID, plantID, percentage, staffID) VALUES (243, 2439, 1, 189);
INSERT INTO PlantedIn (bedID, plantID, percentage, staffID) VALUES (73, 791, 2, 161);
INSERT INTO PlantedIn (bedID, plantID, percentage, staffID) VALUES (418, 1953, 2, 113);
INSERT INTO PlantedIn (bedID, plantID, percentage, staffID) VALUES (143, 1884, 4, 173);
INSERT INTO PlantedIn (bedID, plantID, percentage, staffID) VALUES (80, 1972, 3, 175);
INSERT INTO PlantedIn (bedID, plantID, percentage, staffID) VALUES (109, 1417, 1, 63);
INSERT INTO PlantedIn (bedID, plantID, percentage, staffID) VALUES (246, 1771, 2, 74);
INSERT INTO PlantedIn (bedID, plantID, percentage, staffID) VALUES (356, 937, 2, 166);
INSERT INTO PlantedIn (bedID, plantID, percentage, staffID) VALUES (277, 780, 4, 98);
INSERT INTO PlantedIn (bedID, plantID, percentage, staffID) VALUES (67, 953, 3, 14);
INSERT INTO PlantedIn (bedID, plantID, percentage, staffID) VALUES (45, 3450, 1, 28);
INSERT INTO PlantedIn (bedID, plantID, percentage, staffID) VALUES (225, 3816, 3, 178);
INSERT INTO PlantedIn (bedID, plantID, percentage, staffID) VALUES (236, 2791, 3, 65);
INSERT INTO PlantedIn (bedID, plantID, percentage, staffID) VALUES (114, 3534, 2, 170);
INSERT INTO PlantedIn (bedID, plantID, percentage, staffID) VALUES (344, 526, 4, 14);
INSERT INTO PlantedIn (bedID, plantID, percentage, staffID) VALUES (292, 3217, 4, 14);
INSERT INTO PlantedIn (bedID, plantID, percentage, staffID) VALUES (394, 695, 4, 55);
INSERT INTO PlantedIn (bedID, plantID, percentage, staffID) VALUES (23, 3516, 4, 65);
INSERT INTO PlantedIn (bedID, plantID, percentage, staffID) VALUES (221, 3587, 2, 34);
INSERT INTO PlantedIn (bedID, plantID, percentage, staffID) VALUES (360, 2503, 4, 22);
INSERT INTO PlantedIn (bedID, plantID, percentage, staffID) VALUES (338, 127, 3, 105);
INSERT INTO PlantedIn (bedID, plantID, percentage, staffID) VALUES (48, 1442, 4, 91);
INSERT INTO PlantedIn (bedID, plantID, percentage, staffID) VALUES (213, 2153, 4, 85);
INSERT INTO PlantedIn (bedID, plantID, percentage, staffID) VALUES (155, 2480, 1, 166);
INSERT INTO PlantedIn (bedID, plantID, percentage, staffID) VALUES (232, 2836, 2, 133);
INSERT INTO PlantedIn (bedID, plantID, percentage, staffID) VALUES (425, 119, 3, 37);
INSERT INTO PlantedIn (bedID, plantID, percentage, staffID) VALUES (65, 277, 1, 53);
INSERT INTO PlantedIn (bedID, plantID, percentage, staffID) VALUES (276, 3114, 4, 56);
INSERT INTO PlantedIn (bedID, plantID, percentage, staffID) VALUES (119, 256, 2, 59);
INSERT INTO PlantedIn (bedID, plantID, percentage, staffID) VALUES (167, 1586, 3, 186);
INSERT INTO PlantedIn (bedID, plantID, percentage, staffID) VALUES (257, 524, 3, 184);
INSERT INTO PlantedIn (bedID, plantID, percentage, staffID) VALUES (98, 606, 4, 174);
INSERT INTO PlantedIn (bedID, plantID, percentage, staffID) VALUES (456, 457, 1, 152);
INSERT INTO PlantedIn (bedID, plantID, percentage, staffID) VALUES (88, 115, 4, 144);
INSERT INTO PlantedIn (bedID, plantID, percentage, staffID) VALUES (338, 2712, 1, 23);
INSERT INTO PlantedIn (bedID, plantID, percentage, staffID) VALUES (313, 1777, 4, 158);
INSERT INTO PlantedIn (bedID, plantID, percentage, staffID) VALUES (169, 1736, 3, 1);
INSERT INTO PlantedIn (bedID, plantID, percentage, staffID) VALUES (141, 3064, 2, 98);
INSERT INTO PlantedIn (bedID, plantID, percentage, staffID) VALUES (227, 1512, 3, 19);
INSERT INTO PlantedIn (bedID, plantID, percentage, staffID) VALUES (268, 778, 2, 90);
INSERT INTO PlantedIn (bedID, plantID, percentage, staffID) VALUES (172, 356, 1, 28);
INSERT INTO PlantedIn (bedID, plantID, percentage, staffID) VALUES (246, 63, 3, 118);
INSERT INTO PlantedIn (bedID, plantID, percentage, staffID) VALUES (251, 3383, 1, 65);
INSERT INTO PlantedIn (bedID, plantID, percentage, staffID) VALUES (179, 1474, 4, 64);
INSERT INTO PlantedIn (bedID, plantID, percentage, staffID) VALUES (352, 1553, 4, 190);
INSERT INTO PlantedIn (bedID, plantID, percentage, staffID) VALUES (285, 1109, 2, 109);
INSERT INTO PlantedIn (bedID, plantID, percentage, staffID) VALUES (197, 192, 4, 57);
INSERT INTO PlantedIn (bedID, plantID, percentage, staffID) VALUES (385, 615, 3, 152);
INSERT INTO PlantedIn (bedID, plantID, percentage, staffID) VALUES (24, 621, 2, 122);
INSERT INTO PlantedIn (bedID, plantID, percentage, staffID) VALUES (284, 554, 1, 184);
INSERT INTO PlantedIn (bedID, plantID, percentage, staffID) VALUES (34, 2729, 2, 123);
INSERT INTO PlantedIn (bedID, plantID, percentage, staffID) VALUES (112, 3339, 2, 158);
INSERT INTO PlantedIn (bedID, plantID, percentage, staffID) VALUES (67, 2965, 4, 176);
INSERT INTO PlantedIn (bedID, plantID, percentage, staffID) VALUES (301, 2882, 4, 156);
INSERT INTO PlantedIn (bedID, plantID, percentage, staffID) VALUES (230, 1035, 3, 173);
INSERT INTO PlantedIn (bedID, plantID, percentage, staffID) VALUES (409, 1011, 3, 127);
INSERT INTO PlantedIn (bedID, plantID, percentage, staffID) VALUES (261, 3735, 1, 163);
INSERT INTO PlantedIn (bedID, plantID, percentage, staffID) VALUES (52, 2689, 1, 32);
INSERT INTO PlantedIn (bedID, plantID, percentage, staffID) VALUES (148, 3568, 1, 155);
INSERT INTO PlantedIn (bedID, plantID, percentage, staffID) VALUES (370, 2737, 3, 146);
INSERT INTO PlantedIn (bedID, plantID, percentage, staffID) VALUES (222, 1969, 3, 3);
INSERT INTO PlantedIn (bedID, plantID, percentage, staffID) VALUES (167, 2549, 3, 123);
INSERT INTO PlantedIn (bedID, plantID, percentage, staffID) VALUES (132, 921, 1, 34);
INSERT INTO PlantedIn (bedID, plantID, percentage, staffID) VALUES (150, 1365, 2, 149);
INSERT INTO PlantedIn (bedID, plantID, percentage, staffID) VALUES (399, 1481, 3, 142);
INSERT INTO PlantedIn (bedID, plantID, percentage, staffID) VALUES (219, 1827, 1, 64);
INSERT INTO PlantedIn (bedID, plantID, percentage, staffID) VALUES (473, 3009, 1, 140);
INSERT INTO PlantedIn (bedID, plantID, percentage, staffID) VALUES (244, 150, 1, 137);
INSERT INTO PlantedIn (bedID, plantID, percentage, staffID) VALUES (310, 3667, 4, 72);
INSERT INTO PlantedIn (bedID, plantID, percentage, staffID) VALUES (91, 1493, 3, 28);
INSERT INTO PlantedIn (bedID, plantID, percentage, staffID) VALUES (55, 2339, 1, 17);
INSERT INTO PlantedIn (bedID, plantID, percentage, staffID) VALUES (276, 663, 2, 37);
INSERT INTO PlantedIn (bedID, plantID, percentage, staffID) VALUES (406, 739, 4, 179);
INSERT INTO PlantedIn (bedID, plantID, percentage, staffID) VALUES (408, 3829, 4, 113);
INSERT INTO PlantedIn (bedID, plantID, percentage, staffID) VALUES (163, 1424, 3, 1);
INSERT INTO PlantedIn (bedID, plantID, percentage, staffID) VALUES (239, 2120, 1, 173);
INSERT INTO PlantedIn (bedID, plantID, percentage, staffID) VALUES (297, 354, 4, 192);
INSERT INTO PlantedIn (bedID, plantID, percentage, staffID) VALUES (145, 3844, 2, 96);
INSERT INTO PlantedIn (bedID, plantID, percentage, staffID) VALUES (83, 3199, 2, 69);
INSERT INTO PlantedIn (bedID, plantID, percentage, staffID) VALUES (334, 887, 3, 47);
INSERT INTO PlantedIn (bedID, plantID, percentage, staffID) VALUES (369, 147, 1, 8);
INSERT INTO PlantedIn (bedID, plantID, percentage, staffID) VALUES (20, 2963, 3, 133);
INSERT INTO PlantedIn (bedID, plantID, percentage, staffID) VALUES (290, 2939, 3, 45);
INSERT INTO PlantedIn (bedID, plantID, percentage, staffID) VALUES (331, 3841, 2, 166);
INSERT INTO PlantedIn (bedID, plantID, percentage, staffID) VALUES (144, 2414, 3, 39);
INSERT INTO PlantedIn (bedID, plantID, percentage, staffID) VALUES (293, 2534, 4, 18);
INSERT INTO PlantedIn (bedID, plantID, percentage, staffID) VALUES (307, 1484, 2, 180);
INSERT INTO PlantedIn (bedID, plantID, percentage, staffID) VALUES (107, 202, 4, 61);
INSERT INTO PlantedIn (bedID, plantID, percentage, staffID) VALUES (128, 2, 2, 140);
INSERT INTO PlantedIn (bedID, plantID, percentage, staffID) VALUES (384, 3830, 2, 116);
INSERT INTO PlantedIn (bedID, plantID, percentage, staffID) VALUES (86, 680, 4, 11);
INSERT INTO PlantedIn (bedID, plantID, percentage, staffID) VALUES (124, 3271, 3, 66);
INSERT INTO PlantedIn (bedID, plantID, percentage, staffID) VALUES (2, 1957, 2, 68);
INSERT INTO PlantedIn (bedID, plantID, percentage, staffID) VALUES (184, 2929, 2, 166);
INSERT INTO PlantedIn (bedID, plantID, percentage, staffID) VALUES (154, 1128, 3, 111);
INSERT INTO PlantedIn (bedID, plantID, percentage, staffID) VALUES (110, 3323, 3, 90);
INSERT INTO PlantedIn (bedID, plantID, percentage, staffID) VALUES (256, 1702, 4, 12);
INSERT INTO PlantedIn (bedID, plantID, percentage, staffID) VALUES (455, 3509, 3, 153);
INSERT INTO PlantedIn (bedID, plantID, percentage, staffID) VALUES (135, 2627, 3, 89);
INSERT INTO PlantedIn (bedID, plantID, percentage, staffID) VALUES (48, 3755, 3, 184);
INSERT INTO PlantedIn (bedID, plantID, percentage, staffID) VALUES (267, 502, 4, 114);
INSERT INTO PlantedIn (bedID, plantID, percentage, staffID) VALUES (323, 386, 3, 90);
INSERT INTO PlantedIn (bedID, plantID, percentage, staffID) VALUES (444, 2171, 3, 166);
INSERT INTO PlantedIn (bedID, plantID, percentage, staffID) VALUES (307, 1785, 2, 168);
INSERT INTO PlantedIn (bedID, plantID, percentage, staffID) VALUES (12, 3680, 1, 185);
INSERT INTO PlantedIn (bedID, plantID, percentage, staffID) VALUES (66, 1716, 1, 37);
INSERT INTO PlantedIn (bedID, plantID, percentage, staffID) VALUES (231, 3483, 2, 73);
INSERT INTO PlantedIn (bedID, plantID, percentage, staffID) VALUES (453, 3018, 2, 184);
INSERT INTO PlantedIn (bedID, plantID, percentage, staffID) VALUES (334, 2120, 3, 186);
INSERT INTO PlantedIn (bedID, plantID, percentage, staffID) VALUES (424, 3609, 4, 98);
INSERT INTO PlantedIn (bedID, plantID, percentage, staffID) VALUES (371, 581, 2, 8);
INSERT INTO PlantedIn (bedID, plantID, percentage, staffID) VALUES (371, 2053, 1, 103);
INSERT INTO PlantedIn (bedID, plantID, percentage, staffID) VALUES (335, 2777, 3, 146);
INSERT INTO PlantedIn (bedID, plantID, percentage, staffID) VALUES (36, 260, 4, 116);
INSERT INTO PlantedIn (bedID, plantID, percentage, staffID) VALUES (458, 54, 3, 115);
INSERT INTO PlantedIn (bedID, plantID, percentage, staffID) VALUES (437, 346, 4, 84);
INSERT INTO PlantedIn (bedID, plantID, percentage, staffID) VALUES (270, 825, 3, 167);
INSERT INTO PlantedIn (bedID, plantID, percentage, staffID) VALUES (98, 644, 3, 35);
INSERT INTO PlantedIn (bedID, plantID, percentage, staffID) VALUES (316, 1526, 2, 91);
INSERT INTO PlantedIn (bedID, plantID, percentage, staffID) VALUES (52, 208, 1, 94);
INSERT INTO PlantedIn (bedID, plantID, percentage, staffID) VALUES (294, 1223, 3, 30);
INSERT INTO PlantedIn (bedID, plantID, percentage, staffID) VALUES (416, 2548, 4, 114);
INSERT INTO PlantedIn (bedID, plantID, percentage, staffID) VALUES (34, 1598, 2, 110);
INSERT INTO PlantedIn (bedID, plantID, percentage, staffID) VALUES (108, 848, 2, 63);
INSERT INTO PlantedIn (bedID, plantID, percentage, staffID) VALUES (183, 425, 3, 173);
INSERT INTO PlantedIn (bedID, plantID, percentage, staffID) VALUES (366, 1269, 4, 106);
INSERT INTO PlantedIn (bedID, plantID, percentage, staffID) VALUES (373, 2672, 1, 92);
INSERT INTO PlantedIn (bedID, plantID, percentage, staffID) VALUES (302, 3672, 1, 116);
INSERT INTO PlantedIn (bedID, plantID, percentage, staffID) VALUES (231, 3279, 3, 57);
INSERT INTO PlantedIn (bedID, plantID, percentage, staffID) VALUES (73, 2860, 2, 19);
INSERT INTO PlantedIn (bedID, plantID, percentage, staffID) VALUES (277, 2646, 3, 110);
INSERT INTO PlantedIn (bedID, plantID, percentage, staffID) VALUES (7, 1863, 4, 2);
INSERT INTO PlantedIn (bedID, plantID, percentage, staffID) VALUES (384, 2017, 3, 126);
INSERT INTO PlantedIn (bedID, plantID, percentage, staffID) VALUES (101, 240, 1, 144);
INSERT INTO PlantedIn (bedID, plantID, percentage, staffID) VALUES (68, 2653, 4, 111);
INSERT INTO PlantedIn (bedID, plantID, percentage, staffID) VALUES (301, 404, 1, 170);
INSERT INTO PlantedIn (bedID, plantID, percentage, staffID) VALUES (451, 428, 1, 170);
INSERT INTO PlantedIn (bedID, plantID, percentage, staffID) VALUES (403, 3563, 2, 76);
INSERT INTO PlantedIn (bedID, plantID, percentage, staffID) VALUES (287, 3507, 3, 7);
INSERT INTO PlantedIn (bedID, plantID, percentage, staffID) VALUES (11, 3084, 1, 158);
INSERT INTO PlantedIn (bedID, plantID, percentage, staffID) VALUES (238, 3176, 1, 47);
INSERT INTO PlantedIn (bedID, plantID, percentage, staffID) VALUES (172, 28, 2, 169);
INSERT INTO PlantedIn (bedID, plantID, percentage, staffID) VALUES (397, 3661, 4, 86);
INSERT INTO PlantedIn (bedID, plantID, percentage, staffID) VALUES (368, 2028, 3, 164);
INSERT INTO PlantedIn (bedID, plantID, percentage, staffID) VALUES (423, 911, 4, 63);
INSERT INTO PlantedIn (bedID, plantID, percentage, staffID) VALUES (128, 3570, 2, 39);
INSERT INTO PlantedIn (bedID, plantID, percentage, staffID) VALUES (157, 1503, 2, 178);
INSERT INTO PlantedIn (bedID, plantID, percentage, staffID) VALUES (89, 2494, 3, 89);
INSERT INTO PlantedIn (bedID, plantID, percentage, staffID) VALUES (221, 2557, 4, 179);
INSERT INTO PlantedIn (bedID, plantID, percentage, staffID) VALUES (317, 2704, 3, 61);
INSERT INTO PlantedIn (bedID, plantID, percentage, staffID) VALUES (306, 2761, 2, 94);
INSERT INTO PlantedIn (bedID, plantID, percentage, staffID) VALUES (113, 996, 1, 25);
INSERT INTO PlantedIn (bedID, plantID, percentage, staffID) VALUES (234, 1643, 4, 191);
INSERT INTO PlantedIn (bedID, plantID, percentage, staffID) VALUES (165, 469, 3, 15);
INSERT INTO PlantedIn (bedID, plantID, percentage, staffID) VALUES (242, 3642, 3, 7);
INSERT INTO PlantedIn (bedID, plantID, percentage, staffID) VALUES (278, 1802, 1, 79);
INSERT INTO PlantedIn (bedID, plantID, percentage, staffID) VALUES (61, 1005, 4, 181);
INSERT INTO PlantedIn (bedID, plantID, percentage, staffID) VALUES (454, 690, 3, 63);
INSERT INTO PlantedIn (bedID, plantID, percentage, staffID) VALUES (423, 2945, 1, 6);
INSERT INTO PlantedIn (bedID, plantID, percentage, staffID) VALUES (92, 1061, 2, 189);
INSERT INTO PlantedIn (bedID, plantID, percentage, staffID) VALUES (164, 2327, 2, 169);
INSERT INTO PlantedIn (bedID, plantID, percentage, staffID) VALUES (440, 875, 4, 34);
INSERT INTO PlantedIn (bedID, plantID, percentage, staffID) VALUES (346, 3417, 4, 19);
INSERT INTO PlantedIn (bedID, plantID, percentage, staffID) VALUES (224, 3456, 4, 83);
INSERT INTO PlantedIn (bedID, plantID, percentage, staffID) VALUES (114, 32, 3, 126);
INSERT INTO PlantedIn (bedID, plantID, percentage, staffID) VALUES (304, 524, 3, 83);
INSERT INTO PlantedIn (bedID, plantID, percentage, staffID) VALUES (70, 3821, 1, 68);
INSERT INTO PlantedIn (bedID, plantID, percentage, staffID) VALUES (150, 246, 2, 5);
INSERT INTO PlantedIn (bedID, plantID, percentage, staffID) VALUES (62, 834, 1, 161);
INSERT INTO PlantedIn (bedID, plantID, percentage, staffID) VALUES (295, 2229, 3, 55);
INSERT INTO PlantedIn (bedID, plantID, percentage, staffID) VALUES (90, 3067, 2, 56);
INSERT INTO PlantedIn (bedID, plantID, percentage, staffID) VALUES (94, 41, 3, 75);
INSERT INTO PlantedIn (bedID, plantID, percentage, staffID) VALUES (462, 2220, 4, 139);
INSERT INTO PlantedIn (bedID, plantID, percentage, staffID) VALUES (429, 3160, 4, 58);
INSERT INTO PlantedIn (bedID, plantID, percentage, staffID) VALUES (398, 2642, 4, 162);
INSERT INTO PlantedIn (bedID, plantID, percentage, staffID) VALUES (93, 2032, 2, 40);

COMMIT;
